"center";"Bat"
10014;0.482
10015;0.482
10016;0.482
10017;0.482
10018;0.482
10019;0.482
10020;0.482
10021;0.482
10023;0.482
10024;0.482
10025;0.482
10026;0.482
10027;0.482
10028;0.482
10029;0.482
10030;0.482
10031;0.963
10032;0.482
10033;0.482
10034;0.482
10035;0.482
10036;0.482
10037;0.482
10038;0.482
10039;0.482
10040;0.482
10041;0.482
10042;0.963
10043;0.963
10044;1.445
10045;1.927
10046;1.927
10047;1.927
10048;1.927
10049;1.927
10050;2.89
10051;1.927
10052;1.445
10053;0.963
10054;0.963
10055;0.963
10056;0.963
10057;1.445
10058;1.445
10059;0.963
10060;0.963
10061;0.963
10062;0.963
10063;0.963
10064;0.963
10065;0.963
10066;0.963
10067;1.445
10068;1.927
10069;1.927
10070;1.927
10071;1.927
10072;1.927
10073;1.445
10074;0.963
10075;0.482
10102;0.482
1021;0.482
10103;0.482
10104;0.482
10105;0.482
10106;0.482
10107;0.482
10108;0.482
10109;0.482
10110;0.482
1022;0.482
1023;0.482
1024;0.482
1025;0.482
10149;0.482
10150;0.482
10151;0.482
10152;0.482
1026;0.482
10153;0.482
10154;0.482
10155;0.482
10156;0.482
10157;0.482
10158;0.482
1027;0.482
1028;0.482
10192;0.482
10193;0.482
10194;0.482
10195;0.482
10196;0.482
10197;0.482
10198;0.482
10199;0.482
10213;0.482
10214;0.482
10215;0.963
10216;1.927
10217;1.927
10218;1.927
10219;1.927
10220;1.927
10221;1.445
10222;1.445
10223;1.445
10238;0.482
10239;0.482
10240;0.482
10241;0.482
10242;0.963
10243;0.963
10244;0.963
10245;1.445
10246;0.963
10247;0.482
10248;0.482
10249;0.482
10250;0.482
10251;0.482
10252;0.482
10281;0.482
10282;0.482
10283;0.482
10284;0.482
10285;0.482
10286;0.482
10287;0.482
10288;0.482
1044;0.482
1045;0.482
1046;0.482
22;0.963
1047;0.482
1048;0.482
10381;0.482
10382;0.482
1049;0.482
10383;0.482
10384;0.482
10385;0.963
10386;0.963
10387;0.963
10388;0.963
10389;0.963
10390;0.963
10391;0.963
10392;1.445
1050;0.963
10393;1.927
10394;1.445
10395;1.445
10396;1.445
10397;0.963
10398;0.963
10399;0.963
10400;0.482
10401;0.482
1051;0.963
10408;0.963
10409;0.963
10410;0.963
10411;0.963
10412;0.963
1052;0.482
10413;0.963
10414;0.963
10415;0.963
1053;0.482
10430;0.482
10431;0.482
10432;0.482
1054;0.482
10433;0.482
10434;0.963
10435;0.963
10436;0.963
10437;0.963
10438;0.482
10439;0.482
10440;0.482
10441;0.482
1055;0.482
1056;0.482
1057;0.482
1058;0.482
1059;0.482
10497;0.482
10498;0.482
10499;0.482
10500;0.482
10501;0.482
10502;0.482
10503;0.482
10504;0.482
10506;0.482
10507;0.482
10508;0.482
10509;0.482
10510;0.482
10511;0.482
10512;0.482
10513;0.482
10523;0.482
10524;0.482
10525;0.482
10526;0.482
10527;0.482
10528;0.482
10529;0.482
10530;0.482
10537;0.482
10538;0.482
10539;0.482
10540;0.482
10541;0.482
10542;0.482
10543;0.482
10544;0.482
10545;0.482
10546;0.482
10547;0.482
10549;0.482
10550;0.482
10551;0.482
10552;0.482
10553;0.482
10554;0.482
10555;0.482
10556;0.482
10557;0.482
10562;0.482
10563;0.963
10564;0.963
10565;0.963
10566;0.963
10567;1.445
10568;1.445
10569;2.409
10570;1.927
10571;1.445
10572;1.445
10573;1.445
10574;1.445
10575;0.963
10576;0.963
10577;0.482
10578;0.482
10579;0.482
10580;0.482
10581;0.482
10582;0.482
10583;0.482
10584;0.482
10614;0.482
10615;0.482
10616;0.482
10617;0.482
10618;0.482
10619;0.482
10620;0.482
10621;0.482
10622;0.482
10628;0.963
10629;0.963
10630;0.963
10631;0.963
10632;0.963
10633;0.963
10634;0.963
10635;0.963
10656;0.482
10657;0.963
10658;0.963
10659;0.963
10660;1.445
10661;1.445
10662;1.445
1077;0.482
10663;1.445
10664;0.963
10665;0.482
10666;0.482
10667;0.482
1078;0.482
1079;0.482
10689;0.482
10690;0.482
10691;0.482
10692;0.482
1080;0.963
10693;0.963
10694;0.963
10695;0.963
10696;1.445
10697;1.445
10698;0.963
10699;0.963
10700;0.963
10701;0.482
10702;0.482
1081;0.963
10703;0.482
1082;0.963
1083;0.963
10729;0.482
10730;0.482
10731;0.482
10732;0.482
1084;1.445
10733;0.482
10734;0.482
10735;0.482
10736;0.482
10737;0.482
1085;1.445
1086;2.409
1087;2.89
10763;0.482
10764;0.482
10765;0.963
10766;0.963
10767;1.445
10768;1.445
10769;1.445
10770;1.445
10771;0.963
10772;0.963
1088;2.89
10773;0.482
10774;0.482
10775;0.482
10782;0.482
1089;2.89
10783;0.482
10784;0.482
10785;0.482
10786;0.482
10787;0.482
10788;0.482
10789;0.482
1090;2.89
10797;0.482
10798;0.482
10799;0.963
10800;0.963
10801;0.963
10802;0.482
1091;3.372
10803;0.482
10804;0.482
10805;0.482
10806;0.482
10808;0.482
10809;0.482
10810;0.482
10811;0.482
10812;1.445
1092;2.89
10813;1.927
10814;1.927
10815;2.89
10816;2.89
10817;2.89
10818;2.89
10819;2.89
10820;1.927
10821;1.927
10822;1.445
1093;2.409
10823;0.482
1094;1.445
1095;0.963
10847;0.482
10848;0.482
10849;0.482
10850;0.482
10851;0.482
10852;0.482
10853;0.482
1096;0.482
10854;1.445
10855;0.963
10856;1.445
10857;2.409
10858;2.409
10859;2.409
10860;2.89
10861;2.89
10862;2.409
10863;1.927
1097;0.482
10864;2.409
10865;1.927
10866;1.445
10867;1.445
10868;1.445
10869;1.445
10870;2.409
10871;1.927
10872;1.927
10873;1.445
1098;0.482
10874;1.445
10875;1.445
10876;1.445
10877;0.963
10896;0.482
10897;0.482
10898;0.482
10899;0.482
10900;0.482
10901;0.482
10902;0.482
10903;0.482
10964;0.482
10965;0.482
10966;0.482
10967;0.482
10968;0.482
10969;0.482
10970;0.482
10971;1.445
10972;1.445
10973;0.963
10974;0.963
10975;0.963
10976;1.445
10977;1.445
10978;1.445
10979;1.445
10980;1.927
10981;2.409
10982;2.409
10983;1.927
10984;1.445
10985;1.445
10986;1.927
10987;1.927
10988;0.963
10989;0.963
10990;0.482
10991;0.482
10992;0.963
10993;0.963
10994;0.963
10995;0.482
10996;0.482
10997;0.482
10998;0.482
10999;0.482
11005;0.482
11006;0.482
11007;0.482
11008;0.482
11009;0.482
11010;0.482
11011;0.482
11012;0.482
1113;0.482
11027;0.482
11028;0.482
11029;0.963
11030;0.963
11031;0.963
11032;1.445
11033;1.445
1114;0.482
11034;1.445
11035;0.963
11036;0.963
11037;1.927
11038;1.927
11039;1.927
11040;1.927
11041;1.927
11042;1.927
11043;1.927
1115;0.482
11044;1.927
11045;1.445
11046;0.482
11047;0.482
1116;0.482
1117;0.482
11068;0.482
11069;0.482
11070;2.89
11071;3.372
11072;3.854
11073;6.263
1118;0.482
11074;6.263
11075;6.263
11076;6.263
11077;7.226
11078;4.817
11079;5.299
11080;4.336
11081;3.372
11082;4.336
11083;4.336
1119;0.482
11084;4.336
11085;3.372
11086;3.372
11087;3.372
11088;3.372
11089;2.89
11090;0.963
11091;1.445
11092;1.445
11093;1.445
1120;0.482
11094;2.409
11095;2.409
11096;2.89
11097;2.89
11098;2.89
11099;2.409
11100;2.409
11101;2.409
11102;1.445
11103;0.963
11106;0.482
11107;0.482
11108;0.963
11109;0.963
11110;0.963
11111;0.963
11112;0.963
11113;0.963
11114;0.482
11115;0.963
11116;0.963
11117;0.482
11118;0.482
11119;0.482
11120;0.482
11121;0.482
11122;0.482
11124;0.482
11125;0.482
123;0.482
11126;0.482
11127;0.482
11128;0.482
11129;0.482
11130;0.482
11131;0.482
11132;0.482
11135;0.482
11136;0.482
11137;0.482
11138;0.963
11139;0.963
11140;0.963
11141;1.445
11142;1.445
11143;1.927
11144;1.927
11145;1.927
11146;1.927
11147;1.445
11148;1.445
11149;0.963
11150;0.963
11157;1.445
11158;1.445
11159;2.89
11160;3.372
11161;3.372
11162;3.372
11163;3.372
11164;2.409
11165;2.409
11166;2.409
11167;1.445
11168;0.482
11169;0.482
11170;0.963
11171;2.409
11172;2.89
11173;4.817
1128;0.963
11174;4.817
11175;4.336
11176;4.817
11177;4.817
11178;5.299
11179;3.854
11180;4.336
11181;2.89
11182;2.409
11183;1.927
1129;1.445
11184;1.445
11185;1.927
11186;1.927
11187;1.927
11188;0.963
11189;0.963
11190;0.963
11191;0.963
11192;0.963
11193;0.482
1130;1.445
1131;1.445
11205;0.482
11206;0.482
11207;0.963
11208;2.89
11209;2.89
11210;2.89
11211;2.89
11212;2.89
11213;2.409
1132;1.445
11214;2.89
11215;2.409
11216;0.963
11217;0.963
11218;0.963
11219;0.963
11220;0.963
11221;0.963
11222;0.963
11223;0.482
1133;1.445
11224;0.482
124;0.482
11232;0.482
11233;0.482
1134;1.445
11234;0.482
11235;0.482
11236;0.482
11237;0.482
11238;0.482
11239;0.482
11240;0.482
1135;2.409
1136;1.927
1137;1.445
1138;1.445
11283;0.482
1139;2.409
11284;0.482
11285;0.482
11286;0.963
11287;1.927
11288;1.927
11289;1.927
11290;1.927
11291;1.445
11292;1.445
11293;1.445
1140;2.409
11294;0.963
11295;0.482
11298;0.963
11299;0.963
11300;1.445
11301;1.445
11302;1.445
11303;1.445
1141;2.89
11304;1.445
11305;1.445
11306;0.482
11307;0.963
11308;0.482
11309;0.482
11310;0.482
11311;0.482
11312;0.482
11313;0.482
1142;2.89
11314;0.482
11315;0.482
11316;0.482
1143;2.409
125;0.482
1144;1.927
1145;1.445
1146;1.445
11356;0.482
11357;0.482
11358;0.482
11359;0.482
11360;0.482
11361;0.482
11362;0.482
11363;0.482
1147;0.963
11364;0.482
11365;0.482
11366;0.963
11367;0.963
11368;0.963
11369;0.963
11370;0.963
11371;0.963
23;0.963
11372;0.482
11373;0.482
1148;0.482
11374;0.482
11375;0.482
11376;0.963
11377;1.445
11378;1.445
11379;1.445
11380;1.445
11381;1.445
11382;0.963
11383;0.963
1149;0.963
11384;0.482
1150;0.482
1151;0.482
1152;0.482
11423;0.963
1153;0.482
11424;0.963
11425;0.963
126;0.482
11426;0.963
11427;0.482
11428;0.482
11429;0.482
11430;0.482
11432;0.482
11433;0.963
1154;0.482
11434;0.963
11435;0.963
11436;0.963
11437;0.963
11438;0.963
11439;0.963
11440;0.963
11442;0.482
11443;0.482
1155;0.482
11444;0.482
11445;0.482
11446;0.482
11447;0.482
11448;0.482
11449;0.482
1156;0.482
11457;0.482
11458;0.482
11459;0.482
11460;0.963
11461;0.963
11462;0.963
11463;0.963
11464;0.963
11465;0.963
11466;0.482
11467;0.482
11468;0.482
11486;0.482
11487;0.482
11488;0.482
11489;0.482
11490;0.482
11491;0.963
11492;0.482
11493;0.482
11494;0.482
11495;0.482
11496;0.482
11497;0.482
11498;0.482
11508;0.482
11509;0.482
11510;0.482
11511;0.482
11512;0.482
11513;0.482
11514;0.482
11515;0.963
11516;0.482
11517;0.482
11518;0.482
11519;0.482
11520;0.482
11521;0.963
11522;1.445
11523;0.963
11524;1.445
11525;1.445
127;0.482
11526;1.445
11527;1.445
11528;1.445
11529;0.963
11530;0.482
11531;0.482
11532;0.963
11533;0.482
11534;0.482
11535;0.482
11536;0.482
11537;0.482
11538;0.482
11539;0.482
11540;0.482
11541;1.445
11542;1.927
11543;2.89
11544;2.89
11545;2.89
11546;2.89
11547;2.89
11548;3.372
11549;2.409
11550;1.927
11551;0.963
11552;0.963
11553;0.963
11554;0.963
11555;0.963
11556;0.482
11562;0.482
11563;0.482
11564;0.482
11565;0.482
11569;0.482
11570;0.482
11571;0.482
11572;0.482
11573;0.482
11574;0.482
11575;0.482
11576;0.482
11577;0.482
11591;0.482
11592;0.482
11593;0.482
11594;0.482
11595;0.482
11596;0.482
11597;0.482
11598;0.482
11621;0.482
11622;0.482
11623;0.482
11624;0.482
11625;0.482
128;0.482
11626;0.482
11627;0.482
11628;0.482
11629;0.482
11630;0.482
11631;0.482
11635;0.482
11636;0.482
11637;0.482
11638;0.482
11639;0.482
11640;0.482
11641;0.482
11642;0.482
11643;0.482
11649;0.482
11650;0.482
11651;0.482
11652;0.963
11653;0.963
11654;0.963
11655;0.963
11656;0.963
11657;0.482
11658;0.482
11659;0.482
11693;0.482
11694;0.482
11695;0.482
11696;0.963
11697;0.963
11698;0.963
11699;1.445
11700;1.445
11701;0.963
11702;0.963
11703;0.963
11704;0.482
11705;0.482
11706;0.482
11714;0.482
11715;0.482
11716;0.482
11717;0.482
11718;0.482
11719;0.482
11720;0.482
11721;0.482
129;0.482
11733;0.482
11734;0.482
11735;0.482
11736;0.482
11737;0.482
11738;0.482
11739;0.482
11740;0.482
11759;0.482
11760;0.482
11761;0.482
11762;0.482
11763;0.482
11764;0.482
11765;0.482
11766;0.482
11777;0.482
11778;0.963
11779;0.963
11780;0.963
11781;1.445
11782;1.445
11783;1.445
11784;1.445
11785;1.445
11786;1.445
11787;0.963
11788;0.482
11791;0.482
11792;0.482
11793;0.482
11794;0.482
11795;0.482
11796;0.482
11797;0.963
11798;0.963
11799;0.963
11800;0.482
11801;0.482
11802;0.482
11803;0.482
11804;0.482
130;0.482
11836;0.482
11837;0.482
11838;0.482
11839;0.482
11840;0.482
11841;0.482
11842;0.482
11843;0.482
11850;1.445
11851;1.927
11852;1.927
11853;1.927
11854;1.927
11855;1.927
11856;1.927
11857;1.927
11858;0.963
11859;0.482
11860;0.482
11861;0.482
11862;0.482
11863;0.482
11864;0.482
11882;0.482
11883;0.482
1199;0.482
11884;0.482
11885;0.482
11886;0.482
11887;0.482
11888;0.482
11889;0.482
1200;0.482
11894;0.482
11895;0.482
11896;0.482
11897;0.482
11898;0.482
11899;0.482
11900;0.482
11901;0.482
1201;0.482
11907;0.482
11908;0.482
11909;0.482
11910;0.963
11911;0.963
11912;0.963
11913;0.963
1202;0.482
11914;0.963
11915;0.482
11916;0.482
11917;0.482
11923;0.482
1203;0.482
11924;0.482
11925;0.482
11926;0.482
131;0.482
1204;0.482
1205;0.482
11952;0.482
11953;0.963
1206;0.482
11954;0.963
11955;1.445
11956;1.445
11957;1.445
11958;1.445
11959;1.445
11960;0.963
11961;0.482
11962;0.482
1207;0.482
1208;0.482
1209;0.482
11985;0.482
11986;0.482
11987;0.482
11988;0.963
11989;1.927
11990;2.409
11991;3.372
11992;3.854
11993;3.372
1210;0.482
11994;3.854
11995;4.336
11996;4.336
11997;3.854
11998;2.89
11999;1.927
12000;1.927
12001;1.927
12002;1.445
12003;0.963
1211;0.482
12004;0.963
12005;0.963
12006;0.963
12007;0.963
12008;0.482
12009;0.482
12010;0.482
12011;1.445
12012;1.927
12013;3.854
1212;0.482
12014;5.781
12015;7.226
12016;7.226
12017;7.708
12018;9.153
12019;8.671
12020;8.19
12021;6.263
12022;3.854
12023;2.89
1213;0.482
12024;2.409
12025;2.409
12026;0.963
132;0.482
12027;0.482
12028;0.482
12029;0.482
12030;0.482
12031;0.482
12032;0.482
1214;0.482
12041;0.482
12042;1.445
12043;1.445
12044;1.445
12045;1.445
12046;1.445
12047;1.445
12048;1.445
12049;1.445
12050;1.445
12052;0.482
12053;0.482
12054;0.482
12055;0.482
12056;0.482
12057;0.482
12058;0.963
12059;0.963
12060;0.963
12061;0.963
12062;1.445
12063;1.445
12064;1.445
12065;1.445
12066;0.963
12067;0.963
12068;0.482
12069;0.482
12070;0.482
1220;0.482
1221;0.482
1222;0.482
1223;0.963
133;3.372
1224;0.482
12143;0.482
1225;0.482
12144;0.963
12145;0.963
12146;0.963
12147;0.963
12148;0.482
12149;0.482
12150;0.482
1226;0.482
1227;0.482
1228;0.482
1229;0.482
12184;0.482
12185;0.482
12186;0.963
12187;1.445
12188;1.445
12189;1.445
12190;1.445
12191;1.445
12192;1.445
12193;1.445
1230;0.482
12194;1.445
12195;0.482
12197;0.482
12198;0.963
12199;0.963
12200;0.963
12201;0.963
12202;0.963
12203;0.963
12204;0.963
12205;0.482
12208;0.482
12209;0.482
12210;0.482
12211;0.482
12212;0.482
12213;0.963
12214;0.963
12215;0.963
12216;0.963
12217;0.963
12218;0.963
12219;0.963
12220;0.482
12221;0.482
12222;0.482
12223;0.482
134;3.372
12227;0.482
12228;1.927
12229;1.927
12230;1.927
12231;1.927
12232;1.927
12233;1.927
12234;1.927
12235;1.445
12262;0.482
12263;0.482
12264;0.482
12265;0.482
12266;0.482
12267;0.482
12268;0.482
12269;0.482
12270;0.482
12271;0.482
12277;0.482
12278;0.482
12279;0.482
12280;0.482
12281;0.482
12282;0.482
12283;0.482
1239;0.482
12284;0.482
12291;0.482
12292;0.482
12293;0.482
1240;0.482
12294;0.482
12295;0.482
12296;0.482
12297;0.482
12298;0.482
12300;0.482
12301;0.482
12302;0.482
12303;0.482
1241;0.482
12304;0.963
12305;0.963
12306;0.963
12307;0.963
12308;0.482
12309;0.482
12310;0.963
12311;0.963
12312;0.482
12313;0.482
1242;0.482
12314;0.482
12315;0.482
12316;0.482
12317;0.482
12319;0.482
12320;0.482
12321;0.482
12322;0.963
12323;0.963
1243;0.963
12324;0.963
12325;0.963
12326;0.963
135;3.372
12327;0.482
12328;0.482
12329;0.963
12330;0.963
12331;0.963
12332;0.963
12333;0.963
1244;0.963
12334;0.482
12335;0.482
12336;0.482
12341;0.482
12342;0.482
12343;0.482
1245;0.963
12344;0.482
12345;0.482
12346;0.482
12347;0.482
12348;0.482
12349;0.482
1246;0.963
12356;0.482
12357;0.482
12358;0.482
12359;0.482
12360;0.482
12361;0.482
12362;0.482
12363;0.482
1247;0.963
12365;0.482
12366;0.482
12367;0.482
12368;0.482
12369;0.963
12370;0.963
12371;0.963
12372;0.963
1248;0.963
12374;0.482
12375;0.482
12376;0.482
12377;0.482
12378;0.963
12379;0.963
12380;0.963
12381;1.445
24;0.963
12382;1.927
12383;1.927
1249;0.963
12384;1.927
12385;1.927
12386;1.445
12387;1.445
12388;1.445
12389;1.445
12390;0.482
12391;0.482
12392;0.482
12393;0.482
1250;0.963
12394;0.482
12395;0.482
12396;1.445
12397;0.963
12398;0.963
12399;0.963
12400;0.963
12401;0.963
12402;1.927
12403;1.927
1251;0.482
12404;0.963
12405;0.963
12406;1.927
12407;1.927
12408;1.927
12409;2.409
12410;1.445
12411;1.445
12412;1.445
12413;1.445
1252;0.482
12414;0.963
12415;0.482
12416;0.482
12417;0.482
12418;0.482
12419;0.482
12420;0.482
12421;0.482
12422;0.482
12423;0.482
1253;0.482
12424;0.482
12425;0.482
136;3.372
12475;0.482
12476;0.482
12477;0.482
12478;0.482
12479;0.482
12480;0.482
12481;0.482
12482;0.482
12489;0.482
12490;0.482
12491;0.482
12492;0.482
12493;0.482
12494;0.482
12495;0.482
12496;0.963
12497;0.963
12498;0.482
12499;1.445
12500;1.927
12501;2.409
12502;2.409
12503;2.409
12504;1.927
12505;1.445
12506;1.445
12507;1.445
12508;0.482
12520;0.482
12521;0.482
12522;0.482
12523;0.482
12524;0.482
12525;0.482
12526;0.482
137;3.372
12527;0.482
12528;0.482
12538;0.482
12539;0.482
12540;0.482
12541;0.482
12542;0.482
12543;0.482
12544;0.482
12545;0.482
12546;0.482
12547;0.482
12548;0.482
12549;0.482
12550;0.482
12551;0.482
12552;0.482
12553;0.482
12576;0.482
12577;0.482
12578;0.482
12579;0.482
12580;0.482
12581;0.482
12582;0.963
12583;0.963
12584;0.482
12585;0.482
12586;0.482
12587;0.482
12588;0.482
12589;0.482
12590;0.482
12591;0.482
12592;0.482
12593;0.482
12594;0.482
12596;0.482
12597;0.482
12598;0.482
12599;0.482
12600;0.482
12601;0.482
12602;0.482
12603;0.482
12604;0.482
12605;0.482
12610;0.482
12611;0.482
12612;0.482
12613;0.482
12614;0.482
12615;0.482
12616;0.482
12617;0.482
138;3.372
1275;0.482
12645;0.482
12646;0.482
12647;0.963
12648;0.963
12649;0.963
12650;0.963
12651;0.963
12652;0.963
12653;0.482
1276;0.482
12654;0.482
1277;0.482
12670;0.482
12671;0.482
12672;0.482
12673;0.482
1278;0.482
12674;0.482
12675;0.482
12676;0.482
12677;0.482
12682;0.482
12683;0.963
1279;0.482
12684;0.963
12685;0.963
12686;0.963
12687;0.963
12688;0.963
12689;0.963
12690;0.482
1280;0.482
1281;0.482
1282;0.482
139;3.372
12741;0.482
12742;0.482
12743;0.482
12744;0.482
12745;0.482
12746;0.482
12747;0.482
12748;0.482
12779;0.482
12780;0.963
12781;0.963
12782;0.963
12783;0.963
12784;0.963
12785;0.963
12786;0.963
12787;0.963
12788;0.482
12807;0.482
12808;0.963
12809;0.963
12810;0.963
12811;0.963
12812;0.963
12813;0.963
12814;0.963
12815;0.963
12816;0.482
12820;0.482
12821;0.482
12822;0.482
12823;0.482
12824;0.482
12825;0.482
12826;0.482
12827;0.482
140;2.89
12829;0.482
12830;0.963
12831;0.963
12832;0.963
12833;0.963
1294;0.482
12834;0.963
12835;0.963
12836;0.963
12837;0.482
1295;0.482
1296;0.482
1297;0.482
12865;0.482
12866;0.482
12867;0.482
12868;0.963
12869;0.963
12870;0.963
12871;0.963
12872;0.963
12873;0.482
1298;0.482
12874;0.482
12875;0.482
12876;0.482
12879;0.482
12880;0.482
12881;0.482
12882;0.482
12883;0.482
1299;0.482
12884;0.482
12885;0.482
12886;0.482
1300;0.482
12901;0.482
12902;0.482
12903;0.482
1301;0.482
12904;0.482
12905;0.482
12906;0.482
12907;0.482
12908;0.482
12925;0.482
12926;0.482
12927;0.482
141;1.445
12928;0.482
12929;0.482
12930;0.482
12931;0.963
12932;0.963
12933;0.482
12934;0.482
12935;0.482
12936;0.482
12937;0.482
12938;0.482
12943;0.482
12944;0.963
12945;0.963
12946;1.445
12947;1.927
12948;1.927
12949;2.89
12950;3.372
12951;2.89
12952;2.89
12953;2.89
12954;1.927
12955;1.445
12956;0.963
12957;0.963
12958;1.445
12959;1.927
12960;1.927
12961;1.927
12962;1.927
12963;1.927
12964;1.927
12965;1.445
12966;1.445
12967;0.963
12968;0.963
12969;0.482
12970;0.482
12971;0.482
12972;0.963
12973;0.963
12974;0.482
12975;0.482
12976;0.482
12977;0.482
12978;0.482
12979;0.482
12980;0.482
12981;0.482
12982;0.482
12983;0.482
12984;0.482
12985;0.482
12986;0.482
12987;0.482
12988;0.482
13011;0.482
13012;0.482
13013;0.482
13014;0.482
13015;0.482
13016;0.482
13017;0.482
13018;0.482
13019;0.482
13040;0.482
13041;0.482
13042;0.482
13043;0.482
13044;0.482
13045;0.963
13046;0.963
13047;0.963
13048;0.482
13049;0.482
13050;0.482
13051;0.482
13052;0.482
13060;0.963
13061;0.963
13062;0.963
13063;0.963
13064;0.963
13065;0.482
13066;0.482
13067;0.482
13069;0.482
13070;1.445
13071;1.445
13072;1.927
13073;1.927
13074;1.927
13075;1.927
13076;1.927
13077;2.409
13078;1.445
13079;1.445
13080;0.963
13081;0.963
13082;0.963
13083;0.963
13084;1.445
13085;0.963
13086;0.963
13087;0.963
13088;0.482
13089;0.482
13090;0.482
13091;0.482
13171;0.482
13172;0.482
13173;0.482
13174;0.482
13175;0.482
13176;0.482
13177;0.482
13178;0.482
13226;0.482
13227;0.482
13228;0.482
13229;0.482
13230;0.482
13231;0.482
13232;0.482
13233;0.482
13267;0.482
13268;0.482
13269;0.482
13270;0.482
13271;0.963
13272;0.963
13273;0.963
13274;0.963
13275;1.445
13276;0.963
13277;0.963
13278;0.963
13279;0.963
13280;1.445
13281;1.445
13282;1.445
13283;1.445
13284;0.963
13285;0.963
13286;0.963
13287;1.445
13288;0.963
13289;1.445
13290;0.963
13291;1.445
13292;1.445
13293;0.963
13294;0.963
13295;0.963
13296;0.963
13297;0.963
13298;0.963
13301;0.482
13302;0.482
13303;0.482
13304;0.482
13305;0.963
13306;0.963
13307;0.963
13308;0.963
13309;0.482
13310;0.482
13311;0.482
13312;0.482
13314;0.482
13315;0.482
13316;0.482
13317;0.482
13318;0.963
13319;1.445
13320;1.445
13321;1.445
13322;0.963
13323;0.963
13324;0.963
13325;0.963
13326;0.963
13340;0.482
13341;0.482
13342;0.482
13343;0.482
13344;0.482
13345;0.482
13346;0.482
13347;0.482
13348;0.482
13350;0.482
13351;0.482
13352;1.445
13353;1.927
13354;1.927
13355;2.89
13356;2.89
13357;3.372
13358;2.89
13359;2.89
13360;2.89
13361;1.445
13362;1.445
13363;0.963
13364;0.482
13365;0.482
13366;0.482
13367;0.482
13368;0.482
13369;0.482
13370;0.482
13371;0.482
13372;0.482
13373;0.482
25;1.445
1351;0.482
1352;0.482
1353;0.482
1354;0.482
1355;0.482
13444;0.482
13445;0.482
13446;0.482
13447;0.482
13448;0.482
13449;0.482
13450;0.482
13451;0.482
13452;0.482
1356;0.482
1357;0.482
1358;1.445
1359;1.927
1360;1.927
1361;1.927
1362;1.927
1363;1.927
1364;2.409
13540;0.482
13541;0.482
13542;0.482
13543;0.482
1365;2.409
13544;0.482
13545;0.482
13546;0.482
13547;0.482
13548;0.482
13549;0.482
13550;0.482
13551;0.482
13552;0.482
13553;0.963
1366;2.409
13554;0.963
13555;0.963
13556;0.482
13557;0.482
13558;0.482
13559;0.482
13560;0.482
13561;0.482
1367;2.409
1368;1.927
13574;0.482
13575;0.482
13576;0.482
13577;0.482
13578;0.482
13579;0.482
13580;0.482
13581;0.482
13582;0.482
13583;1.445
1369;0.963
13584;1.445
13585;0.963
13586;1.445
13587;1.445
13588;1.445
13589;1.927
13590;2.409
13591;1.927
13592;1.445
13593;1.445
1370;0.963
13594;0.482
13595;0.482
13596;0.482
1371;0.963
13615;0.482
13616;0.482
13617;0.482
13618;0.482
13619;0.482
13620;0.482
13621;0.482
13622;0.482
13623;0.482
13624;0.482
13625;0.482
13626;0.482
13627;0.963
13628;0.963
13629;0.963
13630;0.963
13631;0.963
13632;0.963
13633;0.963
13634;0.963
13635;0.963
13636;0.482
13637;0.482
13638;0.482
13639;0.482
13641;0.482
13642;0.482
13643;0.482
13644;0.482
13645;0.482
13646;0.482
13647;0.482
13648;0.963
13649;0.482
13650;0.482
13651;0.482
13652;0.482
13653;0.482
13654;0.482
13655;0.482
13659;0.482
13660;0.482
13661;0.482
13662;0.482
13663;0.482
13664;0.482
13665;0.482
13666;0.482
13684;0.963
13685;0.963
13686;0.963
13687;0.963
13688;0.963
13689;0.963
13690;1.927
13691;1.927
13692;1.445
13693;3.854
13694;4.336
13695;4.817
13696;5.781
13697;5.781
13698;5.781
13699;5.299
13700;7.708
13701;5.781
13702;4.817
13703;5.299
13704;4.336
13705;4.336
13706;3.854
13707;3.372
13708;0.963
13709;0.963
13710;0.963
13711;0.482
13712;0.482
13713;0.482
13721;0.482
13722;0.482
13723;0.482
13724;0.482
13725;0.482
13726;0.482
13727;0.482
13728;0.482
13729;0.482
13730;0.482
13736;0.482
13737;0.482
13738;0.482
13739;0.482
13740;0.482
13741;0.482
13742;0.482
13743;0.482
13746;0.482
13747;0.482
13748;0.482
13749;0.482
13750;0.482
13751;0.482
13752;0.482
13753;0.482
13795;0.482
13796;0.482
13797;0.482
13798;0.482
13799;0.482
13800;0.482
13801;0.482
13802;0.482
13803;0.482
13804;0.482
13805;0.963
13806;1.445
13807;1.445
13808;1.445
13809;1.445
13810;1.445
13811;0.963
13812;0.963
13813;0.482
13814;0.482
13815;0.482
13816;0.482
13817;0.482
13818;0.482
13819;0.482
13820;0.482
13821;0.482
13832;0.482
13833;0.482
13834;0.482
13835;0.482
13836;0.963
13837;0.963
13838;0.963
13839;0.963
13840;0.482
13841;0.482
13842;0.963
13843;1.445
13844;0.963
13845;0.963
13846;0.963
13847;0.963
13848;0.963
13849;0.963
13850;0.482
13861;0.963
13862;1.927
13863;1.927
13864;1.927
13865;1.927
13866;1.927
13867;1.927
13868;1.927
13869;1.927
13870;0.963
13871;0.963
13872;0.963
13873;0.963
13874;1.927
13875;1.927
13876;2.409
13877;1.927
13878;1.445
13879;1.445
13880;1.445
13881;1.445
13882;0.482
13883;0.482
13884;0.482
13885;0.482
13886;0.482
13887;0.482
13888;0.482
13889;0.963
13890;0.963
13891;0.963
13892;0.963
13893;0.482
13894;0.482
13895;0.482
13896;0.482
13897;0.482
13898;0.963
13899;0.482
13900;0.482
13901;0.963
13902;1.445
13903;1.445
13904;2.409
13905;2.89
13906;4.336
13907;4.336
13908;4.817
13909;4.817
13910;5.781
13911;6.263
13912;5.781
13913;5.299
13914;3.372
13915;1.927
13916;1.445
13917;0.963
13920;0.482
13921;0.482
13922;0.482
13923;0.482
13924;0.482
13925;0.482
13926;0.482
13927;0.482
13929;0.482
13930;0.482
13931;0.482
13932;0.963
13933;0.963
13934;0.963
13935;0.963
13936;0.963
13937;0.482
13938;0.482
13939;0.482
13940;0.482
13995;0.963
13996;1.445
13997;2.409
13998;2.89
13999;3.372
14000;3.372
14001;3.372
14002;3.372
14003;2.409
14004;1.927
14005;1.445
14006;0.482
14011;0.482
14012;0.482
14013;0.482
14014;0.482
14015;0.482
14016;0.482
14017;0.963
14018;0.963
14019;0.482
14020;0.482
14021;0.482
14022;0.482
14023;0.482
14024;0.482
14035;0.482
14036;0.482
14037;0.482
14038;0.482
14039;0.482
14040;0.482
14041;0.482
14042;0.482
14048;0.482
14049;0.482
14050;0.482
14051;0.482
14052;0.482
14053;0.482
14054;0.482
14055;0.482
14056;0.482
14088;0.482
14089;0.482
14090;0.482
14091;0.482
14092;0.482
14093;0.482
14094;0.482
14095;0.482
14146;0.482
14147;0.963
14148;0.963
14149;0.963
14150;1.445
14151;1.445
14152;1.445
14153;1.445
14154;1.445
14155;1.445
14156;1.445
14157;1.445
14158;0.963
14159;1.445
14160;1.445
14161;1.445
14162;0.963
14163;0.482
14164;1.445
14165;1.445
14166;1.445
14167;0.963
14168;0.963
14169;0.963
14170;0.963
14171;0.963
14183;0.482
14184;0.482
14185;0.963
14186;0.963
14187;0.963
14188;0.963
14189;0.963
14190;0.963
14191;0.482
14192;0.482
14194;0.482
14195;0.963
14196;0.963
14197;0.963
14198;0.963
14199;0.963
14200;1.445
14201;1.445
14202;0.963
14203;0.963
14204;0.482
14205;0.482
14206;0.482
14207;0.482
14226;0.482
14227;0.482
14228;0.482
14229;0.963
14230;0.963
14231;0.963
14232;0.963
14233;0.963
1434;0.482
14234;0.963
14235;0.963
14236;0.963
14237;0.482
14238;0.482
14239;0.482
14240;0.963
14241;0.963
14242;0.482
14243;0.482
1435;0.482
14244;0.482
14245;0.482
14246;0.963
14247;0.963
14248;1.445
14249;1.445
14250;1.445
14251;1.445
14252;1.927
14253;1.927
1436;0.482
14254;1.927
14255;1.927
14256;0.963
14257;0.963
14258;0.482
14259;0.482
1437;0.482
14269;0.482
14270;0.482
14271;0.482
14272;0.482
14273;0.963
1438;0.963
14274;0.963
14275;0.963
14276;0.963
14277;0.963
14278;0.482
14279;0.482
14280;0.482
1439;0.963
1440;0.963
14301;0.482
14302;0.482
14303;0.963
1441;0.963
14304;0.963
14305;0.963
14306;0.963
14307;0.963
14308;0.963
14309;0.482
14310;0.482
1442;0.963
14320;0.482
14321;0.482
14322;0.482
14323;0.482
1443;0.482
14324;0.482
14325;0.482
14326;0.482
14327;0.482
14328;0.482
14332;0.482
14333;0.963
1444;0.482
14334;0.963
14335;0.963
14336;0.963
14337;0.963
14338;0.963
14339;0.963
14340;0.963
1445;0.482
14344;0.482
14345;0.482
14346;0.482
14347;0.963
14348;0.963
14349;0.963
14350;0.963
14351;0.963
14352;0.963
14353;0.482
14354;0.482
14366;0.482
14367;0.482
14368;0.482
14369;0.482
14378;0.963
14379;1.445
14380;1.927
14381;2.409
14382;3.372
14383;3.854
14384;3.854
14385;3.854
14386;3.372
14387;2.89
14388;2.409
14389;2.409
14390;1.445
14391;0.482
14392;0.482
14393;0.482
26;1.445
14411;0.482
14412;0.482
14413;0.482
14414;0.482
14415;0.482
14416;0.482
14417;0.482
14418;0.482
14426;0.482
14427;0.482
14428;0.482
14429;0.482
14430;0.482
14431;0.963
14432;0.963
14433;1.445
14434;1.927
14435;1.927
14436;2.409
14437;2.89
14438;4.336
14439;4.336
14440;4.336
14441;4.336
14442;3.372
14443;2.89
14444;2.89
14445;1.927
14446;0.482
14452;0.482
14453;1.445
14454;1.445
14455;1.445
14456;1.445
14457;1.445
14458;1.927
14459;1.927
14460;1.445
14461;0.963
14462;0.963
14463;0.963
14464;0.963
14465;0.963
14466;0.482
14467;0.482
14468;0.482
14469;0.482
14470;0.482
14471;0.482
14475;0.482
14476;0.963
14477;1.445
14478;1.445
14479;1.445
14480;1.927
14481;1.927
14482;1.927
14483;1.445
14484;1.445
14485;1.445
14486;0.963
14487;0.963
14488;0.482
14492;0.482
14493;0.482
14494;0.482
14495;0.482
14496;0.482
14497;0.482
14498;0.482
14499;0.482
14532;0.482
14533;0.482
14534;0.482
14535;0.482
14536;0.482
14537;0.482
14538;0.482
14539;0.963
14540;0.963
14541;0.482
14542;0.482
14543;0.482
14544;0.963
14545;0.963
14546;1.445
14547;0.963
14548;0.963
14549;0.963
14550;0.963
14551;0.963
14552;0.482
14553;0.482
14557;0.482
14558;0.482
14559;0.482
14560;0.482
14561;0.482
14562;0.482
14563;0.482
14564;0.482
14565;0.482
14568;0.482
14569;0.482
14570;0.963
14571;0.963
14572;0.963
14573;0.963
14574;0.963
14575;0.963
14576;0.482
14577;0.482
14594;0.482
14595;0.963
14596;0.963
14597;0.963
14598;0.963
14599;0.963
14600;0.963
14601;0.963
14602;0.482
14625;0.482
14626;0.482
14627;0.482
14628;0.482
14629;0.482
14630;0.482
14631;0.482
14632;0.482
14645;0.482
14646;0.482
14647;0.482
14648;0.482
14649;0.482
14650;0.482
14651;0.963
14652;0.963
14653;1.927
14654;1.927
14655;2.409
14656;2.409
14657;2.409
14658;2.409
14659;1.927
14660;1.927
14661;0.482
14662;0.482
14667;0.482
14668;0.482
14669;0.482
14670;0.482
14687;0.482
14688;0.963
14689;0.963
14690;0.963
14691;0.963
14692;0.963
14693;0.963
14694;0.963
14695;0.963
14706;0.482
14707;0.482
14708;0.482
14709;0.482
14710;0.482
14711;0.482
14712;0.482
14713;0.482
1482;0.482
1483;0.482
14725;0.482
14726;0.963
14727;1.927
14728;2.409
14729;2.409
14730;2.409
14731;2.89
14732;2.89
14733;2.89
1484;0.963
14734;2.409
14735;1.927
14736;0.963
14737;0.963
14738;0.963
14739;0.482
14740;0.482
14741;0.963
14742;0.482
14743;0.963
1485;0.963
14744;0.963
14745;0.963
14746;0.963
14747;0.963
14748;0.963
14749;0.482
14750;0.482
1486;0.963
14754;0.482
14755;0.482
14756;0.482
14757;0.482
14758;0.482
14759;0.482
14760;0.482
14761;0.482
1487;1.445
14765;0.482
14766;0.482
14767;0.482
14768;0.482
14769;0.482
14770;0.482
14771;0.482
14772;0.482
1488;1.445
14779;0.482
14780;0.482
14781;0.482
14782;0.482
14783;0.482
1489;1.445
14784;0.482
14785;0.482
14786;0.482
1490;1.445
1491;1.445
1492;0.963
14820;0.482
14821;0.482
14822;0.963
14823;0.963
1493;1.445
14824;0.963
14825;0.963
14826;0.963
14827;0.963
14828;0.482
14829;0.482
1494;0.963
1495;0.963
14847;0.482
14848;0.482
14849;0.482
14850;0.482
14851;0.482
14852;0.482
14853;0.482
1496;0.963
14854;0.482
14855;0.482
14856;0.482
14857;0.482
14858;0.482
14859;0.482
14860;0.482
14861;0.482
14862;0.482
1497;1.445
1498;1.445
1499;1.445
1500;1.445
14899;0.482
14900;0.482
14901;0.482
14902;0.482
14903;0.482
1501;0.482
14904;0.482
14905;0.482
14906;0.482
1502;0.482
14914;0.482
14915;0.482
14916;0.482
14917;0.482
14918;0.482
14919;0.482
14920;0.482
14921;0.482
1504;0.482
1505;0.482
14953;0.482
1506;0.482
14954;1.927
14955;2.89
14956;2.89
14957;2.89
14958;2.89
14959;3.372
14960;3.372
14961;2.89
14962;1.445
14963;0.482
1507;0.482
14964;0.482
1508;0.482
14974;0.482
14975;0.482
14976;0.482
14977;0.482
14978;0.482
14979;0.482
14980;0.482
14981;0.482
1509;0.482
14986;0.482
14987;0.482
14988;0.482
14989;0.482
14990;0.482
14991;0.482
14992;0.482
14993;0.482
1510;0.482
1511;0.482
15012;0.482
15013;0.482
1512;0.482
15014;0.482
15015;0.482
15016;0.482
15017;0.482
15018;0.482
15019;0.482
15046;0.482
15047;0.482
15048;0.482
15049;0.482
15050;0.482
15051;0.482
15052;0.482
15053;0.482
15061;0.963
15062;0.963
15063;0.963
15064;0.963
15065;0.963
15066;0.963
15067;0.963
15068;0.963
15069;0.482
15149;0.482
15150;0.482
15151;0.963
15152;0.963
15153;1.445
15154;1.445
15155;2.409
15156;2.409
15157;1.927
15158;1.927
15159;1.927
15160;1.927
15161;1.445
15162;1.927
15163;1.927
15164;1.927
15165;2.409
15166;2.409
15167;2.409
15168;2.409
15169;1.927
15170;1.445
15171;0.963
15172;0.963
15195;0.482
15196;0.482
15197;0.482
15198;0.482
15199;0.482
15200;0.482
15201;0.482
15202;0.482
15215;0.482
15216;0.482
15217;0.482
15218;0.482
15219;0.482
15220;0.482
15221;0.482
15222;0.482
15223;0.482
15245;0.482
15246;1.445
15247;1.445
15248;2.409
15249;2.409
15250;2.89
15251;2.89
15252;2.89
15253;2.409
15254;2.409
15255;1.927
15256;1.445
15257;0.963
15258;0.482
15259;0.482
15260;0.482
15261;0.482
15280;0.482
15281;0.482
15282;0.482
15283;0.482
15284;0.482
15285;0.482
15286;0.482
15287;0.482
15299;0.482
15300;0.482
15301;0.482
15302;0.482
15303;0.482
15304;0.482
15305;0.963
15306;1.445
15307;1.445
15308;1.445
15309;0.963
15310;1.445
15311;1.445
15312;1.445
15313;0.963
15314;0.482
15315;0.482
15316;0.482
15317;0.482
15378;0.482
15379;0.482
15380;0.482
15381;0.482
15382;0.482
15383;0.482
15384;0.482
15385;0.482
27;0.963
15418;0.482
15419;0.482
15420;0.482
15421;0.482
15422;0.482
15423;0.482
15424;0.482
15425;0.963
15426;0.963
15427;0.482
15428;0.482
15429;0.482
15430;0.482
15431;0.482
15432;0.963
15433;0.482
15434;0.963
15435;0.963
15436;0.963
15437;0.963
15438;1.445
15439;1.445
15440;0.963
15441;0.963
15442;0.482
15443;0.482
15444;0.482
15445;0.482
1556;0.482
1557;0.482
15466;0.482
15467;0.482
15468;0.482
15469;0.482
15470;0.482
15471;0.482
15472;0.482
15473;0.482
1558;0.482
1559;0.482
1560;0.482
15495;0.482
15496;0.482
15497;0.482
15498;0.482
15499;0.482
15500;0.482
15501;0.963
15502;1.445
15503;0.963
1561;0.482
15504;0.963
15505;0.963
15506;0.963
15507;0.963
15508;0.963
15509;0.963
15510;0.482
1562;0.482
15516;0.482
15517;0.963
15518;0.963
15519;0.963
15520;0.963
15521;1.927
15522;1.927
15523;2.89
1563;0.482
15524;2.409
15525;1.927
15526;1.927
15527;1.927
15528;1.927
15529;1.445
15530;0.963
15550;0.482
15551;0.482
15552;0.963
15553;0.963
15554;0.963
15555;0.963
15556;0.963
15557;0.963
15558;0.482
15559;0.482
15560;0.482
15561;0.482
15562;0.482
15563;0.482
15564;0.482
15565;0.482
15566;0.482
15567;0.482
15568;0.482
15569;0.482
15570;0.482
15571;0.482
15572;0.482
15573;0.482
15574;0.482
15575;0.482
15609;0.482
15610;0.482
15611;0.963
15612;0.963
15613;1.445
15614;1.445
15615;1.445
15616;1.445
15617;0.963
15618;0.963
15619;0.482
15620;0.482
15621;0.482
15623;0.482
15624;0.482
15625;0.482
15626;0.482
15627;0.482
15628;0.482
15629;0.482
15630;0.482
15631;0.482
15637;0.482
15638;0.482
15639;0.482
15640;0.482
15641;0.963
15642;1.445
15643;1.445
15644;1.445
15645;0.963
15646;0.963
15647;0.963
15648;0.963
15649;0.482
15658;0.482
15659;0.482
15660;0.482
15661;0.482
15662;0.482
15663;0.482
15664;0.482
15665;0.963
15666;0.963
15667;0.963
15668;0.963
15669;0.963
15670;0.963
15671;0.963
15672;0.963
15673;0.482
15695;0.482
15696;0.482
15697;0.482
15698;0.482
15699;0.963
15700;0.963
15701;0.963
15702;0.963
15703;0.482
15704;0.482
15705;0.482
15706;0.482
15707;0.482
15727;0.482
15728;0.482
15729;0.963
15730;0.963
15731;0.963
15732;0.963
15733;0.963
15734;0.963
15735;0.482
15736;0.482
15740;0.482
15741;0.482
15742;0.482
15743;0.482
15744;0.482
15745;0.482
15746;0.482
15747;0.482
15785;0.482
15786;0.482
15787;1.445
15788;1.927
15789;1.927
15790;1.927
15791;1.927
15792;1.445
15793;1.927
15794;1.927
15795;0.963
15796;1.445
15797;1.927
15798;1.927
15799;2.409
15800;2.89
15801;2.409
15802;3.372
15803;3.854
15804;2.89
15805;3.372
15806;4.336
15807;4.336
15808;4.336
15809;3.372
15810;2.89
15811;2.409
15812;2.409
15813;1.927
15814;1.927
15815;2.409
15816;2.409
15817;1.445
15818;1.445
15819;0.482
15820;0.963
15821;0.963
15822;0.963
15823;0.963
15824;1.445
15825;0.963
15826;0.963
15827;0.963
15828;0.963
15829;0.963
15830;0.963
15831;0.963
15832;0.482
15833;0.482
15834;0.482
15835;0.482
15839;0.482
15840;0.482
15841;0.482
15842;0.963
15843;0.963
15844;0.963
15845;0.963
15846;1.445
15847;0.963
15848;0.963
15849;0.963
15850;0.482
15851;0.482
15852;0.482
15853;0.482
15861;0.482
15862;0.482
15863;0.482
15864;0.482
15865;0.482
15866;0.482
15867;0.482
15868;0.963
15869;0.482
15870;0.482
15871;0.482
15872;0.482
15873;0.482
15874;0.482
15875;0.482
15889;0.482
15890;0.482
15891;0.482
15892;0.482
15893;0.482
15894;0.482
15895;0.482
15896;0.482
15897;0.482
15898;0.482
15918;0.482
15919;0.482
15920;0.482
15921;0.482
15922;0.482
15923;0.482
15924;0.482
15925;0.482
15989;0.482
15990;0.963
15991;0.963
15992;0.963
15993;0.963
15994;0.963
15995;0.963
15996;0.963
15997;0.482
15998;0.482
1611;0.482
1612;0.482
1613;0.963
16026;0.482
16027;0.482
16028;0.482
16029;0.482
1614;0.963
16041;0.482
16042;0.482
16043;0.482
1615;0.963
16044;0.482
16045;0.482
16046;0.482
16047;0.482
16048;0.482
1616;0.963
16055;0.482
16056;0.482
16057;0.482
16058;0.482
16059;0.482
16060;0.482
16061;0.482
16062;0.482
16063;0.482
1617;0.963
1618;0.963
16082;0.482
16083;0.482
1619;0.963
16084;0.482
16085;0.482
16086;1.445
16087;1.445
16088;1.445
16089;1.445
16090;0.963
16091;0.963
16092;0.963
16093;1.445
1620;1.927
16094;0.963
16095;0.482
16096;0.482
16097;0.482
16098;0.482
16099;0.482
16100;0.482
16101;0.482
1621;1.927
1622;1.927
1623;1.927
16125;0.482
16126;0.482
16127;0.482
16128;0.963
16129;0.963
16130;0.963
16131;0.963
16132;0.963
16133;0.482
1624;1.927
16134;0.482
16135;0.482
16136;0.482
16137;0.482
16138;0.963
16139;0.963
16140;0.963
16141;0.963
16142;0.963
16143;1.445
1625;1.927
16144;0.963
16145;0.963
16146;0.482
16147;0.482
16148;0.482
16149;0.482
16150;0.482
16151;0.482
16152;0.482
16153;0.482
1626;2.409
16154;0.482
16155;0.482
16156;0.482
16157;0.482
16158;0.963
16159;0.963
16160;0.963
16161;1.445
16162;1.445
16163;1.445
1627;2.409
16164;0.963
16165;0.963
16166;0.482
16167;0.482
16168;0.482
16171;0.482
16172;0.482
16173;0.482
1628;1.445
16174;0.482
16175;0.482
16176;0.482
16177;0.482
16178;0.482
16179;0.482
1629;1.927
1630;2.409
16197;0.482
16198;0.482
16199;0.482
16200;0.482
16201;0.482
16202;0.482
16203;0.482
1631;1.927
16204;0.482
1632;2.409
1633;2.409
1634;3.854
16235;0.482
16236;0.482
16237;0.482
16238;0.482
16239;0.482
16240;0.963
16241;0.963
16242;0.963
16243;0.963
1635;4.336
16244;0.482
16245;0.482
16246;0.963
16247;1.445
16248;0.963
16249;0.963
16250;0.963
16251;1.445
16252;1.445
16253;1.445
1636;3.854
16254;0.963
16255;0.963
16256;1.445
16257;1.445
16258;0.963
16259;0.482
16260;0.482
16261;0.482
16262;0.482
16263;0.482
1637;3.372
16271;0.482
16272;0.482
16273;0.482
1638;3.372
16274;0.482
16275;0.482
16276;0.482
16277;0.482
16278;0.482
16283;0.482
1639;2.89
16284;0.482
16285;0.482
16286;0.482
16287;0.482
16288;0.482
16289;0.482
16290;0.482
1640;2.89
1641;2.89
16308;0.482
16309;0.963
16310;0.963
16311;0.963
16312;0.963
16313;0.963
1642;1.927
16314;0.963
16315;0.963
16316;0.482
16324;0.482
16325;0.482
16326;0.482
16327;0.482
16328;0.482
16329;0.482
16330;0.482
16331;0.482
16332;0.482
16343;0.482
16344;0.482
16345;0.482
16346;0.482
16347;0.482
16348;0.482
16349;0.482
16350;0.482
16351;0.482
16352;0.482
16353;0.482
16354;0.482
16355;0.482
16356;0.482
16357;0.482
16358;0.482
16359;0.482
16383;0.482
16384;0.482
16385;0.482
16386;0.482
16387;0.482
16388;0.482
16389;0.482
16390;0.482
16406;0.482
16407;0.482
16408;0.963
16409;0.963
16410;1.445
16411;1.445
16412;1.445
16413;1.445
16414;0.963
16415;0.963
16416;0.482
16417;0.482
28;0.963
1654;0.482
1655;0.482
16449;0.482
16450;0.482
16451;0.963
16452;0.963
16453;0.963
1656;0.482
16454;0.963
16455;0.963
16456;0.963
16457;0.963
16458;0.482
16459;0.482
16460;0.963
16461;0.963
16462;0.963
16463;0.963
1657;0.482
16464;0.963
16465;0.963
16466;0.963
16467;0.963
16468;0.482
16469;0.482
16470;0.482
16471;0.482
16472;0.482
16473;0.482
1658;0.482
16474;0.482
16475;0.963
16476;0.963
16477;1.445
16478;1.445
16479;1.445
16480;1.445
16481;1.445
16482;1.445
16483;0.963
1659;0.482
16484;0.963
1660;0.482
16503;0.482
1661;0.482
16504;0.963
16505;0.963
16506;3.372
16507;3.372
16508;3.372
16509;4.336
16510;4.336
16511;3.854
16512;3.854
16513;3.372
1662;0.482
16514;4.817
16515;4.336
16516;4.336
16517;4.336
16518;3.854
16519;4.336
16520;4.336
16521;4.336
16522;3.372
16523;1.927
16524;1.445
16525;0.482
16526;0.482
16543;0.482
16544;0.963
16545;0.963
16546;0.963
16547;0.963
16548;0.963
16549;1.445
16550;1.445
16551;0.963
16552;0.482
16553;0.482
16554;0.482
16555;0.963
16556;0.963
16557;0.482
16558;0.963
16559;0.963
16560;0.963
16561;0.963
16562;0.963
16563;0.963
16564;0.482
16565;0.482
16580;0.482
16581;0.482
16582;0.482
16583;0.482
16584;0.482
16585;0.482
16586;0.482
16587;0.482
16593;0.482
16594;0.482
16595;0.482
16596;0.482
16597;0.482
16598;0.482
16599;0.482
16600;0.963
16601;0.482
16602;0.482
16603;0.482
16604;0.482
16605;0.482
16606;0.482
16607;0.482
16608;0.482
16620;0.482
16621;0.482
16622;0.482
16623;0.482
16624;0.482
16625;0.482
16626;0.482
16627;0.482
16637;0.482
16638;0.482
16639;0.482
16640;0.482
16641;0.482
16642;0.482
16643;0.482
16644;0.482
16659;0.482
16660;0.482
16661;0.482
16662;0.482
16663;0.482
16664;0.482
16665;1.445
16666;1.927
16667;1.445
16668;1.445
16669;1.445
16670;1.445
16671;1.445
16672;1.445
16673;0.482
16717;0.482
16718;0.482
16719;0.482
16720;0.482
16721;0.482
16722;0.482
16723;0.482
16724;0.482
16725;0.482
16744;0.482
16745;0.482
16746;0.482
16747;0.482
16748;0.482
16749;0.482
16750;0.482
16751;0.482
16799;0.482
16800;0.963
16801;0.963
16802;0.963
16803;0.963
16804;0.963
16805;1.927
16806;2.89
16807;2.409
16808;2.409
16809;2.409
16810;2.409
16811;2.409
16812;2.409
16813;2.409
1692;0.963
16814;1.927
16815;1.445
16816;0.482
16817;0.482
16818;0.482
16819;0.482
16820;0.482
16821;0.482
16822;0.482
16823;0.482
1693;1.445
16829;0.482
16830;0.482
16831;0.482
16832;0.482
16833;0.482
1694;1.445
16834;0.482
16835;0.482
16836;0.482
16837;0.482
16838;0.482
16839;0.963
16840;0.963
16841;0.963
16842;0.963
16843;0.963
1695;1.927
16844;0.963
16845;1.445
16846;1.445
16847;0.963
16848;0.963
16849;0.963
16850;0.963
16851;0.963
16852;0.963
1696;2.409
1697;2.89
1698;3.854
16882;0.482
16883;0.482
1699;3.854
16884;0.482
16885;0.482
16886;1.445
16887;1.927
16888;1.927
16889;1.927
16890;1.927
16891;1.927
16892;1.927
16893;1.927
1700;2.409
16894;1.445
16895;1.445
16896;1.445
16897;0.963
16898;0.963
16899;1.445
16900;1.445
16901;1.445
16902;1.927
16903;1.445
1701;1.927
16904;1.445
16905;0.963
16906;0.963
16907;0.482
16908;0.482
16909;0.963
16910;0.963
16911;1.445
16912;2.409
16913;2.409
1702;2.409
16914;2.89
16915;2.89
16916;2.89
16917;2.409
16918;2.409
16919;1.445
16920;0.963
16921;0.482
16922;0.482
1703;2.409
16924;0.482
16925;0.482
16926;0.482
16927;0.482
16928;0.482
16929;0.482
16930;0.482
16931;0.482
1704;1.927
16934;0.482
16935;0.963
16936;0.963
16937;0.963
16938;0.963
16939;0.963
16940;0.963
16941;0.963
16942;0.963
1705;1.445
16949;0.482
16950;0.482
16951;0.482
16952;0.482
16953;0.482
1706;0.963
16954;0.482
16955;0.482
16956;0.482
16958;1.445
16959;1.445
16960;1.445
16961;1.445
16962;1.445
16963;1.445
1707;0.482
16964;1.445
16965;1.445
16966;0.482
16972;0.482
16973;0.482
1708;0.482
16974;0.482
16975;0.482
16976;0.482
16977;0.482
16978;0.482
16979;0.482
16982;0.482
16983;0.482
1709;0.482
16984;0.482
16985;0.482
16986;0.482
16987;0.963
16988;1.445
16989;1.445
16990;0.963
16991;0.963
16992;0.963
16993;0.963
1710;0.482
16994;0.963
16995;0.482
16996;0.482
16997;0.482
16998;0.482
1711;0.482
17011;0.482
17012;0.482
17013;0.963
1712;0.482
17014;0.963
17015;0.963
17016;0.963
17017;0.963
17018;0.963
17019;0.482
17020;0.482
17022;0.482
17023;0.482
1713;0.482
17024;0.482
17025;0.963
17026;0.963
17027;0.963
17028;0.963
17029;0.963
17030;0.482
17031;0.482
17032;0.482
1714;0.482
17035;0.482
17036;0.482
17037;0.482
17038;0.482
17039;0.963
17040;0.963
17041;0.963
17042;0.963
17043;0.482
1715;0.963
17044;0.482
17045;0.482
17046;0.482
1716;0.963
17062;0.963
17063;0.963
1717;0.963
17064;0.963
17065;0.963
17066;0.963
17067;0.963
17068;0.963
17069;0.963
1718;0.963
17083;0.963
1719;0.963
17084;0.963
17085;0.963
17086;0.963
17087;0.963
17088;0.963
17089;0.963
17090;0.963
17091;0.482
1720;0.482
17095;0.482
17096;0.482
17097;0.482
17098;0.482
17099;0.482
17100;0.963
17101;0.963
17102;1.927
17103;1.445
1721;0.482
17104;1.445
17105;1.445
17106;1.445
17107;1.445
17108;0.963
17109;0.963
17110;0.963
1722;0.482
17183;0.482
17184;0.482
17185;0.482
17186;0.482
17187;0.482
17188;0.482
17189;0.482
17190;0.482
17191;0.482
17198;0.482
17199;0.963
17200;0.963
17201;1.445
17202;1.445
17203;1.445
17204;1.927
17205;2.89
17206;2.89
17207;2.89
17208;2.89
17209;2.89
17210;2.409
17211;2.409
17212;1.927
17213;1.445
17214;1.445
17215;0.963
17227;0.482
17228;0.482
17229;0.482
17230;0.482
17231;0.482
17232;0.482
17233;0.482
17234;0.482
17236;0.482
17237;0.482
17238;0.482
17239;0.482
17240;0.482
17241;0.482
17242;0.482
17243;0.482
17244;0.482
17245;0.482
17257;0.482
17258;0.482
17259;0.482
17260;0.482
17261;0.482
17262;0.482
17263;0.482
1737;0.482
17264;0.482
17265;0.482
17266;0.482
17267;0.482
17268;0.963
17269;0.482
17270;0.482
17271;0.482
17272;2.409
17273;3.372
1738;0.482
17274;3.372
17275;4.336
17276;4.336
17277;3.854
17278;3.854
17279;3.854
17280;1.927
17281;0.963
17282;1.445
17283;0.482
1739;0.482
17284;0.482
17285;0.482
17286;0.482
17287;0.482
17288;0.482
17289;0.482
17291;0.482
17292;0.482
17293;0.482
1740;0.482
17294;0.963
17295;0.963
17296;0.963
17297;0.963
17298;0.963
17299;0.482
17300;0.482
17301;0.482
17311;0.482
17312;0.482
17313;0.482
1742;0.482
17314;0.963
17315;0.963
17316;1.445
17317;1.445
17318;1.445
17319;0.963
17320;0.963
17321;0.963
17322;0.482
17323;0.482
1743;0.482
17324;0.482
1744;0.482
17342;0.482
17343;0.482
1745;0.482
17344;0.482
17345;0.482
17346;0.482
17347;0.963
17348;1.445
17349;1.927
17350;1.445
17351;1.927
17352;1.927
17353;1.927
1746;0.482
17354;2.89
17355;2.89
17356;2.409
17357;1.445
17358;1.927
17359;1.445
17360;1.445
17361;1.445
17362;0.963
17363;1.445
1747;0.482
17364;1.445
17365;1.927
17366;1.927
17367;1.445
17368;2.409
17369;2.409
17370;1.927
17371;1.445
17372;1.445
17373;0.963
1748;0.482
17374;0.963
17375;1.445
17376;0.963
17377;0.963
17378;0.963
17379;1.445
17380;1.445
17381;1.445
17382;1.445
17383;0.963
1749;0.482
17384;0.482
17385;0.482
17386;0.963
17387;0.482
17388;0.482
17389;0.482
17390;0.482
17391;0.482
17392;0.482
17393;0.482
17413;0.482
17414;0.482
17415;0.482
17416;0.482
17417;0.482
17418;0.482
17419;0.482
17420;0.482
17421;0.482
29;0.963
1756;0.482
1757;0.482
1758;0.963
1759;1.445
1760;1.445
17496;0.963
17497;0.963
17498;1.445
17499;1.927
17500;2.409
17501;2.409
17502;2.409
17503;2.409
1761;1.445
17504;1.927
17505;1.445
17506;0.963
17507;0.482
1762;1.445
17519;0.482
17520;0.482
17521;0.482
17522;0.482
17523;0.482
1763;10.598
17524;0.482
17525;0.482
17526;0.482
1764;431.166
1765;432.129
1766;431.647
1767;431.166
1768;431.166
17583;0.482
1769;431.166
17584;0.482
17585;0.482
17586;0.482
17591;0.482
17592;0.482
17593;0.482
1770;431.166
17594;0.482
17595;0.482
17596;0.482
17597;0.482
17598;0.482
17600;0.482
17601;0.482
17602;0.482
17603;0.963
1771;430.684
17604;0.963
17605;0.963
17606;0.963
17607;0.963
17608;0.963
17609;0.482
17610;0.482
17611;0.482
1772;6.744
17617;0.482
17618;0.482
17619;0.482
17620;0.482
17621;0.482
17622;0.482
17623;0.963
17624;0.963
17625;0.963
17626;1.445
17627;1.927
17628;1.927
17629;1.927
17630;1.927
17631;1.927
17632;2.409
17633;1.927
17634;1.445
17635;1.445
17636;0.963
17637;0.963
17638;0.963
17639;0.963
17640;0.482
17641;0.482
17644;0.482
17645;0.482
17646;0.482
17647;0.482
17648;0.963
17649;0.963
17650;2.89
17651;4.336
17652;5.781
17653;5.299
17654;5.781
17655;5.781
17656;6.263
17657;6.744
17658;4.817
17659;3.372
17660;2.409
17661;1.927
17662;0.963
17663;0.963
17664;0.963
17665;0.482
17690;0.482
17691;0.482
17692;0.482
17693;0.963
17694;0.963
17695;0.963
17696;0.963
17697;0.963
17698;0.482
17699;0.482
17700;0.482
1783;0.482
1784;0.482
1785;1.445
17745;0.482
17746;0.482
17747;0.482
17748;0.963
17749;0.963
17750;0.963
17751;0.963
17752;0.963
17753;0.482
1786;1.927
17754;0.482
17755;0.963
17756;0.482
17757;0.963
17758;0.963
17759;0.963
17760;0.963
17761;1.445
17762;1.445
17763;1.445
1787;1.927
17764;1.927
17765;1.445
17766;1.445
17767;2.409
17768;3.854
17769;3.854
17770;3.854
17771;3.854
17772;4.336
17773;4.336
1788;1.927
17774;3.854
17775;2.89
17776;0.482
17783;0.482
1789;1.445
17784;1.445
17785;1.445
17786;1.445
17787;1.445
17788;1.445
17789;1.445
17790;1.445
17791;1.445
17792;0.482
17793;0.482
1790;1.445
17794;0.482
17795;0.482
17796;0.482
1791;2.409
1792;3.372
17814;0.482
17815;0.482
17816;0.482
17817;0.482
17818;0.482
17819;0.482
17820;0.482
17821;0.482
1793;3.854
1794;2.89
17836;0.482
17837;0.482
17838;0.482
17839;0.482
17840;0.482
17841;0.482
17842;0.482
17843;0.482
1795;3.372
17844;0.963
17845;0.482
17846;0.482
17847;0.482
17848;0.482
17849;0.482
17850;0.482
17851;0.482
1796;4.336
17855;0.482
17856;0.963
17857;0.963
17858;0.963
17859;0.963
17860;0.963
17861;0.963
17862;0.963
17863;0.482
1797;4.336
17866;0.482
17867;0.482
17868;0.482
17869;0.482
17870;0.482
17871;0.482
17872;0.482
17873;0.482
1798;4.336
17883;0.482
1799;3.854
17884;0.482
17885;0.963
17886;1.445
17887;1.445
17888;1.445
17889;0.963
17890;0.963
17891;0.482
17892;0.482
17893;0.482
1800;2.89
17894;0.482
17895;0.482
17900;0.482
17901;0.482
17902;0.482
17903;0.482
1801;1.445
17904;0.482
17905;0.482
17906;0.963
17907;0.963
17908;0.963
17909;0.963
17910;0.963
17911;0.963
17912;0.482
17913;0.482
1802;1.445
17914;0.482
17915;0.482
17916;0.482
17917;0.482
17918;0.482
17919;0.482
17920;0.963
17921;0.963
17922;0.482
17923;0.482
1803;0.963
17924;0.482
17925;0.482
17926;0.482
17927;0.963
17928;0.482
17929;0.482
17930;0.482
17931;0.963
17932;0.963
17933;0.963
1804;0.963
17934;0.963
17935;0.963
17936;0.963
17937;0.963
17938;0.963
17939;0.482
17940;0.482
17941;0.482
17942;0.482
17943;0.482
1805;0.482
1806;2.409
17956;0.482
17957;0.482
17958;0.482
17959;0.482
17960;0.482
17961;0.482
17962;0.963
17963;0.963
1807;2.89
17964;0.482
17965;0.482
17966;0.482
17967;0.482
17968;0.482
17969;0.482
17970;0.482
1808;3.372
1809;3.372
1810;3.372
17995;0.482
17996;0.482
17997;0.482
17998;0.482
17999;0.963
18000;1.445
18001;1.445
18002;1.445
18003;1.445
1811;3.372
18004;1.445
18005;0.963
18006;0.963
18007;0.963
1812;2.89
1813;2.89
1814;1.445
18041;0.963
18042;0.963
18043;0.963
1815;0.482
18044;0.963
18045;0.963
18046;1.445
18047;1.445
18048;1.445
18049;0.482
18050;0.482
18051;0.482
18052;0.963
18053;0.963
18054;0.482
18055;0.482
18056;0.482
18057;0.482
18058;0.482
18059;0.482
1817;0.482
1818;0.482
1819;0.963
18087;0.482
18088;0.963
18089;0.963
18090;0.963
18091;0.963
18092;0.963
18093;0.963
1820;0.963
18094;0.963
18095;0.482
18103;0.482
1821;1.445
18104;0.482
18105;0.482
18106;0.482
18107;0.482
18108;0.482
18109;0.482
18110;0.482
18111;0.482
18112;0.963
18113;0.963
1822;0.963
18114;0.963
18115;0.963
18116;0.963
18117;0.963
18118;0.963
18119;0.963
1823;0.963
18124;0.482
18125;0.482
18126;0.482
18127;0.482
18128;0.482
18129;0.482
18130;0.963
18131;0.963
18132;0.963
18133;0.482
1824;0.963
18134;0.963
18135;1.927
18136;1.927
18137;1.927
18138;1.445
18139;1.445
18140;1.445
18141;1.927
18142;1.445
18143;0.963
1825;0.963
18144;0.482
18145;0.482
18146;0.482
18147;0.482
18148;0.482
18149;0.482
18150;0.482
1826;0.963
1827;0.482
1828;0.482
18189;0.482
18190;0.482
18191;0.482
18192;0.482
18193;0.482
18194;0.482
18195;0.963
18196;1.445
18197;0.963
18198;0.963
18199;0.963
18200;0.963
18201;0.963
18202;0.963
18203;0.963
1831;0.482
18204;0.482
18205;0.482
18206;0.482
18207;0.482
18208;0.482
18209;0.482
18210;0.482
18211;0.482
18212;0.482
18213;0.482
1832;0.963
18214;0.482
18215;0.482
18216;0.482
18217;0.963
18218;0.963
18219;1.927
18220;2.409
18221;2.89
18222;2.89
18223;2.89
1833;0.963
18224;3.372
18225;4.336
18226;3.854
18227;2.89
18228;1.927
18229;0.963
18230;0.963
18231;1.445
18232;1.445
18233;0.482
1834;0.963
18234;0.482
18235;0.482
18236;0.482
18237;0.482
18238;0.482
18239;0.482
18240;0.482
1835;0.963
1836;1.445
1837;1.445
1838;1.445
1839;1.445
18285;0.482
18286;0.482
18287;0.482
18288;0.482
18289;0.963
18290;0.963
18291;0.963
18292;0.963
18293;0.482
1840;0.963
18294;0.482
18295;0.482
18296;0.482
18297;0.482
1841;0.482
1842;0.482
1843;0.482
18331;0.482
18332;0.482
18333;0.482
18334;0.482
18335;0.482
18336;0.482
18337;0.482
18338;0.482
18344;0.482
18345;0.482
18346;0.963
18347;0.963
18348;0.963
18349;0.963
18350;1.445
18351;1.445
18352;0.963
18353;0.963
18354;0.963
18355;0.482
18356;0.963
18357;0.963
18358;0.482
18359;0.482
18360;0.482
18361;0.482
18362;0.482
18363;0.482
18364;0.482
18374;0.482
18375;0.482
18376;0.482
18377;0.482
18378;0.482
18379;0.482
18380;0.482
18381;0.482
18425;0.963
18426;0.963
18427;1.445
18428;1.927
18429;2.409
18430;2.409
18431;2.409
18432;3.372
18433;3.372
18434;3.372
18435;2.89
18436;2.409
18437;1.927
18438;1.927
18439;1.927
18440;1.445
18441;0.482
30;0.963
18442;0.482
18443;0.482
18445;0.482
18446;0.482
18447;0.482
18448;0.482
18449;0.482
18450;0.482
18451;0.482
18452;0.482
18472;0.482
18473;0.482
18474;0.482
18475;0.482
18476;0.482
18477;0.482
18478;0.482
18479;0.482
18484;0.482
18485;0.482
18486;0.482
18487;0.482
18488;0.482
18489;0.482
18490;0.482
18491;0.482
18492;0.482
18500;0.482
18501;0.482
18502;0.482
18503;0.482
18504;0.482
18505;0.482
18506;0.482
18507;0.482
1864;0.482
18535;0.963
18536;0.963
18537;0.963
18538;0.963
18539;0.963
18540;0.963
18541;0.963
18542;0.482
18543;0.482
1865;0.963
18544;1.445
18545;1.445
18546;1.445
18547;1.445
18548;1.445
18549;1.445
18550;1.445
18551;1.445
18552;1.445
18553;1.927
1866;0.963
18554;0.963
18555;0.963
18556;1.445
18557;1.445
18558;1.445
18559;1.445
18560;0.963
18561;0.482
18562;0.482
18563;0.482
1867;0.963
18567;0.482
18568;0.482
18569;0.482
18570;0.482
18571;0.482
18572;0.482
18573;0.482
1868;0.963
18574;0.482
18575;0.482
18578;0.482
18579;0.482
18580;0.482
18581;0.482
18582;0.482
18583;0.482
1869;0.963
18584;0.482
18585;0.482
1870;0.963
1871;0.963
1872;0.963
18618;0.482
18619;0.482
18620;0.963
18621;0.963
18622;1.445
18623;1.445
1873;0.482
18624;1.927
18625;1.927
18626;2.409
18627;2.409
18628;1.445
18629;1.927
18630;1.927
18631;1.927
18632;2.409
18633;2.409
1874;0.963
18634;2.409
18635;1.927
18636;1.927
18637;1.445
18638;0.963
18639;0.963
1875;0.963
1876;0.963
1877;0.963
1878;0.963
18682;0.482
18683;0.482
1879;0.963
18684;0.482
18685;0.482
18686;0.482
18687;0.482
18688;0.482
18689;0.482
1880;0.482
18697;0.482
18698;0.482
18699;0.482
18700;0.482
18701;0.482
18702;0.482
18703;0.482
1881;0.482
18704;0.482
1882;0.482
18717;0.482
18718;0.482
18719;0.963
18720;0.963
18721;0.963
18722;0.963
18723;0.963
18724;0.963
18725;0.482
18726;0.482
18727;0.482
18762;0.482
18763;0.482
18764;0.482
18765;0.482
18766;0.482
18767;0.482
18768;0.482
18769;0.963
18770;0.482
18771;0.482
18772;0.482
18773;0.482
18774;0.482
18775;0.482
18776;0.482
18777;0.482
18781;0.482
18782;0.482
18783;0.482
18784;0.482
18785;0.482
18786;0.482
18787;0.482
18788;0.482
18789;0.482
18792;0.482
18793;0.482
18794;0.963
18795;1.445
18796;1.445
18797;1.445
18798;1.445
18799;1.445
18800;1.445
18801;1.445
18802;1.445
18803;1.445
18804;0.963
18805;0.963
18806;0.963
18807;0.963
18808;0.963
18809;0.963
18810;0.482
18817;0.482
18818;0.482
18819;0.482
18820;0.482
18821;0.482
18822;0.963
18823;0.963
18824;0.963
18825;0.482
18826;0.482
18827;0.963
18828;0.963
18829;0.963
18830;0.482
18831;0.482
18832;0.482
18833;0.482
18834;0.482
18845;0.482
18846;0.482
18847;0.482
18848;0.482
18849;0.482
18850;0.482
18851;0.482
18852;0.482
18874;0.482
18875;0.482
18876;0.482
18877;0.482
18878;0.482
18879;0.482
18880;0.482
18881;0.482
1900;0.482
1901;0.482
1902;0.482
1903;0.482
18925;0.482
18926;0.963
18927;0.963
18928;0.963
18929;0.963
18930;0.963
18931;0.963
18932;0.963
18933;0.963
1904;0.482
18934;0.482
18935;0.482
18942;0.482
18943;0.482
1905;0.482
18944;0.482
18945;0.482
18946;0.963
18947;0.963
18948;0.963
18949;0.963
18950;0.482
18951;0.482
18952;0.482
18953;0.482
1906;0.482
1907;0.482
1908;0.482
18995;0.482
18996;0.482
18997;0.482
18998;0.482
18999;0.482
19000;0.482
19001;0.482
19002;0.482
19003;0.963
19004;1.445
19005;1.445
19006;0.963
19007;0.963
19008;0.963
19009;0.963
19010;1.445
19011;1.445
19012;0.482
19013;0.482
19014;0.482
19015;0.963
19016;1.445
19017;1.445
19018;0.963
19019;0.963
19020;0.963
19021;0.963
19022;0.963
19023;0.482
19024;0.482
19025;0.482
19044;0.482
19045;0.963
19046;0.963
19047;0.963
19048;0.963
19049;0.963
19050;1.445
19051;1.445
19052;0.963
19053;0.482
19054;0.482
19055;0.482
19056;0.482
19057;0.482
19064;0.963
19065;0.963
19066;0.963
19067;1.927
19068;1.927
19069;1.927
19070;1.927
19071;1.927
19072;0.963
19073;0.963
19074;0.963
19075;0.963
19076;1.927
19077;0.963
19078;1.445
19079;1.445
19080;1.445
19081;2.409
19082;2.409
19083;2.409
19084;1.445
19085;1.927
19086;1.445
19087;1.445
19088;1.445
19089;1.445
19090;0.482
19091;0.482
19092;0.482
19093;0.482
19114;0.482
19115;0.482
19116;0.482
19117;0.963
19118;1.927
19119;2.409
19120;2.409
19121;2.409
19122;2.409
19123;2.89
19124;2.89
19125;2.89
19126;5.299
19127;4.817
19128;5.299
19129;5.299
19130;5.299
19131;5.299
19132;4.817
19133;4.817
19134;0.963
19135;0.963
19136;0.482
19137;0.482
19138;1.445
19139;0.963
19140;0.963
19141;0.963
19142;1.445
19143;1.445
19144;1.445
19145;1.927
19146;0.963
19147;0.963
19148;0.963
19149;0.963
19150;0.482
19151;0.482
19152;0.482
19158;0.482
19159;0.482
19160;0.482
19161;0.482
19162;0.482
19163;0.963
1927;0.482
19164;0.963
19165;0.963
19166;0.482
19167;0.482
19168;0.482
19169;0.482
19170;0.963
19171;0.963
19172;0.482
19173;0.482
1928;0.482
19174;0.482
19175;0.482
19176;0.482
19177;0.482
19178;0.482
19182;0.482
19183;0.482
1929;0.482
19184;0.482
19185;0.482
19186;0.482
19187;0.482
19188;0.482
19189;0.482
19192;0.482
19193;0.482
1930;0.482
19194;0.482
19195;0.482
19196;0.482
19197;0.482
19198;0.482
19199;0.482
1931;0.482
1932;0.482
19222;0.482
19223;0.482
1933;0.482
19224;0.482
19225;0.482
19226;0.482
19227;1.445
19228;1.445
19229;1.445
19230;0.963
19231;0.963
19232;0.963
19233;0.963
1934;0.482
19234;0.963
19235;0.482
19236;0.482
19237;0.963
19238;0.963
19239;0.482
19240;0.482
19241;0.482
19242;0.482
19243;0.482
1935;0.482
19244;0.482
19245;0.482
19246;0.482
19247;0.482
19248;0.482
19249;0.482
19250;0.482
19251;0.482
19252;0.482
1936;0.482
19255;0.482
19256;0.482
19257;0.482
19258;0.482
1937;0.963
1938;1.445
19276;0.482
19277;0.482
19278;0.482
19279;0.482
19280;0.482
19281;0.482
19282;0.482
19283;0.482
1939;1.445
19284;0.482
1940;1.445
1941;1.445
19304;0.482
19305;0.963
19306;0.963
19307;0.963
19308;0.963
19309;0.963
19310;0.963
19311;0.963
19312;0.482
19313;0.482
1942;1.445
19314;0.963
19315;0.482
19316;0.963
19317;0.963
19318;0.963
19319;0.963
19320;1.445
19321;1.445
19322;0.963
19323;0.963
1943;0.963
19324;0.963
19325;0.482
19326;0.482
19327;0.482
19328;0.482
1944;0.963
19335;0.482
19336;0.482
19337;0.963
19338;1.445
19339;1.445
19340;1.927
19341;2.409
19342;2.409
19343;1.927
1945;0.482
19344;1.927
19345;1.445
19346;1.445
19347;1.445
19348;1.445
19349;1.445
19350;2.409
19351;2.89
19352;3.854
19353;4.336
19354;5.781
19355;5.781
19356;6.744
19357;5.781
19358;5.299
19359;4.336
19360;4.336
19361;4.336
19362;2.89
19363;3.372
19364;3.372
19365;3.372
19366;2.89
19367;2.89
19368;1.445
19369;0.963
19370;0.963
19371;0.963
19372;0.482
19373;0.963
19374;0.963
19375;0.963
19376;0.963
19377;0.963
19378;0.963
19379;0.482
19380;0.482
19386;0.482
19387;0.963
19388;0.963
19389;0.963
19390;0.963
19391;0.963
19392;0.963
19393;1.445
19394;0.963
19395;0.482
19396;0.482
19397;0.482
19398;0.963
19399;0.963
19400;0.963
19401;0.482
19402;0.963
19403;1.445
19404;1.445
19405;1.445
19406;0.963
19407;0.963
19408;0.963
19409;0.963
19410;0.482
19420;0.482
19421;0.482
19422;0.482
19423;0.482
19424;0.482
19425;0.482
19426;0.482
19427;0.482
19432;0.482
19433;0.963
19434;0.963
19435;0.963
19436;0.963
19437;0.963
19438;0.963
19439;0.963
19440;0.482
31;0.963
19497;0.482
19498;0.482
19499;0.482
19500;0.482
19501;0.482
19502;0.482
19503;0.482
19504;0.482
19541;0.482
19542;0.482
19543;0.482
19544;0.963
19545;1.445
19546;2.409
19547;2.409
19548;2.409
19549;2.409
19550;1.927
19551;1.927
19552;1.445
19553;0.963
19564;0.963
19565;0.963
19566;0.963
19567;0.963
19568;0.963
19569;0.963
19570;0.963
19571;0.963
19572;0.963
19573;0.482
19593;0.482
1970;0.482
19594;0.963
19595;0.963
19596;0.963
19597;0.963
19598;0.963
19599;0.482
19600;0.963
19601;0.963
19602;0.963
19603;0.963
1971;0.482
19604;1.445
19605;1.445
19606;1.445
19607;1.445
19608;1.445
19609;0.482
19610;0.482
19611;0.482
1972;0.482
19614;0.482
19615;0.482
19616;0.482
19617;0.482
19618;0.482
19619;0.482
19620;0.482
19621;0.482
19622;0.482
19623;0.482
1973;0.482
19624;0.963
19625;0.963
19626;0.963
19627;0.963
19628;1.927
19629;1.927
19630;1.927
19631;2.409
19632;2.409
19633;2.409
1974;0.482
19634;2.409
19635;2.409
19636;1.445
19637;1.445
19638;0.482
19641;0.482
19642;0.482
19643;0.963
1975;0.482
19644;0.963
19645;0.963
19646;0.963
19647;0.963
19648;1.445
19649;1.445
19650;1.445
19651;0.963
19652;0.963
19653;0.963
1976;0.482
19654;0.963
19655;0.963
19656;0.482
19657;0.963
19658;0.482
19659;0.482
19660;0.482
19661;0.482
19662;0.482
19663;0.482
1977;0.482
19664;0.482
19665;0.482
19691;0.482
19692;0.482
19693;0.963
19694;0.963
19695;0.963
19696;1.927
19697;2.409
19698;2.409
19699;2.409
19700;2.89
19701;2.89
19702;2.409
19703;2.409
19704;1.445
19705;0.963
19706;0.963
19707;0.963
1982;0.482
19720;0.482
19721;0.482
19722;0.482
19723;0.482
1983;0.482
19724;0.482
19725;0.482
19726;0.963
19727;0.963
19728;0.963
19729;0.963
19730;0.482
19731;0.482
19732;0.482
19733;0.482
1984;0.963
19739;0.482
19740;0.482
19741;0.482
19742;0.963
19743;0.963
1985;0.963
19744;1.445
19745;1.927
19746;2.409
19747;3.372
19748;3.854
19749;3.854
19750;4.817
19751;5.299
19752;6.263
19753;6.263
1986;0.963
19754;6.263
19755;4.817
19756;4.817
19757;4.817
19758;3.372
19759;2.89
19760;1.927
19761;1.927
19762;1.445
19763;0.963
1987;0.963
19764;0.482
19765;0.963
19766;0.963
19767;0.963
19768;0.963
19769;0.482
19770;0.482
19771;0.482
19772;0.963
19773;0.482
1988;0.963
19774;0.482
19775;0.482
19776;0.482
19777;0.482
19778;0.482
19779;0.482
1989;1.445
1990;0.963
1991;0.963
1992;0.963
19815;0.482
19816;0.963
19817;1.445
19818;1.445
19819;2.409
19820;2.409
19821;2.409
19822;2.409
19823;1.927
1993;0.482
19824;1.927
19825;1.927
19826;0.963
19828;0.963
19829;0.963
19830;1.445
19831;1.927
19832;1.927
19833;2.409
1994;0.482
19834;2.409
19835;2.409
19836;1.927
19837;1.927
19838;1.445
19839;1.445
19840;0.963
19842;0.482
19843;0.963
1995;0.482
19844;0.963
19845;0.963
19846;0.482
19847;0.482
19848;0.482
19849;0.482
19850;0.482
1996;0.482
19865;0.482
19866;0.482
19867;0.482
19868;0.482
19869;0.482
19870;0.482
19871;0.482
19872;0.482
19885;0.482
19886;0.482
19887;0.482
19888;0.963
19889;0.963
19890;0.963
19891;0.963
19892;1.445
19893;0.963
19894;0.963
19895;0.963
19896;0.482
19897;0.482
19898;0.482
19899;0.482
19908;0.482
19909;0.482
19910;0.482
19911;0.482
19919;0.482
19920;0.482
19921;0.482
19922;0.482
19933;0.482
19934;0.482
19935;0.482
19936;0.482
19937;0.482
19938;0.482
19939;0.963
19940;0.963
19941;0.963
19942;0.963
19943;0.482
19944;0.482
19945;0.482
19946;0.482
19947;0.482
19949;0.482
19950;0.482
19951;0.482
19952;0.482
19953;0.482
19954;0.482
19955;0.482
19956;0.482
19957;0.482
19958;0.482
19959;0.482
19968;0.482
19969;0.482
19970;0.482
19971;0.482
19972;0.482
19973;0.482
19974;0.482
19975;0.963
19976;0.963
19977;0.482
19978;0.963
19979;0.963
19980;0.963
19981;0.963
19982;0.963
19983;0.482
19984;0.482
19985;1.445
19986;0.963
19987;0.963
19988;0.963
19989;0.963
19990;1.445
19991;1.445
19992;1.445
19993;1.445
19994;1.445
19995;1.445
19996;1.445
19997;1.445
19998;0.963
19999;0.963
20000;0.963
20012;0.482
20013;0.482
20014;0.963
20015;0.963
20016;0.963
20017;1.445
20018;1.445
20019;1.445
20020;0.963
20021;1.445
20022;0.963
20023;0.963
20024;0.963
20025;0.482
20038;0.482
20039;0.482
20040;0.482
20041;0.482
20042;0.482
20043;0.482
20044;0.963
20045;0.963
20046;0.482
20047;0.482
20048;0.482
20049;0.482
20050;0.482
20051;0.482
20055;0.482
20056;0.482
20057;0.482
20058;0.482
20059;0.482
20060;0.482
20061;0.482
20062;0.482
20063;0.482
20064;0.482
20065;0.963
20066;0.963
20067;0.963
20068;0.963
20069;0.963
20070;0.963
20071;0.963
20072;0.963
20073;0.482
20074;0.482
20075;0.963
20076;0.963
20077;0.963
20078;0.963
20079;0.482
20080;0.482
20081;0.482
20082;0.482
20097;0.482
20098;1.445
20099;1.445
20100;1.445
20101;1.445
20102;1.445
20103;1.445
2021;0.482
20104;1.445
20105;0.963
2022;0.482
2023;0.482
2024;0.482
20140;0.482
20141;0.963
20142;0.963
20143;0.963
2025;0.482
20144;0.963
20145;0.963
20146;0.963
20147;0.963
20148;0.482
20150;0.482
20151;0.482
20152;0.482
20153;0.482
2026;0.482
20154;0.963
20155;0.963
20156;0.963
20157;0.963
20158;0.963
20159;0.482
20160;0.482
20161;0.482
20162;0.482
20163;0.482
2027;0.482
20164;0.482
20165;0.482
20166;0.482
20167;0.482
20168;0.482
20169;0.482
2028;0.482
2029;0.482
20210;0.482
20211;0.482
20212;0.482
20213;0.482
20214;0.482
20215;0.963
20216;0.963
20217;0.963
20218;0.482
20219;0.482
20220;0.963
20221;0.963
20222;1.445
20223;1.445
20224;1.445
20225;1.927
20226;2.409
20227;2.89
20228;3.372
20229;3.372
20230;2.89
20231;2.89
20232;2.409
20233;1.927
20234;1.445
20235;1.445
20236;0.482
20241;0.482
20242;0.482
20243;0.482
20244;0.482
20245;0.482
20246;0.482
20247;0.482
20248;0.482
20249;0.482
20250;0.963
20251;0.963
20252;0.963
20253;0.963
20254;1.445
20255;1.445
20256;1.445
20257;0.963
20258;0.482
20259;1.927
20260;1.927
20261;2.409
20262;1.927
20263;1.927
20264;1.927
20265;1.927
20266;1.927
20267;0.482
20268;0.482
20275;0.482
20276;0.482
20277;0.482
20278;0.482
20279;0.482
20280;0.482
20281;0.482
20282;0.482
20323;0.482
20324;0.482
20325;0.482
20326;0.482
20327;0.482
20328;0.482
20329;0.482
20330;0.482
20331;0.482
20333;0.482
20334;0.482
20335;0.482
20336;0.482
20337;0.482
20338;0.482
20339;0.482
20340;0.482
2046;0.482
2047;0.482
2048;0.482
2049;0.482
2050;0.482
20396;0.482
20397;0.482
20398;0.963
20399;0.963
20400;0.963
20401;1.445
20402;1.445
20403;1.445
20404;0.963
20405;0.963
20406;0.482
20407;0.482
20408;0.482
20411;0.482
20412;0.963
20413;0.963
20414;1.927
20415;1.927
20416;1.927
20417;2.409
20418;2.409
20419;2.409
20420;1.445
20421;1.445
20422;0.963
20423;0.963
20424;0.963
20425;0.482
20426;0.482
20427;0.482
20428;0.482
20429;0.482
20446;0.482
20447;0.482
20448;0.963
20449;3.372
20450;3.372
20451;3.372
20452;3.372
20453;3.372
20454;3.372
20455;2.89
20456;2.89
32;0.963
20481;0.482
20482;0.482
20483;0.482
20484;1.445
20485;1.445
20486;1.445
20487;1.445
20488;1.927
20489;2.89
20490;3.372
20491;2.89
20492;3.854
20493;3.854
20494;3.372
20495;3.372
20496;2.89
20497;1.927
20498;1.927
20499;2.89
20500;1.927
20501;2.89
20502;3.372
20503;3.372
20504;3.372
20505;3.854
20506;4.817
20507;5.299
20508;5.299
20509;3.372
20510;2.89
20511;2.89
20512;2.89
20513;2.409
20514;2.89
20515;1.927
20516;1.445
20517;0.963
20518;0.963
20519;0.963
20520;0.963
20521;0.963
20522;0.963
20523;0.963
20524;0.482
20525;1.445
20526;1.927
20527;2.409
20528;3.372
20529;3.372
20530;3.372
20531;3.372
20532;3.854
20533;3.854
20534;3.854
20535;2.89
20536;2.409
20537;2.409
20538;1.445
20539;1.445
20540;1.445
20541;1.445
20542;0.963
20543;0.963
20544;0.482
20545;0.482
20548;0.482
20549;0.482
20550;0.482
20551;0.482
20552;0.482
20553;0.482
2066;0.482
20554;0.963
20555;0.963
20556;0.482
20557;0.482
20558;0.963
20559;0.963
20560;0.963
20561;0.963
20562;0.482
20563;0.482
2067;0.482
20564;0.482
20565;0.963
20566;0.963
20567;0.482
20568;0.482
20569;0.482
20570;0.482
20571;0.963
20572;0.963
20573;0.482
2068;0.963
20574;0.482
20575;0.482
20576;0.482
20577;0.482
20578;0.482
2069;0.963
20587;1.445
20588;1.927
20589;1.927
20590;2.89
20591;2.89
20592;2.89
20593;2.89
2070;0.963
20594;3.372
20595;2.409
20596;1.927
20597;1.927
20598;0.963
20599;0.963
20600;1.445
20601;1.445
20602;3.372
20603;2.409
2071;0.963
20604;2.409
20605;2.409
20606;2.409
20607;2.409
20608;1.927
20609;1.927
20611;0.482
20612;0.482
20613;0.482
2072;0.963
20614;0.963
20615;0.963
20616;0.963
20617;0.963
20618;1.445
20619;0.963
20620;0.963
20621;0.963
20622;0.482
2073;0.963
20625;0.482
20626;0.482
20627;0.482
20628;0.482
20629;0.482
20630;0.482
20631;0.482
20632;0.482
20633;0.482
2074;1.445
20636;0.482
20637;0.482
20638;0.963
20639;0.963
20640;0.963
20641;1.445
20642;1.445
20643;1.445
2075;0.963
20644;1.445
20645;1.445
20646;0.963
20647;0.482
20648;0.482
20651;0.482
20652;0.482
20653;0.482
2076;0.963
20654;0.482
20655;0.482
20656;0.482
20657;0.482
20658;0.482
2077;0.482
2078;0.482
2079;0.482
2080;0.482
20699;0.482
20700;0.482
20701;1.445
20702;1.445
20703;1.445
2081;0.482
20704;1.445
20705;1.445
20706;1.927
20707;1.445
20708;1.445
20709;0.482
20710;0.482
20711;0.482
20712;0.482
20713;0.482
2082;0.482
20717;0.482
20718;0.482
20719;0.482
20720;0.963
20721;0.963
20722;0.963
20723;1.445
20724;1.445
20725;0.963
20726;0.963
20727;0.963
20728;0.482
20729;0.482
20730;0.482
20731;0.482
20743;0.482
20744;0.482
20745;0.963
20746;0.963
20747;0.963
20748;0.963
20749;0.963
20750;0.963
20751;0.963
20752;0.482
20753;0.482
20769;0.482
20770;0.482
20771;0.482
20772;0.482
20773;0.482
20774;0.482
20775;0.482
20776;0.482
20797;0.482
20798;0.963
20799;0.963
20800;0.963
20801;0.963
20802;0.963
20803;0.963
20804;0.963
20805;0.963
20813;0.482
20814;0.963
20815;0.963
20816;1.927
20817;2.89
20818;3.854
20819;4.336
20820;5.299
20821;4.817
20822;4.336
20823;4.817
20824;4.336
20825;4.336
20826;2.409
20827;1.927
20828;1.445
20829;1.445
20830;1.445
20831;0.963
20832;0.482
20833;0.482
20834;0.482
20835;0.482
20836;0.482
20842;0.482
20843;0.482
20844;0.482
20845;0.482
20846;0.482
20847;0.482
20848;0.482
20850;0.482
20851;0.482
20852;0.482
20853;0.482
20854;0.482
20855;0.482
20856;0.482
20857;0.963
20858;0.482
20859;0.482
20860;0.482
20861;0.482
20862;0.482
20863;0.482
20864;0.482
20869;0.482
20870;0.482
20871;0.482
20872;0.482
20873;0.482
20874;0.482
20875;0.482
20876;0.482
20877;0.482
20885;0.482
20886;0.482
20887;0.482
20888;0.482
20889;0.482
20890;0.482
20891;0.482
20892;0.482
20899;0.482
20900;0.963
20901;0.963
20902;0.963
20903;0.963
20904;0.963
20905;0.963
20906;0.963
20907;0.963
20908;0.963
20909;0.482
20911;0.482
20912;1.445
20913;1.445
20914;1.445
20915;1.445
20916;1.927
20917;1.927
20918;1.927
20919;1.445
20920;0.482
20921;0.482
20922;0.482
20923;0.482
20952;0.482
20953;0.963
20954;0.963
20955;0.963
20956;0.963
20957;0.963
20958;0.963
20959;0.963
20960;0.963
20961;0.482
20969;0.482
20970;0.482
20971;0.482
20972;0.482
20973;0.482
20974;0.482
20975;0.482
20976;0.482
20990;0.482
20991;0.482
20992;0.482
20993;0.963
20994;0.963
20995;0.963
20996;0.963
20997;0.963
20998;0.482
20999;0.482
21000;0.482
21009;0.482
21010;0.482
21011;0.482
21012;0.482
21013;0.482
21014;0.482
21015;0.482
21016;0.482
21017;0.963
21018;2.89
21019;2.89
21020;2.89
21021;2.89
21022;2.89
21023;2.89
21024;2.89
21025;2.409
21026;0.963
21027;0.963
21030;0.482
21031;0.482
21032;0.482
21033;0.482
21038;0.963
21039;0.963
21040;1.445
21041;1.927
21042;1.927
21043;1.927
21044;1.927
21045;1.927
21046;0.963
21047;0.963
21048;0.482
21049;0.482
21068;0.482
21069;0.482
21070;0.963
21071;0.963
21072;1.445
21073;2.89
21074;3.854
21075;4.817
21076;4.336
21077;4.817
21078;4.817
21079;4.817
21080;4.336
21081;4.336
21082;3.372
21083;3.372
21084;3.854
21085;2.89
21086;2.89
21087;2.89
21088;3.372
21089;2.409
21090;2.409
21091;2.409
21092;0.963
21093;0.963
21094;0.482
21095;0.963
21096;0.482
21097;0.482
21098;0.482
21099;0.482
21100;0.482
21101;0.482
21102;0.482
21103;0.482
21107;0.482
21108;1.445
21109;1.445
21110;1.445
21111;1.927
21112;1.927
21113;1.927
2122;0.482
21114;1.927
21115;1.445
21116;0.482
21117;0.482
21118;0.482
2123;0.482
2124;0.482
21134;0.482
21135;0.482
21136;0.482
21137;0.482
21138;0.482
21139;0.482
21140;0.482
21141;0.482
21142;0.482
21143;0.482
2125;0.482
21144;0.482
21145;0.482
21146;0.482
21147;0.482
21148;0.482
21149;0.482
21150;0.482
21151;0.482
2126;1.445
2127;1.927
21167;0.482
21168;0.482
21169;0.963
21170;0.963
21171;0.963
21172;0.963
21173;0.963
2128;1.927
21174;1.445
21175;1.445
21176;0.963
21177;0.963
21178;0.963
21179;1.445
21180;1.445
21181;1.445
21182;1.445
21183;0.963
2129;1.927
21184;1.445
21185;1.445
21186;0.963
21187;0.482
21188;0.482
21189;0.963
21190;0.963
21191;0.963
21192;1.445
21193;0.963
2130;1.927
21194;0.963
21195;0.963
21196;0.963
21197;0.482
21198;0.482
21199;0.482
2131;1.445
2132;1.445
2133;1.445
2134;0.963
2135;0.482
21261;0.482
21262;0.963
21263;0.963
21264;0.963
21265;0.963
21266;0.963
21267;1.445
21268;1.445
21269;0.963
21270;0.963
21271;0.482
21272;0.482
21273;0.482
21274;0.963
21275;0.482
21276;0.482
21277;0.963
21278;1.445
21279;1.445
21280;1.445
21281;1.445
21282;0.963
21283;0.963
21284;0.963
21285;0.482
21318;0.482
21319;0.963
21320;0.963
21321;0.963
21322;0.963
21323;0.963
21324;0.963
21325;0.963
21326;0.482
21327;0.482
21328;0.482
21329;0.482
21330;0.482
21331;0.482
21332;0.482
21333;0.482
21334;0.482
21335;0.482
21336;0.963
21337;0.482
21338;0.963
21339;0.963
21340;0.963
21341;0.963
21342;0.963
21343;1.445
21344;1.445
21345;1.445
21346;1.445
21347;1.927
21348;1.927
21349;1.927
21350;1.927
21351;1.445
21352;0.963
21353;1.927
21354;1.445
21355;0.963
21356;0.963
21357;0.482
21358;0.482
21359;0.482
21360;0.963
21361;0.963
21362;0.482
21363;0.482
21364;0.482
21365;0.482
21366;0.482
21367;0.482
21368;0.482
21370;0.482
21371;0.482
21372;0.482
21373;0.482
21374;0.482
21375;0.482
21376;0.482
21377;0.963
21378;0.482
21379;0.963
21380;0.963
21381;1.445
21382;2.409
21383;2.409
21384;2.409
21385;1.927
21386;1.927
21387;1.445
21388;1.445
21389;1.445
21390;0.482
21391;0.482
21392;0.482
21393;0.482
21394;1.445
21395;1.927
21396;1.927
21397;1.927
21398;1.445
21399;1.445
21400;1.445
21401;1.445
21402;1.445
21562;0.482
21563;0.482
2167;2.89
21564;0.963
21565;0.963
21566;1.445
21567;2.89
21568;3.854
21569;20.233
21570;20.715
21571;25.051
21572;26.496
21573;28.905
2168;2.89
21574;29.868
21575;30.832
21576;29.387
21577;19.27
21578;13.489
21579;12.044
21580;11.08
21581;8.671
21582;6.744
21583;0.482
2169;2.409
2170;2.409
2171;2.409
2172;2.409
2173;1.445
21624;0.482
21625;0.482
21626;0.482
21627;0.482
21628;0.482
21629;0.482
21630;0.482
21631;0.482
228;0.482
21638;0.482
21639;0.482
21640;0.482
21641;0.482
21642;0.482
21643;0.482
21644;0.482
21645;0.482
21652;0.482
21653;0.482
21654;0.482
21655;0.482
21656;0.482
21657;0.482
21658;0.482
21659;0.482
21692;0.482
21693;1.445
2180;0.482
21694;1.445
21695;1.927
21696;1.927
21697;1.927
21698;1.927
21699;1.927
21700;1.445
21701;0.482
21702;0.482
21703;0.482
2181;0.482
21708;0.482
21709;0.482
21710;0.482
21711;0.482
21712;0.482
21713;0.482
2182;0.482
21714;0.482
21715;0.482
2183;0.482
21726;0.482
21727;0.963
21728;1.927
21729;1.927
21730;2.409
21731;2.409
21732;2.89
21733;2.89
2184;0.482
21734;2.409
21735;2.409
229;0.482
21736;0.963
21737;1.445
21738;0.963
21739;0.963
21740;0.963
21741;0.963
21742;0.963
21743;1.445
2185;0.482
21744;0.963
21745;0.963
21746;0.963
21747;0.963
21748;0.482
21749;0.482
21750;0.482
21751;0.482
2186;0.482
21755;0.482
21756;0.482
21757;0.482
21758;0.482
21759;0.482
21760;0.482
21761;0.482
21762;0.482
2187;0.482
21765;0.482
21766;0.482
21767;0.482
21768;0.482
21769;0.482
21770;0.482
21771;0.482
21772;0.482
21812;0.482
21813;0.482
21814;0.482
21815;0.963
21816;0.963
21817;0.963
21818;0.963
21819;0.963
21820;0.963
21821;0.482
21825;0.963
21826;1.927
21827;1.927
21828;2.409
21829;2.409
21830;2.409
21831;2.409
21832;2.409
21833;2.409
21834;1.927
21835;1.927
21836;1.445
230;0.482
21837;1.445
21838;1.445
21839;2.409
21840;2.409
21841;1.445
21842;0.963
21843;0.963
21844;0.963
21845;0.963
21846;0.963
21847;0.482
21848;0.482
21868;0.482
21869;0.482
21870;0.482
21871;0.482
21872;0.482
21873;0.482
21874;0.482
21875;0.482
21880;0.482
21881;0.482
21882;0.482
21883;0.963
21884;0.963
21885;1.445
21886;1.445
21887;1.445
21888;0.963
21889;0.963
21890;0.963
21891;1.445
21892;1.445
21893;0.482
21894;0.482
21904;0.482
21905;0.482
21906;0.482
21907;0.482
21908;0.482
21909;0.482
21910;0.963
21911;0.963
21912;0.482
21913;0.482
21914;0.482
21915;0.482
21916;0.482
21917;0.482
21918;0.482
21936;0.482
231;0.482
21937;0.482
21938;0.963
21939;0.963
21940;1.445
21941;1.445
21942;1.445
21943;1.445
2205;0.482
21944;0.963
21945;0.963
21946;0.963
21947;0.482
21949;0.482
21950;0.482
21951;0.482
21952;0.482
21953;0.482
2206;0.482
21954;0.963
21955;1.927
21956;2.409
21957;1.927
21958;2.409
21959;2.409
21960;2.409
21961;2.89
21962;2.89
21963;1.927
21964;0.963
2207;0.963
21965;0.963
21966;0.963
21967;0.482
21968;0.482
21971;0.482
21972;0.482
21973;0.482
21974;0.482
2208;1.927
21975;0.482
21976;0.482
21977;0.482
21978;0.482
21979;0.482
21980;0.482
21981;0.482
21983;0.482
21984;0.482
2209;2.409
21985;0.482
21986;0.482
21987;0.482
21988;0.482
21989;0.482
21990;0.482
21991;0.482
21992;0.482
21993;0.963
21994;0.963
2210;2.409
21995;1.445
21996;1.445
21997;1.445
21998;1.445
21999;1.445
22000;1.445
22001;2.409
22002;2.409
22003;1.927
22004;2.409
2211;2.409
22005;2.89
22006;4.336
22007;4.336
22008;4.336
22009;2.89
22010;2.409
22011;2.409
22012;2.409
22013;1.927
22014;0.963
2212;2.409
22015;0.963
22016;0.963
22017;0.963
22018;0.963
22019;0.963
22020;0.482
22021;0.482
22022;0.482
22024;0.482
2213;3.854
22025;0.482
22026;0.963
22027;0.963
22028;0.963
22029;0.963
22030;0.963
22031;0.963
22032;0.482
22033;0.482
2214;3.372
22036;0.482
232;0.482
22037;0.482
22038;0.482
22039;0.482
22040;0.482
22041;0.482
22042;0.482
22043;0.482
22044;0.482
2215;2.89
2216;1.927
22056;0.482
22057;1.445
22058;1.445
22059;1.445
22060;1.927
22061;1.927
22062;1.927
22063;1.927
22064;1.927
2217;1.445
22065;1.927
22066;1.445
22067;1.445
22068;0.963
22069;0.482
22070;0.482
22071;0.482
22072;0.482
22073;0.482
2218;1.445
2219;1.445
2220;1.445
22099;0.482
22100;0.482
22101;0.482
22102;0.482
22103;0.963
22104;1.445
22105;1.927
22106;1.927
22107;1.927
22108;1.927
22109;2.409
22110;2.89
22111;2.89
22112;1.927
22113;1.445
22114;1.445
2222;0.482
22115;0.963
22116;1.445
22117;1.445
22118;0.963
22119;0.482
22120;0.482
22121;0.482
22122;0.482
22123;0.482
2223;0.482
22127;0.482
22128;0.482
22129;0.482
22130;0.482
22131;0.482
22132;0.482
22133;0.482
22134;0.482
2224;0.482
22135;0.482
22136;0.482
233;0.482
22137;0.482
22138;0.963
22139;1.927
22140;1.927
22141;1.927
22142;1.927
22143;1.927
22144;1.927
2225;0.482
22145;1.927
22146;0.963
22147;0.482
22148;0.482
22153;0.963
22154;0.963
2226;0.482
22155;0.963
22156;0.963
22157;2.409
22158;2.89
22159;2.89
22160;3.372
22161;4.336
22162;5.299
22163;10.117
22164;13.489
2227;0.482
22165;13.971
22166;16.379
22167;19.27
22168;19.752
22169;18.306
22170;16.861
22171;12.525
22172;10.117
22173;7.708
22174;4.817
2228;0.482
22175;2.409
22176;0.482
22177;0.482
22178;0.482
2229;0.482
22212;0.482
22213;0.482
22214;0.482
22215;0.482
22216;0.482
22217;0.482
22218;0.482
22219;0.482
22236;0.482
234;0.482
22237;0.482
22238;0.482
22239;0.482
22240;0.482
22241;0.482
22242;0.482
22243;0.482
22270;0.482
22271;0.482
22272;0.482
22273;0.482
22274;0.963
22275;0.963
22276;0.963
22277;1.445
22278;1.445
22279;1.445
22280;1.927
22281;1.927
22282;1.927
22283;1.927
22284;1.445
22285;0.963
22286;0.963
22287;0.963
22288;0.963
22289;0.963
22290;0.963
22291;0.963
22292;1.445
22293;1.445
22294;0.963
22295;0.963
22296;0.963
22297;0.482
22298;0.482
22299;0.482
22300;0.482
22301;0.963
22302;0.963
22303;1.445
22304;0.963
22305;0.963
22306;1.445
22307;1.445
22308;1.445
22309;0.963
22310;0.963
22311;0.482
22312;0.482
22313;0.482
22317;0.482
22318;0.482
22319;0.482
22320;0.482
22321;0.482
22322;0.482
22323;1.445
22324;1.445
22325;0.963
22326;0.963
22327;0.963
22328;0.963
22329;0.963
22330;0.963
235;0.482
22339;0.482
22340;0.963
22341;1.445
22342;1.445
22343;1.445
22344;1.445
22345;1.445
22346;1.445
22347;1.445
22348;1.445
22349;0.482
22383;0.482
22384;0.482
22385;0.482
22386;0.482
22387;0.963
22388;1.927
22389;5.781
22390;6.263
22391;6.263
22392;6.263
22393;6.263
22394;8.19
22395;10.598
22396;12.044
22397;9.635
22398;8.19
22399;8.671
22400;9.153
22401;9.153
22402;7.708
22403;4.817
22404;2.89
22405;1.927
22406;1.445
22407;0.963
22408;0.482
2252;0.482
2253;0.482
22431;0.482
22432;0.482
22433;0.482
22434;0.482
2254;0.482
22435;0.963
22436;0.963
22437;0.963
22438;0.963
22439;0.482
22440;0.482
22441;0.482
22442;0.482
2255;0.482
22450;0.482
22451;0.482
22452;0.963
22453;0.963
22454;0.963
2256;0.482
22455;0.963
22456;0.963
22457;0.963
22458;0.482
22459;0.482
2257;0.482
22466;0.482
22467;0.482
22468;0.482
22469;0.482
2258;0.482
22480;0.482
22481;0.482
22482;0.963
22483;1.445
22484;2.409
2259;0.482
22485;2.409
22486;2.409
22487;2.409
22488;1.927
22489;1.927
22490;2.409
22491;2.409
22492;0.963
22493;0.963
22494;0.963
22495;0.963
22496;0.963
22497;0.963
22498;0.963
22499;0.482
22500;0.482
22502;0.963
22503;0.963
22504;0.963
22505;0.963
22506;0.963
22507;0.963
22508;0.963
22509;0.963
22510;0.963
22511;0.963
22513;0.482
22514;0.482
2262;0.482
22515;0.482
22516;0.482
22517;0.482
22518;0.482
22519;0.963
22520;0.963
22521;0.482
22522;0.482
22523;0.482
22524;0.482
2263;0.482
22525;0.482
22526;0.482
22531;0.482
22532;0.482
22533;0.482
22534;0.482
2264;0.482
22535;0.482
22536;0.482
22537;0.482
22538;0.482
22539;0.482
22540;0.482
22541;0.482
2265;0.482
22547;0.963
22548;0.963
22549;0.963
22550;0.963
22551;0.963
22552;0.963
22553;0.963
22554;0.963
2266;0.482
22560;0.482
22561;0.482
22562;0.482
22563;0.482
22564;0.482
2267;0.963
22565;0.482
22566;0.482
22567;0.482
2268;1.445
22578;0.963
22579;0.963
22580;0.963
22581;0.963
22582;0.963
22583;0.963
22584;0.963
2269;1.445
22585;0.963
2270;0.963
22602;0.482
22603;0.482
22604;0.482
2271;0.963
22605;0.482
22606;0.482
22607;0.482
22608;0.482
22609;0.482
22610;0.482
22611;0.482
22612;0.482
22613;0.482
22614;0.482
2272;1.445
22615;0.482
22616;0.482
22617;0.482
22618;0.482
2273;1.445
22626;0.482
22627;0.482
22628;0.482
22629;0.482
22630;0.482
22631;0.482
22632;0.482
22633;0.482
2274;2.409
22635;0.482
22636;0.482
22637;0.482
22638;0.482
22639;0.482
22640;0.482
22641;0.482
22642;0.482
2275;2.89
22646;0.482
22647;0.482
22648;0.482
22649;0.482
22650;0.482
22651;0.963
22652;0.963
22653;0.963
22654;0.482
2276;2.409
22655;0.482
22656;0.482
22657;0.482
22658;0.482
2277;1.927
2278;1.445
22681;0.963
22682;0.963
22683;1.927
22684;1.927
2279;1.445
22685;2.89
22686;2.89
22687;3.372
22688;3.372
22689;2.409
22690;2.89
22691;1.927
22692;2.409
22693;2.409
22694;1.445
2280;0.963
22695;0.963
22696;0.963
22697;0.963
22698;0.963
22699;0.482
2281;1.445
22711;0.482
22712;0.482
22713;0.963
22714;0.963
2282;0.963
22715;0.963
22716;0.963
22717;0.963
22718;0.963
22719;0.963
22720;0.963
2283;0.482
2284;0.482
22741;0.482
22742;0.482
22743;0.482
22744;0.482
2285;0.482
22745;0.482
22746;0.482
22747;0.482
22748;0.482
2286;0.482
22756;1.445
22757;1.445
22758;1.445
22759;1.927
22760;1.927
22761;1.927
22762;1.927
22763;1.927
22764;1.445
2287;0.482
22765;0.963
22766;0.963
22767;0.482
22768;0.963
22769;0.963
22770;0.963
22771;0.963
22772;0.963
22773;0.963
22774;0.482
2288;0.482
22775;0.482
22776;0.482
22778;0.482
22779;0.482
22780;0.482
22781;0.482
22782;0.482
22783;0.482
22784;0.482
2289;0.963
22785;0.482
2290;0.482
22799;0.482
22800;0.482
22801;0.482
22802;0.482
22803;0.963
22804;0.963
2291;0.482
22805;0.963
22806;0.963
22807;0.482
22808;0.482
22809;0.963
22810;1.445
22811;1.445
22812;1.927
22813;1.927
22814;1.445
2292;0.963
22815;1.445
22816;1.445
22817;1.927
22818;0.963
22819;0.963
22820;0.482
22821;0.482
22822;0.482
22823;0.963
22824;2.409
2293;0.963
22825;3.854
22826;4.336
22827;4.336
22828;4.336
22829;4.817
22830;4.817
22831;4.336
22832;3.372
22833;1.445
22834;0.963
2294;1.445
22835;0.963
22836;0.963
22837;1.445
22838;1.927
22839;1.927
22840;1.927
22841;2.409
22842;2.89
22843;2.89
22844;2.89
2295;1.927
22845;2.89
22846;1.445
22847;1.445
22848;1.445
22849;1.445
22850;0.482
22851;0.482
22852;0.482
2296;1.927
2297;1.445
2298;0.963
2299;0.963
22892;0.482
22893;0.482
22894;0.482
2300;0.482
22895;0.482
22896;0.482
22897;0.963
22898;0.963
22899;0.963
22900;0.482
22901;0.963
22902;0.963
22903;0.963
22904;0.963
2301;0.482
22905;0.963
22906;0.963
22907;0.482
22908;0.963
22909;0.963
22910;0.482
22911;0.482
22912;0.482
22913;0.482
22914;0.482
2302;0.482
22915;0.482
22916;0.482
22917;0.482
22925;0.482
22926;0.482
22927;0.482
22928;0.482
22929;0.482
22930;0.482
22931;0.482
22932;0.482
22940;0.482
22941;0.482
22942;0.482
22943;0.482
22944;0.482
22945;0.482
22946;0.482
22947;0.482
22958;0.482
22959;0.482
22960;0.482
22961;0.482
22962;0.482
22963;0.482
22964;0.482
22965;0.482
22998;0.482
22999;0.482
23000;0.482
23001;0.482
23002;0.482
23003;0.482
23004;0.963
2311;0.482
23005;0.963
23006;0.482
23007;0.482
23008;0.482
23009;0.482
23010;0.482
23011;0.482
23012;0.482
2312;0.963
23023;0.482
23024;0.482
2313;1.445
23025;0.482
23026;0.482
23027;0.482
23028;0.482
23029;0.963
23030;0.963
23031;0.482
23032;0.482
23033;0.963
23034;0.963
2314;1.445
23035;0.963
23036;0.963
23037;0.482
23038;0.482
23039;0.482
23040;0.482
23041;0.482
23042;0.482
23043;0.482
23044;0.963
2315;1.927
23045;1.927
23046;1.927
23047;1.927
23048;1.927
23049;1.445
23050;1.445
23051;1.445
23052;1.445
2316;2.409
2317;2.89
23065;0.482
23066;0.482
23067;0.482
23068;0.482
23069;0.963
23070;0.963
23071;0.963
23072;0.963
23073;0.963
23074;0.482
2318;2.89
23075;0.482
23076;0.482
23084;0.482
2319;3.854
23085;0.482
23086;0.482
23087;0.482
23088;0.482
23089;0.482
23090;0.482
23091;0.482
2320;3.854
23102;0.482
23103;0.482
23104;0.963
2321;3.854
23105;1.927
23106;1.927
23107;1.927
23108;1.927
23109;1.927
23110;1.445
23111;1.445
23112;0.963
23113;0.963
23114;0.963
2322;3.372
23115;0.963
23116;0.482
23117;0.482
23118;0.482
23119;0.482
23120;0.482
23121;0.482
23122;0.482
2323;2.409
2324;1.927
23136;0.482
23137;0.482
23138;0.482
23139;0.482
23140;0.482
23141;0.482
23142;0.482
23143;0.482
2325;1.445
23147;0.482
23148;0.482
23149;0.963
23150;1.445
23151;1.445
23152;1.445
23153;1.445
23154;1.445
2326;1.445
23155;0.963
23156;1.445
23157;0.963
23158;0.482
23159;0.482
23160;0.482
23161;0.482
23162;0.963
23163;1.445
23164;1.445
2327;0.963
23165;1.927
23166;2.409
23167;2.409
23168;3.854
23169;3.854
23170;4.817
23171;5.299
23172;3.854
23173;3.372
23174;2.89
2328;0.482
23175;3.372
23176;1.927
23177;1.927
23178;0.963
23179;1.445
23180;1.445
23181;0.963
23182;1.927
23183;1.445
23184;1.445
23185;1.445
23186;1.445
23187;0.963
23188;0.963
23189;0.963
23190;0.482
23192;0.482
23193;0.482
23194;0.482
23195;0.482
23196;0.482
23197;0.482
23198;0.482
23199;0.482
23225;0.482
23226;0.482
23227;0.482
23228;0.482
23229;0.482
23230;0.482
23231;0.482
23232;0.963
23233;0.963
23234;0.482
23235;0.482
23236;0.482
23237;1.445
23238;1.445
23239;1.445
23240;0.963
23241;0.482
23242;0.963
23243;0.963
23244;0.963
23245;0.963
23246;0.482
23247;0.482
23248;0.482
23249;0.482
23259;0.482
23260;0.482
23261;0.963
23262;0.963
23263;0.482
23264;0.482
2337;0.482
23265;0.482
23266;0.482
23267;0.482
23268;0.482
2338;0.963
2339;0.963
23290;1.445
23291;1.445
23292;1.445
23293;1.445
23294;1.445
2340;0.963
23295;1.445
23296;1.445
23297;1.445
23298;1.445
2341;0.963
23311;0.963
23312;0.963
23313;0.963
23314;0.963
2342;0.963
23315;0.963
23316;0.963
23317;0.963
23318;0.963
2343;0.963
23327;0.482
23328;0.482
23329;0.482
23330;0.482
23331;0.482
23332;0.482
23333;0.963
23334;0.963
2344;0.963
23335;0.963
23336;0.482
23337;0.482
23338;0.482
23339;2.409
23340;2.89
23341;43.839
23342;43.839
23343;43.839
23344;43.839
2345;0.482
23345;44.321
23346;44.321
23347;43.357
23348;42.876
23349;0.963
23350;0.482
23351;0.482
23352;0.482
23363;0.482
23364;0.482
23365;0.482
23366;0.482
23367;0.963
23368;0.963
23369;0.963
23370;1.445
23371;0.963
23372;0.963
23373;1.445
23374;1.445
23375;0.963
23376;0.963
23377;0.963
23378;0.482
23379;0.482
23380;0.482
23381;0.482
23382;0.482
23384;0.482
23385;0.482
23386;0.482
23387;0.482
23388;0.482
23389;0.482
23390;0.963
23391;1.445
23392;0.963
23393;1.445
23394;1.445
23395;1.445
23396;1.445
23397;1.445
23398;0.963
23399;0.482
23400;0.482
23401;0.482
23402;0.482
23403;0.482
23404;0.482
23405;0.482
23406;0.482
23407;0.482
23408;0.482
23409;0.482
23415;0.482
23416;0.482
23417;0.482
23418;0.482
23419;0.963
23420;0.963
23421;0.963
23422;0.963
23423;0.963
23424;0.482
23425;0.482
23426;0.482
23431;0.482
23432;0.482
23433;0.482
23434;0.482
23435;0.963
23436;0.963
23437;0.963
23438;0.963
23439;0.482
23440;0.963
23441;0.963
23442;0.963
23443;0.482
23444;0.482
23445;0.482
23446;0.482
23447;0.482
23482;0.482
23483;0.482
23484;0.482
23485;0.482
23486;0.482
23487;0.482
23488;0.963
23489;0.963
23490;0.482
23491;0.482
23492;0.482
23493;0.482
23494;0.482
23495;0.482
23496;0.482
23519;0.482
23520;0.482
23521;0.482
23522;0.482
23523;0.482
23524;0.482
23525;0.482
23526;0.482
23534;0.963
23535;0.963
23536;0.963
23537;0.963
23538;0.963
23539;0.963
23540;0.963
23541;0.963
23542;0.482
23543;0.482
23544;0.482
23638;0.482
23639;0.482
23640;0.482
23641;0.482
23642;0.482
23643;0.482
23644;0.482
2375;0.482
23645;0.482
23646;0.482
2376;0.482
2377;0.482
23666;0.482
23667;0.482
23668;0.482
23669;0.482
23670;0.963
23671;0.963
23672;0.963
23673;1.445
23674;1.927
2378;0.482
23675;1.927
23676;1.927
23677;1.927
23678;1.445
23679;1.445
23680;1.445
23681;1.445
23682;0.963
23683;0.482
2379;0.482
2380;0.482
2381;0.482
23707;0.482
23708;0.963
23709;0.963
23710;0.963
23711;0.963
23712;0.963
23713;0.963
23714;0.963
2382;0.482
23715;0.482
23716;0.963
23717;0.963
23718;0.963
23719;0.963
23720;1.445
23721;1.445
23722;1.445
23723;1.445
23724;0.963
2383;0.482
23725;0.963
23726;0.963
23727;0.963
23728;0.963
23729;0.963
23730;0.963
23731;0.963
23732;0.963
23733;0.963
23734;0.482
23735;0.963
23736;0.482
23737;0.482
23738;0.482
23739;0.482
23740;0.482
23741;0.482
23742;0.963
23743;0.482
23744;0.482
23745;0.482
23746;0.482
23747;0.482
23748;0.482
23749;0.482
23762;0.482
23763;0.482
23764;0.482
23765;0.482
23766;0.482
23767;1.927
23768;1.927
23769;1.927
23770;1.927
23771;1.445
23772;1.445
23773;1.445
23774;1.445
23775;0.963
23783;0.482
23784;0.482
23785;0.482
23786;0.482
23787;0.482
23788;0.482
23789;0.482
23790;0.482
23791;0.963
23792;0.963
23793;0.963
23794;0.963
23795;0.482
23796;0.482
23797;0.482
23798;0.482
23803;0.482
23804;0.963
23805;0.963
23806;0.963
23807;0.963
23808;0.963
23809;0.963
23810;0.963
23811;0.482
23812;0.482
23813;0.482
23814;0.482
23815;0.482
23817;0.482
23818;0.963
23819;0.963
23820;1.445
23821;1.445
23822;1.445
23823;1.445
23824;1.445
23825;1.927
23826;0.963
23827;0.963
23828;0.482
23829;0.482
23830;0.482
23831;0.482
23832;0.482
23833;0.482
23834;0.482
23835;0.482
23836;0.482
23837;0.482
23838;0.482
23839;0.482
23840;0.482
23841;0.963
23842;0.963
23843;0.482
23844;0.482
23845;0.482
23846;0.482
23847;0.482
23848;0.482
23851;0.482
23852;0.482
23853;0.482
23854;0.482
23855;0.482
23856;0.482
23857;0.482
23858;0.482
23880;0.482
23881;0.482
23882;0.482
23883;0.482
23884;0.963
23885;0.963
23886;0.963
23887;0.963
23888;0.482
23889;0.482
23890;0.963
23891;0.963
23892;0.963
23893;0.963
23894;0.963
23895;0.963
23896;0.963
23897;0.963
23898;0.482
23899;0.482
23900;0.482
23901;0.482
23912;0.963
23913;0.963
23914;1.445
23915;1.927
23916;1.927
23917;1.927
23918;1.927
23919;1.927
23920;0.963
23921;0.963
23922;1.927
23923;2.409
23924;2.409
23925;2.409
23926;2.89
23927;2.89
23928;2.89
23929;2.89
23930;2.89
23931;1.445
23932;0.963
23933;0.963
23934;0.482
2404;0.482
23935;0.482
23936;0.482
23938;0.482
23939;0.482
23940;0.482
23941;0.482
23942;0.482
23943;0.482
23944;0.963
2405;0.482
23945;0.963
23946;1.445
23947;1.445
23948;1.445
23949;1.927
23950;1.927
23951;2.89
23952;2.409
23953;2.409
23954;2.409
2406;0.482
23955;2.409
23956;3.372
23957;3.854
23958;3.854
23959;3.854
23960;4.336
23961;4.817
23962;5.299
23963;4.817
23964;5.781
2407;0.482
23965;5.299
23966;5.299
23967;5.299
23968;4.336
23969;3.372
23970;3.854
23971;3.854
23972;2.409
23973;2.409
23974;2.409
2408;0.482
23975;1.927
23976;1.445
23977;1.927
23978;1.927
23979;0.963
23980;0.963
23981;0.482
23982;0.482
23983;0.482
23984;0.482
2409;0.963
23985;0.963
23986;0.482
23987;0.963
23988;0.963
23989;0.963
23990;0.963
23991;0.963
23992;0.963
23993;0.963
23994;0.963
2410;0.963
23999;0.482
24000;0.482
24001;0.482
24002;0.482
24003;0.482
24004;0.482
2411;0.963
24005;0.482
24006;0.482
24007;0.482
24008;0.482
24009;0.482
24014;1.445
2412;0.482
24015;2.409
24016;2.409
24017;2.409
24018;2.409
24019;2.89
24020;2.89
24021;2.89
24022;2.89
24023;0.963
24024;0.963
2413;0.482
24025;0.963
24026;0.963
24027;1.445
24028;1.445
24029;0.963
24030;0.963
24031;0.482
24032;0.482
24033;0.482
24034;0.482
2414;0.482
2415;0.482
24048;0.482
24049;0.482
24050;0.482
24051;0.482
24052;0.482
24053;0.482
24054;0.482
2416;0.482
24055;0.482
2417;0.963
24065;2.89
24066;2.89
24067;4.817
24068;4.817
24069;4.817
24070;4.817
24071;4.817
24072;4.817
24073;4.817
24074;1.927
2418;0.482
24075;1.445
24076;0.963
2419;0.963
2420;0.963
2421;0.963
2422;0.963
24115;0.482
24116;0.482
24117;0.482
24118;0.482
24119;0.482
24120;0.482
24121;0.482
24122;0.482
24123;0.482
2423;0.963
2424;0.963
2425;0.482
24146;0.482
24147;0.482
24148;0.482
24149;0.482
24150;0.482
24151;0.482
24152;0.482
24153;0.482
2426;0.482
24158;0.963
24159;0.963
24160;0.963
24161;2.89
24162;2.89
24163;2.89
24164;2.89
24165;3.372
24166;2.89
24167;2.409
24168;2.409
24169;0.482
2428;0.482
24177;0.482
24178;0.482
24179;0.482
24180;0.482
24181;0.482
24182;0.482
24183;0.963
24184;0.963
2429;0.482
24185;0.482
24186;0.482
24187;0.482
24188;0.482
24189;0.482
24190;0.482
2430;0.482
2431;0.482
2432;0.963
2433;0.963
2434;1.445
24240;0.963
24241;1.445
24242;1.445
24243;1.445
24244;1.445
2435;1.445
24245;1.445
24246;1.445
24247;1.445
24248;1.445
24249;0.482
24250;0.482
24251;0.963
24252;0.963
24253;0.963
24254;0.963
2436;1.445
24255;1.445
24256;0.963
24257;0.963
24258;0.963
24259;0.963
24260;0.963
24261;0.963
24262;0.482
2437;1.445
24268;0.482
24269;0.963
24270;0.963
24271;0.963
24272;0.963
24273;0.963
24274;0.963
2438;1.445
24275;0.963
24276;0.963
24277;0.963
24278;0.963
24279;0.963
24280;0.963
24281;0.963
24282;0.963
24283;0.963
24284;0.482
2439;1.927
24293;0.482
24294;0.482
2440;1.445
24295;0.482
24296;0.482
24297;0.482
24298;0.482
24299;0.482
24300;0.482
24301;0.482
24302;0.482
24303;0.482
24304;0.482
2441;1.445
24305;0.482
24306;0.482
24307;0.482
24308;0.963
24309;0.963
24310;0.482
24311;0.482
24312;0.482
24313;0.482
24314;0.482
2442;0.963
24315;0.482
24318;0.482
24319;0.482
24320;0.482
24321;0.482
24322;0.482
24323;0.482
24324;0.482
2443;0.963
24325;0.482
24326;0.482
2444;0.963
2445;0.482
24347;0.482
24348;0.482
24349;0.482
24350;0.482
24351;0.482
24352;0.482
24353;0.482
24354;0.963
2446;0.482
24355;0.963
24356;0.963
24357;1.445
24358;1.445
24359;1.927
24360;1.927
24361;1.927
24362;1.445
24363;1.445
24364;1.445
24365;0.963
24366;0.963
24367;0.963
24368;1.445
24369;1.927
24370;1.927
24371;1.927
24372;1.927
24373;1.445
24374;1.445
24375;1.445
24376;0.482
24377;0.482
24378;0.482
24379;0.963
24380;0.963
24381;0.963
24382;0.963
24383;0.963
24384;0.963
2449;0.482
24385;0.963
24386;0.482
24388;0.482
24389;0.963
24390;0.963
24391;0.963
24392;0.963
24393;0.963
24394;0.963
2450;0.482
24395;0.963
24396;0.963
24397;0.963
24398;1.445
24399;1.445
24400;1.445
24401;1.445
24402;1.445
24403;1.445
24404;0.963
2451;0.482
24405;0.963
24406;0.482
2452;0.482
2453;0.482
2454;0.482
24439;0.482
24440;0.482
24441;0.482
24442;0.482
24443;0.482
24444;0.482
2455;0.482
24445;0.482
24446;0.482
2456;0.482
24474;0.963
24475;0.963
24476;0.963
24477;0.963
24478;0.963
24479;0.963
24480;0.963
24481;0.482
24482;0.482
24483;1.927
24484;1.927
24485;2.409
24486;2.409
24487;2.89
24488;2.89
24489;3.372
24490;2.89
24491;2.409
24492;1.927
24493;1.927
24494;4.336
24495;3.854
24496;3.854
24497;3.854
24498;3.372
24499;3.372
24500;3.372
24501;2.89
24502;1.445
24515;0.482
24516;0.482
24517;0.482
24518;0.482
24519;0.482
24520;0.482
24521;0.482
24522;0.482
24528;0.482
24529;0.482
24530;0.482
24531;0.482
24532;0.482
24533;0.482
24534;0.482
24535;0.482
2466;0.482
24557;0.482
24558;0.482
24559;0.482
24560;0.482
24561;0.482
24562;0.482
24563;0.482
24564;0.482
2467;0.482
24566;0.482
24567;0.482
24568;0.482
24569;0.482
24570;0.482
24571;0.482
24572;0.963
24573;0.963
24574;0.482
2468;0.482
24575;0.482
24576;0.482
24577;0.482
24578;0.482
24579;0.482
24580;0.482
2469;0.482
24585;0.482
24586;0.482
24587;0.482
24588;0.482
24589;0.482
24590;0.482
24591;0.482
24592;0.482
24593;0.482
24594;0.482
2470;0.482
24595;0.482
24596;0.482
24597;0.482
24598;0.482
24599;0.482
24600;0.963
24601;0.482
24602;0.482
24603;0.482
24604;0.482
2471;0.482
24605;0.963
24606;0.963
24607;1.445
24608;1.445
24609;1.927
24610;2.409
24611;2.409
24612;2.409
24613;1.927
24614;1.927
2472;0.482
24615;1.445
24616;1.445
24617;0.963
24618;0.963
2473;0.482
24627;0.482
24628;0.482
24629;0.482
24630;0.482
24631;0.482
24632;0.482
24633;0.963
24634;0.963
2474;0.963
24635;0.963
24636;0.482
24637;0.482
24638;0.963
24639;0.963
24640;0.963
24641;0.482
24642;0.482
2475;0.963
24647;0.482
24648;0.482
24649;0.482
24650;0.482
24651;0.482
24652;0.482
24653;0.482
24654;0.482
2476;0.482
24661;0.482
24662;0.482
24663;0.482
24664;0.482
2477;0.963
24665;0.482
24666;0.482
24667;0.482
24668;0.482
24669;0.482
24670;0.482
24671;0.482
24672;0.482
24673;0.482
24674;0.963
2478;0.963
24675;0.963
24676;0.963
24677;0.963
24678;0.963
24679;1.927
24680;2.409
24681;2.409
24682;2.89
24683;3.372
24684;2.89
2479;0.963
24685;2.409
24686;2.409
24687;1.445
24688;0.963
24689;0.963
24690;0.963
24691;0.482
24692;0.963
24693;0.963
24694;0.482
2480;1.445
24695;0.482
24696;0.963
24697;0.963
24698;0.963
24699;0.963
24700;0.482
24701;0.482
24702;0.482
24703;0.482
24704;0.482
2481;1.927
24705;0.482
24706;0.482
24707;0.482
24708;0.482
24709;0.482
24710;0.963
24711;0.963
24712;0.963
24713;0.482
24714;0.482
2482;1.445
24715;0.482
24716;0.482
24717;0.482
24718;0.482
2483;1.445
2484;1.445
24741;0.482
24742;0.482
24743;0.482
24744;1.445
2485;0.963
24745;1.445
24746;1.445
24747;1.445
24748;1.445
24749;0.963
24750;0.963
24751;1.445
24752;0.963
24753;0.963
24754;0.963
2486;0.963
24755;0.963
24756;0.963
24757;0.963
24758;0.963
24759;0.482
24764;0.482
2487;0.963
24765;0.482
24766;0.482
24767;0.482
24768;0.482
24769;0.482
24770;0.482
24771;0.482
2488;0.482
24777;0.482
24778;0.482
24779;0.482
24780;0.482
24781;0.482
24782;0.963
24783;0.963
24784;1.445
24785;0.963
24786;0.963
24787;0.963
24788;0.963
24789;0.963
24790;0.963
24791;0.963
24792;0.482
24793;0.963
24794;0.963
24795;0.963
24796;0.963
24797;1.445
24798;1.445
24799;1.445
24800;1.445
24801;1.445
24802;0.963
24803;0.963
24804;0.963
2491;0.482
24805;0.963
24806;0.963
24807;0.963
24808;0.482
24809;0.482
24810;0.482
24811;0.963
24812;0.482
24813;0.482
24814;0.482
2492;0.482
24815;0.482
24816;0.963
24817;0.963
24818;1.445
24819;1.445
24820;1.445
24821;1.445
24822;1.445
24823;1.445
24824;0.963
2493;0.482
24825;0.963
24826;0.482
2494;0.482
24841;0.963
24842;1.445
24843;1.445
24844;1.445
2495;0.482
24845;1.445
24846;2.409
24847;2.409
24848;2.409
24849;1.445
24850;1.445
24851;1.445
24852;1.445
24853;1.445
24854;0.482
2496;0.482
24855;0.963
24856;1.445
24857;1.445
24858;0.963
24859;0.963
24860;0.963
24861;1.445
24862;1.445
24863;0.963
24864;0.482
2497;0.482
24865;0.963
24866;1.445
24867;1.927
24868;1.927
24869;1.445
24870;1.445
24871;1.445
24872;1.445
24873;0.963
24874;1.445
2498;0.482
24875;0.482
24876;0.482
24877;0.963
24878;0.963
24879;0.963
24880;0.963
24881;0.963
24882;0.482
24883;0.482
24884;1.445
2499;0.482
24885;0.963
24886;0.963
24887;0.963
24888;0.963
24889;1.445
24890;1.445
24891;1.445
24892;0.482
24893;0.482
24894;0.482
24895;0.482
24896;0.482
24897;0.482
24913;1.445
24914;1.445
24915;1.445
24916;1.445
24917;1.445
24918;1.445
24919;1.445
24920;1.445
2503;0.482
2504;0.482
24939;0.482
24940;0.482
24941;0.482
24942;0.482
24943;0.482
24944;0.482
2505;0.482
24945;0.482
24946;0.482
2506;0.482
24962;0.482
24963;0.482
24964;0.482
2507;0.482
24965;0.963
24966;0.963
24967;1.445
24968;1.445
24969;1.445
24970;1.927
24971;1.445
24972;1.445
24973;0.963
24974;0.963
2508;0.482
24975;0.963
24976;0.482
24977;0.482
24984;0.482
2509;0.482
24985;0.482
24986;0.482
24987;0.482
24988;0.482
24989;0.482
24990;0.482
24991;0.482
2510;0.482
24996;0.482
24997;0.482
24998;0.482
24999;0.482
25000;0.963
25001;0.963
25002;0.963
25003;0.963
25019;0.482
25020;1.445
25021;1.445
25022;1.927
25023;2.409
25024;3.372
25025;4.817
25026;5.299
25027;7.226
25028;6.744
25029;6.744
25030;6.744
25031;6.263
25032;4.817
25033;3.854
25034;3.372
25035;1.445
25036;0.963
25037;0.482
25038;0.963
25039;0.482
25040;0.482
25041;0.482
25042;0.482
25043;0.482
25044;0.482
2515;0.482
25045;0.482
2516;0.482
2517;0.482
2518;0.482
2519;0.482
25085;0.482
25086;0.482
25087;0.482
25088;0.482
25089;0.482
25090;0.963
25091;0.963
25092;0.963
25093;0.482
25094;0.482
2520;0.482
25095;1.445
25096;1.445
25097;1.445
25098;3.372
25099;3.854
25100;4.817
25101;4.817
25102;4.817
25103;4.336
25104;3.372
2521;0.963
25105;3.372
25106;2.89
25107;1.445
25108;1.445
2522;0.963
2523;0.482
2524;0.482
25138;0.482
25139;0.482
25140;0.482
25141;0.482
25142;0.482
25143;0.482
25144;0.482
2525;0.482
25145;0.482
2526;0.482
25163;0.482
25164;1.445
2527;0.482
25165;1.927
25166;1.927
25167;1.927
25168;2.409
25169;2.89
25170;3.372
25171;3.372
25172;1.927
25173;1.927
25174;1.445
2528;0.482
25175;1.445
25176;0.963
25177;0.482
25189;0.482
25190;0.482
25191;0.963
25192;0.963
25193;1.445
25194;1.445
2530;1.445
25195;1.445
25196;1.445
25197;0.963
25198;0.963
25199;0.482
25200;0.482
25201;0.482
25204;0.482
2531;1.445
25205;0.482
25206;0.482
25207;0.482
25208;0.963
25209;0.963
25210;0.963
25211;0.963
25212;0.482
25213;0.482
25214;0.482
2532;1.927
25224;0.482
2533;1.927
25225;0.482
25226;0.482
25227;0.482
25228;0.963
25229;0.963
25230;0.963
25231;0.963
25232;0.482
25233;0.482
2534;1.927
25237;0.482
25238;0.482
25239;0.482
25240;0.482
25241;0.482
25242;0.482
25243;0.963
25244;1.445
2535;1.927
25245;0.963
25246;0.963
25247;0.963
25248;0.963
25249;0.963
25250;0.963
25251;0.963
25252;0.963
25253;0.482
25254;0.482
2536;1.927
25255;0.482
25256;0.482
25257;0.482
25258;0.482
25259;0.482
25260;0.482
25261;0.482
25262;0.482
25263;0.482
25264;0.482
2537;2.409
25265;0.482
25266;0.482
25267;0.482
25268;0.482
25269;0.963
25270;0.963
25271;0.963
25272;0.963
25273;0.963
25274;1.445
2538;1.445
25275;1.445
25276;0.963
25277;0.482
25278;0.482
25279;0.482
25280;0.482
25281;0.482
25282;0.482
2539;0.963
25293;0.482
25294;0.482
2540;0.963
25295;0.482
25296;0.482
25297;0.482
25298;0.482
25299;0.482
25300;0.482
2541;1.445
2542;0.963
25319;0.482
25320;0.482
25321;0.482
25322;0.482
25323;0.482
25324;0.482
2543;0.963
25325;0.482
25326;0.963
25327;0.482
25328;0.482
25329;0.482
25330;0.482
25331;0.482
25332;0.482
25333;0.482
2544;0.963
2545;0.963
25352;0.482
25353;0.963
25354;0.963
2546;0.482
25355;0.963
25356;0.963
25357;0.963
25358;0.963
25359;0.963
25360;0.963
25361;0.482
25362;0.963
25363;0.963
25364;0.482
2547;0.482
25365;0.482
25366;0.482
25367;0.482
25368;0.963
25369;0.963
25370;0.963
25371;0.963
25372;1.445
25373;1.445
25374;1.445
2548;0.963
25375;1.445
25376;1.445
25377;0.963
25378;0.482
25379;0.482
25380;0.482
25384;0.482
2549;0.482
25385;0.482
25386;0.482
25387;0.482
25388;0.482
25389;0.482
25390;0.482
25391;0.482
25392;0.482
25393;0.482
2550;0.482
25397;0.482
25398;0.482
25399;0.963
25400;0.963
25401;0.963
25402;0.963
25403;0.963
25404;0.963
2551;0.482
25405;0.482
25406;0.482
25407;0.482
2552;0.963
25417;0.482
25418;0.482
25419;0.482
25420;0.482
25421;0.482
25422;0.482
25423;0.482
25424;0.482
2553;0.963
25431;0.482
25432;0.482
25433;0.482
25434;0.482
2554;0.963
25435;0.482
25436;0.482
25437;0.482
25438;0.482
25439;0.482
2555;0.963
25448;0.482
25449;0.482
25450;0.482
25451;0.482
25452;0.482
25453;0.482
25454;0.482
2556;0.482
25455;0.482
25456;0.482
25457;0.482
25464;0.482
2557;0.482
25465;0.482
25466;0.482
25467;0.482
25468;0.482
25469;0.482
25470;0.482
25471;0.482
2558;0.482
2559;0.963
2560;0.963
2561;0.482
25508;0.482
25509;0.482
25510;0.482
25511;0.482
25512;0.482
25513;0.482
25514;0.482
2562;0.482
25515;0.482
2563;0.482
2564;0.482
2565;0.482
25548;0.482
25549;0.963
25550;1.445
25551;1.445
25552;2.89
25553;2.89
25554;2.89
2566;0.482
25555;2.89
25556;2.409
25557;1.927
25558;1.445
25559;1.445
25562;0.482
25563;0.482
25564;0.482
25565;0.482
25566;0.482
25567;0.482
25568;0.482
25569;0.482
25582;0.482
25583;0.482
25584;0.482
25585;1.445
25586;1.445
25587;1.445
25588;1.445
25589;2.409
25590;1.927
25591;1.927
25592;1.927
25593;1.927
25594;1.927
25595;1.927
25596;2.409
25597;1.927
25598;1.445
25599;1.445
25600;1.445
25601;0.482
25602;0.482
25603;0.482
25619;0.963
25620;0.963
25621;0.963
25622;0.963
25623;0.963
25624;0.963
25625;0.963
25626;0.963
25637;0.482
25638;0.482
25639;0.482
268;0.482
25640;0.482
25641;0.482
25642;0.963
25643;2.89
25644;4.336
25645;3.854
25646;3.854
25647;4.336
25648;4.336
25649;4.336
25650;3.854
25651;1.927
25652;0.482
25653;0.482
25654;0.963
25655;0.482
25656;0.482
25657;0.482
25658;0.482
25659;0.482
25660;0.482
25661;0.482
25687;0.482
25688;0.482
25689;0.963
25690;1.445
25691;1.445
25692;1.445
25693;1.445
25694;1.445
25695;0.963
25696;0.963
25697;0.482
25699;0.482
25700;0.482
25701;0.963
25702;0.963
25703;0.963
25704;1.445
25705;1.927
25706;2.409
25707;1.927
25708;2.409
25709;1.927
25710;1.927
25711;1.927
25712;1.445
25713;0.963
25714;0.482
25715;0.482
25724;0.482
25725;0.482
25726;0.482
25727;0.482
25728;0.482
25729;0.482
25730;0.963
25731;0.963
25732;0.482
25733;0.482
25737;0.963
25738;0.963
25739;0.963
269;0.482
25740;1.445
25741;1.445
25742;1.445
25743;1.927
25744;1.445
25745;0.963
25746;0.963
25747;0.482
25748;0.482
25749;0.482
25750;0.482
25751;0.482
25752;0.963
25753;0.963
25754;0.963
25755;0.963
25756;0.963
25757;0.963
25758;1.445
25759;1.445
25760;0.963
25761;0.482
25762;0.482
25763;0.482
25764;0.482
25765;0.482
25766;0.482
25767;0.963
25768;0.482
25769;0.482
25770;0.482
25771;0.482
25772;0.482
25773;0.482
25774;0.482
25802;0.482
25803;0.482
25804;0.482
25805;0.482
25806;0.963
25807;0.963
25808;0.963
25809;0.963
25810;0.963
25811;0.963
25812;0.963
25813;1.445
25814;0.963
2592;0.482
25815;0.963
25816;0.963
25817;0.963
25818;1.445
25819;1.445
25820;1.927
25821;1.927
25822;1.927
25823;1.445
25824;1.445
2593;0.482
25825;1.927
25826;1.445
25827;0.963
25828;1.445
25829;1.445
25830;0.963
25831;0.963
25832;1.445
25833;0.963
25834;1.445
2594;0.482
25835;1.445
25836;1.445
25837;1.445
25838;1.445
25839;1.445
25840;1.445
270;0.482
25841;0.963
25842;0.963
25843;0.482
25844;0.482
2595;0.482
2596;0.482
25862;0.482
25863;0.482
25864;0.482
2597;0.482
25865;0.482
25866;0.482
25867;0.482
25868;0.482
25869;0.482
25870;0.482
2598;0.482
25876;0.482
25877;0.482
25878;0.482
25879;0.482
25880;0.482
25881;0.482
25882;0.482
25883;0.482
2599;0.482
25886;0.482
25887;0.482
25888;0.482
25889;0.482
25890;0.482
25891;0.482
25906;0.482
25907;0.482
25908;0.482
25909;0.482
25910;0.482
25911;0.482
25912;0.482
25913;0.482
25923;0.482
25924;0.482
25925;0.482
25926;0.482
25927;0.482
25928;0.482
25929;0.482
25930;0.482
271;0.482
25954;0.482
25955;0.482
25956;0.482
25957;0.482
25958;0.482
25959;0.482
25960;0.482
25961;0.482
25963;0.482
25964;0.482
25965;0.482
25966;0.482
25967;0.482
25968;1.445
25969;1.445
25970;1.927
25971;2.409
25972;2.409
25973;2.409
25974;2.409
25975;2.409
25976;1.927
25977;1.927
25978;0.482
25993;0.482
25994;0.482
25995;0.482
25996;0.482
25997;0.963
25998;0.963
25999;0.963
26000;0.963
26001;0.482
26002;0.482
26003;0.482
26004;0.482
26010;0.482
26011;0.482
26012;0.482
26013;0.482
2613;0.482
2614;0.482
26037;0.482
26038;0.482
26039;0.482
26040;0.482
272;0.482
26041;0.482
26042;0.482
26043;0.482
26044;0.482
2615;0.482
2616;0.482
26064;0.482
2617;0.482
26065;0.482
26066;0.482
26067;0.482
26068;0.482
26069;0.482
26070;0.482
26071;0.482
26073;0.482
26074;0.482
2618;0.482
26075;0.482
26076;0.482
26077;0.482
26078;0.482
26079;0.482
26080;0.482
26082;0.482
26083;0.482
26084;1.445
2619;0.482
26085;1.927
26086;1.927
26087;1.927
26088;1.927
26089;1.927
26090;1.927
26091;1.445
26092;0.482
26094;0.482
2620;0.482
26095;0.482
26096;0.482
26097;0.482
26098;0.482
26099;0.482
26100;0.482
26101;0.482
26102;0.482
26117;0.482
26118;0.482
26119;0.482
26120;0.482
26121;0.482
26122;0.482
26123;0.482
26124;1.445
26125;1.927
26126;1.927
26127;1.927
26128;1.927
26129;1.927
26130;2.409
26131;2.409
26132;1.445
26133;0.963
273;0.482
26171;0.482
26172;0.482
26173;0.482
26174;0.963
26175;0.963
26176;0.963
26177;0.963
26178;0.963
26179;0.963
26180;0.482
26181;0.482
274;0.482
26245;0.482
26246;0.482
26247;0.482
26248;0.482
26249;0.482
26250;0.482
26251;0.482
26252;0.482
26253;0.482
26298;0.482
26299;3.372
26300;4.817
26301;6.744
26302;6.744
26303;6.744
26304;6.744
26305;7.226
26306;7.226
26307;5.299
26308;3.854
26309;0.963
26310;0.963
26311;0.963
26312;0.963
26313;0.482
275;0.963
2645;2.89
2646;2.89
2647;2.89
2648;2.89
2649;2.89
2650;2.89
2651;2.89
2652;2.89
2653;1.445
26432;0.482
26433;0.963
26434;2.89
2654;0.482
26435;2.89
26436;3.372
26437;2.89
26438;2.89
26439;3.372
26440;2.89
276;0.963
26441;2.89
26442;1.445
26443;0.963
26444;0.482
2655;0.482
26445;0.482
26446;0.482
2656;0.482
26460;0.482
26461;0.482
26462;0.482
26463;0.482
26464;0.482
26465;0.482
26466;0.482
26467;0.482
2658;0.482
26481;0.482
26482;1.445
26483;1.927
26484;22.16
2659;0.482
26485;28.423
26486;34.686
26487;34.686
26488;35.168
26489;35.168
26490;36.131
26491;35.649
26492;15.898
26493;8.671
26494;2.89
2660;0.482
26495;2.409
26496;2.409
26497;2.409
26498;1.445
26499;1.927
26500;1.927
26501;1.445
26502;1.445
26503;1.927
26504;1.445
2661;0.482
26505;1.927
26506;2.409
26507;1.927
26508;1.927
26509;1.927
26510;1.927
26511;1.927
26512;1.927
26513;1.927
26514;1.445
2662;0.482
26515;0.963
26516;1.445
26517;1.445
26518;1.445
26519;1.445
26520;0.963
26521;1.445
26522;1.445
26523;1.445
26524;0.482
2663;0.482
26525;0.482
26526;0.482
26527;0.963
26528;0.963
26529;0.963
26530;0.963
26531;0.963
26532;0.482
26533;0.482
26534;0.482
2664;0.482
277;0.963
2665;0.482
2666;0.482
26555;0.963
26556;0.963
26557;0.963
26558;1.445
26559;1.445
26560;1.445
26561;1.445
26562;1.445
26563;0.482
26564;0.963
26565;0.963
26566;0.482
26567;0.963
26568;0.963
26569;1.927
26570;1.927
26571;1.927
26572;1.927
26573;1.927
26574;1.445
26575;0.963
26576;0.963
26583;0.482
26584;0.482
26585;0.482
26586;0.482
26587;0.482
26588;0.482
26589;0.482
26590;0.482
26602;0.482
26603;0.482
26604;0.482
26605;0.482
26606;0.482
26607;0.482
26608;0.482
26609;0.482
26610;0.482
26611;0.963
26612;0.482
26613;0.482
26614;0.482
26615;0.482
26616;0.482
26617;0.482
26618;0.482
26622;0.482
26623;0.963
26624;0.963
26625;0.963
26626;0.963
26627;0.482
26628;0.482
26629;0.482
26640;0.482
278;0.482
26641;0.482
26642;0.482
26643;0.482
26644;0.482
26645;0.482
26646;0.482
26647;0.482
26652;0.482
26653;0.482
26654;0.482
26655;0.482
26656;0.482
26657;0.963
26658;0.963
26659;0.963
26660;0.963
26661;0.963
26662;0.963
26663;0.963
26664;0.963
26665;0.963
26666;1.445
26667;1.445
26668;1.445
26669;1.445
26670;1.445
26671;1.445
26672;0.963
26673;0.963
26674;0.963
26675;0.963
26676;0.482
26677;0.482
26678;0.482
26679;0.482
26680;0.482
26681;0.963
26682;1.927
26683;1.445
26684;1.445
26685;1.445
26686;1.445
26687;1.445
26688;1.445
26689;0.963
2680;0.482
2681;0.482
26705;0.482
26706;0.482
26707;0.482
26708;0.963
26709;0.963
26710;1.927
26711;1.927
26712;1.445
26713;0.963
26714;0.963
2682;0.482
26715;0.963
26716;0.963
26717;0.963
26718;0.963
26720;0.482
26721;0.482
26722;0.482
26723;0.482
26724;0.482
2683;0.482
26725;0.482
26726;0.482
26727;0.963
26728;0.963
26729;0.963
26730;0.963
26731;0.963
26732;0.963
26733;0.963
26734;1.445
2684;0.963
26735;0.963
26736;0.963
26737;0.482
26738;0.482
26739;0.482
26740;0.482
279;0.482
26741;0.482
2685;0.963
2686;0.963
2687;0.963
2688;0.963
26782;0.482
26783;0.963
26784;0.963
2689;0.963
26785;0.963
26786;0.963
26787;0.963
26788;0.963
26789;0.963
26790;0.963
26791;0.482
26792;0.482
26793;0.482
26794;0.482
2690;0.482
26795;0.482
2691;0.482
26810;0.482
26811;0.482
26812;0.963
26813;0.963
26814;0.963
26815;0.963
26816;0.963
26817;0.963
26818;0.963
26819;0.482
280;0.482
2695;0.482
26847;1.445
26848;1.927
26849;1.927
26850;1.927
26851;1.927
26852;1.927
26853;1.927
26854;1.927
2696;0.482
26855;0.482
2697;0.482
26869;0.482
26870;1.445
26871;1.445
26872;1.927
26873;1.927
26874;1.927
2698;0.482
26875;1.927
26876;1.927
26877;1.445
26878;0.482
26879;0.482
26880;0.482
26881;0.482
2699;0.482
26887;0.482
26888;0.482
26889;0.482
26890;0.482
26891;0.482
26892;0.482
26893;0.482
26894;0.482
2700;0.482
2701;0.482
2702;0.482
26924;0.482
26925;0.482
26926;0.482
26927;0.482
26928;0.482
26929;0.482
26930;0.482
26931;0.482
281;0.482
26951;0.963
26952;0.963
26953;0.963
26954;0.963
26955;0.963
26956;0.963
26957;0.963
26958;0.963
26959;0.963
26964;0.482
26965;0.482
26966;0.482
26967;0.482
26968;0.482
26969;0.482
26970;0.482
26971;0.482
27002;0.482
27003;0.482
27004;0.482
27005;0.482
27006;0.482
27007;0.482
27008;0.482
27009;0.482
27019;0.482
27020;0.482
27021;0.963
27022;1.445
27023;1.445
27024;1.445
27025;1.445
27026;0.963
27027;0.482
27028;0.482
27029;0.482
282;0.482
27065;0.482
27066;0.482
27067;0.482
27068;0.482
27100;0.482
27101;0.482
27102;0.482
27103;0.482
27104;0.482
27105;0.482
27106;0.482
27107;0.482
27108;0.482
27121;0.482
27122;0.482
27123;0.482
27124;0.482
27125;0.482
27126;0.482
27127;0.482
27128;0.482
27129;0.482
27130;0.482
27131;0.482
27132;0.482
27133;0.482
27134;0.963
27135;0.963
27136;0.963
27137;0.963
27138;0.963
27139;0.963
27140;0.963
27141;0.963
27142;0.482
27143;0.482
27144;0.963
2725;0.482
27145;1.445
27146;1.445
27147;0.963
27148;0.482
27149;0.482
27150;0.482
27151;0.482
27152;0.482
2726;0.482
27161;0.482
27162;0.482
27163;0.482
27164;0.482
2727;1.445
27165;0.482
27166;0.482
27167;0.482
27168;0.482
2728;1.445
27176;0.482
27177;0.482
27178;0.482
27179;0.482
27180;0.482
27181;0.482
27182;0.482
27183;0.482
2729;1.445
27186;0.482
27187;0.482
27188;0.963
27189;0.963
27190;1.445
27191;1.445
27192;1.445
27193;1.445
27194;0.963
2730;1.445
27195;0.963
27196;0.963
27197;0.482
27198;0.482
27200;0.482
27201;0.482
27202;0.482
27203;0.482
27204;0.963
2731;1.445
27205;0.963
27206;0.963
27207;0.963
27208;0.963
27209;0.482
27210;0.482
27211;0.482
2732;1.445
27219;0.482
27220;0.482
27221;0.963
27222;0.963
27223;0.963
27224;0.963
2733;0.963
27225;0.963
27226;0.963
27227;0.482
27228;1.445
27229;1.445
27230;1.445
27231;1.445
27232;1.445
27233;1.445
27234;1.445
2734;0.963
27235;1.445
27236;0.963
27246;0.482
27247;0.963
27248;0.963
27249;0.963
27250;0.963
27251;0.963
27252;0.963
27253;0.963
27254;0.482
27256;1.445
27257;1.445
27258;1.445
27259;1.445
27260;1.927
27261;1.927
27262;1.927
27263;1.927
27264;0.963
27265;0.963
27266;0.963
27267;0.963
27268;2.89
27269;4.817
27270;4.817
27271;5.781
27272;6.263
27273;7.226
27274;6.744
27275;6.744
27276;5.781
27277;4.336
27278;2.89
27279;2.409
27280;1.927
27281;1.445
27282;0.963
27283;0.963
27284;0.963
27285;0.963
27286;0.482
27287;0.482
27289;0.482
27290;0.482
27291;0.482
27292;0.482
27293;0.482
27294;0.482
27295;0.963
27296;0.963
27297;0.963
27298;0.482
27299;0.963
27300;0.963
27301;0.963
27302;1.445
27303;1.927
27304;2.409
27305;2.89
27306;2.89
27307;2.409
27308;3.372
27309;3.854
27310;3.372
27311;3.854
27312;2.89
27313;2.409
27314;2.409
27315;2.409
27316;1.927
27317;1.445
27318;1.445
27319;1.927
27320;1.445
27321;1.445
27322;0.963
27323;0.963
27324;0.482
27325;0.482
27326;0.482
27337;0.482
27338;0.963
27339;0.963
27340;0.963
27341;1.445
27342;1.927
27343;1.927
27344;2.409
27345;1.927
27346;1.445
27347;1.927
27348;1.927
27349;1.927
27350;1.445
27351;1.927
27352;1.445
27353;0.963
27354;1.445
27355;0.963
27356;0.963
27357;0.963
27358;0.963
27359;0.482
27360;0.482
27361;0.482
27395;0.482
27396;1.445
27397;1.445
27398;1.445
27399;1.927
27400;2.409
27401;2.409
27402;2.89
27403;2.89
27404;2.409
27405;2.409
27406;2.409
27407;2.89
27408;2.409
27409;3.854
27410;3.854
27411;3.854
27412;3.854
27413;3.854
27414;3.854
27415;2.89
27416;2.89
27417;1.445
27418;0.482
27419;0.482
27420;0.482
2753;0.482
2754;0.482
27437;0.482
27438;0.482
27439;0.482
27440;0.482
27441;0.482
27442;0.482
27443;0.482
27444;0.482
2755;0.482
2756;0.482
27457;0.482
27458;0.482
27459;0.482
27460;0.482
27461;0.482
27462;0.482
27463;0.963
27464;0.963
2757;0.482
27465;0.482
27466;0.482
27467;0.482
27468;0.482
27469;0.482
27470;0.482
27471;0.482
2758;0.963
27478;0.963
27479;1.445
27480;2.409
27481;2.409
27482;2.409
27483;2.409
27484;2.89
2759;0.963
27485;2.89
27486;2.409
27487;1.927
27488;0.963
27489;0.963
27490;0.963
27491;0.963
27492;0.482
27493;0.482
27494;0.482
2760;0.963
27498;0.482
27499;0.482
27500;0.963
27501;0.963
27502;0.963
27503;0.963
27504;0.963
2761;0.482
27505;0.963
27506;0.482
27507;1.445
27508;0.963
27509;0.963
27510;0.963
27511;0.963
27512;0.963
27513;0.963
27514;0.963
27526;0.482
27527;0.482
27528;0.482
27529;0.482
27530;0.482
27531;0.482
27532;0.482
27533;0.482
27550;0.482
27551;0.482
27552;0.482
27553;0.963
27554;0.963
27555;0.963
27556;0.963
27557;0.963
27558;0.482
27559;0.482
27560;0.482
27573;0.482
27574;0.482
27575;0.482
27576;0.482
27577;0.482
27578;0.963
27579;1.445
27580;1.927
27581;1.445
27582;1.445
27583;1.927
27584;1.927
27585;1.927
27586;1.445
27587;0.963
27588;0.963
27589;0.482
27590;0.482
27643;0.482
27644;0.482
27645;0.482
27646;0.482
27647;0.482
27648;0.482
27649;0.482
27650;0.963
27651;0.963
27652;0.482
27653;0.482
27654;0.482
2776;0.482
27655;0.482
27656;0.482
27657;0.482
27661;0.482
27662;0.482
27663;0.482
27664;0.482
2777;0.963
27665;0.482
27666;0.963
27667;0.963
27668;0.963
27669;0.482
27670;0.482
27671;0.482
27672;0.482
27673;0.482
2778;0.963
27678;0.482
27679;0.482
27680;0.482
27681;0.482
27682;0.482
27683;0.482
27684;0.482
2779;0.963
27685;0.963
27686;0.482
27687;0.963
27688;0.963
27689;1.445
27690;2.409
27691;2.409
27692;2.89
27693;2.89
27694;2.89
2780;0.963
27695;2.409
27696;2.409
27697;1.927
27698;0.963
27699;0.963
27700;0.963
2781;0.963
2782;0.963
27716;0.482
27717;0.482
27718;0.482
27719;0.482
27720;0.482
27721;0.963
27722;0.963
27723;0.963
27724;0.482
2783;0.963
27725;0.482
27726;0.482
27727;0.482
27728;0.482
2784;1.445
27737;0.482
27738;0.482
27739;0.963
27740;0.963
27741;0.963
27742;0.963
27743;0.963
27744;0.963
2785;0.482
27745;0.482
27746;0.482
27747;0.482
27748;0.482
27749;0.482
27750;0.482
27751;0.482
27752;0.482
27753;0.482
27754;0.482
2786;0.482
27758;0.482
27759;0.482
27760;0.963
27761;0.963
27762;1.445
27763;1.445
27764;1.445
2787;0.482
27765;1.445
27766;0.963
27767;0.963
27768;0.482
27769;0.482
27772;0.482
27773;0.963
27774;0.963
2788;0.482
27775;1.927
27776;1.927
27777;1.927
27778;2.409
27779;2.89
27780;2.409
27781;2.89
27782;2.409
27783;1.445
27784;2.409
2789;0.482
27785;2.409
27786;1.927
27787;1.927
27788;1.445
27789;1.445
27790;0.963
27791;0.963
27792;0.482
2790;0.482
27795;0.482
27796;0.482
27797;0.482
27798;0.482
27799;0.482
27800;0.482
27801;0.482
27802;0.963
27803;0.482
27804;0.482
2791;0.482
27805;0.482
27806;0.482
27807;0.482
27808;0.482
27809;0.482
27811;0.482
27812;0.963
27813;1.445
27814;1.927
27815;2.409
27816;2.409
27817;2.89
27818;2.89
27819;3.372
27820;2.89
27821;2.409
27822;3.372
27823;1.927
27824;2.409
27825;1.927
27826;1.927
27827;1.445
27828;3.854
27829;3.854
27830;2.89
27831;2.89
27832;1.445
27833;1.445
27834;1.927
27835;1.927
27836;0.482
27837;0.482
27838;0.482
27839;0.482
27840;0.482
27841;0.482
2795;0.482
27851;0.482
27852;0.482
27853;0.482
27854;0.482
2796;0.963
27855;0.482
27856;0.482
27857;0.482
27858;0.482
27859;0.482
2797;0.963
27867;0.482
27868;0.482
27869;0.482
27870;0.482
27871;0.482
27872;0.482
27873;0.482
27874;0.482
2798;0.963
2799;0.963
2800;0.963
27895;0.963
27896;3.854
27897;3.854
27898;3.854
27899;4.817
27900;15.898
27901;16.379
27902;16.379
27903;15.416
27904;0.963
2801;0.963
27905;0.963
27906;1.445
27907;1.445
27908;0.963
27909;0.482
27910;0.963
27911;0.963
27912;0.963
27913;0.963
27914;0.963
2802;0.963
27915;0.963
27916;0.963
27917;0.963
27918;0.482
27919;0.482
27920;0.482
27921;0.482
27922;0.482
2803;1.445
27932;0.482
27933;0.482
27934;0.482
2804;0.482
27935;0.482
27936;0.482
27937;0.482
27938;0.482
27939;0.963
27940;0.482
27941;0.482
27942;0.482
27943;0.482
27944;0.482
2805;0.482
27945;0.482
27946;0.482
2806;0.482
27981;0.482
27982;0.482
27983;0.482
27984;0.482
27985;0.482
27986;0.482
27987;0.482
27988;0.482
27989;0.482
2810;0.482
2811;0.482
28007;0.482
28008;0.482
28009;0.482
28010;0.482
28011;0.482
28012;0.482
28013;0.963
28014;1.445
2812;0.482
28015;1.445
28016;0.963
28017;1.445
28018;3.372
28019;3.372
28020;3.854
28021;3.854
28022;3.854
28023;3.372
28024;3.372
2813;0.482
28025;3.372
28026;0.963
28027;0.963
28028;0.482
28029;0.482
2814;0.482
28040;0.963
28041;0.963
28042;0.963
28043;0.963
28044;0.963
2815;0.482
28045;0.963
28046;0.963
28047;0.963
2816;0.482
28056;0.482
28057;0.482
28058;0.482
28059;0.963
28060;1.927
28061;2.409
28062;2.409
28063;2.409
28064;2.409
28065;1.927
28066;1.927
28067;1.927
28068;1.445
28069;0.482
28070;0.482
28071;0.482
28072;0.482
28073;0.482
28074;0.482
2820;0.482
2821;0.482
2822;0.482
2823;0.482
28129;0.482
28130;0.482
28131;0.482
28132;0.963
28133;0.963
28134;0.963
2824;0.482
28135;0.963
28136;0.963
28137;0.963
28138;0.963
28139;1.445
28140;0.963
28141;0.963
28142;0.963
28143;0.963
28144;0.963
2825;0.482
28145;1.445
28146;1.445
28147;0.963
28148;0.963
28149;1.927
28150;1.927
28151;1.927
28152;1.927
28153;1.445
28154;0.963
2826;0.482
28155;0.963
28156;0.963
28157;0.482
28158;0.482
28159;0.482
28160;0.482
28161;0.482
28162;0.482
28163;0.482
28164;0.482
2827;0.482
28169;0.482
28170;0.482
28171;0.482
28172;0.963
28173;0.963
28174;0.963
2828;0.482
28175;0.963
28176;0.963
28177;0.963
28178;0.963
28179;0.963
28180;0.482
28181;0.482
28182;0.482
28183;0.482
28184;0.482
2829;0.482
28185;0.482
2830;0.482
28214;0.963
28215;0.963
28216;1.445
28217;1.445
28218;1.445
28219;1.445
28220;1.927
28221;1.927
28222;1.445
28223;0.963
28224;0.482
28225;0.482
28226;0.482
28227;0.482
28233;0.482
28234;0.482
28235;0.482
28236;0.482
28237;0.482
28238;0.482
28239;0.482
28240;0.482
28247;0.482
28248;0.482
28249;0.482
28250;0.482
28251;0.482
28252;0.482
28253;0.482
28254;0.482
28255;0.482
28256;0.482
28257;0.482
28258;0.482
28259;0.482
28260;0.482
28261;0.482
28262;0.482
28263;0.482
28267;0.482
28268;0.482
28269;0.482
28270;0.482
28271;0.482
28272;0.482
28273;0.482
28274;0.963
28275;0.482
28276;0.482
28277;0.482
28278;0.482
28279;0.482
28280;0.482
28281;0.963
28282;0.482
28283;0.482
28284;0.482
28285;0.482
28286;0.482
28287;0.482
28288;0.482
28289;0.482
28290;0.482
28291;0.482
28292;0.482
28293;0.482
28300;0.482
28301;0.482
28302;0.482
28303;0.482
28304;0.482
28305;0.482
28306;0.482
28307;0.482
28330;0.482
28331;0.482
28332;0.482
28333;0.482
28334;0.482
28335;0.482
28336;0.482
28337;0.482
28354;0.482
28355;0.482
28356;0.482
28357;0.482
28358;0.482
28359;0.482
28360;0.482
28361;0.482
28448;0.482
28449;0.482
28450;0.482
28451;0.482
28452;1.445
28453;1.445
28454;1.445
28455;1.445
28456;0.963
28457;0.963
28458;0.963
28459;0.963
28501;0.482
28502;0.482
28503;0.482
28504;0.963
28505;1.445
28506;1.445
28507;1.445
28508;1.445
28509;0.963
28510;0.963
28511;0.963
28512;0.482
28513;0.482
2863;0.482
2864;0.482
2865;0.482
2866;0.482
2867;0.482
28568;0.482
28569;0.482
28570;0.482
28571;0.482
28572;0.482
28573;0.482
28574;0.963
2868;0.482
28575;1.445
28576;0.963
28577;0.963
28578;0.963
28579;0.963
28580;0.963
28581;0.963
28582;0.963
28584;0.482
2869;0.482
28585;0.482
28586;0.482
28587;0.482
28588;0.963
28589;1.445
28590;1.445
28591;1.445
28592;0.963
28593;0.963
28594;0.963
2870;0.482
28595;0.963
28596;0.963
28597;0.482
28598;0.482
28599;0.963
28600;1.445
28601;1.445
28602;1.445
28603;1.445
28604;1.445
28605;0.963
28606;0.963
28607;0.482
28608;0.482
28609;0.482
28616;0.482
28617;0.963
28618;0.963
28619;0.963
28620;0.963
28621;0.963
28622;1.445
28623;1.445
28624;1.927
28625;0.963
28626;0.963
28627;1.445
28628;1.445
28629;1.445
28630;0.963
28631;0.963
28632;0.482
28633;0.482
28634;0.482
28680;0.482
28681;0.482
28682;0.482
28683;0.482
28684;0.482
28685;0.482
28686;0.482
28687;0.482
28688;0.482
28735;0.482
28736;0.482
28737;0.482
28738;0.482
28739;0.482
28740;0.482
28741;0.482
28742;0.482
28754;0.482
28755;0.482
28756;0.482
28757;0.482
28758;0.482
28759;0.482
28760;0.963
28761;0.963
28762;0.482
28763;0.963
28764;0.963
28765;0.963
28766;0.963
28767;0.963
28768;0.482
28769;0.482
28770;0.482
28772;0.963
28773;0.963
28774;0.963
28775;0.963
28776;0.963
28777;0.963
28778;0.963
28779;0.963
28792;0.482
28793;1.445
28794;1.927
28795;1.927
28796;1.927
28797;1.927
28798;1.927
28799;2.409
28800;1.927
28801;0.963
28802;0.482
28826;0.482
28827;0.482
28828;0.482
28829;0.482
28830;0.482
28831;0.482
28832;0.482
28833;0.482
28854;0.482
28855;0.482
28856;0.482
28857;0.963
28858;0.963
28859;0.963
28860;0.963
28861;0.963
28862;0.482
28863;0.482
28864;0.482
28912;0.482
28913;0.482
28914;0.482
28915;0.482
28916;0.482
28917;0.482
28918;0.482
28919;0.482
28920;0.482
28921;0.482
28922;0.482
28923;0.482
28924;0.482
28925;0.482
28926;0.482
28927;0.963
28928;0.963
28929;0.482
28930;0.482
28931;0.963
28932;0.963
28933;0.963
28934;0.963
28935;0.482
28936;0.482
28937;0.963
28938;0.963
28939;0.482
28940;0.482
28941;0.482
28942;0.482
28943;0.482
28944;0.482
28947;0.482
28948;0.482
28949;0.482
28950;0.482
28951;0.482
28952;0.482
28953;0.482
28954;0.482
2906;0.482
28955;0.482
2907;0.482
28969;0.482
28970;0.482
28971;0.482
28972;0.963
28973;0.963
28974;0.963
2908;0.482
28975;0.963
28976;0.963
28977;0.482
28978;0.482
28979;0.482
2909;0.482
28987;0.963
28988;0.963
28989;0.963
28990;0.963
28991;0.963
28992;1.445
28993;2.409
28994;2.89
2910;0.482
28995;1.927
28996;1.927
28997;1.927
28998;1.927
28999;2.89
29000;2.409
29001;1.445
29002;0.963
29003;0.963
29004;0.963
2911;0.482
29005;0.963
29006;1.445
29007;0.963
29008;0.482
29009;0.482
29010;0.482
29011;0.963
29012;0.963
29013;0.963
29014;0.482
2912;0.482
29015;0.482
29016;0.482
29017;0.482
29018;0.482
2913;0.963
29032;0.482
29033;0.482
29034;0.482
2914;0.482
29035;0.482
29036;0.482
29037;0.482
29038;0.482
29039;0.482
29042;0.482
29043;0.482
29044;0.482
2915;0.482
29045;0.482
29046;0.482
29047;0.482
29048;0.482
29049;0.482
2916;0.482
2917;0.482
29073;0.482
29074;0.482
2918;0.482
29075;0.482
29076;0.482
29077;0.482
29078;0.963
29079;0.963
29080;0.963
29081;0.482
29082;0.482
29083;0.482
29084;0.482
2919;0.482
29085;0.482
29087;0.482
29088;0.482
29089;0.482
29090;0.482
2920;0.482
29112;0.482
29113;0.482
29114;0.482
29115;0.482
29116;0.482
29117;0.482
29118;0.482
29119;0.482
29120;0.482
29121;0.482
29122;0.963
29123;0.963
29124;0.963
29125;0.963
29126;0.963
29127;0.963
29128;0.963
29129;0.963
29130;0.482
29131;0.482
29132;0.482
29133;0.482
29134;0.482
2924;0.482
29135;0.482
29136;0.482
29137;0.482
29138;0.482
29139;0.482
29140;0.963
29141;0.963
29142;0.963
29143;0.963
29144;0.963
2925;0.482
29145;0.482
29146;0.482
2926;0.482
29157;0.482
29158;0.482
29159;0.482
29160;0.482
29161;0.482
29162;0.482
29163;0.482
29164;0.482
2927;0.482
2928;0.482
2929;0.482
2930;0.482
2931;0.482
2932;0.482
2933;0.482
2934;0.482
29239;0.482
29240;0.482
29241;0.482
29242;0.482
29243;0.482
29244;0.482
2935;0.482
29245;0.482
29246;0.482
29286;0.482
29287;0.482
29288;0.482
29289;0.482
29290;0.482
29291;0.482
29292;0.482
29293;0.482
29298;0.482
29299;0.482
29300;0.482
29301;0.963
29302;0.963
29303;0.482
29304;0.482
29305;0.482
29306;0.482
29307;0.482
29308;0.482
29310;0.482
29311;0.482
29312;0.482
29313;0.482
29314;0.482
29315;0.963
29316;0.963
29317;0.963
29318;0.963
29319;0.963
29320;0.963
29321;0.963
29322;0.963
29323;0.482
29324;0.963
29325;0.963
29326;0.963
29327;0.963
29328;0.963
29329;0.963
29330;0.963
29331;0.963
29332;0.482
29344;0.482
29345;0.482
29346;0.482
29347;0.482
29348;0.482
29349;0.482
29350;0.482
29351;0.482
29357;0.482
29358;0.482
29359;1.445
29360;1.445
29361;1.445
29362;15.416
29363;16.379
29364;16.379
29365;15.898
29366;15.898
29367;14.452
29368;14.934
29369;14.934
29370;6.744
29371;0.963
29372;0.482
29373;0.482
29374;0.482
29375;0.482
29379;0.482
29380;0.482
29381;0.963
29382;1.927
29383;3.854
29384;4.336
29385;4.336
29386;6.263
29387;5.781
29388;5.781
29389;5.299
29390;4.336
29391;3.372
29392;2.89
29393;2.89
29394;0.963
29395;0.963
29396;1.927
29397;1.927
29398;1.927
29399;1.445
29400;0.963
29401;0.482
29402;0.482
29403;0.963
29404;0.482
29405;0.482
29406;0.482
29407;0.482
29408;0.482
29409;0.482
29410;0.482
29411;0.482
29428;1.445
29429;1.927
29430;2.409
29431;2.89
29432;2.89
29433;2.89
29434;3.372
29435;3.854
29436;2.409
29437;1.927
29438;1.445
29439;0.963
29440;1.445
29441;1.445
29442;0.963
29443;0.482
29444;0.482
29445;0.482
29446;0.482
29447;0.482
29449;0.482
29450;0.482
29451;0.482
29452;0.482
29453;0.963
29454;0.963
29455;0.963
29456;2.409
29457;1.927
29458;2.409
29459;2.409
29460;2.409
29461;1.445
29462;1.445
29463;1.445
29464;0.963
29465;0.963
29466;0.963
29467;0.482
29468;0.963
29469;1.445
29470;1.445
29471;1.445
29472;0.963
29473;0.963
29474;0.963
29475;1.445
29476;0.963
29477;0.963
29478;0.482
29479;0.482
29480;0.482
29481;0.482
29482;0.482
29483;0.482
29488;0.482
29489;0.482
29490;0.482
29491;0.482
29492;0.482
29493;0.482
29494;0.482
29495;0.482
29496;0.482
29510;0.963
29511;0.963
29512;0.963
29513;0.963
29514;0.963
29515;0.963
29516;0.963
29517;0.963
29518;0.963
29544;0.482
29545;0.482
29546;0.482
29547;0.482
29548;0.482
29549;0.482
29550;0.482
29551;0.482
29563;0.482
29564;0.482
29565;0.482
29566;0.482
29567;0.482
29568;0.482
29569;0.482
29570;0.482
29571;0.482
29578;0.482
29579;0.482
29580;0.482
29581;0.482
29582;0.482
29583;0.482
29584;0.482
29585;0.482
29621;0.482
29622;0.482
29623;0.482
29624;0.482
29625;0.482
29626;0.482
29627;0.482
29628;0.482
29629;0.482
29640;0.482
29641;0.482
29642;0.482
29643;0.482
29644;0.482
29645;0.482
29646;0.482
29647;0.482
29648;0.482
29660;0.482
29661;0.482
29662;0.482
29663;0.482
29664;0.482
2977;0.482
29665;0.482
29666;0.482
29667;0.482
2978;0.482
2979;0.482
29689;0.482
29690;0.482
29691;0.482
29692;0.482
29693;0.482
29694;0.482
2980;0.482
2981;0.482
29706;0.482
29707;0.482
29708;0.482
29709;0.963
29710;0.963
29711;0.963
29712;0.963
29713;0.963
29714;0.963
2982;0.482
29715;0.963
29716;0.963
29717;0.482
29723;0.482
29724;0.963
2983;0.482
29725;0.963
29726;0.963
29727;0.482
29728;0.482
29729;0.482
29730;0.482
29731;0.482
29732;0.482
29733;0.482
29734;0.482
2984;0.482
29735;0.482
2988;0.482
29778;0.482
29779;0.482
29780;0.482
29781;0.482
29782;0.482
29783;0.482
29784;0.482
2989;0.963
29785;0.482
2990;0.963
2991;1.445
29808;0.482
29809;0.482
29810;1.927
29811;1.927
29812;3.372
29813;3.372
29814;3.854
2992;1.445
29815;8.19
29816;7.226
29817;7.226
29818;7.226
29819;7.708
29820;6.263
29821;6.263
29822;5.781
29823;1.445
29824;1.445
2993;1.927
29825;0.482
29828;0.482
29829;0.963
29830;0.963
29831;0.963
29832;0.963
29833;0.963
29834;0.963
2994;2.409
29835;0.963
29836;0.963
29837;0.963
29839;0.963
29840;1.445
29841;1.445
29842;1.445
29843;1.445
29844;1.445
2995;2.409
29845;1.445
29846;1.445
29847;1.445
29848;0.963
29849;1.445
29850;1.927
29851;1.927
29852;1.927
29853;1.927
29854;1.927
2996;1.927
29855;1.927
29856;1.445
29857;0.482
2997;1.445
29867;0.963
29868;6.744
29869;13.971
29870;13.971
29871;13.971
29872;13.971
29873;13.971
29874;13.007
2998;1.445
29875;12.525
29876;11.562
2999;1.445
3000;1.445
3001;0.963
3002;0.482
3003;0.482
3004;0.482
3005;0.482
3006;0.482
3007;0.482
3008;0.963
3009;0.963
3010;0.963
3011;0.963
3012;0.482
3013;0.482
3014;0.482
3015;0.482
3019;0.482
3020;0.482
3021;0.963
3022;1.445
3023;1.445
3024;1.445
3025;1.445
3026;1.445
3027;0.963
3028;0.963
3029;0.963
3030;0.482
3031;0.482
3032;0.482
3034;0.482
3035;0.963
3036;1.445
3037;1.445
3038;1.445
3039;1.445
3040;1.445
3041;1.445
3042;0.963
3043;0.482
3049;0.482
3050;0.963
3051;2.89
3052;3.372
3053;3.372
3054;3.854
316;0.963
3055;3.854
3056;4.817
3057;5.781
3058;4.817
3059;3.372
3060;2.89
3061;3.372
3062;3.854
3063;3.372
3064;2.89
317;0.963
3065;1.445
3066;1.445
3067;1.445
3068;1.927
3069;1.445
3070;0.963
3071;0.963
3072;0.482
3073;0.482
3074;0.963
3075;1.445
318;0.963
3076;0.963
3077;1.445
3078;1.927
3079;1.927
3080;1.927
3081;1.927
3082;1.445
3083;1.445
3084;0.963
3085;0.482
319;0.963
3091;0.482
3092;0.482
3093;0.482
3094;0.482
3095;0.482
320;0.963
3096;0.482
3097;0.482
3098;0.482
3099;0.482
321;0.963
322;0.963
323;1.445
324;0.482
3136;0.482
3137;0.482
3138;0.482
3139;0.482
3140;0.482
3141;0.482
3142;0.482
3143;0.482
325;0.482
3146;0.482
3147;0.482
3148;0.482
3149;0.482
3150;0.482
3151;0.482
3152;0.482
3153;0.482
326;0.482
3156;0.482
3157;0.482
3158;0.482
3159;0.482
3160;0.963
3161;0.963
3162;0.963
3163;0.963
3164;0.963
3165;0.482
327;0.482
3166;0.482
3167;0.482
3168;0.482
3169;0.482
3170;0.482
3171;0.482
3172;0.963
3173;0.963
3174;0.963
3175;0.963
328;0.482
3176;0.482
3177;0.482
3178;0.482
3179;0.482
3183;0.482
3184;1.927
3185;1.927
329;0.482
3186;1.927
3187;1.927
3188;1.927
3189;1.927
3190;2.409
3191;1.927
3192;1.445
3193;0.963
3194;0.482
3195;0.482
330;0.482
3196;0.482
3197;0.482
3212;0.482
3213;0.482
3214;0.482
3215;0.482
3216;0.963
3217;0.963
3218;0.963
3219;0.963
3220;0.482
3221;0.482
3222;0.482
3223;0.482
3273;0.963
3274;0.963
3275;0.963
3276;0.963
3277;0.963
3278;0.963
3279;0.963
3280;0.963
3284;0.482
3285;0.482
3286;0.482
3287;0.482
3288;0.482
3289;0.482
3290;0.482
3291;0.482
3292;0.482
3300;0.482
3301;0.482
3302;0.482
3303;0.482
3304;0.482
3305;0.482
3306;0.482
3307;0.482
3343;0.482
3344;0.482
3345;0.482
3346;0.963
3347;0.963
3348;0.963
3349;0.963
3350;1.445
3351;1.445
3352;1.445
3353;1.445
3354;0.963
3355;0.963
3356;1.445
3357;1.927
3358;1.445
3359;0.963
3360;0.963
3361;0.963
3362;1.445
3363;1.927
3364;1.445
3365;0.963
3366;0.963
3367;0.963
3368;0.963
3369;0.963
3370;0.482
3371;0.482
3377;0.482
3378;0.963
3379;3.372
3380;3.854
3381;3.854
3382;4.336
3383;4.336
3384;5.299
3385;4.817
3386;4.336
3387;2.409
3388;2.89
3389;2.89
3390;1.927
3391;1.927
3392;1.445
3393;1.445
3394;0.963
3395;0.963
3396;0.963
3397;0.482
3398;0.482
3399;0.482
3400;0.482
3401;0.482
3402;0.482
3403;0.482
3404;0.482
3405;0.482
3406;0.482
3407;0.963
3408;0.963
3409;0.963
3410;1.445
3411;0.963
3412;0.963
3413;1.445
3414;0.963
3415;0.963
3416;1.445
3417;1.445
3418;0.963
3419;1.445
3420;1.445
3421;1.445
3422;1.445
3423;1.445
3424;0.963
3425;1.445
3426;1.445
3427;0.963
3428;1.445
3429;0.963
3430;0.963
3431;0.963
3432;0.963
3433;0.482
3434;0.482
3435;0.482
3443;0.482
3444;0.482
3445;0.482
3446;0.482
3447;0.482
3448;0.482
3449;0.482
3450;0.482
3451;0.482
3472;0.482
3473;0.963
3474;0.963
3475;0.963
3476;0.963
3477;0.963
3478;0.963
3479;0.963
3480;0.482
3481;0.482
3485;0.482
3486;0.482
3487;0.482
3488;0.482
3489;0.482
3490;0.963
3491;0.963
3492;0.963
3493;0.963
3494;0.482
3495;0.482
3496;0.482
3497;0.482
3507;0.482
3508;0.963
3509;0.963
3510;0.963
3511;0.963
3512;0.963
3513;0.963
3514;0.963
3515;0.482
3520;0.963
3521;0.963
3522;0.963
3523;0.963
3524;1.445
3525;1.927
3526;1.927
3527;1.927
3528;0.963
3529;0.963
3530;0.963
3531;0.963
3532;0.482
3536;0.482
3537;0.482
3538;0.482
3539;0.482
3540;0.482
3541;0.482
3542;0.482
3543;0.482
3544;0.482
3545;0.482
3546;0.482
3547;0.482
3600;0.482
3601;0.482
3602;0.963
3603;0.963
3604;0.963
3605;0.963
3606;1.445
3607;1.445
3608;0.963
3609;0.963
3610;0.482
3611;0.482
3612;0.482
3613;0.482
3628;0.482
3629;0.482
3630;0.963
3631;0.963
3632;0.963
3633;0.963
3634;0.963
3635;0.963
3636;0.482
3637;0.482
3647;0.482
3648;0.482
3649;0.482
3650;0.482
3651;0.482
3652;0.482
3653;0.482
3654;0.482
3655;0.482
3656;0.482
3657;0.482
3662;0.482
3663;0.482
3664;0.963
3665;0.963
3666;0.963
3667;0.963
3668;0.963
3669;0.963
3670;0.482
3671;0.482
3672;0.482
3675;0.482
3676;0.963
3677;0.963
3678;0.963
3679;0.963
3680;0.963
3681;0.963
3682;0.963
3683;0.482
3689;0.482
3690;0.482
3691;0.482
3692;0.482
3693;0.482
3694;0.963
3695;0.963
3696;0.963
3697;0.482
3698;0.482
3699;0.482
3700;0.482
3701;0.482
3704;0.482
3705;0.963
3706;0.963
3707;1.445
3708;1.445
3709;1.445
3710;1.445
3711;1.445
3712;1.445
3713;1.445
3714;1.927
3715;1.445
3716;0.963
3717;0.963
3718;0.963
3719;0.963
3720;0.963
3721;0.482
3722;0.482
3736;0.482
3737;0.482
3738;0.482
3739;0.482
3740;0.482
3741;0.482
3742;0.482
3743;0.482
3744;0.482
3745;0.963
3746;0.482
3747;0.482
3748;0.963
3749;1.445
3750;1.927
3751;1.927
3752;1.927
3753;1.445
3754;1.445
3755;1.445
3756;0.963
3757;0.482
3758;0.482
3759;0.482
3760;0.482
3781;0.482
3782;0.482
3783;1.445
3784;1.927
3785;1.927
3786;2.409
3787;2.409
3788;2.409
3789;2.409
3790;2.409
3791;1.927
3792;1.445
3793;0.963
3794;0.482
3796;0.482
3797;0.482
3798;0.963
3799;0.963
3800;0.963
3801;1.445
3802;1.927
3803;1.927
3804;1.445
3805;1.445
3806;0.963
3807;0.963
3808;0.963
3809;0.482
3811;0.482
3812;0.482
3813;0.482
3814;0.482
3815;0.482
3816;0.482
3817;0.482
3818;0.482
3830;0.482
3831;0.482
3832;0.482
3833;0.963
3834;0.963
3835;0.963
3836;0.963
3837;1.927
3838;2.409
3839;2.89
3840;2.89
3841;2.89
3842;2.409
3843;2.409
3844;2.409
3845;1.445
3846;1.445
3847;1.445
3848;1.927
3849;2.409
3850;2.409
3851;2.409
3852;1.445
3853;1.445
3854;1.445
3855;0.963
3856;0.963
3857;0.482
3858;0.482
3859;0.963
3860;0.963
3861;0.963
3862;0.963
3863;0.963
3864;0.963
3865;0.963
3866;0.482
3867;0.482
3883;0.482
3884;0.482
3885;0.963
399;0.482
3886;0.963
3887;0.963
3888;0.963
3889;0.963
3890;0.963
3891;0.482
3892;0.482
400;0.482
401;0.482
3906;0.482
3907;0.482
3908;0.482
3909;1.927
3910;1.927
3911;1.927
3912;1.927
3913;1.927
3914;1.445
3915;1.445
402;0.482
3916;1.445
3917;0.963
403;0.482
3928;0.482
3929;0.482
3930;0.482
3931;1.445
3932;1.445
3933;1.445
3934;1.445
3935;1.445
404;0.482
3936;0.963
3937;0.963
3938;0.963
3939;1.445
3940;1.927
3941;1.445
3942;1.445
3943;1.927
3944;1.927
3945;1.927
405;0.482
3946;2.409
3947;1.445
3948;0.963
3949;0.963
3950;1.927
3951;2.89
3952;2.89
3953;2.409
3954;3.372
3955;3.372
406;0.482
3956;4.336
3957;4.336
3958;3.854
3959;2.409
3960;2.409
3961;2.409
3962;1.927
3963;1.445
3964;0.963
3965;0.482
3973;0.482
3974;0.482
3975;0.482
408;0.482
3976;0.482
3977;0.482
3978;0.482
3979;0.482
3980;0.482
3984;0.482
3985;0.482
409;0.482
3986;0.963
3987;0.963
3988;0.963
3989;0.963
3990;0.963
3991;0.963
3992;0.963
3993;0.482
3994;0.482
3995;0.482
410;0.963
3996;0.482
3997;0.482
3998;0.482
3999;0.482
4000;0.482
4001;0.482
411;0.963
4009;0.482
4010;0.482
4011;0.482
4012;0.482
4013;0.963
4014;0.963
4015;1.445
412;0.963
4016;0.963
4017;0.963
4018;0.963
4019;1.445
4020;1.445
4021;0.963
4022;1.445
4023;0.963
4024;1.445
4025;1.927
413;0.963
4026;2.409
4027;1.927
4028;1.927
4029;1.927
4030;1.445
4031;1.927
4032;1.927
4033;0.963
4034;0.963
4035;0.963
414;0.963
4036;1.445
4037;1.445
4038;1.445
4039;1.445
4040;0.963
4041;0.963
4042;0.482
4043;0.482
4044;0.482
415;0.963
4052;0.482
4053;0.482
4054;0.482
4055;0.482
416;0.482
4056;0.482
4057;0.963
4058;0.963
4059;0.963
4060;0.482
4061;0.963
4062;0.963
4063;0.963
4064;0.963
4065;0.963
417;0.482
4066;0.963
4067;0.482
4068;0.482
4071;0.482
4072;0.482
4073;0.482
4074;0.482
4075;0.482
4076;0.482
4077;0.482
4078;0.482
4079;0.963
4080;0.963
4081;0.963
4082;0.963
4083;0.963
4084;0.963
4085;0.963
4086;0.963
4087;0.482
4091;0.482
4092;0.482
4093;0.963
4094;0.963
4095;0.963
4096;0.963
4097;0.963
4098;0.963
4099;0.963
4100;0.963
4101;1.445
4102;1.445
4103;1.445
4104;0.482
4107;0.963
4108;0.963
4109;0.963
4110;0.963
4111;0.482
4112;0.482
4113;0.482
4114;0.482
4115;0.482
4127;0.482
4128;0.482
4129;0.963
4130;0.963
4131;0.963
4132;0.963
4133;1.445
4134;1.445
4135;1.445
4136;0.963
4137;1.445
4138;0.963
4139;0.963
4140;1.445
4141;0.963
4142;0.963
4143;0.963
4144;0.963
4145;0.963
425;0.482
4146;0.963
4147;0.963
4148;0.482
4149;0.482
4150;0.482
4151;0.482
4152;0.482
4153;0.482
4154;0.482
426;0.482
4157;0.963
4158;0.963
4159;0.963
4160;0.963
4161;0.963
4162;0.963
4163;0.963
4164;0.963
427;0.482
428;0.482
429;0.963
430;1.445
431;1.445
4212;0.482
4213;0.482
4214;0.482
4215;0.482
4216;0.482
432;1.445
4217;0.963
4218;0.963
4219;1.445
4220;0.963
4221;0.963
4222;0.963
4223;0.963
4224;1.445
4225;0.963
4226;0.963
433;1.445
4227;0.963
4228;0.482
4229;0.482
4230;0.482
4231;0.963
4232;0.963
4233;0.963
4234;0.963
4235;0.963
4236;0.963
434;0.963
4237;0.963
4238;0.963
4239;0.482
435;0.963
436;0.963
4258;0.482
4259;0.482
4260;0.482
4261;0.963
4262;0.963
4263;0.963
4264;0.963
4265;0.963
4266;0.963
437;0.963
4267;0.482
4268;0.482
4270;0.482
4271;0.963
4272;1.445
4273;1.445
4274;1.445
4275;1.445
4276;1.445
4277;1.445
4278;0.963
4279;0.963
4280;0.482
4286;0.482
4287;0.482
4288;0.963
4289;0.963
4290;0.963
4291;0.963
4292;0.963
4293;0.963
4294;0.482
4295;0.482
4301;0.482
4302;0.963
4303;0.963
4304;0.963
4305;0.963
4306;1.445
4307;1.445
4308;1.445
4309;0.963
4310;0.963
4311;0.963
4312;0.963
4313;0.963
4314;0.963
4315;0.482
4316;0.482
4317;0.482
4320;0.482
4321;0.482
4322;0.963
4323;0.963
4324;0.963
4325;1.445
4326;1.445
4327;1.927
4328;1.445
4329;1.445
4330;0.963
4331;0.963
4332;0.963
4333;0.482
4334;0.482
4351;0.482
4352;0.482
4353;0.482
4354;0.482
4355;0.482
4356;0.482
4357;0.482
4358;0.482
4359;0.482
4360;0.963
4361;1.445
4362;1.445
4363;1.927
4364;1.927
4365;1.927
4366;2.409
4367;2.409
4368;1.927
4369;1.445
4370;1.445
4371;0.963
4372;0.963
4373;0.963
4374;0.482
4375;0.482
4377;0.482
4378;0.482
4379;0.482
4380;0.482
4381;0.482
4382;0.482
4383;0.482
4384;0.482
4388;0.482
4389;0.482
4390;0.482
4391;0.482
4392;0.482
4393;0.482
4394;0.482
4395;0.482
4435;0.482
4436;0.963
4437;0.963
4438;0.963
4439;0.963
4440;1.445
4441;1.927
4442;1.927
4443;1.445
4444;0.963
4445;0.963
4446;0.963
4447;0.963
4448;0.482
4452;0.482
4453;0.482
4454;0.482
4455;0.482
4456;0.482
4457;0.482
4458;0.963
4459;0.963
4460;0.482
4461;0.482
4462;0.482
4463;0.482
4464;0.482
4465;0.482
4482;0.482
4483;0.482
4484;0.482
4485;0.482
4486;0.963
4487;0.963
4488;0.963
4489;1.445
4490;0.963
4491;1.445
4492;1.445
4493;1.927
4494;1.445
4495;1.927
4496;1.927
460;0.482
4497;0.963
4498;0.963
4499;0.963
4500;0.482
4501;0.482
4502;0.482
461;0.482
462;0.482
4525;0.482
4526;0.482
463;0.482
4527;0.482
4528;0.482
4529;0.482
4530;0.482
4531;0.482
4532;0.482
464;0.482
4546;0.482
465;0.482
4547;0.963
4548;0.963
4549;0.963
4550;0.963
4551;0.963
4552;0.963
4553;0.963
4554;0.482
466;0.482
467;0.482
4590;0.482
4591;0.482
4592;0.482
4593;0.963
4594;0.963
4595;0.963
4596;0.963
4597;0.963
4598;0.482
4599;0.482
4600;0.482
4612;0.482
4613;0.482
4614;0.482
4615;0.482
4616;0.482
4617;0.482
4618;0.482
4619;0.482
4629;0.482
4630;0.482
4631;0.482
4632;0.482
4633;0.963
4634;0.963
4635;0.963
4636;0.963
4637;0.482
4638;0.482
4639;0.482
4640;0.482
4641;0.482
4643;0.482
4644;0.482
4645;0.482
4646;0.482
4647;0.482
4648;0.482
4649;0.482
4650;0.482
4669;0.482
4670;0.482
4671;0.482
4672;0.482
4673;0.482
4674;0.482
4675;0.482
4676;0.482
4688;0.963
4689;0.963
4690;0.963
4691;1.927
4692;2.409
4693;2.89
4694;2.89
4695;3.372
4696;2.89
4697;2.89
4698;2.89
4699;2.409
4700;2.409
4701;1.927
4702;0.963
4703;0.482
4704;0.482
4705;0.482
4734;0.482
4735;0.963
4736;0.963
4737;0.963
4738;0.963
4739;0.963
4740;0.963
4741;1.445
4742;0.963
4743;0.482
4744;0.482
4745;0.482
4746;0.482
4747;0.482
4748;0.482
4749;0.482
4758;0.963
4759;0.963
4760;0.963
4761;2.89
4762;2.89
4763;3.372
4764;3.372
4765;3.372
4766;2.409
4767;2.89
4768;2.89
4769;2.409
4770;1.927
4771;1.445
4772;0.963
4773;0.963
4774;1.445
4775;0.963
4776;0.963
4777;0.963
4778;0.963
4779;0.963
4780;0.963
4781;0.963
4782;0.482
4783;0.482
4784;0.482
4785;0.482
4796;0.482
4797;0.482
4798;0.482
4799;0.482
4800;0.482
4801;0.482
4802;0.482
4803;0.482
4804;0.482
4838;0.482
4839;0.482
4840;0.482
4841;0.482
4842;0.963
4843;1.445
4844;1.445
4845;1.445
4846;1.445
4847;0.963
4848;0.963
4849;0.963
4850;0.963
4851;0.482
4852;0.963
4853;0.482
4854;0.482
4855;0.482
4856;0.482
4857;0.482
4858;0.482
4859;0.482
4860;0.482
4863;0.482
4864;0.482
4865;0.963
4866;0.963
4867;0.963
4868;0.963
4869;0.963
4870;0.963
4871;0.482
4872;0.482
4902;0.482
4903;0.482
4904;0.482
4905;0.482
4906;0.482
4907;0.482
4908;0.482
4909;0.482
4926;0.482
4927;0.482
4928;0.482
4929;0.482
4930;0.482
4931;0.482
4932;0.482
4933;0.482
4937;0.482
4938;0.482
4939;0.482
4940;0.482
4941;0.482
4942;0.482
4943;0.482
4944;0.482
4945;0.482
4950;0.482
4951;0.482
4952;0.963
4953;0.963
4954;0.963
4955;0.963
4956;0.963
4957;0.963
4958;0.482
4959;0.482
4962;0.482
4963;0.482
4964;0.482
4965;0.482
4966;0.482
4967;0.482
4968;0.963
4969;0.963
4970;0.963
4971;0.482
4972;0.482
4973;0.963
4974;0.963
4975;0.963
4976;0.482
4977;0.482
4978;0.482
4979;0.482
4980;0.482
4981;0.482
5004;0.482
5005;0.482
5006;0.482
5007;0.482
5008;0.482
5009;0.482
5010;0.482
5011;0.482
5012;0.482
5013;0.482
5014;0.482
5015;0.482
5016;0.482
5017;0.482
5018;0.482
5019;0.482
5033;0.482
5034;0.482
5035;0.482
5036;0.482
5037;0.482
5038;0.963
5039;0.963
5040;1.445
5041;1.445
5042;1.445
5043;1.445
5044;0.963
5045;0.963
5046;0.482
5047;0.482
5048;0.482
5049;0.482
5050;0.482
5051;0.482
5052;0.482
5053;0.482
5054;0.482
5055;0.482
5063;5.781
5064;5.781
5065;6.263
5066;6.263
5067;6.263
5068;6.263
5069;6.263
5070;6.263
5071;0.482
5072;0.482
5075;0.482
5076;0.963
5077;1.445
5078;1.445
5079;1.927
5080;1.927
5081;1.927
5082;1.927
5083;1.445
5084;1.927
5085;1.445
5086;2.89
5087;4.336
5088;3.854
5089;3.854
5090;3.854
5091;9.153
5092;8.671
5093;8.19
5094;7.708
5095;5.781
5096;5.299
5097;5.299
5098;5.299
5101;0.482
5102;0.482
5103;0.963
5104;0.963
5105;0.963
5106;1.445
5107;1.445
5108;1.927
5109;1.927
5110;1.927
5111;1.445
5112;1.927
5113;1.927
5114;3.854
5115;5.781
5116;4.817
5117;5.781
5118;6.263
5119;6.744
5120;6.744
5121;7.226
5122;6.263
5123;4.817
5124;4.817
5125;4.336
5126;4.817
5127;4.817
5128;4.336
5129;4.336
5130;2.89
5131;2.89
5132;1.927
5133;1.445
5134;0.963
5135;0.963
5136;0.482
5184;0.482
5185;0.482
5186;0.482
5187;0.482
5188;0.482
5189;0.482
5190;0.482
5191;0.482
5192;0.482
5200;0.963
5201;0.963
5202;0.963
5203;0.963
5204;0.963
5205;0.963
5206;0.963
5207;1.445
5208;0.482
5209;0.482
5210;0.482
5216;0.482
5217;0.963
5218;0.963
5219;0.963
5220;0.963
5221;0.963
5222;0.963
5223;0.963
5224;0.482
5226;0.482
5227;0.482
5228;0.482
5229;0.482
5230;0.482
5231;0.482
5232;0.482
5233;0.482
5236;0.482
5237;0.482
5238;0.482
5239;0.482
5240;0.482
5241;0.482
5242;0.482
5243;0.482
5244;0.482
5259;0.963
5260;0.963
5261;0.963
5262;0.963
5263;0.963
5264;0.963
5265;1.445
5266;1.445
5267;0.482
5268;0.482
5269;0.482
5270;0.482
5271;0.482
5272;0.963
5273;0.482
5274;0.482
5275;0.482
5276;0.482
5277;0.482
5278;0.482
5279;0.482
5301;0.482
5302;0.482
5303;0.482
5304;0.482
5305;0.482
5306;0.482
5307;0.482
5308;0.482
5310;0.482
5311;0.482
5312;0.482
5313;0.482
5314;0.482
5315;0.482
5316;0.482
5317;0.482
542;0.482
5320;0.482
5321;0.482
5322;1.445
5323;1.927
5324;1.927
5325;2.409
5326;2.409
5327;2.409
543;0.482
5328;2.409
5329;2.409
5330;0.963
5331;0.963
5332;0.482
544;0.482
5343;0.482
5344;0.482
5345;0.963
5346;0.963
5347;0.963
545;0.482
5348;0.963
5349;0.963
5350;0.963
5351;0.482
5352;0.482
5356;0.482
5357;0.482
546;0.482
5358;0.482
5359;0.482
5360;0.482
5361;0.482
5362;0.963
5363;0.963
5364;1.445
5365;0.963
5366;0.963
5367;0.963
547;0.482
5368;0.963
5369;1.445
5370;0.963
5371;0.963
5372;0.963
5373;0.482
5374;0.482
5375;0.963
5376;0.963
5377;0.963
548;0.482
5378;0.963
5379;0.482
5380;0.482
5381;0.482
5382;0.482
5385;0.482
5386;0.482
5387;0.963
549;0.482
5388;0.963
5389;0.963
5390;0.963
5391;1.445
5392;1.445
5393;1.445
5394;1.445
5395;0.963
5396;0.963
5397;1.445
5398;1.445
5399;0.963
5400;0.963
5401;0.482
5402;0.482
5403;0.482
5404;0.482
5408;0.482
5409;0.482
5410;0.482
5411;0.482
5412;0.482
5413;0.482
5414;0.482
5415;0.482
5416;0.482
5424;0.482
5425;0.482
5426;0.482
5427;0.482
5428;0.482
5429;0.482
5430;0.482
5431;0.482
5434;0.482
5435;0.963
5436;0.963
5437;0.963
5438;0.963
5439;1.445
5440;1.445
5441;1.445
5442;0.963
5443;0.963
5444;0.482
5445;0.963
5446;0.963
5447;0.963
5448;1.445
5449;1.445
5450;1.927
5451;1.927
5452;1.927
5453;2.409
5454;1.927
5455;1.927
5456;1.927
5457;1.445
5458;1.445
5459;1.445
5460;0.963
5461;0.963
5462;0.963
5463;0.963
5464;0.963
5465;0.963
5466;0.482
5467;0.482
5468;0.482
5469;0.482
5482;0.482
5483;0.482
5484;0.482
5485;0.482
5486;0.482
5487;0.482
5488;0.482
5489;0.482
5490;0.482
5493;0.482
5494;0.482
5495;0.963
5496;0.963
5497;0.963
5498;0.963
5499;0.482
5500;0.482
5527;0.482
5528;0.482
5529;0.482
5530;0.482
5531;0.482
5532;0.482
5533;0.482
5534;0.963
5535;0.482
5536;0.482
5537;0.482
5538;0.482
5539;0.482
5540;0.482
5541;0.482
5564;0.482
5565;0.482
5566;0.482
5567;0.482
5568;0.482
5569;0.482
5570;0.482
5571;0.482
5578;0.482
5579;0.482
5580;0.482
5581;0.482
5582;0.963
5583;0.963
5584;0.963
5585;0.963
5586;0.482
5587;0.482
5588;0.482
5589;0.482
5596;0.482
5597;0.963
5598;0.963
5599;1.445
5600;1.445
5601;1.445
5602;1.445
5603;1.927
5604;1.927
5605;0.963
5606;0.963
5607;0.482
5608;0.482
5609;0.482
5610;0.482
5611;0.482
574;0.482
5641;0.963
5642;1.445
5643;1.445
5644;1.445
5645;1.927
5646;1.927
5647;1.927
575;0.482
5648;1.927
5649;2.409
5650;1.445
5651;1.445
5652;1.445
5653;0.963
5654;0.963
5655;0.963
5656;0.963
576;0.482
5658;0.482
5659;0.482
5660;0.482
5661;0.482
5662;0.482
5663;0.482
5664;0.482
5665;0.482
5667;0.482
577;0.482
5668;0.482
5669;0.482
5670;0.482
5671;0.482
5672;0.482
5673;0.482
5674;0.482
5676;0.482
5677;0.482
578;0.963
5678;0.482
5679;0.482
5680;0.482
5681;0.482
5682;0.482
5683;0.482
5684;0.482
5685;0.482
5686;0.482
579;0.963
580;1.445
581;1.445
582;0.963
5726;0.482
5727;0.482
583;0.963
5728;0.482
5729;0.482
5730;0.963
5731;0.963
5732;0.963
5733;1.445
5734;0.963
5735;0.963
5736;0.963
5737;0.963
584;0.963
5738;0.482
5739;0.482
5740;0.482
585;0.963
5755;0.482
5756;0.482
5757;0.482
586;0.482
5758;0.963
5759;0.963
5760;0.963
5761;0.963
5762;0.482
5763;0.482
5764;0.482
5765;0.482
587;0.482
5773;0.482
5774;0.482
5775;0.482
5776;1.927
5777;1.927
5778;2.409
5779;2.89
5780;2.89
5781;2.89
5782;2.409
5783;2.89
5784;1.927
5785;1.927
5786;2.409
5787;2.89
5788;2.89
5789;2.89
5790;2.89
5791;2.89
5792;2.89
5793;2.409
5794;1.927
5811;0.482
5812;0.482
5813;0.482
5814;0.482
5815;0.482
5816;0.482
5817;0.482
5818;0.482
5825;0.482
5826;0.482
5827;0.482
5828;0.482
5829;0.482
5830;0.482
5831;0.482
5832;0.482
5864;1.445
5865;1.445
5866;1.445
5867;3.372
5868;4.336
5869;4.336
5870;4.336
5871;4.336
5872;3.372
5873;3.372
5874;3.372
5875;1.927
5876;1.445
5877;0.963
5878;0.963
5879;0.963
5880;0.963
5881;0.482
5882;0.482
5890;0.482
5891;0.482
5892;0.482
5893;0.482
5894;0.482
5895;0.482
5896;0.482
5897;0.482
5899;0.963
5900;0.963
5901;0.963
5902;0.963
5903;0.482
5904;0.963
5905;0.963
5906;0.963
5907;0.963
5908;0.963
5909;0.963
5910;0.963
5911;0.963
5912;0.963
5913;0.482
5914;0.482
5915;0.482
5945;0.482
5946;0.482
5947;0.482
5948;0.482
5949;0.482
5950;0.482
5951;0.963
5952;0.963
5953;0.963
5954;0.482
5955;0.482
5956;0.482
5957;0.963
5958;0.963
5959;1.927
5960;1.927
5961;1.445
5962;1.445
5963;1.927
5964;1.927
5965;1.445
5966;1.927
5967;1.927
5968;1.445
5969;1.927
5970;1.927
5971;2.409
5972;1.927
5973;1.445
5974;0.963
5975;0.963
5976;0.963
5977;0.482
5978;1.445
5979;1.927
5980;1.445
5981;1.927
5982;2.89
5983;2.89
5984;3.372
5985;3.372
5986;1.927
5987;1.445
5988;1.445
5989;1.445
5990;0.963
5991;0.482
5992;0.482
5993;0.482
5994;0.482
5995;0.482
6047;2.409
6048;2.409
6049;2.409
6050;2.409
6051;2.409
6052;2.409
6053;2.409
6054;2.409
6055;0.963
6056;0.482
6065;0.482
6066;0.482
6067;0.482
6068;0.482
6069;0.482
6070;0.482
6071;0.482
6072;0.482
6074;0.482
6075;0.482
6076;0.482
6077;0.482
6078;0.482
6079;0.482
6080;0.482
6081;0.482
6084;0.482
6085;0.482
6086;0.963
6087;0.963
6088;1.445
6089;1.445
6090;1.445
6091;1.927
6092;1.445
6093;0.963
6094;0.482
6115;0.482
6116;0.482
6117;0.482
6118;0.482
6119;0.482
6120;0.482
6121;0.482
6122;0.482
6126;0.482
6127;0.482
6128;0.482
6129;0.482
6130;0.482
6131;0.482
6132;0.482
6133;0.482
6134;1.445
6135;1.445
6136;1.445
6137;1.445
6138;1.445
6139;1.445
6140;1.927
6141;1.927
6142;0.963
6143;0.963
6144;0.482
6145;0.963
6146;0.963
6147;0.963
6148;0.963
6149;0.482
6150;0.482
6151;0.482
6152;0.482
6155;0.482
6156;0.482
6157;0.482
6158;0.482
6159;0.482
6160;0.482
6161;0.482
6162;0.482
6199;0.963
6200;0.963
6201;0.963
6202;0.963
6203;0.963
6204;1.445
6205;1.445
6206;1.445
6207;0.482
6208;0.482
6209;0.482
6210;0.482
6211;0.482
6223;0.482
6224;0.963
6225;0.963
6226;0.963
6227;0.963
6228;0.963
6229;0.963
6230;0.963
6231;0.482
6239;0.482
6240;0.482
6241;0.482
6242;0.482
6243;0.482
6244;0.482
6245;0.963
6246;0.963
6247;0.482
6248;0.963
6249;0.963
6250;0.963
6251;0.963
6252;0.963
6253;0.482
6254;0.482
6255;0.482
6256;0.963
6257;0.963
6258;0.963
6259;0.963
6260;0.963
6261;0.482
6262;0.482
6263;0.482
6278;0.482
6279;0.482
6280;0.482
6281;0.482
6282;0.482
6283;0.482
6284;0.482
6285;0.482
6317;0.482
6318;0.482
6319;0.482
6320;0.482
6321;0.482
18;0.482
6322;0.482
6323;0.482
6324;0.482
6325;0.482
6326;0.482
6327;0.482
6328;0.482
6329;0.482
6330;0.482
6331;0.482
6332;0.482
6333;0.482
6334;0.482
6371;0.482
6372;0.482
6373;0.963
6374;0.963
6375;0.963
6376;0.963
6377;0.963
6378;0.963
6379;0.482
6380;0.482
6381;0.482
6383;0.482
6384;0.482
6385;0.482
6386;0.482
6387;0.482
6388;0.482
6389;0.482
6390;0.482
6395;0.482
6396;0.482
6397;0.482
6398;0.482
6399;0.482
6400;0.482
6401;0.482
6402;1.927
6403;1.445
6404;1.445
6405;1.445
6406;1.445
6407;1.445
6408;1.445
6409;1.445
6414;0.482
6415;0.482
6416;0.482
6417;0.482
6418;0.482
6419;0.482
6420;0.482
6421;0.482
6422;0.482
6423;0.963
6424;0.482
6425;0.482
6426;0.482
6427;0.482
6428;0.482
653;0.482
6429;0.482
6430;0.482
654;0.963
655;0.963
6451;0.482
6452;0.482
6453;0.482
6454;0.482
656;0.963
657;0.963
658;0.963
659;0.963
6491;0.482
6492;0.482
6493;0.482
6494;0.482
6495;0.963
6496;1.445
6497;1.445
6498;1.445
660;0.963
6499;0.963
6500;0.963
6501;0.963
6502;0.963
6503;0.963
6504;0.963
6505;0.482
6506;0.482
6507;2.409
6508;2.89
661;0.482
6509;4.817
6510;7.708
6511;7.708
6512;8.19
6513;8.19
6514;8.671
6515;7.708
6516;7.226
6517;5.299
6518;2.409
6519;2.409
6520;1.927
6521;1.927
6522;1.445
6523;1.927
6524;1.927
6525;1.445
6526;1.445
6527;0.963
6528;0.963
6529;0.482
6530;0.482
6531;0.482
6545;0.482
6546;0.482
6547;0.482
6548;0.963
6549;0.963
6550;0.963
6551;0.963
6552;0.963
6553;0.963
6554;0.963
6555;0.482
6556;0.482
6557;0.482
6572;0.482
6573;0.482
6574;0.963
6575;0.963
6576;0.963
6577;0.963
6578;0.482
6579;0.482
6592;0.482
6593;0.963
6594;0.963
6595;0.963
6596;0.963
6597;0.963
6598;0.963
6599;0.963
6600;0.482
6642;0.482
6643;0.482
6644;0.963
6645;0.963
6646;0.963
6647;0.963
6648;0.963
6649;0.963
6650;0.482
6651;0.482
6652;0.482
6660;0.482
6661;0.482
6662;0.482
6663;0.482
6664;0.482
6665;0.482
6666;0.482
6667;0.482
6668;0.482
6691;0.963
6692;0.963
6693;1.445
6694;1.445
6695;1.445
6696;1.445
6697;1.927
6698;1.927
6699;1.445
6700;1.445
6701;0.963
6702;1.445
78;0.482
6703;1.445
6704;1.445
6705;0.963
6706;0.963
6707;0.482
6708;0.482
6709;0.482
6767;0.482
6768;0.482
6769;0.482
6770;0.482
6771;0.482
6772;1.445
6773;1.445
6774;1.445
6775;0.963
6776;0.963
6777;0.963
6778;0.963
6779;1.445
6780;1.445
6781;1.445
6782;1.445
6783;0.963
6784;0.963
6785;0.963
6786;0.963
6787;0.963
689;0.963
690;0.963
6799;0.482
6800;0.963
6801;0.963
6802;0.963
6803;0.963
79;0.482
6804;0.963
6805;0.963
6806;0.963
6807;0.482
691;0.963
692;0.963
6819;0.482
6820;0.482
6821;0.482
6822;0.963
6823;0.963
6824;0.963
6825;1.445
6826;2.409
6827;1.927
6828;1.927
693;0.963
6829;1.927
6830;1.927
6831;1.445
6832;1.927
6833;1.445
6834;0.482
6835;0.963
6836;0.963
6837;0.963
6838;0.963
694;0.963
6839;0.963
6840;0.482
6841;0.482
6842;0.482
695;0.963
696;0.963
6862;0.482
6863;0.482
6864;0.482
6865;0.482
6866;0.963
6867;0.963
6868;1.445
6869;1.445
6870;0.963
6871;0.963
6872;0.963
6873;0.963
6874;0.482
6875;0.482
6894;0.482
6895;0.482
6896;0.963
6897;0.963
6898;0.963
6899;0.963
6900;1.445
6901;1.445
6902;0.963
6903;0.963
6904;0.482
80;0.482
6905;0.482
6906;0.482
6907;0.963
6908;1.445
6909;2.409
6910;3.372
6911;3.854
6912;3.854
6913;3.854
6914;4.336
6915;4.817
6916;4.817
6917;2.89
6918;1.927
6919;1.445
6920;1.445
6921;1.445
6922;1.445
6923;1.927
6924;0.963
6925;1.445
6926;0.963
6927;0.963
6928;1.445
6929;1.445
6930;1.927
6931;1.445
6932;1.445
6933;0.963
6934;1.445
6935;1.927
6936;1.927
6937;1.927
6938;1.445
6939;1.445
6940;1.927
6941;1.927
6942;1.445
6943;1.927
6944;1.927
6945;1.927
6946;1.445
6947;3.372
6948;2.89
6949;2.89
6950;2.89
6951;3.854
6952;4.336
6953;5.299
6954;5.781
6955;4.336
6956;5.299
6957;5.299
6958;5.781
6959;4.817
6960;4.817
6961;3.372
6962;2.89
6963;1.927
6964;0.963
6965;0.963
6966;0.482
6967;1.445
6968;0.963
6969;0.963
6970;0.963
6971;0.963
6972;1.445
6973;1.445
6974;1.445
6975;0.963
6976;0.482
6977;0.482
6978;0.482
6979;0.482
6992;0.482
6993;0.482
6994;0.482
6995;0.482
6996;0.482
6997;0.482
6998;0.482
6999;0.482
81;1.445
7013;0.482
7014;0.482
7015;0.482
7016;0.482
7017;0.482
7018;0.482
7019;0.482
7020;0.482
7022;2.409
7023;3.372
7024;3.372
7025;3.372
7026;3.372
7027;3.372
7028;3.372
7029;3.854
7030;2.89
7031;0.482
7032;0.482
7033;0.482
7034;0.482
7035;0.482
7036;0.482
714;0.482
7044;0.482
7045;0.482
7046;0.482
7047;0.482
7048;0.482
715;0.482
7049;0.482
7050;0.482
7051;0.482
7054;0.482
7055;0.482
7056;0.482
7057;0.482
7058;0.482
716;0.482
7059;0.482
7060;0.482
7061;0.482
7062;0.482
7065;0.482
7066;0.482
7067;0.482
7068;0.482
717;0.482
7069;0.482
7070;0.482
7071;0.482
7072;0.482
718;0.482
719;0.482
7092;0.482
7093;0.482
7094;0.482
7095;0.482
7096;0.482
7097;0.482
7098;0.482
720;0.482
7099;0.482
82;1.445
721;0.482
7122;0.963
7123;0.963
7124;0.963
7125;0.963
7126;0.963
7127;1.445
7128;1.445
7129;1.445
7130;0.482
7131;0.482
7132;0.482
7133;0.482
7134;0.482
7136;0.482
7137;0.482
7138;0.482
7139;0.482
7140;0.482
7141;0.482
7142;0.482
7143;0.482
7145;0.482
7146;0.482
7147;0.482
7148;0.482
7149;0.963
7150;0.963
7151;0.963
7152;0.963
7153;0.482
7154;0.482
7155;0.482
7156;0.482
726;0.963
7166;0.482
7167;0.482
7168;0.963
727;0.963
7169;0.963
7170;0.963
7171;0.963
7172;0.963
7173;0.963
7174;0.963
7175;1.445
7176;0.963
7177;0.963
7178;0.963
728;1.445
7179;0.963
7180;0.963
7181;0.963
7182;0.482
7183;0.482
7184;0.482
7185;0.482
729;1.927
7189;0.482
7190;0.482
7191;0.482
7192;0.482
7193;0.963
7194;0.963
7195;1.445
7196;1.445
7197;1.445
7198;0.963
730;2.409
7199;0.963
7200;0.963
7201;0.482
7202;0.963
7203;0.482
7204;0.482
7205;0.482
7206;0.482
7207;0.482
83;1.445
7208;0.482
731;3.372
7209;0.963
7210;0.482
7211;0.482
7212;0.482
7213;0.482
7214;0.482
7215;0.482
7216;0.482
732;3.854
7221;1.927
7222;1.927
7223;1.927
7224;1.927
7225;1.445
7226;1.445
7227;1.445
7228;1.445
733;3.854
734;3.854
735;3.854
7250;0.482
7251;1.445
7252;2.409
7253;4.336
7254;4.817
7255;4.817
7256;4.817
7257;4.817
7258;4.336
736;2.89
7259;3.854
7260;2.409
7261;0.963
7262;0.482
7265;0.963
7266;0.963
7267;0.963
7268;1.445
737;2.89
7269;1.445
7270;1.445
7271;1.445
7272;1.927
7273;1.445
7274;1.445
7275;1.445
7276;1.445
7277;1.445
7278;1.445
738;2.409
7279;1.445
7280;0.963
7281;0.963
7282;0.963
7283;0.482
7284;0.482
739;1.927
740;0.482
7307;0.482
7308;0.482
84;1.445
741;0.963
7309;0.482
7310;0.482
7311;0.482
7312;0.482
7313;1.927
7314;3.372
7315;3.854
7316;3.854
7317;3.854
7318;4.336
742;0.482
7319;4.336
7320;4.336
7321;3.372
7322;2.89
7323;0.482
7324;0.482
7325;0.482
7327;1.445
7328;1.927
743;0.482
7329;2.409
7330;2.409
7331;2.409
19;0.963
7332;2.89
7333;2.89
7334;2.89
7335;1.445
7336;1.445
7337;1.445
7338;1.445
744;0.963
7339;1.927
7340;1.445
7341;1.445
7342;1.927
7343;1.927
7344;1.927
7345;0.963
7346;1.445
7347;0.963
7348;1.445
745;0.963
7349;1.445
7350;0.963
7351;1.445
7352;1.445
7353;1.445
7354;0.963
7355;0.963
7356;0.963
7357;0.482
7358;0.482
746;0.963
7359;0.482
7362;0.482
7363;0.482
7364;0.482
7365;0.482
7366;0.482
7367;0.482
7368;0.482
747;0.963
7369;0.482
748;0.963
749;0.963
750;0.963
751;0.482
85;1.445
7419;0.482
7420;0.482
7421;0.482
7422;0.963
7423;0.963
7424;0.963
7425;0.963
7426;1.445
7427;0.963
7428;0.963
7429;1.927
7430;1.445
7431;1.927
7432;1.927
7433;2.89
7434;3.372
7435;3.372
7436;3.372
7437;2.89
7438;1.927
7439;0.963
7440;1.927
7441;1.927
7442;1.445
7443;1.445
7444;1.445
7445;1.445
7446;1.445
7447;1.445
7448;0.963
7453;0.482
7454;0.482
7455;0.482
7456;0.482
7457;0.482
7458;0.482
7459;0.482
7460;0.482
7479;0.482
7480;0.482
7481;0.482
7482;0.482
7483;0.482
7484;0.482
7485;0.482
7486;0.482
7494;0.482
7495;0.963
7496;0.963
7497;0.963
7498;0.963
7499;0.963
7500;0.963
7501;0.963
7502;0.963
86;1.445
7516;0.482
7517;0.482
7518;0.482
7519;0.482
7520;0.482
7521;0.482
7522;0.482
7523;0.482
7535;0.482
7536;0.482
7537;0.482
7538;0.482
7539;0.482
7540;0.482
7541;0.482
7542;0.482
7563;0.482
7564;0.482
7565;0.963
7566;0.963
7567;0.963
7568;0.963
7569;0.963
7570;0.963
7571;0.482
7572;0.482
7583;0.482
7584;0.482
7585;0.482
7586;0.963
7587;0.963
7588;0.963
7589;0.963
7590;0.963
7591;0.482
7592;0.963
7593;0.963
7594;0.482
7595;0.482
7596;0.482
7597;0.963
7598;1.445
7599;1.927
7600;2.409
7601;3.372
7602;2.89
7603;2.89
7604;2.89
7605;2.409
7606;2.409
7607;1.927
7608;1.927
7609;0.482
7610;0.963
7611;0.963
87;1.927
7612;0.963
7613;0.963
7614;0.963
7615;0.482
7616;1.445
7617;1.445
7618;1.445
7619;1.445
7620;1.445
7621;0.963
88;1.927
7622;0.963
7623;0.963
7625;0.482
7626;0.482
7627;0.482
7628;0.482
7629;0.482
7630;0.482
7631;0.482
7632;0.482
7641;0.482
7642;0.482
7643;0.482
7644;0.482
7645;0.482
7646;0.482
7647;0.482
7648;0.482
7653;0.482
7654;0.482
7655;0.482
7656;0.482
7657;0.482
7658;0.482
7659;0.963
7660;0.963
7661;0.963
7662;0.482
7663;0.482
7664;0.482
7665;0.482
7666;0.482
7685;0.482
7686;0.482
7687;0.482
7688;0.482
7689;0.482
7690;0.482
7691;0.482
7692;0.482
7698;0.482
7699;1.445
7700;1.445
7701;1.445
7702;1.445
7703;1.445
7704;1.445
7705;1.445
7706;0.963
7707;0.482
782;0.482
89;1.445
7722;0.482
7723;0.482
7724;0.482
7725;0.482
7726;0.482
7727;0.482
7728;0.482
783;0.482
784;0.482
785;0.482
786;0.482
7769;0.482
787;0.482
7770;0.482
7771;0.482
7772;0.482
7773;0.963
7774;0.963
7775;0.963
7776;1.927
7777;1.927
7778;1.927
7779;1.927
788;0.482
7780;1.927
7781;1.927
7782;1.445
7783;1.445
7784;0.963
7785;1.445
7786;1.445
7787;1.445
7788;1.445
7789;0.963
789;0.482
7790;0.963
7791;0.963
7792;0.963
7793;0.482
7794;0.482
7795;0.963
7796;0.482
7797;0.482
7798;0.482
7799;0.482
7800;0.482
7801;0.482
7802;0.482
7803;0.482
7804;0.482
7805;0.482
7806;0.963
7807;0.963
7808;0.963
7809;0.963
7810;0.963
7811;1.927
7812;1.927
7813;1.927
7814;1.927
7815;2.409
7816;2.409
7817;2.409
7818;4.336
7819;4.336
7820;3.854
7821;4.336
90;1.445
7822;4.336
7823;3.854
7824;3.854
7825;3.854
7826;1.927
7827;0.963
7828;0.963
7829;0.482
7830;0.482
7831;0.482
7855;0.482
7856;0.963
7857;0.963
7858;0.963
7859;0.963
7860;0.963
7861;0.963
7862;0.963
7863;0.963
7872;0.482
7873;0.482
7874;0.482
7875;0.482
7876;0.482
7877;0.482
7878;0.482
7879;0.482
7898;0.963
7899;0.963
7900;0.963
7901;0.963
7902;0.963
7903;0.963
7904;0.963
7905;0.963
7907;0.482
7908;0.482
7909;0.482
7910;0.482
7913;0.482
7914;0.482
7915;0.482
7916;0.482
7917;0.482
7918;0.482
7919;0.482
7920;0.482
7921;0.482
91;1.445
7948;0.482
7949;0.482
7950;0.482
7951;0.482
7952;0.482
7953;0.482
7954;0.482
7955;0.482
7956;0.482
7982;0.482
7983;0.482
7984;0.482
7985;0.482
7986;0.482
7987;0.482
7988;0.482
7989;0.482
92;1.445
8023;0.482
8024;0.482
8025;0.963
8026;0.963
8027;0.963
8028;0.963
8029;0.963
8030;1.445
8031;1.445
8032;1.445
8033;0.482
8034;0.963
8035;0.963
8036;1.445
8037;1.445
8038;0.963
8039;0.963
8040;0.963
8041;0.963
8042;0.482
8043;0.482
8044;0.482
8051;0.482
8052;0.482
8053;0.482
8054;0.482
8055;0.482
8056;0.482
8057;0.482
8058;0.482
8082;0.482
8083;0.482
8084;0.963
8085;0.963
8086;0.963
8087;0.963
8088;1.445
8089;1.445
8090;0.963
8091;1.445
8092;2.409
8093;2.409
8094;2.409
8095;2.409
8096;1.927
8097;1.927
8098;1.927
8099;1.445
8115;0.482
8116;0.482
8117;0.482
8118;0.482
8119;0.482
8120;0.482
8121;0.963
93;1.445
8122;0.963
8123;0.482
8124;0.482
8125;0.482
8126;1.445
8127;1.445
8128;1.445
8129;1.445
8130;1.445
8131;1.445
8132;1.445
8133;1.445
8134;0.482
8135;0.482
8136;0.482
8137;0.482
8138;0.963
8139;0.963
8140;0.963
8141;0.963
8142;0.963
8143;0.963
8144;0.963
8145;0.482
8150;0.482
8151;0.482
8152;0.963
8153;0.963
8154;0.963
8155;1.445
8156;2.89
8157;2.89
8158;2.89
8159;3.372
8160;2.89
8161;3.372
8162;3.372
8163;2.89
8164;2.409
8165;2.409
8166;1.445
8167;0.963
8168;1.445
8169;1.445
8170;0.963
8171;0.963
8172;0.963
8173;0.482
8174;0.482
8175;0.482
8196;0.482
8197;0.482
8198;0.482
8199;1.445
8200;1.445
8201;1.445
8202;1.445
8203;1.445
8204;1.445
8205;1.445
8206;1.927
8207;0.482
8208;0.482
8209;0.482
8210;0.963
8211;0.963
8212;0.963
8213;0.963
8214;0.482
8215;0.482
8216;0.482
8217;0.482
8218;0.482
8219;0.482
8220;0.482
8221;0.482
94;1.445
8222;0.482
8223;0.482
8224;0.482
8225;0.963
8226;0.482
8227;0.482
8228;0.482
8229;0.482
8230;0.482
8231;0.482
8232;0.482
8233;0.482
8252;0.482
8253;0.482
8254;0.482
8255;0.482
8256;0.482
8257;0.482
8258;0.482
8259;0.482
8281;0.482
8282;1.445
8283;1.445
8284;1.445
8285;1.445
8286;0.963
8287;0.963
8288;0.963
8289;0.963
8292;0.482
8293;0.482
8294;0.482
8295;0.482
8296;0.963
8297;0.963
8298;0.963
8299;0.963
8318;0.482
8319;0.482
8320;0.482
8321;0.482
95;0.482
8322;0.482
8323;0.482
8324;0.482
8325;0.482
8326;0.482
8332;0.482
8333;0.482
8334;0.482
8335;0.482
8336;0.482
8337;0.482
8338;0.482
8339;0.482
20;0.963
8414;0.482
8415;0.963
8416;0.963
8417;1.445
8418;1.927
8419;1.927
8420;1.927
8421;1.927
8422;1.445
96;0.482
8423;0.963
8424;0.963
8425;0.482
8438;0.482
8439;0.482
8440;0.963
8441;1.445
8442;1.445
8443;1.445
8444;1.445
8445;1.445
8446;0.963
8447;0.963
8448;0.482
8469;0.482
8470;0.482
8471;0.482
8472;0.482
8473;0.482
8474;0.482
8475;0.963
8476;1.445
8477;0.963
8478;0.963
8479;1.445
8480;1.445
8481;1.445
8482;1.445
8483;0.963
8484;0.482
8485;0.482
8486;0.482
8487;0.482
8488;0.482
8513;0.482
8514;0.482
8515;0.482
8516;0.482
8525;0.482
8526;0.482
8527;0.482
8528;0.482
8529;0.482
8530;0.482
8531;0.482
8532;0.482
8533;0.482
8534;0.482
8535;0.482
8536;0.482
8537;0.963
8538;0.963
8539;0.963
8540;0.963
8541;0.482
8542;0.482
8543;0.482
8544;0.482
8545;0.482
8556;0.482
8557;0.482
8558;0.963
8559;0.963
8560;0.963
8561;0.963
8562;1.445
8563;1.445
8564;0.963
8565;0.963
8566;0.482
8567;0.482
8568;0.482
8569;0.482
8573;0.482
8574;0.482
8575;0.963
8576;1.445
8577;1.445
8578;1.445
8579;1.445
8580;1.445
8581;0.963
8582;0.963
8583;0.482
8598;0.963
8599;0.963
8600;0.963
8601;0.963
8602;0.963
8603;1.445
8604;1.927
8605;1.927
8606;14.452
8607;14.452
8608;15.416
8609;15.416
8610;15.416
8611;15.416
8612;16.379
8613;16.379
8614;2.409
8615;2.409
8616;1.445
8617;0.963
8618;1.927
8619;2.409
8620;2.409
8621;1.927
8622;1.927
8623;1.927
8624;3.372
8625;3.854
8626;3.854
8627;2.89
8628;2.89
8629;2.89
8630;2.89
8631;2.89
8632;2.409
8633;1.927
8634;0.963
8635;0.963
8636;0.963
8647;0.482
8648;0.963
8649;0.963
8650;0.963
8651;0.963
8652;0.963
8653;0.963
8654;0.963
8655;0.482
8660;0.482
8661;0.482
8662;0.482
8663;0.482
8664;0.482
8665;0.482
8666;0.482
8667;0.482
8669;0.482
8670;0.963
8671;1.445
8672;1.445
8673;1.445
8674;1.927
8675;2.409
8676;2.89
8677;2.89
8678;2.409
8679;2.89
8680;2.89
8681;2.89
8682;2.409
8683;1.927
8684;1.445
8685;0.963
8686;0.963
8702;0.482
8703;0.482
8704;0.482
8705;0.482
8706;0.482
8707;0.482
8708;0.963
8709;0.963
8710;0.482
8711;0.482
8712;0.482
8713;0.482
8714;0.482
8715;0.482
8746;0.482
8747;0.482
8748;0.482
8749;0.482
8750;0.482
8751;0.482
8752;0.482
8753;0.482
8762;0.963
8763;0.963
8764;1.445
8765;1.445
8766;1.445
8767;1.927
8768;1.927
8769;1.927
8770;0.963
8771;0.963
8772;0.482
8773;0.482
8774;0.482
8791;0.482
8792;0.963
8793;0.963
8794;0.963
8795;0.963
8796;0.963
8797;0.963
8798;0.963
8799;0.482
8800;0.482
8808;0.482
8809;0.482
8810;0.482
8811;0.482
8812;0.482
8813;0.482
8814;0.482
8815;0.482
893;0.963
8837;0.482
8838;0.482
8839;0.482
8840;0.482
894;0.963
8841;0.482
8842;0.482
8843;0.482
8844;0.482
8845;0.482
8846;0.482
8847;0.482
895;0.963
896;0.963
8868;0.482
8869;0.482
8870;0.482
897;0.963
8871;0.482
8872;0.482
8873;0.482
8874;0.482
8875;0.482
898;0.963
899;0.963
900;0.963
8906;0.482
8907;0.482
8908;0.482
8909;0.963
8910;1.927
8911;2.409
8912;2.409
8913;2.409
8914;1.927
8915;1.927
8916;1.927
8917;1.445
8918;0.963
8925;0.482
8926;0.482
8927;0.482
8928;0.482
8929;0.963
8930;0.963
8931;0.963
8932;0.963
8933;0.482
8934;0.482
8935;0.482
8936;0.482
8948;0.482
8949;0.482
8950;0.482
8951;0.482
8952;0.482
8953;0.482
8954;0.482
8955;0.482
8976;0.482
8977;0.482
8978;0.482
8979;0.482
8980;0.482
8981;0.482
8982;0.963
8983;0.963
8984;0.482
8985;0.482
8986;0.482
8987;0.482
8988;0.482
8989;0.482
8992;0.482
8993;0.482
8994;0.482
8995;0.482
9001;0.482
9002;0.482
9003;0.482
9004;0.482
9005;0.482
9006;0.482
9007;0.482
9008;0.482
9009;0.482
9010;0.482
9021;0.963
9022;0.963
9023;3.372
9024;4.336
9025;4.817
9026;4.817
9027;5.781
9028;5.781
9029;5.781
9030;5.299
9031;3.854
9032;3.372
9033;3.372
9034;3.854
9035;3.372
9036;2.89
9037;2.409
9038;2.409
9039;1.927
9040;0.963
9041;0.963
9042;0.482
9043;0.482
9044;0.482
9051;0.482
9052;0.963
9053;1.445
9054;2.409
9055;2.409
9056;2.409
9057;2.409
9058;1.927
9059;1.445
9060;0.963
9061;0.482
9065;0.482
9066;0.482
9067;0.482
9068;0.482
9069;0.482
9070;0.482
9071;0.482
9072;0.482
9090;0.482
9091;0.482
9092;0.482
9093;0.482
9094;0.482
9095;0.482
9096;0.482
9097;0.482
9098;0.482
9105;0.482
9106;0.482
9107;0.482
9108;0.482
9109;0.482
9110;0.482
9111;0.482
9112;0.482
9154;0.482
9155;0.482
9156;0.482
9157;0.482
9158;0.482
9159;0.963
9160;1.445
9161;1.445
9162;1.445
9163;1.445
9164;0.482
9165;1.445
9166;1.445
9167;1.445
9168;1.445
9169;0.963
9170;0.963
9171;0.963
9172;0.963
9176;0.482
9177;0.963
9178;0.963
9179;0.963
9180;0.963
9181;0.963
9182;0.963
9183;1.445
9184;0.963
9185;0.482
9186;0.482
9187;0.482
9188;0.482
9189;0.482
9190;0.482
9196;0.482
9197;0.482
9198;0.482
9199;0.482
9200;0.482
9253;0.963
9254;0.963
9255;0.963
9256;0.963
9257;0.482
9258;0.482
9259;0.482
9260;0.482
9270;0.482
9271;0.482
9272;0.482
9273;0.482
9274;0.482
9275;0.482
9276;0.482
9277;0.482
9281;0.482
9282;0.482
9283;0.482
9284;0.963
9285;0.963
9286;1.445
9287;1.445
9288;1.445
9289;1.445
9290;1.445
9291;0.963
9292;0.482
9293;0.482
9294;0.482
9295;0.482
9296;0.482
9302;0.963
9303;0.963
9304;0.963
9305;0.963
9306;0.963
9307;0.963
9308;1.445
9309;1.445
9310;0.482
9311;0.482
9312;0.482
9313;0.482
9314;0.963
9315;0.963
9316;1.445
9317;0.963
9318;0.963
9319;0.963
9320;0.963
9321;0.963
9322;0.482
9323;0.482
9335;0.482
9336;0.482
9337;0.482
9338;0.482
9339;0.482
9340;0.482
9341;0.482
9342;0.963
9343;1.445
9344;1.445
9345;1.445
9346;1.445
9347;1.927
9348;2.409
9349;2.409
9350;2.409
9351;1.445
21;0.963
9352;1.927
9353;1.927
9354;2.409
9355;1.927
9356;1.445
9357;1.445
9358;1.445
9359;0.963
9360;0.963
9361;0.963
9383;0.482
9384;0.482
9385;0.482
9386;0.482
9387;0.482
9397;0.482
9398;0.482
9399;0.482
9400;0.482
9401;0.482
9402;0.482
9403;0.482
9404;0.482
9453;0.482
9454;0.482
9455;0.482
9456;0.482
9457;0.963
9458;1.445
9459;1.445
9460;1.445
9461;0.963
9462;0.963
9463;0.963
9464;0.963
9465;0.963
9466;0.482
9470;0.482
9471;0.482
9472;0.482
9473;0.482
9474;0.963
9475;0.963
9476;0.963
9477;1.445
9478;1.445
9479;0.963
9480;1.445
958;0.963
9481;1.445
9482;0.963
9483;0.482
9484;0.482
9485;0.482
9486;0.482
9487;0.482
959;1.445
960;1.445
961;1.445
9513;0.482
9514;0.482
9515;0.963
9516;0.963
9517;0.963
9518;0.963
9519;1.445
9520;1.445
962;0.963
9521;0.963
9522;0.963
9523;0.482
9524;0.482
9525;0.482
9526;0.482
963;0.963
964;0.963
9541;0.963
9542;0.963
9543;0.963
9544;0.963
965;1.445
9555;0.482
9556;0.482
9557;0.963
9558;0.963
9559;0.482
9560;0.963
966;0.963
9561;0.963
9562;0.963
9563;1.445
9564;1.445
9565;1.445
9566;0.963
9567;0.963
9568;0.482
9569;0.482
9570;0.482
967;0.482
9579;5.299
9580;5.781
968;0.482
9581;5.781
9582;5.781
9583;6.263
9584;7.226
9585;7.226
9586;7.226
9587;2.409
9588;2.409
9589;2.409
9590;2.409
969;0.482
9591;2.89
9592;1.445
9593;1.445
9594;1.445
9595;1.445
9596;0.482
9597;0.482
9598;0.482
970;0.482
9604;0.482
9605;0.482
9606;0.482
9607;0.482
9608;0.482
9609;0.963
9610;1.445
971;0.482
9611;1.445
9612;0.963
9613;0.963
9614;0.963
9615;1.445
9616;1.445
9617;1.927
9618;1.445
9619;1.927
9620;2.409
972;0.482
9621;4.817
9622;6.263
9623;5.781
9624;5.781
9625;5.299
9626;4.336
9627;3.854
9628;3.854
9629;1.445
9634;0.482
9635;0.482
9636;0.482
9637;0.482
9638;0.482
9639;0.482
9640;0.482
974;0.482
9641;0.482
975;0.482
976;0.482
977;0.482
978;0.482
9682;0.482
9683;0.482
9684;0.482
9685;0.482
9686;0.482
9687;0.482
9688;0.482
9689;0.963
9690;1.445
979;0.482
9691;0.963
9692;0.963
9693;0.963
9694;0.963
9695;0.963
9696;0.963
9697;0.482
9698;0.482
9699;0.963
9700;0.482
980;0.482
9701;0.482
9702;0.482
9703;1.445
9704;1.445
9705;1.927
9706;1.927
9707;1.927
9708;1.445
9709;1.927
9710;1.927
981;0.482
9711;1.927
9712;1.445
9713;0.963
9714;1.445
9715;1.927
9716;1.927
9717;1.927
9718;1.445
9719;0.963
9720;0.963
9721;0.963
9722;0.482
9723;0.482
9724;0.482
9725;0.482
9726;0.482
9727;0.482
9728;0.482
9729;0.482
9730;0.482
9731;0.482
9732;0.482
9733;0.482
9736;0.482
9737;0.482
9738;0.482
9739;0.482
9740;0.482
9741;0.482
9742;0.482
9743;0.482
9744;0.482
9769;0.482
9770;0.482
9771;0.482
9772;0.482
9773;0.482
9774;0.963
9775;0.963
9776;0.963
9777;0.482
9778;0.482
9779;0.963
9780;0.963
9781;0.963
9782;0.963
9783;1.927
9784;1.445
9785;1.445
9786;1.445
9787;0.963
9788;0.482
9789;0.482
9790;0.482
9806;0.482
9807;0.963
9808;0.963
9809;0.963
9810;0.963
9811;0.963
9812;0.963
9813;0.963
9814;0.963
9815;0.482
9816;0.963
9817;2.409
9818;3.854
9819;3.854
9820;4.336
9821;4.817
9822;4.336
9823;6.744
9824;6.744
9825;6.263
9826;5.299
9827;4.817
9828;4.336
9829;4.336
9830;3.854
9831;1.927
9832;1.445
9833;0.963
9834;0.482
9835;0.482
9855;0.482
9856;0.482
9857;0.482
9858;0.482
9859;0.482
9860;0.482
9861;0.482
9862;0.482
9863;0.482
9864;0.482
9896;0.482
9897;0.482
9898;0.963
9899;0.963
9900;1.445
9901;1.445
9902;1.927
9903;1.927
9904;1.445
9905;1.445
9906;1.445
9907;1.445
9908;0.963
9909;0.963
9910;0.963
9911;0.963
9912;0.963
9913;1.445
9914;0.963
9915;0.963
9916;0.963
9917;1.927
9918;1.927
9919;1.927
9920;1.445
9921;0.963
9922;0.963
1003;0.482
9923;0.963
9924;0.963
9925;0.482
9929;0.482
9930;0.482
9931;0.482
9932;0.482
1004;0.482
9933;0.482
9934;0.482
9935;0.482
9936;0.482
9937;0.482
1005;0.482
9946;0.482
9947;0.482
9948;0.482
9949;0.482
9950;0.482
9951;0.482
9952;0.482
1006;0.482
9953;0.482
1007;0.482
1008;0.482
9976;0.482
9977;0.482
9978;0.482
9979;0.482
9980;0.482
9981;0.482
9982;0.482
1009;0.482
9983;0.482
9989;0.482
9990;0.482
9991;0.482
9992;0.482
1010;0.482
9993;0.482
9994;0.482
9995;0.482
9996;0.482
9997;0.482
1011;0.482
1;0
2;0
3;0
4;0
5;0
6;0
7;0
8;0
9;0
10;0
11;0
12;0
13;0
14;0
15;0
16;0
17;0
33;0
34;0
35;0
36;0
37;0
38;0
39;0
40;0
41;0
42;0
43;0
44;0
45;0
46;0
47;0
48;0
49;0
50;0
51;0
52;0
53;0
54;0
55;0
56;0
57;0
58;0
59;0
60;0
61;0
62;0
63;0
64;0
65;0
66;0
67;0
68;0
69;0
70;0
71;0
72;0
73;0
74;0
75;0
76;0
77;0
97;0
98;0
99;0
100;0
101;0
102;0
103;0
104;0
105;0
106;0
107;0
108;0
109;0
110;0
111;0
112;0
113;0
114;0
115;0
116;0
117;0
118;0
119;0
120;0
121;0
122;0
142;0
143;0
144;0
145;0
146;0
147;0
148;0
149;0
150;0
151;0
152;0
153;0
154;0
155;0
156;0
157;0
158;0
159;0
160;0
161;0
162;0
163;0
164;0
165;0
166;0
167;0
168;0
169;0
170;0
171;0
172;0
173;0
174;0
175;0
176;0
177;0
178;0
179;0
180;0
181;0
182;0
183;0
184;0
185;0
186;0
187;0
188;0
189;0
190;0
191;0
192;0
193;0
194;0
195;0
196;0
197;0
198;0
199;0
200;0
201;0
202;0
203;0
204;0
205;0
206;0
207;0
208;0
209;0
210;0
211;0
212;0
213;0
214;0
215;0
216;0
217;0
218;0
219;0
220;0
221;0
222;0
223;0
224;0
225;0
226;0
227;0
236;0
237;0
238;0
239;0
240;0
241;0
242;0
243;0
244;0
245;0
246;0
247;0
248;0
249;0
250;0
251;0
252;0
253;0
254;0
255;0
256;0
257;0
258;0
259;0
260;0
261;0
262;0
263;0
264;0
265;0
266;0
267;0
283;0
284;0
285;0
286;0
287;0
288;0
289;0
290;0
291;0
292;0
293;0
294;0
295;0
296;0
297;0
298;0
299;0
300;0
301;0
302;0
303;0
304;0
305;0
306;0
307;0
308;0
309;0
310;0
311;0
312;0
313;0
314;0
315;0
331;0
332;0
333;0
334;0
335;0
336;0
337;0
338;0
339;0
340;0
341;0
342;0
343;0
344;0
345;0
346;0
347;0
348;0
349;0
350;0
351;0
352;0
353;0
354;0
355;0
356;0
357;0
358;0
359;0
360;0
361;0
362;0
363;0
364;0
365;0
366;0
367;0
368;0
369;0
370;0
371;0
372;0
373;0
374;0
375;0
376;0
377;0
378;0
379;0
380;0
381;0
382;0
383;0
384;0
385;0
386;0
387;0
388;0
389;0
390;0
391;0
392;0
393;0
394;0
395;0
396;0
397;0
398;0
407;0
418;0
419;0
420;0
421;0
422;0
423;0
424;0
438;0
439;0
440;0
441;0
442;0
443;0
444;0
445;0
446;0
447;0
448;0
449;0
450;0
451;0
452;0
453;0
454;0
455;0
456;0
457;0
458;0
459;0
468;0
469;0
470;0
471;0
472;0
473;0
474;0
475;0
476;0
477;0
478;0
479;0
480;0
481;0
482;0
483;0
484;0
485;0
486;0
487;0
488;0
489;0
490;0
491;0
492;0
493;0
494;0
495;0
496;0
497;0
498;0
499;0
500;0
501;0
502;0
503;0
504;0
505;0
506;0
507;0
508;0
509;0
510;0
511;0
512;0
513;0
514;0
515;0
516;0
517;0
518;0
519;0
520;0
521;0
522;0
523;0
524;0
525;0
526;0
527;0
528;0
529;0
530;0
531;0
532;0
533;0
534;0
535;0
536;0
537;0
538;0
539;0
540;0
541;0
550;0
551;0
552;0
553;0
554;0
555;0
556;0
557;0
558;0
559;0
560;0
561;0
562;0
563;0
564;0
565;0
566;0
567;0
568;0
569;0
570;0
571;0
572;0
573;0
588;0
589;0
590;0
591;0
592;0
593;0
594;0
595;0
596;0
597;0
598;0
599;0
600;0
601;0
602;0
603;0
604;0
605;0
606;0
607;0
608;0
609;0
610;0
611;0
612;0
613;0
614;0
615;0
616;0
617;0
618;0
619;0
620;0
621;0
622;0
623;0
624;0
625;0
626;0
627;0
628;0
629;0
630;0
631;0
632;0
633;0
634;0
635;0
636;0
637;0
638;0
639;0
640;0
641;0
642;0
643;0
644;0
645;0
646;0
647;0
648;0
649;0
650;0
651;0
652;0
662;0
663;0
664;0
665;0
666;0
667;0
668;0
669;0
670;0
671;0
672;0
673;0
674;0
675;0
676;0
677;0
678;0
679;0
680;0
681;0
682;0
683;0
684;0
685;0
686;0
687;0
688;0
697;0
698;0
699;0
700;0
701;0
702;0
703;0
704;0
705;0
706;0
707;0
708;0
709;0
710;0
711;0
712;0
713;0
722;0
723;0
724;0
725;0
752;0
753;0
754;0
755;0
756;0
757;0
758;0
759;0
760;0
761;0
762;0
763;0
764;0
765;0
766;0
767;0
768;0
769;0
770;0
771;0
772;0
773;0
774;0
775;0
776;0
777;0
778;0
779;0
780;0
781;0
790;0
791;0
792;0
793;0
794;0
795;0
796;0
797;0
798;0
799;0
800;0
801;0
802;0
803;0
804;0
805;0
806;0
807;0
808;0
809;0
810;0
811;0
812;0
813;0
814;0
815;0
816;0
817;0
818;0
819;0
820;0
821;0
822;0
823;0
824;0
825;0
826;0
827;0
828;0
829;0
830;0
831;0
832;0
833;0
834;0
835;0
836;0
837;0
838;0
839;0
840;0
841;0
842;0
843;0
844;0
845;0
846;0
847;0
848;0
849;0
850;0
851;0
852;0
853;0
854;0
855;0
856;0
857;0
858;0
859;0
860;0
861;0
862;0
863;0
864;0
865;0
866;0
867;0
868;0
869;0
870;0
871;0
872;0
873;0
874;0
875;0
876;0
877;0
878;0
879;0
880;0
881;0
882;0
883;0
884;0
885;0
886;0
887;0
888;0
889;0
890;0
891;0
892;0
901;0
902;0
903;0
904;0
905;0
906;0
907;0
908;0
909;0
910;0
911;0
912;0
913;0
914;0
915;0
916;0
917;0
918;0
919;0
920;0
921;0
922;0
923;0
924;0
925;0
926;0
927;0
928;0
929;0
930;0
931;0
932;0
933;0
934;0
935;0
936;0
937;0
938;0
939;0
940;0
941;0
942;0
943;0
944;0
945;0
946;0
947;0
948;0
949;0
950;0
951;0
952;0
953;0
954;0
955;0
956;0
957;0
973;0
982;0
983;0
984;0
985;0
986;0
987;0
988;0
989;0
990;0
991;0
992;0
993;0
994;0
995;0
996;0
997;0
998;0
999;0
1000;0
1001;0
1002;0
1012;0
1013;0
1014;0
1015;0
1016;0
1017;0
1018;0
1019;0
1020;0
1029;0
1030;0
1031;0
1032;0
1033;0
1034;0
1035;0
1036;0
1037;0
1038;0
1039;0
1040;0
1041;0
1042;0
1043;0
1060;0
1061;0
1062;0
1063;0
1064;0
1065;0
1066;0
1067;0
1068;0
1069;0
1070;0
1071;0
1072;0
1073;0
1074;0
1075;0
1076;0
1099;0
1100;0
1101;0
1102;0
1103;0
1104;0
1105;0
1106;0
1107;0
1108;0
1109;0
1110;0
1111;0
1112;0
1121;0
1122;0
1123;0
1124;0
1125;0
1126;0
1127;0
1157;0
1158;0
1159;0
1160;0
1161;0
1162;0
1163;0
1164;0
1165;0
1166;0
1167;0
1168;0
1169;0
1170;0
1171;0
1172;0
1173;0
1174;0
1175;0
1176;0
1177;0
1178;0
1179;0
1180;0
1181;0
1182;0
1183;0
1184;0
1185;0
1186;0
1187;0
1188;0
1189;0
1190;0
1191;0
1192;0
1193;0
1194;0
1195;0
1196;0
1197;0
1198;0
1215;0
1216;0
1217;0
1218;0
1219;0
1231;0
1232;0
1233;0
1234;0
1235;0
1236;0
1237;0
1238;0
1254;0
1255;0
1256;0
1257;0
1258;0
1259;0
1260;0
1261;0
1262;0
1263;0
1264;0
1265;0
1266;0
1267;0
1268;0
1269;0
1270;0
1271;0
1272;0
1273;0
1274;0
1283;0
1284;0
1285;0
1286;0
1287;0
1288;0
1289;0
1290;0
1291;0
1292;0
1293;0
1302;0
1303;0
1304;0
1305;0
1306;0
1307;0
1308;0
1309;0
1310;0
1311;0
1312;0
1313;0
1314;0
1315;0
1316;0
1317;0
1318;0
1319;0
1320;0
1321;0
1322;0
1323;0
1324;0
1325;0
1326;0
1327;0
1328;0
1329;0
1330;0
1331;0
1332;0
1333;0
1334;0
1335;0
1336;0
1337;0
1338;0
1339;0
1340;0
1341;0
1342;0
1343;0
1344;0
1345;0
1346;0
1347;0
1348;0
1349;0
1350;0
1372;0
1373;0
1374;0
1375;0
1376;0
1377;0
1378;0
1379;0
1380;0
1381;0
1382;0
1383;0
1384;0
1385;0
1386;0
1387;0
1388;0
1389;0
1390;0
1391;0
1392;0
1393;0
1394;0
1395;0
1396;0
1397;0
1398;0
1399;0
1400;0
1401;0
1402;0
1403;0
1404;0
1405;0
1406;0
1407;0
1408;0
1409;0
1410;0
1411;0
1412;0
1413;0
1414;0
1415;0
1416;0
1417;0
1418;0
1419;0
1420;0
1421;0
1422;0
1423;0
1424;0
1425;0
1426;0
1427;0
1428;0
1429;0
1430;0
1431;0
1432;0
1433;0
1446;0
1447;0
1448;0
1449;0
1450;0
1451;0
1452;0
1453;0
1454;0
1455;0
1456;0
1457;0
1458;0
1459;0
1460;0
1461;0
1462;0
1463;0
1464;0
1465;0
1466;0
1467;0
1468;0
1469;0
1470;0
1471;0
1472;0
1473;0
1474;0
1475;0
1476;0
1477;0
1478;0
1479;0
1480;0
1481;0
1503;0
1513;0
1514;0
1515;0
1516;0
1517;0
1518;0
1519;0
1520;0
1521;0
1522;0
1523;0
1524;0
1525;0
1526;0
1527;0
1528;0
1529;0
1530;0
1531;0
1532;0
1533;0
1534;0
1535;0
1536;0
1537;0
1538;0
1539;0
1540;0
1541;0
1542;0
1543;0
1544;0
1545;0
1546;0
1547;0
1548;0
1549;0
1550;0
1551;0
1552;0
1553;0
1554;0
1555;0
1564;0
1565;0
1566;0
1567;0
1568;0
1569;0
1570;0
1571;0
1572;0
1573;0
1574;0
1575;0
1576;0
1577;0
1578;0
1579;0
1580;0
1581;0
1582;0
1583;0
1584;0
1585;0
1586;0
1587;0
1588;0
1589;0
1590;0
1591;0
1592;0
1593;0
1594;0
1595;0
1596;0
1597;0
1598;0
1599;0
1600;0
1601;0
1602;0
1603;0
1604;0
1605;0
1606;0
1607;0
1608;0
1609;0
1610;0
1643;0
1644;0
1645;0
1646;0
1647;0
1648;0
1649;0
1650;0
1651;0
1652;0
1653;0
1663;0
1664;0
1665;0
1666;0
1667;0
1668;0
1669;0
1670;0
1671;0
1672;0
1673;0
1674;0
1675;0
1676;0
1677;0
1678;0
1679;0
1680;0
1681;0
1682;0
1683;0
1684;0
1685;0
1686;0
1687;0
1688;0
1689;0
1690;0
1691;0
1723;0
1724;0
1725;0
1726;0
1727;0
1728;0
1729;0
1730;0
1731;0
1732;0
1733;0
1734;0
1735;0
1736;0
1741;0
1750;0
1751;0
1752;0
1753;0
1754;0
1755;0
1773;0
1774;0
1775;0
1776;0
1777;0
1778;0
1779;0
1780;0
1781;0
1782;0
1816;0
1829;0
1830;0
1844;0
1845;0
1846;0
1847;0
1848;0
1849;0
1850;0
1851;0
1852;0
1853;0
1854;0
1855;0
1856;0
1857;0
1858;0
1859;0
1860;0
1861;0
1862;0
1863;0
1883;0
1884;0
1885;0
1886;0
1887;0
1888;0
1889;0
1890;0
1891;0
1892;0
1893;0
1894;0
1895;0
1896;0
1897;0
1898;0
1899;0
1909;0
1910;0
1911;0
1912;0
1913;0
1914;0
1915;0
1916;0
1917;0
1918;0
1919;0
1920;0
1921;0
1922;0
1923;0
1924;0
1925;0
1926;0
1946;0
1947;0
1948;0
1949;0
1950;0
1951;0
1952;0
1953;0
1954;0
1955;0
1956;0
1957;0
1958;0
1959;0
1960;0
1961;0
1962;0
1963;0
1964;0
1965;0
1966;0
1967;0
1968;0
1969;0
1978;0
1979;0
1980;0
1981;0
1997;0
1998;0
1999;0
2000;0
2001;0
2002;0
2003;0
2004;0
2005;0
2006;0
2007;0
2008;0
2009;0
2010;0
2011;0
2012;0
2013;0
2014;0
2015;0
2016;0
2017;0
2018;0
2019;0
2020;0
2030;0
2031;0
2032;0
2033;0
2034;0
2035;0
2036;0
2037;0
2038;0
2039;0
2040;0
2041;0
2042;0
2043;0
2044;0
2045;0
2051;0
2052;0
2053;0
2054;0
2055;0
2056;0
2057;0
2058;0
2059;0
2060;0
2061;0
2062;0
2063;0
2064;0
2065;0
2083;0
2084;0
2085;0
2086;0
2087;0
2088;0
2089;0
2090;0
2091;0
2092;0
2093;0
2094;0
2095;0
2096;0
2097;0
2098;0
2099;0
2100;0
2101;0
2102;0
2103;0
2104;0
2105;0
2106;0
2107;0
2108;0
2109;0
2110;0
2111;0
2112;0
2113;0
2114;0
2115;0
2116;0
2117;0
2118;0
2119;0
2120;0
2121;0
2136;0
2137;0
2138;0
2139;0
2140;0
2141;0
2142;0
2143;0
2144;0
2145;0
2146;0
2147;0
2148;0
2149;0
2150;0
2151;0
2152;0
2153;0
2154;0
2155;0
2156;0
2157;0
2158;0
2159;0
2160;0
2161;0
2162;0
2163;0
2164;0
2165;0
2166;0
2174;0
2175;0
2176;0
2177;0
2178;0
2179;0
2188;0
2189;0
2190;0
2191;0
2192;0
2193;0
2194;0
2195;0
2196;0
2197;0
2198;0
2199;0
2200;0
2201;0
2202;0
2203;0
2204;0
2221;0
2230;0
2231;0
2232;0
2233;0
2234;0
2235;0
2236;0
2237;0
2238;0
2239;0
2240;0
2241;0
2242;0
2243;0
2244;0
2245;0
2246;0
2247;0
2248;0
2249;0
2250;0
2251;0
2260;0
2261;0
2303;0
2304;0
2305;0
2306;0
2307;0
2308;0
2309;0
2310;0
2329;0
2330;0
2331;0
2332;0
2333;0
2334;0
2335;0
2336;0
2346;0
2347;0
2348;0
2349;0
2350;0
2351;0
2352;0
2353;0
2354;0
2355;0
2356;0
2357;0
2358;0
2359;0
2360;0
2361;0
2362;0
2363;0
2364;0
2365;0
2366;0
2367;0
2368;0
2369;0
2370;0
2371;0
2372;0
2373;0
2374;0
2384;0
2385;0
2386;0
2387;0
2388;0
2389;0
2390;0
2391;0
2392;0
2393;0
2394;0
2395;0
2396;0
2397;0
2398;0
2399;0
2400;0
2401;0
2402;0
2403;0
2427;0
2447;0
2448;0
2457;0
2458;0
2459;0
2460;0
2461;0
2462;0
2463;0
2464;0
2465;0
2489;0
2490;0
2500;0
2501;0
2502;0
2511;0
2512;0
2513;0
2514;0
2529;0
2567;0
2568;0
2569;0
2570;0
2571;0
2572;0
2573;0
2574;0
2575;0
2576;0
2577;0
2578;0
2579;0
2580;0
2581;0
2582;0
2583;0
2584;0
2585;0
2586;0
2587;0
2588;0
2589;0
2590;0
2591;0
2600;0
2601;0
2602;0
2603;0
2604;0
2605;0
2606;0
2607;0
2608;0
2609;0
2610;0
2611;0
2612;0
2621;0
2622;0
2623;0
2624;0
2625;0
2626;0
2627;0
2628;0
2629;0
2630;0
2631;0
2632;0
2633;0
2634;0
2635;0
2636;0
2637;0
2638;0
2639;0
2640;0
2641;0
2642;0
2643;0
2644;0
2657;0
2667;0
2668;0
2669;0
2670;0
2671;0
2672;0
2673;0
2674;0
2675;0
2676;0
2677;0
2678;0
2679;0
2692;0
2693;0
2694;0
2703;0
2704;0
2705;0
2706;0
2707;0
2708;0
2709;0
2710;0
2711;0
2712;0
2713;0
2714;0
2715;0
2716;0
2717;0
2718;0
2719;0
2720;0
2721;0
2722;0
2723;0
2724;0
2735;0
2736;0
2737;0
2738;0
2739;0
2740;0
2741;0
2742;0
2743;0
2744;0
2745;0
2746;0
2747;0
2748;0
2749;0
2750;0
2751;0
2752;0
2762;0
2763;0
2764;0
2765;0
2766;0
2767;0
2768;0
2769;0
2770;0
2771;0
2772;0
2773;0
2774;0
2775;0
2792;0
2793;0
2794;0
2807;0
2808;0
2809;0
2817;0
2818;0
2819;0
2831;0
2832;0
2833;0
2834;0
2835;0
2836;0
2837;0
2838;0
2839;0
2840;0
2841;0
2842;0
2843;0
2844;0
2845;0
2846;0
2847;0
2848;0
2849;0
2850;0
2851;0
2852;0
2853;0
2854;0
2855;0
2856;0
2857;0
2858;0
2859;0
2860;0
2861;0
2862;0
2871;0
2872;0
2873;0
2874;0
2875;0
2876;0
2877;0
2878;0
2879;0
2880;0
2881;0
2882;0
2883;0
2884;0
2885;0
2886;0
2887;0
2888;0
2889;0
2890;0
2891;0
2892;0
2893;0
2894;0
2895;0
2896;0
2897;0
2898;0
2899;0
2900;0
2901;0
2902;0
2903;0
2904;0
2905;0
2921;0
2922;0
2923;0
2936;0
2937;0
2938;0
2939;0
2940;0
2941;0
2942;0
2943;0
2944;0
2945;0
2946;0
2947;0
2948;0
2949;0
2950;0
2951;0
2952;0
2953;0
2954;0
2955;0
2956;0
2957;0
2958;0
2959;0
2960;0
2961;0
2962;0
2963;0
2964;0
2965;0
2966;0
2967;0
2968;0
2969;0
2970;0
2971;0
2972;0
2973;0
2974;0
2975;0
2976;0
2985;0
2986;0
2987;0
3016;0
3017;0
3018;0
3033;0
3044;0
3045;0
3046;0
3047;0
3048;0
3086;0
3087;0
3088;0
3089;0
3090;0
3100;0
3101;0
3102;0
3103;0
3104;0
3105;0
3106;0
3107;0
3108;0
3109;0
3110;0
3111;0
3112;0
3113;0
3114;0
3115;0
3116;0
3117;0
3118;0
3119;0
3120;0
3121;0
3122;0
3123;0
3124;0
3125;0
3126;0
3127;0
3128;0
3129;0
3130;0
3131;0
3132;0
3133;0
3134;0
3135;0
3144;0
3145;0
3154;0
3155;0
3180;0
3181;0
3182;0
3198;0
3199;0
3200;0
3201;0
3202;0
3203;0
3204;0
3205;0
3206;0
3207;0
3208;0
3209;0
3210;0
3211;0
3224;0
3225;0
3226;0
3227;0
3228;0
3229;0
3230;0
3231;0
3232;0
3233;0
3234;0
3235;0
3236;0
3237;0
3238;0
3239;0
3240;0
3241;0
3242;0
3243;0
3244;0
3245;0
3246;0
3247;0
3248;0
3249;0
3250;0
3251;0
3252;0
3253;0
3254;0
3255;0
3256;0
3257;0
3258;0
3259;0
3260;0
3261;0
3262;0
3263;0
3264;0
3265;0
3266;0
3267;0
3268;0
3269;0
3270;0
3271;0
3272;0
3281;0
3282;0
3283;0
3293;0
3294;0
3295;0
3296;0
3297;0
3298;0
3299;0
3308;0
3309;0
3310;0
3311;0
3312;0
3313;0
3314;0
3315;0
3316;0
3317;0
3318;0
3319;0
3320;0
3321;0
3322;0
3323;0
3324;0
3325;0
3326;0
3327;0
3328;0
3329;0
3330;0
3331;0
3332;0
3333;0
3334;0
3335;0
3336;0
3337;0
3338;0
3339;0
3340;0
3341;0
3342;0
3372;0
3373;0
3374;0
3375;0
3376;0
3436;0
3437;0
3438;0
3439;0
3440;0
3441;0
3442;0
3452;0
3453;0
3454;0
3455;0
3456;0
3457;0
3458;0
3459;0
3460;0
3461;0
3462;0
3463;0
3464;0
3465;0
3466;0
3467;0
3468;0
3469;0
3470;0
3471;0
3482;0
3483;0
3484;0
3498;0
3499;0
3500;0
3501;0
3502;0
3503;0
3504;0
3505;0
3506;0
3516;0
3517;0
3518;0
3519;0
3533;0
3534;0
3535;0
3548;0
3549;0
3550;0
3551;0
3552;0
3553;0
3554;0
3555;0
3556;0
3557;0
3558;0
3559;0
3560;0
3561;0
3562;0
3563;0
3564;0
3565;0
3566;0
3567;0
3568;0
3569;0
3570;0
3571;0
3572;0
3573;0
3574;0
3575;0
3576;0
3577;0
3578;0
3579;0
3580;0
3581;0
3582;0
3583;0
3584;0
3585;0
3586;0
3587;0
3588;0
3589;0
3590;0
3591;0
3592;0
3593;0
3594;0
3595;0
3596;0
3597;0
3598;0
3599;0
3614;0
3615;0
3616;0
3617;0
3618;0
3619;0
3620;0
3621;0
3622;0
3623;0
3624;0
3625;0
3626;0
3627;0
3638;0
3639;0
3640;0
3641;0
3642;0
3643;0
3644;0
3645;0
3646;0
3658;0
3659;0
3660;0
3661;0
3673;0
3674;0
3684;0
3685;0
3686;0
3687;0
3688;0
3702;0
3703;0
3723;0
3724;0
3725;0
3726;0
3727;0
3728;0
3729;0
3730;0
3731;0
3732;0
3733;0
3734;0
3735;0
3761;0
3762;0
3763;0
3764;0
3765;0
3766;0
3767;0
3768;0
3769;0
3770;0
3771;0
3772;0
3773;0
3774;0
3775;0
3776;0
3777;0
3778;0
3779;0
3780;0
3795;0
3810;0
3819;0
3820;0
3821;0
3822;0
3823;0
3824;0
3825;0
3826;0
3827;0
3828;0
3829;0
3868;0
3869;0
3870;0
3871;0
3872;0
3873;0
3874;0
3875;0
3876;0
3877;0
3878;0
3879;0
3880;0
3881;0
3882;0
3893;0
3894;0
3895;0
3896;0
3897;0
3898;0
3899;0
3900;0
3901;0
3902;0
3903;0
3904;0
3905;0
3918;0
3919;0
3920;0
3921;0
3922;0
3923;0
3924;0
3925;0
3926;0
3927;0
3966;0
3967;0
3968;0
3969;0
3970;0
3971;0
3972;0
3981;0
3982;0
3983;0
4002;0
4003;0
4004;0
4005;0
4006;0
4007;0
4008;0
4045;0
4046;0
4047;0
4048;0
4049;0
4050;0
4051;0
4069;0
4070;0
4088;0
4089;0
4090;0
4105;0
4106;0
4116;0
4117;0
4118;0
4119;0
4120;0
4121;0
4122;0
4123;0
4124;0
4125;0
4126;0
4155;0
4156;0
4165;0
4166;0
4167;0
4168;0
4169;0
4170;0
4171;0
4172;0
4173;0
4174;0
4175;0
4176;0
4177;0
4178;0
4179;0
4180;0
4181;0
4182;0
4183;0
4184;0
4185;0
4186;0
4187;0
4188;0
4189;0
4190;0
4191;0
4192;0
4193;0
4194;0
4195;0
4196;0
4197;0
4198;0
4199;0
4200;0
4201;0
4202;0
4203;0
4204;0
4205;0
4206;0
4207;0
4208;0
4209;0
4210;0
4211;0
4240;0
4241;0
4242;0
4243;0
4244;0
4245;0
4246;0
4247;0
4248;0
4249;0
4250;0
4251;0
4252;0
4253;0
4254;0
4255;0
4256;0
4257;0
4269;0
4281;0
4282;0
4283;0
4284;0
4285;0
4296;0
4297;0
4298;0
4299;0
4300;0
4318;0
4319;0
4335;0
4336;0
4337;0
4338;0
4339;0
4340;0
4341;0
4342;0
4343;0
4344;0
4345;0
4346;0
4347;0
4348;0
4349;0
4350;0
4376;0
4385;0
4386;0
4387;0
4396;0
4397;0
4398;0
4399;0
4400;0
4401;0
4402;0
4403;0
4404;0
4405;0
4406;0
4407;0
4408;0
4409;0
4410;0
4411;0
4412;0
4413;0
4414;0
4415;0
4416;0
4417;0
4418;0
4419;0
4420;0
4421;0
4422;0
4423;0
4424;0
4425;0
4426;0
4427;0
4428;0
4429;0
4430;0
4431;0
4432;0
4433;0
4434;0
4449;0
4450;0
4451;0
4466;0
4467;0
4468;0
4469;0
4470;0
4471;0
4472;0
4473;0
4474;0
4475;0
4476;0
4477;0
4478;0
4479;0
4480;0
4481;0
4503;0
4504;0
4505;0
4506;0
4507;0
4508;0
4509;0
4510;0
4511;0
4512;0
4513;0
4514;0
4515;0
4516;0
4517;0
4518;0
4519;0
4520;0
4521;0
4522;0
4523;0
4524;0
4533;0
4534;0
4535;0
4536;0
4537;0
4538;0
4539;0
4540;0
4541;0
4542;0
4543;0
4544;0
4545;0
4555;0
4556;0
4557;0
4558;0
4559;0
4560;0
4561;0
4562;0
4563;0
4564;0
4565;0
4566;0
4567;0
4568;0
4569;0
4570;0
4571;0
4572;0
4573;0
4574;0
4575;0
4576;0
4577;0
4578;0
4579;0
4580;0
4581;0
4582;0
4583;0
4584;0
4585;0
4586;0
4587;0
4588;0
4589;0
4601;0
4602;0
4603;0
4604;0
4605;0
4606;0
4607;0
4608;0
4609;0
4610;0
4611;0
4620;0
4621;0
4622;0
4623;0
4624;0
4625;0
4626;0
4627;0
4628;0
4642;0
4651;0
4652;0
4653;0
4654;0
4655;0
4656;0
4657;0
4658;0
4659;0
4660;0
4661;0
4662;0
4663;0
4664;0
4665;0
4666;0
4667;0
4668;0
4677;0
4678;0
4679;0
4680;0
4681;0
4682;0
4683;0
4684;0
4685;0
4686;0
4687;0
4706;0
4707;0
4708;0
4709;0
4710;0
4711;0
4712;0
4713;0
4714;0
4715;0
4716;0
4717;0
4718;0
4719;0
4720;0
4721;0
4722;0
4723;0
4724;0
4725;0
4726;0
4727;0
4728;0
4729;0
4730;0
4731;0
4732;0
4733;0
4750;0
4751;0
4752;0
4753;0
4754;0
4755;0
4756;0
4757;0
4786;0
4787;0
4788;0
4789;0
4790;0
4791;0
4792;0
4793;0
4794;0
4795;0
4805;0
4806;0
4807;0
4808;0
4809;0
4810;0
4811;0
4812;0
4813;0
4814;0
4815;0
4816;0
4817;0
4818;0
4819;0
4820;0
4821;0
4822;0
4823;0
4824;0
4825;0
4826;0
4827;0
4828;0
4829;0
4830;0
4831;0
4832;0
4833;0
4834;0
4835;0
4836;0
4837;0
4861;0
4862;0
4873;0
4874;0
4875;0
4876;0
4877;0
4878;0
4879;0
4880;0
4881;0
4882;0
4883;0
4884;0
4885;0
4886;0
4887;0
4888;0
4889;0
4890;0
4891;0
4892;0
4893;0
4894;0
4895;0
4896;0
4897;0
4898;0
4899;0
4900;0
4901;0
4910;0
4911;0
4912;0
4913;0
4914;0
4915;0
4916;0
4917;0
4918;0
4919;0
4920;0
4921;0
4922;0
4923;0
4924;0
4925;0
4934;0
4935;0
4936;0
4946;0
4947;0
4948;0
4949;0
4960;0
4961;0
4982;0
4983;0
4984;0
4985;0
4986;0
4987;0
4988;0
4989;0
4990;0
4991;0
4992;0
4993;0
4994;0
4995;0
4996;0
4997;0
4998;0
4999;0
5000;0
5001;0
5002;0
5003;0
5020;0
5021;0
5022;0
5023;0
5024;0
5025;0
5026;0
5027;0
5028;0
5029;0
5030;0
5031;0
5032;0
5056;0
5057;0
5058;0
5059;0
5060;0
5061;0
5062;0
5073;0
5074;0
5099;0
5100;0
5137;0
5138;0
5139;0
5140;0
5141;0
5142;0
5143;0
5144;0
5145;0
5146;0
5147;0
5148;0
5149;0
5150;0
5151;0
5152;0
5153;0
5154;0
5155;0
5156;0
5157;0
5158;0
5159;0
5160;0
5161;0
5162;0
5163;0
5164;0
5165;0
5166;0
5167;0
5168;0
5169;0
5170;0
5171;0
5172;0
5173;0
5174;0
5175;0
5176;0
5177;0
5178;0
5179;0
5180;0
5181;0
5182;0
5183;0
5193;0
5194;0
5195;0
5196;0
5197;0
5198;0
5199;0
5211;0
5212;0
5213;0
5214;0
5215;0
5225;0
5234;0
5235;0
5245;0
5246;0
5247;0
5248;0
5249;0
5250;0
5251;0
5252;0
5253;0
5254;0
5255;0
5256;0
5257;0
5258;0
5280;0
5281;0
5282;0
5283;0
5284;0
5285;0
5286;0
5287;0
5288;0
5289;0
5290;0
5291;0
5292;0
5293;0
5294;0
5295;0
5296;0
5297;0
5298;0
5299;0
5300;0
5309;0
5318;0
5319;0
5333;0
5334;0
5335;0
5336;0
5337;0
5338;0
5339;0
5340;0
5341;0
5342;0
5353;0
5354;0
5355;0
5383;0
5384;0
5405;0
5406;0
5407;0
5417;0
5418;0
5419;0
5420;0
5421;0
5422;0
5423;0
5432;0
5433;0
5470;0
5471;0
5472;0
5473;0
5474;0
5475;0
5476;0
5477;0
5478;0
5479;0
5480;0
5481;0
5491;0
5492;0
5501;0
5502;0
5503;0
5504;0
5505;0
5506;0
5507;0
5508;0
5509;0
5510;0
5511;0
5512;0
5513;0
5514;0
5515;0
5516;0
5517;0
5518;0
5519;0
5520;0
5521;0
5522;0
5523;0
5524;0
5525;0
5526;0
5542;0
5543;0
5544;0
5545;0
5546;0
5547;0
5548;0
5549;0
5550;0
5551;0
5552;0
5553;0
5554;0
5555;0
5556;0
5557;0
5558;0
5559;0
5560;0
5561;0
5562;0
5563;0
5572;0
5573;0
5574;0
5575;0
5576;0
5577;0
5590;0
5591;0
5592;0
5593;0
5594;0
5595;0
5612;0
5613;0
5614;0
5615;0
5616;0
5617;0
5618;0
5619;0
5620;0
5621;0
5622;0
5623;0
5624;0
5625;0
5626;0
5627;0
5628;0
5629;0
5630;0
5631;0
5632;0
5633;0
5634;0
5635;0
5636;0
5637;0
5638;0
5639;0
5640;0
5657;0
5666;0
5675;0
5687;0
5688;0
5689;0
5690;0
5691;0
5692;0
5693;0
5694;0
5695;0
5696;0
5697;0
5698;0
5699;0
5700;0
5701;0
5702;0
5703;0
5704;0
5705;0
5706;0
5707;0
5708;0
5709;0
5710;0
5711;0
5712;0
5713;0
5714;0
5715;0
5716;0
5717;0
5718;0
5719;0
5720;0
5721;0
5722;0
5723;0
5724;0
5725;0
5741;0
5742;0
5743;0
5744;0
5745;0
5746;0
5747;0
5748;0
5749;0
5750;0
5751;0
5752;0
5753;0
5754;0
5766;0
5767;0
5768;0
5769;0
5770;0
5771;0
5772;0
5795;0
5796;0
5797;0
5798;0
5799;0
5800;0
5801;0
5802;0
5803;0
5804;0
5805;0
5806;0
5807;0
5808;0
5809;0
5810;0
5819;0
5820;0
5821;0
5822;0
5823;0
5824;0
5833;0
5834;0
5835;0
5836;0
5837;0
5838;0
5839;0
5840;0
5841;0
5842;0
5843;0
5844;0
5845;0
5846;0
5847;0
5848;0
5849;0
5850;0
5851;0
5852;0
5853;0
5854;0
5855;0
5856;0
5857;0
5858;0
5859;0
5860;0
5861;0
5862;0
5863;0
5883;0
5884;0
5885;0
5886;0
5887;0
5888;0
5889;0
5898;0
5916;0
5917;0
5918;0
5919;0
5920;0
5921;0
5922;0
5923;0
5924;0
5925;0
5926;0
5927;0
5928;0
5929;0
5930;0
5931;0
5932;0
5933;0
5934;0
5935;0
5936;0
5937;0
5938;0
5939;0
5940;0
5941;0
5942;0
5943;0
5944;0
5996;0
5997;0
5998;0
5999;0
6000;0
6001;0
6002;0
6003;0
6004;0
6005;0
6006;0
6007;0
6008;0
6009;0
6010;0
6011;0
6012;0
6013;0
6014;0
6015;0
6016;0
6017;0
6018;0
6019;0
6020;0
6021;0
6022;0
6023;0
6024;0
6025;0
6026;0
6027;0
6028;0
6029;0
6030;0
6031;0
6032;0
6033;0
6034;0
6035;0
6036;0
6037;0
6038;0
6039;0
6040;0
6041;0
6042;0
6043;0
6044;0
6045;0
6046;0
6057;0
6058;0
6059;0
6060;0
6061;0
6062;0
6063;0
6064;0
6073;0
6082;0
6083;0
6095;0
6096;0
6097;0
6098;0
6099;0
6100;0
6101;0
6102;0
6103;0
6104;0
6105;0
6106;0
6107;0
6108;0
6109;0
6110;0
6111;0
6112;0
6113;0
6114;0
6123;0
6124;0
6125;0
6153;0
6154;0
6163;0
6164;0
6165;0
6166;0
6167;0
6168;0
6169;0
6170;0
6171;0
6172;0
6173;0
6174;0
6175;0
6176;0
6177;0
6178;0
6179;0
6180;0
6181;0
6182;0
6183;0
6184;0
6185;0
6186;0
6187;0
6188;0
6189;0
6190;0
6191;0
6192;0
6193;0
6194;0
6195;0
6196;0
6197;0
6198;0
6212;0
6213;0
6214;0
6215;0
6216;0
6217;0
6218;0
6219;0
6220;0
6221;0
6222;0
6232;0
6233;0
6234;0
6235;0
6236;0
6237;0
6238;0
6264;0
6265;0
6266;0
6267;0
6268;0
6269;0
6270;0
6271;0
6272;0
6273;0
6274;0
6275;0
6276;0
6277;0
6286;0
6287;0
6288;0
6289;0
6290;0
6291;0
6292;0
6293;0
6294;0
6295;0
6296;0
6297;0
6298;0
6299;0
6300;0
6301;0
6302;0
6303;0
6304;0
6305;0
6306;0
6307;0
6308;0
6309;0
6310;0
6311;0
6312;0
6313;0
6314;0
6315;0
6316;0
6335;0
6336;0
6337;0
6338;0
6339;0
6340;0
6341;0
6342;0
6343;0
6344;0
6345;0
6346;0
6347;0
6348;0
6349;0
6350;0
6351;0
6352;0
6353;0
6354;0
6355;0
6356;0
6357;0
6358;0
6359;0
6360;0
6361;0
6362;0
6363;0
6364;0
6365;0
6366;0
6367;0
6368;0
6369;0
6370;0
6382;0
6391;0
6392;0
6393;0
6394;0
6410;0
6411;0
6412;0
6413;0
6431;0
6432;0
6433;0
6434;0
6435;0
6436;0
6437;0
6438;0
6439;0
6440;0
6441;0
6442;0
6443;0
6444;0
6445;0
6446;0
6447;0
6448;0
6449;0
6450;0
6455;0
6456;0
6457;0
6458;0
6459;0
6460;0
6461;0
6462;0
6463;0
6464;0
6465;0
6466;0
6467;0
6468;0
6469;0
6470;0
6471;0
6472;0
6473;0
6474;0
6475;0
6476;0
6477;0
6478;0
6479;0
6480;0
6481;0
6482;0
6483;0
6484;0
6485;0
6486;0
6487;0
6488;0
6489;0
6490;0
6532;0
6533;0
6534;0
6535;0
6536;0
6537;0
6538;0
6539;0
6540;0
6541;0
6542;0
6543;0
6544;0
6558;0
6559;0
6560;0
6561;0
6562;0
6563;0
6564;0
6565;0
6566;0
6567;0
6568;0
6569;0
6570;0
6571;0
6580;0
6581;0
6582;0
6583;0
6584;0
6585;0
6586;0
6587;0
6588;0
6589;0
6590;0
6591;0
6601;0
6602;0
6603;0
6604;0
6605;0
6606;0
6607;0
6608;0
6609;0
6610;0
6611;0
6612;0
6613;0
6614;0
6615;0
6616;0
6617;0
6618;0
6619;0
6620;0
6621;0
6622;0
6623;0
6624;0
6625;0
6626;0
6627;0
6628;0
6629;0
6630;0
6631;0
6632;0
6633;0
6634;0
6635;0
6636;0
6637;0
6638;0
6639;0
6640;0
6641;0
6653;0
6654;0
6655;0
6656;0
6657;0
6658;0
6659;0
6669;0
6670;0
6671;0
6672;0
6673;0
6674;0
6675;0
6676;0
6677;0
6678;0
6679;0
6680;0
6681;0
6682;0
6683;0
6684;0
6685;0
6686;0
6687;0
6688;0
6689;0
6690;0
6710;0
6711;0
6712;0
6713;0
6714;0
6715;0
6716;0
6717;0
6718;0
6719;0
6720;0
6721;0
6722;0
6723;0
6724;0
6725;0
6726;0
6727;0
6728;0
6729;0
6730;0
6731;0
6732;0
6733;0
6734;0
6735;0
6736;0
6737;0
6738;0
6739;0
6740;0
6741;0
6742;0
6743;0
6744;0
6745;0
6746;0
6747;0
6748;0
6749;0
6750;0
6751;0
6752;0
6753;0
6754;0
6755;0
6756;0
6757;0
6758;0
6759;0
6760;0
6761;0
6762;0
6763;0
6764;0
6765;0
6766;0
6788;0
6789;0
6790;0
6791;0
6792;0
6793;0
6794;0
6795;0
6796;0
6797;0
6798;0
6808;0
6809;0
6810;0
6811;0
6812;0
6813;0
6814;0
6815;0
6816;0
6817;0
6818;0
6843;0
6844;0
6845;0
6846;0
6847;0
6848;0
6849;0
6850;0
6851;0
6852;0
6853;0
6854;0
6855;0
6856;0
6857;0
6858;0
6859;0
6860;0
6861;0
6876;0
6877;0
6878;0
6879;0
6880;0
6881;0
6882;0
6883;0
6884;0
6885;0
6886;0
6887;0
6888;0
6889;0
6890;0
6891;0
6892;0
6893;0
6980;0
6981;0
6982;0
6983;0
6984;0
6985;0
6986;0
6987;0
6988;0
6989;0
6990;0
6991;0
7000;0
7001;0
7002;0
7003;0
7004;0
7005;0
7006;0
7007;0
7008;0
7009;0
7010;0
7011;0
7012;0
7021;0
7037;0
7038;0
7039;0
7040;0
7041;0
7042;0
7043;0
7052;0
7053;0
7063;0
7064;0
7073;0
7074;0
7075;0
7076;0
7077;0
7078;0
7079;0
7080;0
7081;0
7082;0
7083;0
7084;0
7085;0
7086;0
7087;0
7088;0
7089;0
7090;0
7091;0
7100;0
7101;0
7102;0
7103;0
7104;0
7105;0
7106;0
7107;0
7108;0
7109;0
7110;0
7111;0
7112;0
7113;0
7114;0
7115;0
7116;0
7117;0
7118;0
7119;0
7120;0
7121;0
7135;0
7144;0
7157;0
7158;0
7159;0
7160;0
7161;0
7162;0
7163;0
7164;0
7165;0
7186;0
7187;0
7188;0
7217;0
7218;0
7219;0
7220;0
7229;0
7230;0
7231;0
7232;0
7233;0
7234;0
7235;0
7236;0
7237;0
7238;0
7239;0
7240;0
7241;0
7242;0
7243;0
7244;0
7245;0
7246;0
7247;0
7248;0
7249;0
7263;0
7264;0
7285;0
7286;0
7287;0
7288;0
7289;0
7290;0
7291;0
7292;0
7293;0
7294;0
7295;0
7296;0
7297;0
7298;0
7299;0
7300;0
7301;0
7302;0
7303;0
7304;0
7305;0
7306;0
7326;0
7360;0
7361;0
7370;0
7371;0
7372;0
7373;0
7374;0
7375;0
7376;0
7377;0
7378;0
7379;0
7380;0
7381;0
7382;0
7383;0
7384;0
7385;0
7386;0
7387;0
7388;0
7389;0
7390;0
7391;0
7392;0
7393;0
7394;0
7395;0
7396;0
7397;0
7398;0
7399;0
7400;0
7401;0
7402;0
7403;0
7404;0
7405;0
7406;0
7407;0
7408;0
7409;0
7410;0
7411;0
7412;0
7413;0
7414;0
7415;0
7416;0
7417;0
7418;0
7449;0
7450;0
7451;0
7452;0
7461;0
7462;0
7463;0
7464;0
7465;0
7466;0
7467;0
7468;0
7469;0
7470;0
7471;0
7472;0
7473;0
7474;0
7475;0
7476;0
7477;0
7478;0
7487;0
7488;0
7489;0
7490;0
7491;0
7492;0
7493;0
7503;0
7504;0
7505;0
7506;0
7507;0
7508;0
7509;0
7510;0
7511;0
7512;0
7513;0
7514;0
7515;0
7524;0
7525;0
7526;0
7527;0
7528;0
7529;0
7530;0
7531;0
7532;0
7533;0
7534;0
7543;0
7544;0
7545;0
7546;0
7547;0
7548;0
7549;0
7550;0
7551;0
7552;0
7553;0
7554;0
7555;0
7556;0
7557;0
7558;0
7559;0
7560;0
7561;0
7562;0
7573;0
7574;0
7575;0
7576;0
7577;0
7578;0
7579;0
7580;0
7581;0
7582;0
7624;0
7633;0
7634;0
7635;0
7636;0
7637;0
7638;0
7639;0
7640;0
7649;0
7650;0
7651;0
7652;0
7667;0
7668;0
7669;0
7670;0
7671;0
7672;0
7673;0
7674;0
7675;0
7676;0
7677;0
7678;0
7679;0
7680;0
7681;0
7682;0
7683;0
7684;0
7693;0
7694;0
7695;0
7696;0
7697;0
7708;0
7709;0
7710;0
7711;0
7712;0
7713;0
7714;0
7715;0
7716;0
7717;0
7718;0
7719;0
7720;0
7721;0
7729;0
7730;0
7731;0
7732;0
7733;0
7734;0
7735;0
7736;0
7737;0
7738;0
7739;0
7740;0
7741;0
7742;0
7743;0
7744;0
7745;0
7746;0
7747;0
7748;0
7749;0
7750;0
7751;0
7752;0
7753;0
7754;0
7755;0
7756;0
7757;0
7758;0
7759;0
7760;0
7761;0
7762;0
7763;0
7764;0
7765;0
7766;0
7767;0
7768;0
7832;0
7833;0
7834;0
7835;0
7836;0
7837;0
7838;0
7839;0
7840;0
7841;0
7842;0
7843;0
7844;0
7845;0
7846;0
7847;0
7848;0
7849;0
7850;0
7851;0
7852;0
7853;0
7854;0
7864;0
7865;0
7866;0
7867;0
7868;0
7869;0
7870;0
7871;0
7880;0
7881;0
7882;0
7883;0
7884;0
7885;0
7886;0
7887;0
7888;0
7889;0
7890;0
7891;0
7892;0
7893;0
7894;0
7895;0
7896;0
7897;0
7906;0
7911;0
7912;0
7922;0
7923;0
7924;0
7925;0
7926;0
7927;0
7928;0
7929;0
7930;0
7931;0
7932;0
7933;0
7934;0
7935;0
7936;0
7937;0
7938;0
7939;0
7940;0
7941;0
7942;0
7943;0
7944;0
7945;0
7946;0
7947;0
7957;0
7958;0
7959;0
7960;0
7961;0
7962;0
7963;0
7964;0
7965;0
7966;0
7967;0
7968;0
7969;0
7970;0
7971;0
7972;0
7973;0
7974;0
7975;0
7976;0
7977;0
7978;0
7979;0
7980;0
7981;0
7990;0
7991;0
7992;0
7993;0
7994;0
7995;0
7996;0
7997;0
7998;0
7999;0
8000;0
8001;0
8002;0
8003;0
8004;0
8005;0
8006;0
8007;0
8008;0
8009;0
8010;0
8011;0
8012;0
8013;0
8014;0
8015;0
8016;0
8017;0
8018;0
8019;0
8020;0
8021;0
8022;0
8045;0
8046;0
8047;0
8048;0
8049;0
8050;0
8059;0
8060;0
8061;0
8062;0
8063;0
8064;0
8065;0
8066;0
8067;0
8068;0
8069;0
8070;0
8071;0
8072;0
8073;0
8074;0
8075;0
8076;0
8077;0
8078;0
8079;0
8080;0
8081;0
8100;0
8101;0
8102;0
8103;0
8104;0
8105;0
8106;0
8107;0
8108;0
8109;0
8110;0
8111;0
8112;0
8113;0
8114;0
8146;0
8147;0
8148;0
8149;0
8176;0
8177;0
8178;0
8179;0
8180;0
8181;0
8182;0
8183;0
8184;0
8185;0
8186;0
8187;0
8188;0
8189;0
8190;0
8191;0
8192;0
8193;0
8194;0
8195;0
8234;0
8235;0
8236;0
8237;0
8238;0
8239;0
8240;0
8241;0
8242;0
8243;0
8244;0
8245;0
8246;0
8247;0
8248;0
8249;0
8250;0
8251;0
8260;0
8261;0
8262;0
8263;0
8264;0
8265;0
8266;0
8267;0
8268;0
8269;0
8270;0
8271;0
8272;0
8273;0
8274;0
8275;0
8276;0
8277;0
8278;0
8279;0
8280;0
8290;0
8291;0
8300;0
8301;0
8302;0
8303;0
8304;0
8305;0
8306;0
8307;0
8308;0
8309;0
8310;0
8311;0
8312;0
8313;0
8314;0
8315;0
8316;0
8317;0
8327;0
8328;0
8329;0
8330;0
8331;0
8340;0
8341;0
8342;0
8343;0
8344;0
8345;0
8346;0
8347;0
8348;0
8349;0
8350;0
8351;0
8352;0
8353;0
8354;0
8355;0
8356;0
8357;0
8358;0
8359;0
8360;0
8361;0
8362;0
8363;0
8364;0
8365;0
8366;0
8367;0
8368;0
8369;0
8370;0
8371;0
8372;0
8373;0
8374;0
8375;0
8376;0
8377;0
8378;0
8379;0
8380;0
8381;0
8382;0
8383;0
8384;0
8385;0
8386;0
8387;0
8388;0
8389;0
8390;0
8391;0
8392;0
8393;0
8394;0
8395;0
8396;0
8397;0
8398;0
8399;0
8400;0
8401;0
8402;0
8403;0
8404;0
8405;0
8406;0
8407;0
8408;0
8409;0
8410;0
8411;0
8412;0
8413;0
8426;0
8427;0
8428;0
8429;0
8430;0
8431;0
8432;0
8433;0
8434;0
8435;0
8436;0
8437;0
8449;0
8450;0
8451;0
8452;0
8453;0
8454;0
8455;0
8456;0
8457;0
8458;0
8459;0
8460;0
8461;0
8462;0
8463;0
8464;0
8465;0
8466;0
8467;0
8468;0
8489;0
8490;0
8491;0
8492;0
8493;0
8494;0
8495;0
8496;0
8497;0
8498;0
8499;0
8500;0
8501;0
8502;0
8503;0
8504;0
8505;0
8506;0
8507;0
8508;0
8509;0
8510;0
8511;0
8512;0
8517;0
8518;0
8519;0
8520;0
8521;0
8522;0
8523;0
8524;0
8546;0
8547;0
8548;0
8549;0
8550;0
8551;0
8552;0
8553;0
8554;0
8555;0
8570;0
8571;0
8572;0
8584;0
8585;0
8586;0
8587;0
8588;0
8589;0
8590;0
8591;0
8592;0
8593;0
8594;0
8595;0
8596;0
8597;0
8637;0
8638;0
8639;0
8640;0
8641;0
8642;0
8643;0
8644;0
8645;0
8646;0
8656;0
8657;0
8658;0
8659;0
8668;0
8687;0
8688;0
8689;0
8690;0
8691;0
8692;0
8693;0
8694;0
8695;0
8696;0
8697;0
8698;0
8699;0
8700;0
8701;0
8716;0
8717;0
8718;0
8719;0
8720;0
8721;0
8722;0
8723;0
8724;0
8725;0
8726;0
8727;0
8728;0
8729;0
8730;0
8731;0
8732;0
8733;0
8734;0
8735;0
8736;0
8737;0
8738;0
8739;0
8740;0
8741;0
8742;0
8743;0
8744;0
8745;0
8754;0
8755;0
8756;0
8757;0
8758;0
8759;0
8760;0
8761;0
8775;0
8776;0
8777;0
8778;0
8779;0
8780;0
8781;0
8782;0
8783;0
8784;0
8785;0
8786;0
8787;0
8788;0
8789;0
8790;0
8801;0
8802;0
8803;0
8804;0
8805;0
8806;0
8807;0
8816;0
8817;0
8818;0
8819;0
8820;0
8821;0
8822;0
8823;0
8824;0
8825;0
8826;0
8827;0
8828;0
8829;0
8830;0
8831;0
8832;0
8833;0
8834;0
8835;0
8836;0
8848;0
8849;0
8850;0
8851;0
8852;0
8853;0
8854;0
8855;0
8856;0
8857;0
8858;0
8859;0
8860;0
8861;0
8862;0
8863;0
8864;0
8865;0
8866;0
8867;0
8876;0
8877;0
8878;0
8879;0
8880;0
8881;0
8882;0
8883;0
8884;0
8885;0
8886;0
8887;0
8888;0
8889;0
8890;0
8891;0
8892;0
8893;0
8894;0
8895;0
8896;0
8897;0
8898;0
8899;0
8900;0
8901;0
8902;0
8903;0
8904;0
8905;0
8919;0
8920;0
8921;0
8922;0
8923;0
8924;0
8937;0
8938;0
8939;0
8940;0
8941;0
8942;0
8943;0
8944;0
8945;0
8946;0
8947;0
8956;0
8957;0
8958;0
8959;0
8960;0
8961;0
8962;0
8963;0
8964;0
8965;0
8966;0
8967;0
8968;0
8969;0
8970;0
8971;0
8972;0
8973;0
8974;0
8975;0
8990;0
8991;0
8996;0
8997;0
8998;0
8999;0
9000;0
9011;0
9012;0
9013;0
9014;0
9015;0
9016;0
9017;0
9018;0
9019;0
9020;0
9045;0
9046;0
9047;0
9048;0
9049;0
9050;0
9062;0
9063;0
9064;0
9073;0
9074;0
9075;0
9076;0
9077;0
9078;0
9079;0
9080;0
9081;0
9082;0
9083;0
9084;0
9085;0
9086;0
9087;0
9088;0
9089;0
9099;0
9100;0
9101;0
9102;0
9103;0
9104;0
9113;0
9114;0
9115;0
9116;0
9117;0
9118;0
9119;0
9120;0
9121;0
9122;0
9123;0
9124;0
9125;0
9126;0
9127;0
9128;0
9129;0
9130;0
9131;0
9132;0
9133;0
9134;0
9135;0
9136;0
9137;0
9138;0
9139;0
9140;0
9141;0
9142;0
9143;0
9144;0
9145;0
9146;0
9147;0
9148;0
9149;0
9150;0
9151;0
9152;0
9153;0
9173;0
9174;0
9175;0
9191;0
9192;0
9193;0
9194;0
9195;0
9201;0
9202;0
9203;0
9204;0
9205;0
9206;0
9207;0
9208;0
9209;0
9210;0
9211;0
9212;0
9213;0
9214;0
9215;0
9216;0
9217;0
9218;0
9219;0
9220;0
9221;0
9222;0
9223;0
9224;0
9225;0
9226;0
9227;0
9228;0
9229;0
9230;0
9231;0
9232;0
9233;0
9234;0
9235;0
9236;0
9237;0
9238;0
9239;0
9240;0
9241;0
9242;0
9243;0
9244;0
9245;0
9246;0
9247;0
9248;0
9249;0
9250;0
9251;0
9252;0
9261;0
9262;0
9263;0
9264;0
9265;0
9266;0
9267;0
9268;0
9269;0
9278;0
9279;0
9280;0
9297;0
9298;0
9299;0
9300;0
9301;0
9324;0
9325;0
9326;0
9327;0
9328;0
9329;0
9330;0
9331;0
9332;0
9333;0
9334;0
9362;0
9363;0
9364;0
9365;0
9366;0
9367;0
9368;0
9369;0
9370;0
9371;0
9372;0
9373;0
9374;0
9375;0
9376;0
9377;0
9378;0
9379;0
9380;0
9381;0
9382;0
9388;0
9389;0
9390;0
9391;0
9392;0
9393;0
9394;0
9395;0
9396;0
9405;0
9406;0
9407;0
9408;0
9409;0
9410;0
9411;0
9412;0
9413;0
9414;0
9415;0
9416;0
9417;0
9418;0
9419;0
9420;0
9421;0
9422;0
9423;0
9424;0
9425;0
9426;0
9427;0
9428;0
9429;0
9430;0
9431;0
9432;0
9433;0
9434;0
9435;0
9436;0
9437;0
9438;0
9439;0
9440;0
9441;0
9442;0
9443;0
9444;0
9445;0
9446;0
9447;0
9448;0
9449;0
9450;0
9451;0
9452;0
9467;0
9468;0
9469;0
9488;0
9489;0
9490;0
9491;0
9492;0
9493;0
9494;0
9495;0
9496;0
9497;0
9498;0
9499;0
9500;0
9501;0
9502;0
9503;0
9504;0
9505;0
9506;0
9507;0
9508;0
9509;0
9510;0
9511;0
9512;0
9527;0
9528;0
9529;0
9530;0
9531;0
9532;0
9533;0
9534;0
9535;0
9536;0
9537;0
9538;0
9539;0
9540;0
9545;0
9546;0
9547;0
9548;0
9549;0
9550;0
9551;0
9552;0
9553;0
9554;0
9571;0
9572;0
9573;0
9574;0
9575;0
9576;0
9577;0
9578;0
9599;0
9600;0
9601;0
9602;0
9603;0
9630;0
9631;0
9632;0
9633;0
9642;0
9643;0
9644;0
9645;0
9646;0
9647;0
9648;0
9649;0
9650;0
9651;0
9652;0
9653;0
9654;0
9655;0
9656;0
9657;0
9658;0
9659;0
9660;0
9661;0
9662;0
9663;0
9664;0
9665;0
9666;0
9667;0
9668;0
9669;0
9670;0
9671;0
9672;0
9673;0
9674;0
9675;0
9676;0
9677;0
9678;0
9679;0
9680;0
9681;0
9734;0
9735;0
9745;0
9746;0
9747;0
9748;0
9749;0
9750;0
9751;0
9752;0
9753;0
9754;0
9755;0
9756;0
9757;0
9758;0
9759;0
9760;0
9761;0
9762;0
9763;0
9764;0
9765;0
9766;0
9767;0
9768;0
9791;0
9792;0
9793;0
9794;0
9795;0
9796;0
9797;0
9798;0
9799;0
9800;0
9801;0
9802;0
9803;0
9804;0
9805;0
9836;0
9837;0
9838;0
9839;0
9840;0
9841;0
9842;0
9843;0
9844;0
9845;0
9846;0
9847;0
9848;0
9849;0
9850;0
9851;0
9852;0
9853;0
9854;0
9865;0
9866;0
9867;0
9868;0
9869;0
9870;0
9871;0
9872;0
9873;0
9874;0
9875;0
9876;0
9877;0
9878;0
9879;0
9880;0
9881;0
9882;0
9883;0
9884;0
9885;0
9886;0
9887;0
9888;0
9889;0
9890;0
9891;0
9892;0
9893;0
9894;0
9895;0
9926;0
9927;0
9928;0
9938;0
9939;0
9940;0
9941;0
9942;0
9943;0
9944;0
9945;0
9954;0
9955;0
9956;0
9957;0
9958;0
9959;0
9960;0
9961;0
9962;0
9963;0
9964;0
9965;0
9966;0
9967;0
9968;0
9969;0
9970;0
9971;0
9972;0
9973;0
9974;0
9975;0
9984;0
9985;0
9986;0
9987;0
9988;0
9998;0
9999;0
10000;0
10001;0
10002;0
10003;0
10004;0
10005;0
10006;0
10007;0
10008;0
10009;0
10010;0
10011;0
10012;0
10013;0
10022;0
10076;0
10077;0
10078;0
10079;0
10080;0
10081;0
10082;0
10083;0
10084;0
10085;0
10086;0
10087;0
10088;0
10089;0
10090;0
10091;0
10092;0
10093;0
10094;0
10095;0
10096;0
10097;0
10098;0
10099;0
10100;0
10101;0
10111;0
10112;0
10113;0
10114;0
10115;0
10116;0
10117;0
10118;0
10119;0
10120;0
10121;0
10122;0
10123;0
10124;0
10125;0
10126;0
10127;0
10128;0
10129;0
10130;0
10131;0
10132;0
10133;0
10134;0
10135;0
10136;0
10137;0
10138;0
10139;0
10140;0
10141;0
10142;0
10143;0
10144;0
10145;0
10146;0
10147;0
10148;0
10159;0
10160;0
10161;0
10162;0
10163;0
10164;0
10165;0
10166;0
10167;0
10168;0
10169;0
10170;0
10171;0
10172;0
10173;0
10174;0
10175;0
10176;0
10177;0
10178;0
10179;0
10180;0
10181;0
10182;0
10183;0
10184;0
10185;0
10186;0
10187;0
10188;0
10189;0
10190;0
10191;0
10200;0
10201;0
10202;0
10203;0
10204;0
10205;0
10206;0
10207;0
10208;0
10209;0
10210;0
10211;0
10212;0
10224;0
10225;0
10226;0
10227;0
10228;0
10229;0
10230;0
10231;0
10232;0
10233;0
10234;0
10235;0
10236;0
10237;0
10253;0
10254;0
10255;0
10256;0
10257;0
10258;0
10259;0
10260;0
10261;0
10262;0
10263;0
10264;0
10265;0
10266;0
10267;0
10268;0
10269;0
10270;0
10271;0
10272;0
10273;0
10274;0
10275;0
10276;0
10277;0
10278;0
10279;0
10280;0
10289;0
10290;0
10291;0
10292;0
10293;0
10294;0
10295;0
10296;0
10297;0
10298;0
10299;0
10300;0
10301;0
10302;0
10303;0
10304;0
10305;0
10306;0
10307;0
10308;0
10309;0
10310;0
10311;0
10312;0
10313;0
10314;0
10315;0
10316;0
10317;0
10318;0
10319;0
10320;0
10321;0
10322;0
10323;0
10324;0
10325;0
10326;0
10327;0
10328;0
10329;0
10330;0
10331;0
10332;0
10333;0
10334;0
10335;0
10336;0
10337;0
10338;0
10339;0
10340;0
10341;0
10342;0
10343;0
10344;0
10345;0
10346;0
10347;0
10348;0
10349;0
10350;0
10351;0
10352;0
10353;0
10354;0
10355;0
10356;0
10357;0
10358;0
10359;0
10360;0
10361;0
10362;0
10363;0
10364;0
10365;0
10366;0
10367;0
10368;0
10369;0
10370;0
10371;0
10372;0
10373;0
10374;0
10375;0
10376;0
10377;0
10378;0
10379;0
10380;0
10402;0
10403;0
10404;0
10405;0
10406;0
10407;0
10416;0
10417;0
10418;0
10419;0
10420;0
10421;0
10422;0
10423;0
10424;0
10425;0
10426;0
10427;0
10428;0
10429;0
10442;0
10443;0
10444;0
10445;0
10446;0
10447;0
10448;0
10449;0
10450;0
10451;0
10452;0
10453;0
10454;0
10455;0
10456;0
10457;0
10458;0
10459;0
10460;0
10461;0
10462;0
10463;0
10464;0
10465;0
10466;0
10467;0
10468;0
10469;0
10470;0
10471;0
10472;0
10473;0
10474;0
10475;0
10476;0
10477;0
10478;0
10479;0
10480;0
10481;0
10482;0
10483;0
10484;0
10485;0
10486;0
10487;0
10488;0
10489;0
10490;0
10491;0
10492;0
10493;0
10494;0
10495;0
10496;0
10505;0
10514;0
10515;0
10516;0
10517;0
10518;0
10519;0
10520;0
10521;0
10522;0
10531;0
10532;0
10533;0
10534;0
10535;0
10536;0
10548;0
10558;0
10559;0
10560;0
10561;0
10585;0
10586;0
10587;0
10588;0
10589;0
10590;0
10591;0
10592;0
10593;0
10594;0
10595;0
10596;0
10597;0
10598;0
10599;0
10600;0
10601;0
10602;0
10603;0
10604;0
10605;0
10606;0
10607;0
10608;0
10609;0
10610;0
10611;0
10612;0
10613;0
10623;0
10624;0
10625;0
10626;0
10627;0
10636;0
10637;0
10638;0
10639;0
10640;0
10641;0
10642;0
10643;0
10644;0
10645;0
10646;0
10647;0
10648;0
10649;0
10650;0
10651;0
10652;0
10653;0
10654;0
10655;0
10668;0
10669;0
10670;0
10671;0
10672;0
10673;0
10674;0
10675;0
10676;0
10677;0
10678;0
10679;0
10680;0
10681;0
10682;0
10683;0
10684;0
10685;0
10686;0
10687;0
10688;0
10704;0
10705;0
10706;0
10707;0
10708;0
10709;0
10710;0
10711;0
10712;0
10713;0
10714;0
10715;0
10716;0
10717;0
10718;0
10719;0
10720;0
10721;0
10722;0
10723;0
10724;0
10725;0
10726;0
10727;0
10728;0
10738;0
10739;0
10740;0
10741;0
10742;0
10743;0
10744;0
10745;0
10746;0
10747;0
10748;0
10749;0
10750;0
10751;0
10752;0
10753;0
10754;0
10755;0
10756;0
10757;0
10758;0
10759;0
10760;0
10761;0
10762;0
10776;0
10777;0
10778;0
10779;0
10780;0
10781;0
10790;0
10791;0
10792;0
10793;0
10794;0
10795;0
10796;0
10807;0
10824;0
10825;0
10826;0
10827;0
10828;0
10829;0
10830;0
10831;0
10832;0
10833;0
10834;0
10835;0
10836;0
10837;0
10838;0
10839;0
10840;0
10841;0
10842;0
10843;0
10844;0
10845;0
10846;0
10878;0
10879;0
10880;0
10881;0
10882;0
10883;0
10884;0
10885;0
10886;0
10887;0
10888;0
10889;0
10890;0
10891;0
10892;0
10893;0
10894;0
10895;0
10904;0
10905;0
10906;0
10907;0
10908;0
10909;0
10910;0
10911;0
10912;0
10913;0
10914;0
10915;0
10916;0
10917;0
10918;0
10919;0
10920;0
10921;0
10922;0
10923;0
10924;0
10925;0
10926;0
10927;0
10928;0
10929;0
10930;0
10931;0
10932;0
10933;0
10934;0
10935;0
10936;0
10937;0
10938;0
10939;0
10940;0
10941;0
10942;0
10943;0
10944;0
10945;0
10946;0
10947;0
10948;0
10949;0
10950;0
10951;0
10952;0
10953;0
10954;0
10955;0
10956;0
10957;0
10958;0
10959;0
10960;0
10961;0
10962;0
10963;0
11000;0
11001;0
11002;0
11003;0
11004;0
11013;0
11014;0
11015;0
11016;0
11017;0
11018;0
11019;0
11020;0
11021;0
11022;0
11023;0
11024;0
11025;0
11026;0
11048;0
11049;0
11050;0
11051;0
11052;0
11053;0
11054;0
11055;0
11056;0
11057;0
11058;0
11059;0
11060;0
11061;0
11062;0
11063;0
11064;0
11065;0
11066;0
11067;0
11104;0
11105;0
11123;0
11133;0
11134;0
11151;0
11152;0
11153;0
11154;0
11155;0
11156;0
11194;0
11195;0
11196;0
11197;0
11198;0
11199;0
11200;0
11201;0
11202;0
11203;0
11204;0
11225;0
11226;0
11227;0
11228;0
11229;0
11230;0
11231;0
11241;0
11242;0
11243;0
11244;0
11245;0
11246;0
11247;0
11248;0
11249;0
11250;0
11251;0
11252;0
11253;0
11254;0
11255;0
11256;0
11257;0
11258;0
11259;0
11260;0
11261;0
11262;0
11263;0
11264;0
11265;0
11266;0
11267;0
11268;0
11269;0
11270;0
11271;0
11272;0
11273;0
11274;0
11275;0
11276;0
11277;0
11278;0
11279;0
11280;0
11281;0
11282;0
11296;0
11297;0
11317;0
11318;0
11319;0
11320;0
11321;0
11322;0
11323;0
11324;0
11325;0
11326;0
11327;0
11328;0
11329;0
11330;0
11331;0
11332;0
11333;0
11334;0
11335;0
11336;0
11337;0
11338;0
11339;0
11340;0
11341;0
11342;0
11343;0
11344;0
11345;0
11346;0
11347;0
11348;0
11349;0
11350;0
11351;0
11352;0
11353;0
11354;0
11355;0
11385;0
11386;0
11387;0
11388;0
11389;0
11390;0
11391;0
11392;0
11393;0
11394;0
11395;0
11396;0
11397;0
11398;0
11399;0
11400;0
11401;0
11402;0
11403;0
11404;0
11405;0
11406;0
11407;0
11408;0
11409;0
11410;0
11411;0
11412;0
11413;0
11414;0
11415;0
11416;0
11417;0
11418;0
11419;0
11420;0
11421;0
11422;0
11431;0
11441;0
11450;0
11451;0
11452;0
11453;0
11454;0
11455;0
11456;0
11469;0
11470;0
11471;0
11472;0
11473;0
11474;0
11475;0
11476;0
11477;0
11478;0
11479;0
11480;0
11481;0
11482;0
11483;0
11484;0
11485;0
11499;0
11500;0
11501;0
11502;0
11503;0
11504;0
11505;0
11506;0
11507;0
11557;0
11558;0
11559;0
11560;0
11561;0
11566;0
11567;0
11568;0
11578;0
11579;0
11580;0
11581;0
11582;0
11583;0
11584;0
11585;0
11586;0
11587;0
11588;0
11589;0
11590;0
11599;0
11600;0
11601;0
11602;0
11603;0
11604;0
11605;0
11606;0
11607;0
11608;0
11609;0
11610;0
11611;0
11612;0
11613;0
11614;0
11615;0
11616;0
11617;0
11618;0
11619;0
11620;0
11632;0
11633;0
11634;0
11644;0
11645;0
11646;0
11647;0
11648;0
11660;0
11661;0
11662;0
11663;0
11664;0
11665;0
11666;0
11667;0
11668;0
11669;0
11670;0
11671;0
11672;0
11673;0
11674;0
11675;0
11676;0
11677;0
11678;0
11679;0
11680;0
11681;0
11682;0
11683;0
11684;0
11685;0
11686;0
11687;0
11688;0
11689;0
11690;0
11691;0
11692;0
11707;0
11708;0
11709;0
11710;0
11711;0
11712;0
11713;0
11722;0
11723;0
11724;0
11725;0
11726;0
11727;0
11728;0
11729;0
11730;0
11731;0
11732;0
11741;0
11742;0
11743;0
11744;0
11745;0
11746;0
11747;0
11748;0
11749;0
11750;0
11751;0
11752;0
11753;0
11754;0
11755;0
11756;0
11757;0
11758;0
11767;0
11768;0
11769;0
11770;0
11771;0
11772;0
11773;0
11774;0
11775;0
11776;0
11789;0
11790;0
11805;0
11806;0
11807;0
11808;0
11809;0
11810;0
11811;0
11812;0
11813;0
11814;0
11815;0
11816;0
11817;0
11818;0
11819;0
11820;0
11821;0
11822;0
11823;0
11824;0
11825;0
11826;0
11827;0
11828;0
11829;0
11830;0
11831;0
11832;0
11833;0
11834;0
11835;0
11844;0
11845;0
11846;0
11847;0
11848;0
11849;0
11865;0
11866;0
11867;0
11868;0
11869;0
11870;0
11871;0
11872;0
11873;0
11874;0
11875;0
11876;0
11877;0
11878;0
11879;0
11880;0
11881;0
11890;0
11891;0
11892;0
11893;0
11902;0
11903;0
11904;0
11905;0
11906;0
11918;0
11919;0
11920;0
11921;0
11922;0
11927;0
11928;0
11929;0
11930;0
11931;0
11932;0
11933;0
11934;0
11935;0
11936;0
11937;0
11938;0
11939;0
11940;0
11941;0
11942;0
11943;0
11944;0
11945;0
11946;0
11947;0
11948;0
11949;0
11950;0
11951;0
11963;0
11964;0
11965;0
11966;0
11967;0
11968;0
11969;0
11970;0
11971;0
11972;0
11973;0
11974;0
11975;0
11976;0
11977;0
11978;0
11979;0
11980;0
11981;0
11982;0
11983;0
11984;0
12033;0
12034;0
12035;0
12036;0
12037;0
12038;0
12039;0
12040;0
12051;0
12071;0
12072;0
12073;0
12074;0
12075;0
12076;0
12077;0
12078;0
12079;0
12080;0
12081;0
12082;0
12083;0
12084;0
12085;0
12086;0
12087;0
12088;0
12089;0
12090;0
12091;0
12092;0
12093;0
12094;0
12095;0
12096;0
12097;0
12098;0
12099;0
12100;0
12101;0
12102;0
12103;0
12104;0
12105;0
12106;0
12107;0
12108;0
12109;0
12110;0
12111;0
12112;0
12113;0
12114;0
12115;0
12116;0
12117;0
12118;0
12119;0
12120;0
12121;0
12122;0
12123;0
12124;0
12125;0
12126;0
12127;0
12128;0
12129;0
12130;0
12131;0
12132;0
12133;0
12134;0
12135;0
12136;0
12137;0
12138;0
12139;0
12140;0
12141;0
12142;0
12151;0
12152;0
12153;0
12154;0
12155;0
12156;0
12157;0
12158;0
12159;0
12160;0
12161;0
12162;0
12163;0
12164;0
12165;0
12166;0
12167;0
12168;0
12169;0
12170;0
12171;0
12172;0
12173;0
12174;0
12175;0
12176;0
12177;0
12178;0
12179;0
12180;0
12181;0
12182;0
12183;0
12196;0
12206;0
12207;0
12224;0
12225;0
12226;0
12236;0
12237;0
12238;0
12239;0
12240;0
12241;0
12242;0
12243;0
12244;0
12245;0
12246;0
12247;0
12248;0
12249;0
12250;0
12251;0
12252;0
12253;0
12254;0
12255;0
12256;0
12257;0
12258;0
12259;0
12260;0
12261;0
12272;0
12273;0
12274;0
12275;0
12276;0
12285;0
12286;0
12287;0
12288;0
12289;0
12290;0
12299;0
12318;0
12337;0
12338;0
12339;0
12340;0
12350;0
12351;0
12352;0
12353;0
12354;0
12355;0
12364;0
12373;0
12426;0
12427;0
12428;0
12429;0
12430;0
12431;0
12432;0
12433;0
12434;0
12435;0
12436;0
12437;0
12438;0
12439;0
12440;0
12441;0
12442;0
12443;0
12444;0
12445;0
12446;0
12447;0
12448;0
12449;0
12450;0
12451;0
12452;0
12453;0
12454;0
12455;0
12456;0
12457;0
12458;0
12459;0
12460;0
12461;0
12462;0
12463;0
12464;0
12465;0
12466;0
12467;0
12468;0
12469;0
12470;0
12471;0
12472;0
12473;0
12474;0
12483;0
12484;0
12485;0
12486;0
12487;0
12488;0
12509;0
12510;0
12511;0
12512;0
12513;0
12514;0
12515;0
12516;0
12517;0
12518;0
12519;0
12529;0
12530;0
12531;0
12532;0
12533;0
12534;0
12535;0
12536;0
12537;0
12554;0
12555;0
12556;0
12557;0
12558;0
12559;0
12560;0
12561;0
12562;0
12563;0
12564;0
12565;0
12566;0
12567;0
12568;0
12569;0
12570;0
12571;0
12572;0
12573;0
12574;0
12575;0
12595;0
12606;0
12607;0
12608;0
12609;0
12618;0
12619;0
12620;0
12621;0
12622;0
12623;0
12624;0
12625;0
12626;0
12627;0
12628;0
12629;0
12630;0
12631;0
12632;0
12633;0
12634;0
12635;0
12636;0
12637;0
12638;0
12639;0
12640;0
12641;0
12642;0
12643;0
12644;0
12655;0
12656;0
12657;0
12658;0
12659;0
12660;0
12661;0
12662;0
12663;0
12664;0
12665;0
12666;0
12667;0
12668;0
12669;0
12678;0
12679;0
12680;0
12681;0
12691;0
12692;0
12693;0
12694;0
12695;0
12696;0
12697;0
12698;0
12699;0
12700;0
12701;0
12702;0
12703;0
12704;0
12705;0
12706;0
12707;0
12708;0
12709;0
12710;0
12711;0
12712;0
12713;0
12714;0
12715;0
12716;0
12717;0
12718;0
12719;0
12720;0
12721;0
12722;0
12723;0
12724;0
12725;0
12726;0
12727;0
12728;0
12729;0
12730;0
12731;0
12732;0
12733;0
12734;0
12735;0
12736;0
12737;0
12738;0
12739;0
12740;0
12749;0
12750;0
12751;0
12752;0
12753;0
12754;0
12755;0
12756;0
12757;0
12758;0
12759;0
12760;0
12761;0
12762;0
12763;0
12764;0
12765;0
12766;0
12767;0
12768;0
12769;0
12770;0
12771;0
12772;0
12773;0
12774;0
12775;0
12776;0
12777;0
12778;0
12789;0
12790;0
12791;0
12792;0
12793;0
12794;0
12795;0
12796;0
12797;0
12798;0
12799;0
12800;0
12801;0
12802;0
12803;0
12804;0
12805;0
12806;0
12817;0
12818;0
12819;0
12828;0
12838;0
12839;0
12840;0
12841;0
12842;0
12843;0
12844;0
12845;0
12846;0
12847;0
12848;0
12849;0
12850;0
12851;0
12852;0
12853;0
12854;0
12855;0
12856;0
12857;0
12858;0
12859;0
12860;0
12861;0
12862;0
12863;0
12864;0
12877;0
12878;0
12887;0
12888;0
12889;0
12890;0
12891;0
12892;0
12893;0
12894;0
12895;0
12896;0
12897;0
12898;0
12899;0
12900;0
12909;0
12910;0
12911;0
12912;0
12913;0
12914;0
12915;0
12916;0
12917;0
12918;0
12919;0
12920;0
12921;0
12922;0
12923;0
12924;0
12939;0
12940;0
12941;0
12942;0
12989;0
12990;0
12991;0
12992;0
12993;0
12994;0
12995;0
12996;0
12997;0
12998;0
12999;0
13000;0
13001;0
13002;0
13003;0
13004;0
13005;0
13006;0
13007;0
13008;0
13009;0
13010;0
13020;0
13021;0
13022;0
13023;0
13024;0
13025;0
13026;0
13027;0
13028;0
13029;0
13030;0
13031;0
13032;0
13033;0
13034;0
13035;0
13036;0
13037;0
13038;0
13039;0
13053;0
13054;0
13055;0
13056;0
13057;0
13058;0
13059;0
13068;0
13092;0
13093;0
13094;0
13095;0
13096;0
13097;0
13098;0
13099;0
13100;0
13101;0
13102;0
13103;0
13104;0
13105;0
13106;0
13107;0
13108;0
13109;0
13110;0
13111;0
13112;0
13113;0
13114;0
13115;0
13116;0
13117;0
13118;0
13119;0
13120;0
13121;0
13122;0
13123;0
13124;0
13125;0
13126;0
13127;0
13128;0
13129;0
13130;0
13131;0
13132;0
13133;0
13134;0
13135;0
13136;0
13137;0
13138;0
13139;0
13140;0
13141;0
13142;0
13143;0
13144;0
13145;0
13146;0
13147;0
13148;0
13149;0
13150;0
13151;0
13152;0
13153;0
13154;0
13155;0
13156;0
13157;0
13158;0
13159;0
13160;0
13161;0
13162;0
13163;0
13164;0
13165;0
13166;0
13167;0
13168;0
13169;0
13170;0
13179;0
13180;0
13181;0
13182;0
13183;0
13184;0
13185;0
13186;0
13187;0
13188;0
13189;0
13190;0
13191;0
13192;0
13193;0
13194;0
13195;0
13196;0
13197;0
13198;0
13199;0
13200;0
13201;0
13202;0
13203;0
13204;0
13205;0
13206;0
13207;0
13208;0
13209;0
13210;0
13211;0
13212;0
13213;0
13214;0
13215;0
13216;0
13217;0
13218;0
13219;0
13220;0
13221;0
13222;0
13223;0
13224;0
13225;0
13234;0
13235;0
13236;0
13237;0
13238;0
13239;0
13240;0
13241;0
13242;0
13243;0
13244;0
13245;0
13246;0
13247;0
13248;0
13249;0
13250;0
13251;0
13252;0
13253;0
13254;0
13255;0
13256;0
13257;0
13258;0
13259;0
13260;0
13261;0
13262;0
13263;0
13264;0
13265;0
13266;0
13299;0
13300;0
13313;0
13327;0
13328;0
13329;0
13330;0
13331;0
13332;0
13333;0
13334;0
13335;0
13336;0
13337;0
13338;0
13339;0
13349;0
13374;0
13375;0
13376;0
13377;0
13378;0
13379;0
13380;0
13381;0
13382;0
13383;0
13384;0
13385;0
13386;0
13387;0
13388;0
13389;0
13390;0
13391;0
13392;0
13393;0
13394;0
13395;0
13396;0
13397;0
13398;0
13399;0
13400;0
13401;0
13402;0
13403;0
13404;0
13405;0
13406;0
13407;0
13408;0
13409;0
13410;0
13411;0
13412;0
13413;0
13414;0
13415;0
13416;0
13417;0
13418;0
13419;0
13420;0
13421;0
13422;0
13423;0
13424;0
13425;0
13426;0
13427;0
13428;0
13429;0
13430;0
13431;0
13432;0
13433;0
13434;0
13435;0
13436;0
13437;0
13438;0
13439;0
13440;0
13441;0
13442;0
13443;0
13453;0
13454;0
13455;0
13456;0
13457;0
13458;0
13459;0
13460;0
13461;0
13462;0
13463;0
13464;0
13465;0
13466;0
13467;0
13468;0
13469;0
13470;0
13471;0
13472;0
13473;0
13474;0
13475;0
13476;0
13477;0
13478;0
13479;0
13480;0
13481;0
13482;0
13483;0
13484;0
13485;0
13486;0
13487;0
13488;0
13489;0
13490;0
13491;0
13492;0
13493;0
13494;0
13495;0
13496;0
13497;0
13498;0
13499;0
13500;0
13501;0
13502;0
13503;0
13504;0
13505;0
13506;0
13507;0
13508;0
13509;0
13510;0
13511;0
13512;0
13513;0
13514;0
13515;0
13516;0
13517;0
13518;0
13519;0
13520;0
13521;0
13522;0
13523;0
13524;0
13525;0
13526;0
13527;0
13528;0
13529;0
13530;0
13531;0
13532;0
13533;0
13534;0
13535;0
13536;0
13537;0
13538;0
13539;0
13562;0
13563;0
13564;0
13565;0
13566;0
13567;0
13568;0
13569;0
13570;0
13571;0
13572;0
13573;0
13597;0
13598;0
13599;0
13600;0
13601;0
13602;0
13603;0
13604;0
13605;0
13606;0
13607;0
13608;0
13609;0
13610;0
13611;0
13612;0
13613;0
13614;0
13640;0
13656;0
13657;0
13658;0
13667;0
13668;0
13669;0
13670;0
13671;0
13672;0
13673;0
13674;0
13675;0
13676;0
13677;0
13678;0
13679;0
13680;0
13681;0
13682;0
13683;0
13714;0
13715;0
13716;0
13717;0
13718;0
13719;0
13720;0
13731;0
13732;0
13733;0
13734;0
13735;0
13744;0
13745;0
13754;0
13755;0
13756;0
13757;0
13758;0
13759;0
13760;0
13761;0
13762;0
13763;0
13764;0
13765;0
13766;0
13767;0
13768;0
13769;0
13770;0
13771;0
13772;0
13773;0
13774;0
13775;0
13776;0
13777;0
13778;0
13779;0
13780;0
13781;0
13782;0
13783;0
13784;0
13785;0
13786;0
13787;0
13788;0
13789;0
13790;0
13791;0
13792;0
13793;0
13794;0
13822;0
13823;0
13824;0
13825;0
13826;0
13827;0
13828;0
13829;0
13830;0
13831;0
13851;0
13852;0
13853;0
13854;0
13855;0
13856;0
13857;0
13858;0
13859;0
13860;0
13918;0
13919;0
13928;0
13941;0
13942;0
13943;0
13944;0
13945;0
13946;0
13947;0
13948;0
13949;0
13950;0
13951;0
13952;0
13953;0
13954;0
13955;0
13956;0
13957;0
13958;0
13959;0
13960;0
13961;0
13962;0
13963;0
13964;0
13965;0
13966;0
13967;0
13968;0
13969;0
13970;0
13971;0
13972;0
13973;0
13974;0
13975;0
13976;0
13977;0
13978;0
13979;0
13980;0
13981;0
13982;0
13983;0
13984;0
13985;0
13986;0
13987;0
13988;0
13989;0
13990;0
13991;0
13992;0
13993;0
13994;0
14007;0
14008;0
14009;0
14010;0
14025;0
14026;0
14027;0
14028;0
14029;0
14030;0
14031;0
14032;0
14033;0
14034;0
14043;0
14044;0
14045;0
14046;0
14047;0
14057;0
14058;0
14059;0
14060;0
14061;0
14062;0
14063;0
14064;0
14065;0
14066;0
14067;0
14068;0
14069;0
14070;0
14071;0
14072;0
14073;0
14074;0
14075;0
14076;0
14077;0
14078;0
14079;0
14080;0
14081;0
14082;0
14083;0
14084;0
14085;0
14086;0
14087;0
14096;0
14097;0
14098;0
14099;0
14100;0
14101;0
14102;0
14103;0
14104;0
14105;0
14106;0
14107;0
14108;0
14109;0
14110;0
14111;0
14112;0
14113;0
14114;0
14115;0
14116;0
14117;0
14118;0
14119;0
14120;0
14121;0
14122;0
14123;0
14124;0
14125;0
14126;0
14127;0
14128;0
14129;0
14130;0
14131;0
14132;0
14133;0
14134;0
14135;0
14136;0
14137;0
14138;0
14139;0
14140;0
14141;0
14142;0
14143;0
14144;0
14145;0
14172;0
14173;0
14174;0
14175;0
14176;0
14177;0
14178;0
14179;0
14180;0
14181;0
14182;0
14193;0
14208;0
14209;0
14210;0
14211;0
14212;0
14213;0
14214;0
14215;0
14216;0
14217;0
14218;0
14219;0
14220;0
14221;0
14222;0
14223;0
14224;0
14225;0
14260;0
14261;0
14262;0
14263;0
14264;0
14265;0
14266;0
14267;0
14268;0
14281;0
14282;0
14283;0
14284;0
14285;0
14286;0
14287;0
14288;0
14289;0
14290;0
14291;0
14292;0
14293;0
14294;0
14295;0
14296;0
14297;0
14298;0
14299;0
14300;0
14311;0
14312;0
14313;0
14314;0
14315;0
14316;0
14317;0
14318;0
14319;0
14329;0
14330;0
14331;0
14341;0
14342;0
14343;0
14355;0
14356;0
14357;0
14358;0
14359;0
14360;0
14361;0
14362;0
14363;0
14364;0
14365;0
14370;0
14371;0
14372;0
14373;0
14374;0
14375;0
14376;0
14377;0
14394;0
14395;0
14396;0
14397;0
14398;0
14399;0
14400;0
14401;0
14402;0
14403;0
14404;0
14405;0
14406;0
14407;0
14408;0
14409;0
14410;0
14419;0
14420;0
14421;0
14422;0
14423;0
14424;0
14425;0
14447;0
14448;0
14449;0
14450;0
14451;0
14472;0
14473;0
14474;0
14489;0
14490;0
14491;0
14500;0
14501;0
14502;0
14503;0
14504;0
14505;0
14506;0
14507;0
14508;0
14509;0
14510;0
14511;0
14512;0
14513;0
14514;0
14515;0
14516;0
14517;0
14518;0
14519;0
14520;0
14521;0
14522;0
14523;0
14524;0
14525;0
14526;0
14527;0
14528;0
14529;0
14530;0
14531;0
14554;0
14555;0
14556;0
14566;0
14567;0
14578;0
14579;0
14580;0
14581;0
14582;0
14583;0
14584;0
14585;0
14586;0
14587;0
14588;0
14589;0
14590;0
14591;0
14592;0
14593;0
14603;0
14604;0
14605;0
14606;0
14607;0
14608;0
14609;0
14610;0
14611;0
14612;0
14613;0
14614;0
14615;0
14616;0
14617;0
14618;0
14619;0
14620;0
14621;0
14622;0
14623;0
14624;0
14633;0
14634;0
14635;0
14636;0
14637;0
14638;0
14639;0
14640;0
14641;0
14642;0
14643;0
14644;0
14663;0
14664;0
14665;0
14666;0
14671;0
14672;0
14673;0
14674;0
14675;0
14676;0
14677;0
14678;0
14679;0
14680;0
14681;0
14682;0
14683;0
14684;0
14685;0
14686;0
14696;0
14697;0
14698;0
14699;0
14700;0
14701;0
14702;0
14703;0
14704;0
14705;0
14714;0
14715;0
14716;0
14717;0
14718;0
14719;0
14720;0
14721;0
14722;0
14723;0
14724;0
14751;0
14752;0
14753;0
14762;0
14763;0
14764;0
14773;0
14774;0
14775;0
14776;0
14777;0
14778;0
14787;0
14788;0
14789;0
14790;0
14791;0
14792;0
14793;0
14794;0
14795;0
14796;0
14797;0
14798;0
14799;0
14800;0
14801;0
14802;0
14803;0
14804;0
14805;0
14806;0
14807;0
14808;0
14809;0
14810;0
14811;0
14812;0
14813;0
14814;0
14815;0
14816;0
14817;0
14818;0
14819;0
14830;0
14831;0
14832;0
14833;0
14834;0
14835;0
14836;0
14837;0
14838;0
14839;0
14840;0
14841;0
14842;0
14843;0
14844;0
14845;0
14846;0
14863;0
14864;0
14865;0
14866;0
14867;0
14868;0
14869;0
14870;0
14871;0
14872;0
14873;0
14874;0
14875;0
14876;0
14877;0
14878;0
14879;0
14880;0
14881;0
14882;0
14883;0
14884;0
14885;0
14886;0
14887;0
14888;0
14889;0
14890;0
14891;0
14892;0
14893;0
14894;0
14895;0
14896;0
14897;0
14898;0
14907;0
14908;0
14909;0
14910;0
14911;0
14912;0
14913;0
14922;0
14923;0
14924;0
14925;0
14926;0
14927;0
14928;0
14929;0
14930;0
14931;0
14932;0
14933;0
14934;0
14935;0
14936;0
14937;0
14938;0
14939;0
14940;0
14941;0
14942;0
14943;0
14944;0
14945;0
14946;0
14947;0
14948;0
14949;0
14950;0
14951;0
14952;0
14965;0
14966;0
14967;0
14968;0
14969;0
14970;0
14971;0
14972;0
14973;0
14982;0
14983;0
14984;0
14985;0
14994;0
14995;0
14996;0
14997;0
14998;0
14999;0
15000;0
15001;0
15002;0
15003;0
15004;0
15005;0
15006;0
15007;0
15008;0
15009;0
15010;0
15011;0
15020;0
15021;0
15022;0
15023;0
15024;0
15025;0
15026;0
15027;0
15028;0
15029;0
15030;0
15031;0
15032;0
15033;0
15034;0
15035;0
15036;0
15037;0
15038;0
15039;0
15040;0
15041;0
15042;0
15043;0
15044;0
15045;0
15054;0
15055;0
15056;0
15057;0
15058;0
15059;0
15060;0
15070;0
15071;0
15072;0
15073;0
15074;0
15075;0
15076;0
15077;0
15078;0
15079;0
15080;0
15081;0
15082;0
15083;0
15084;0
15085;0
15086;0
15087;0
15088;0
15089;0
15090;0
15091;0
15092;0
15093;0
15094;0
15095;0
15096;0
15097;0
15098;0
15099;0
15100;0
15101;0
15102;0
15103;0
15104;0
15105;0
15106;0
15107;0
15108;0
15109;0
15110;0
15111;0
15112;0
15113;0
15114;0
15115;0
15116;0
15117;0
15118;0
15119;0
15120;0
15121;0
15122;0
15123;0
15124;0
15125;0
15126;0
15127;0
15128;0
15129;0
15130;0
15131;0
15132;0
15133;0
15134;0
15135;0
15136;0
15137;0
15138;0
15139;0
15140;0
15141;0
15142;0
15143;0
15144;0
15145;0
15146;0
15147;0
15148;0
15173;0
15174;0
15175;0
15176;0
15177;0
15178;0
15179;0
15180;0
15181;0
15182;0
15183;0
15184;0
15185;0
15186;0
15187;0
15188;0
15189;0
15190;0
15191;0
15192;0
15193;0
15194;0
15203;0
15204;0
15205;0
15206;0
15207;0
15208;0
15209;0
15210;0
15211;0
15212;0
15213;0
15214;0
15224;0
15225;0
15226;0
15227;0
15228;0
15229;0
15230;0
15231;0
15232;0
15233;0
15234;0
15235;0
15236;0
15237;0
15238;0
15239;0
15240;0
15241;0
15242;0
15243;0
15244;0
15262;0
15263;0
15264;0
15265;0
15266;0
15267;0
15268;0
15269;0
15270;0
15271;0
15272;0
15273;0
15274;0
15275;0
15276;0
15277;0
15278;0
15279;0
15288;0
15289;0
15290;0
15291;0
15292;0
15293;0
15294;0
15295;0
15296;0
15297;0
15298;0
15318;0
15319;0
15320;0
15321;0
15322;0
15323;0
15324;0
15325;0
15326;0
15327;0
15328;0
15329;0
15330;0
15331;0
15332;0
15333;0
15334;0
15335;0
15336;0
15337;0
15338;0
15339;0
15340;0
15341;0
15342;0
15343;0
15344;0
15345;0
15346;0
15347;0
15348;0
15349;0
15350;0
15351;0
15352;0
15353;0
15354;0
15355;0
15356;0
15357;0
15358;0
15359;0
15360;0
15361;0
15362;0
15363;0
15364;0
15365;0
15366;0
15367;0
15368;0
15369;0
15370;0
15371;0
15372;0
15373;0
15374;0
15375;0
15376;0
15377;0
15386;0
15387;0
15388;0
15389;0
15390;0
15391;0
15392;0
15393;0
15394;0
15395;0
15396;0
15397;0
15398;0
15399;0
15400;0
15401;0
15402;0
15403;0
15404;0
15405;0
15406;0
15407;0
15408;0
15409;0
15410;0
15411;0
15412;0
15413;0
15414;0
15415;0
15416;0
15417;0
15446;0
15447;0
15448;0
15449;0
15450;0
15451;0
15452;0
15453;0
15454;0
15455;0
15456;0
15457;0
15458;0
15459;0
15460;0
15461;0
15462;0
15463;0
15464;0
15465;0
15474;0
15475;0
15476;0
15477;0
15478;0
15479;0
15480;0
15481;0
15482;0
15483;0
15484;0
15485;0
15486;0
15487;0
15488;0
15489;0
15490;0
15491;0
15492;0
15493;0
15494;0
15511;0
15512;0
15513;0
15514;0
15515;0
15531;0
15532;0
15533;0
15534;0
15535;0
15536;0
15537;0
15538;0
15539;0
15540;0
15541;0
15542;0
15543;0
15544;0
15545;0
15546;0
15547;0
15548;0
15549;0
15576;0
15577;0
15578;0
15579;0
15580;0
15581;0
15582;0
15583;0
15584;0
15585;0
15586;0
15587;0
15588;0
15589;0
15590;0
15591;0
15592;0
15593;0
15594;0
15595;0
15596;0
15597;0
15598;0
15599;0
15600;0
15601;0
15602;0
15603;0
15604;0
15605;0
15606;0
15607;0
15608;0
15622;0
15632;0
15633;0
15634;0
15635;0
15636;0
15650;0
15651;0
15652;0
15653;0
15654;0
15655;0
15656;0
15657;0
15674;0
15675;0
15676;0
15677;0
15678;0
15679;0
15680;0
15681;0
15682;0
15683;0
15684;0
15685;0
15686;0
15687;0
15688;0
15689;0
15690;0
15691;0
15692;0
15693;0
15694;0
15708;0
15709;0
15710;0
15711;0
15712;0
15713;0
15714;0
15715;0
15716;0
15717;0
15718;0
15719;0
15720;0
15721;0
15722;0
15723;0
15724;0
15725;0
15726;0
15737;0
15738;0
15739;0
15748;0
15749;0
15750;0
15751;0
15752;0
15753;0
15754;0
15755;0
15756;0
15757;0
15758;0
15759;0
15760;0
15761;0
15762;0
15763;0
15764;0
15765;0
15766;0
15767;0
15768;0
15769;0
15770;0
15771;0
15772;0
15773;0
15774;0
15775;0
15776;0
15777;0
15778;0
15779;0
15780;0
15781;0
15782;0
15783;0
15784;0
15836;0
15837;0
15838;0
15854;0
15855;0
15856;0
15857;0
15858;0
15859;0
15860;0
15876;0
15877;0
15878;0
15879;0
15880;0
15881;0
15882;0
15883;0
15884;0
15885;0
15886;0
15887;0
15888;0
15899;0
15900;0
15901;0
15902;0
15903;0
15904;0
15905;0
15906;0
15907;0
15908;0
15909;0
15910;0
15911;0
15912;0
15913;0
15914;0
15915;0
15916;0
15917;0
15926;0
15927;0
15928;0
15929;0
15930;0
15931;0
15932;0
15933;0
15934;0
15935;0
15936;0
15937;0
15938;0
15939;0
15940;0
15941;0
15942;0
15943;0
15944;0
15945;0
15946;0
15947;0
15948;0
15949;0
15950;0
15951;0
15952;0
15953;0
15954;0
15955;0
15956;0
15957;0
15958;0
15959;0
15960;0
15961;0
15962;0
15963;0
15964;0
15965;0
15966;0
15967;0
15968;0
15969;0
15970;0
15971;0
15972;0
15973;0
15974;0
15975;0
15976;0
15977;0
15978;0
15979;0
15980;0
15981;0
15982;0
15983;0
15984;0
15985;0
15986;0
15987;0
15988;0
15999;0
16000;0
16001;0
16002;0
16003;0
16004;0
16005;0
16006;0
16007;0
16008;0
16009;0
16010;0
16011;0
16012;0
16013;0
16014;0
16015;0
16016;0
16017;0
16018;0
16019;0
16020;0
16021;0
16022;0
16023;0
16024;0
16025;0
16030;0
16031;0
16032;0
16033;0
16034;0
16035;0
16036;0
16037;0
16038;0
16039;0
16040;0
16049;0
16050;0
16051;0
16052;0
16053;0
16054;0
16064;0
16065;0
16066;0
16067;0
16068;0
16069;0
16070;0
16071;0
16072;0
16073;0
16074;0
16075;0
16076;0
16077;0
16078;0
16079;0
16080;0
16081;0
16102;0
16103;0
16104;0
16105;0
16106;0
16107;0
16108;0
16109;0
16110;0
16111;0
16112;0
16113;0
16114;0
16115;0
16116;0
16117;0
16118;0
16119;0
16120;0
16121;0
16122;0
16123;0
16124;0
16169;0
16170;0
16180;0
16181;0
16182;0
16183;0
16184;0
16185;0
16186;0
16187;0
16188;0
16189;0
16190;0
16191;0
16192;0
16193;0
16194;0
16195;0
16196;0
16205;0
16206;0
16207;0
16208;0
16209;0
16210;0
16211;0
16212;0
16213;0
16214;0
16215;0
16216;0
16217;0
16218;0
16219;0
16220;0
16221;0
16222;0
16223;0
16224;0
16225;0
16226;0
16227;0
16228;0
16229;0
16230;0
16231;0
16232;0
16233;0
16234;0
16264;0
16265;0
16266;0
16267;0
16268;0
16269;0
16270;0
16279;0
16280;0
16281;0
16282;0
16291;0
16292;0
16293;0
16294;0
16295;0
16296;0
16297;0
16298;0
16299;0
16300;0
16301;0
16302;0
16303;0
16304;0
16305;0
16306;0
16307;0
16317;0
16318;0
16319;0
16320;0
16321;0
16322;0
16323;0
16333;0
16334;0
16335;0
16336;0
16337;0
16338;0
16339;0
16340;0
16341;0
16342;0
16360;0
16361;0
16362;0
16363;0
16364;0
16365;0
16366;0
16367;0
16368;0
16369;0
16370;0
16371;0
16372;0
16373;0
16374;0
16375;0
16376;0
16377;0
16378;0
16379;0
16380;0
16381;0
16382;0
16391;0
16392;0
16393;0
16394;0
16395;0
16396;0
16397;0
16398;0
16399;0
16400;0
16401;0
16402;0
16403;0
16404;0
16405;0
16418;0
16419;0
16420;0
16421;0
16422;0
16423;0
16424;0
16425;0
16426;0
16427;0
16428;0
16429;0
16430;0
16431;0
16432;0
16433;0
16434;0
16435;0
16436;0
16437;0
16438;0
16439;0
16440;0
16441;0
16442;0
16443;0
16444;0
16445;0
16446;0
16447;0
16448;0
16485;0
16486;0
16487;0
16488;0
16489;0
16490;0
16491;0
16492;0
16493;0
16494;0
16495;0
16496;0
16497;0
16498;0
16499;0
16500;0
16501;0
16502;0
16527;0
16528;0
16529;0
16530;0
16531;0
16532;0
16533;0
16534;0
16535;0
16536;0
16537;0
16538;0
16539;0
16540;0
16541;0
16542;0
16566;0
16567;0
16568;0
16569;0
16570;0
16571;0
16572;0
16573;0
16574;0
16575;0
16576;0
16577;0
16578;0
16579;0
16588;0
16589;0
16590;0
16591;0
16592;0
16609;0
16610;0
16611;0
16612;0
16613;0
16614;0
16615;0
16616;0
16617;0
16618;0
16619;0
16628;0
16629;0
16630;0
16631;0
16632;0
16633;0
16634;0
16635;0
16636;0
16645;0
16646;0
16647;0
16648;0
16649;0
16650;0
16651;0
16652;0
16653;0
16654;0
16655;0
16656;0
16657;0
16658;0
16674;0
16675;0
16676;0
16677;0
16678;0
16679;0
16680;0
16681;0
16682;0
16683;0
16684;0
16685;0
16686;0
16687;0
16688;0
16689;0
16690;0
16691;0
16692;0
16693;0
16694;0
16695;0
16696;0
16697;0
16698;0
16699;0
16700;0
16701;0
16702;0
16703;0
16704;0
16705;0
16706;0
16707;0
16708;0
16709;0
16710;0
16711;0
16712;0
16713;0
16714;0
16715;0
16716;0
16726;0
16727;0
16728;0
16729;0
16730;0
16731;0
16732;0
16733;0
16734;0
16735;0
16736;0
16737;0
16738;0
16739;0
16740;0
16741;0
16742;0
16743;0
16752;0
16753;0
16754;0
16755;0
16756;0
16757;0
16758;0
16759;0
16760;0
16761;0
16762;0
16763;0
16764;0
16765;0
16766;0
16767;0
16768;0
16769;0
16770;0
16771;0
16772;0
16773;0
16774;0
16775;0
16776;0
16777;0
16778;0
16779;0
16780;0
16781;0
16782;0
16783;0
16784;0
16785;0
16786;0
16787;0
16788;0
16789;0
16790;0
16791;0
16792;0
16793;0
16794;0
16795;0
16796;0
16797;0
16798;0
16824;0
16825;0
16826;0
16827;0
16828;0
16853;0
16854;0
16855;0
16856;0
16857;0
16858;0
16859;0
16860;0
16861;0
16862;0
16863;0
16864;0
16865;0
16866;0
16867;0
16868;0
16869;0
16870;0
16871;0
16872;0
16873;0
16874;0
16875;0
16876;0
16877;0
16878;0
16879;0
16880;0
16881;0
16923;0
16932;0
16933;0
16943;0
16944;0
16945;0
16946;0
16947;0
16948;0
16957;0
16967;0
16968;0
16969;0
16970;0
16971;0
16980;0
16981;0
16999;0
17000;0
17001;0
17002;0
17003;0
17004;0
17005;0
17006;0
17007;0
17008;0
17009;0
17010;0
17021;0
17033;0
17034;0
17047;0
17048;0
17049;0
17050;0
17051;0
17052;0
17053;0
17054;0
17055;0
17056;0
17057;0
17058;0
17059;0
17060;0
17061;0
17070;0
17071;0
17072;0
17073;0
17074;0
17075;0
17076;0
17077;0
17078;0
17079;0
17080;0
17081;0
17082;0
17092;0
17093;0
17094;0
17111;0
17112;0
17113;0
17114;0
17115;0
17116;0
17117;0
17118;0
17119;0
17120;0
17121;0
17122;0
17123;0
17124;0
17125;0
17126;0
17127;0
17128;0
17129;0
17130;0
17131;0
17132;0
17133;0
17134;0
17135;0
17136;0
17137;0
17138;0
17139;0
17140;0
17141;0
17142;0
17143;0
17144;0
17145;0
17146;0
17147;0
17148;0
17149;0
17150;0
17151;0
17152;0
17153;0
17154;0
17155;0
17156;0
17157;0
17158;0
17159;0
17160;0
17161;0
17162;0
17163;0
17164;0
17165;0
17166;0
17167;0
17168;0
17169;0
17170;0
17171;0
17172;0
17173;0
17174;0
17175;0
17176;0
17177;0
17178;0
17179;0
17180;0
17181;0
17182;0
17192;0
17193;0
17194;0
17195;0
17196;0
17197;0
17216;0
17217;0
17218;0
17219;0
17220;0
17221;0
17222;0
17223;0
17224;0
17225;0
17226;0
17235;0
17246;0
17247;0
17248;0
17249;0
17250;0
17251;0
17252;0
17253;0
17254;0
17255;0
17256;0
17290;0
17302;0
17303;0
17304;0
17305;0
17306;0
17307;0
17308;0
17309;0
17310;0
17325;0
17326;0
17327;0
17328;0
17329;0
17330;0
17331;0
17332;0
17333;0
17334;0
17335;0
17336;0
17337;0
17338;0
17339;0
17340;0
17341;0
17394;0
17395;0
17396;0
17397;0
17398;0
17399;0
17400;0
17401;0
17402;0
17403;0
17404;0
17405;0
17406;0
17407;0
17408;0
17409;0
17410;0
17411;0
17412;0
17422;0
17423;0
17424;0
17425;0
17426;0
17427;0
17428;0
17429;0
17430;0
17431;0
17432;0
17433;0
17434;0
17435;0
17436;0
17437;0
17438;0
17439;0
17440;0
17441;0
17442;0
17443;0
17444;0
17445;0
17446;0
17447;0
17448;0
17449;0
17450;0
17451;0
17452;0
17453;0
17454;0
17455;0
17456;0
17457;0
17458;0
17459;0
17460;0
17461;0
17462;0
17463;0
17464;0
17465;0
17466;0
17467;0
17468;0
17469;0
17470;0
17471;0
17472;0
17473;0
17474;0
17475;0
17476;0
17477;0
17478;0
17479;0
17480;0
17481;0
17482;0
17483;0
17484;0
17485;0
17486;0
17487;0
17488;0
17489;0
17490;0
17491;0
17492;0
17493;0
17494;0
17495;0
17508;0
17509;0
17510;0
17511;0
17512;0
17513;0
17514;0
17515;0
17516;0
17517;0
17518;0
17527;0
17528;0
17529;0
17530;0
17531;0
17532;0
17533;0
17534;0
17535;0
17536;0
17537;0
17538;0
17539;0
17540;0
17541;0
17542;0
17543;0
17544;0
17545;0
17546;0
17547;0
17548;0
17549;0
17550;0
17551;0
17552;0
17553;0
17554;0
17555;0
17556;0
17557;0
17558;0
17559;0
17560;0
17561;0
17562;0
17563;0
17564;0
17565;0
17566;0
17567;0
17568;0
17569;0
17570;0
17571;0
17572;0
17573;0
17574;0
17575;0
17576;0
17577;0
17578;0
17579;0
17580;0
17581;0
17582;0
17587;0
17588;0
17589;0
17590;0
17599;0
17612;0
17613;0
17614;0
17615;0
17616;0
17642;0
17643;0
17666;0
17667;0
17668;0
17669;0
17670;0
17671;0
17672;0
17673;0
17674;0
17675;0
17676;0
17677;0
17678;0
17679;0
17680;0
17681;0
17682;0
17683;0
17684;0
17685;0
17686;0
17687;0
17688;0
17689;0
17701;0
17702;0
17703;0
17704;0
17705;0
17706;0
17707;0
17708;0
17709;0
17710;0
17711;0
17712;0
17713;0
17714;0
17715;0
17716;0
17717;0
17718;0
17719;0
17720;0
17721;0
17722;0
17723;0
17724;0
17725;0
17726;0
17727;0
17728;0
17729;0
17730;0
17731;0
17732;0
17733;0
17734;0
17735;0
17736;0
17737;0
17738;0
17739;0
17740;0
17741;0
17742;0
17743;0
17744;0
17777;0
17778;0
17779;0
17780;0
17781;0
17782;0
17797;0
17798;0
17799;0
17800;0
17801;0
17802;0
17803;0
17804;0
17805;0
17806;0
17807;0
17808;0
17809;0
17810;0
17811;0
17812;0
17813;0
17822;0
17823;0
17824;0
17825;0
17826;0
17827;0
17828;0
17829;0
17830;0
17831;0
17832;0
17833;0
17834;0
17835;0
17852;0
17853;0
17854;0
17864;0
17865;0
17874;0
17875;0
17876;0
17877;0
17878;0
17879;0
17880;0
17881;0
17882;0
17896;0
17897;0
17898;0
17899;0
17944;0
17945;0
17946;0
17947;0
17948;0
17949;0
17950;0
17951;0
17952;0
17953;0
17954;0
17955;0
17971;0
17972;0
17973;0
17974;0
17975;0
17976;0
17977;0
17978;0
17979;0
17980;0
17981;0
17982;0
17983;0
17984;0
17985;0
17986;0
17987;0
17988;0
17989;0
17990;0
17991;0
17992;0
17993;0
17994;0
18008;0
18009;0
18010;0
18011;0
18012;0
18013;0
18014;0
18015;0
18016;0
18017;0
18018;0
18019;0
18020;0
18021;0
18022;0
18023;0
18024;0
18025;0
18026;0
18027;0
18028;0
18029;0
18030;0
18031;0
18032;0
18033;0
18034;0
18035;0
18036;0
18037;0
18038;0
18039;0
18040;0
18060;0
18061;0
18062;0
18063;0
18064;0
18065;0
18066;0
18067;0
18068;0
18069;0
18070;0
18071;0
18072;0
18073;0
18074;0
18075;0
18076;0
18077;0
18078;0
18079;0
18080;0
18081;0
18082;0
18083;0
18084;0
18085;0
18086;0
18096;0
18097;0
18098;0
18099;0
18100;0
18101;0
18102;0
18120;0
18121;0
18122;0
18123;0
18151;0
18152;0
18153;0
18154;0
18155;0
18156;0
18157;0
18158;0
18159;0
18160;0
18161;0
18162;0
18163;0
18164;0
18165;0
18166;0
18167;0
18168;0
18169;0
18170;0
18171;0
18172;0
18173;0
18174;0
18175;0
18176;0
18177;0
18178;0
18179;0
18180;0
18181;0
18182;0
18183;0
18184;0
18185;0
18186;0
18187;0
18188;0
18241;0
18242;0
18243;0
18244;0
18245;0
18246;0
18247;0
18248;0
18249;0
18250;0
18251;0
18252;0
18253;0
18254;0
18255;0
18256;0
18257;0
18258;0
18259;0
18260;0
18261;0
18262;0
18263;0
18264;0
18265;0
18266;0
18267;0
18268;0
18269;0
18270;0
18271;0
18272;0
18273;0
18274;0
18275;0
18276;0
18277;0
18278;0
18279;0
18280;0
18281;0
18282;0
18283;0
18284;0
18298;0
18299;0
18300;0
18301;0
18302;0
18303;0
18304;0
18305;0
18306;0
18307;0
18308;0
18309;0
18310;0
18311;0
18312;0
18313;0
18314;0
18315;0
18316;0
18317;0
18318;0
18319;0
18320;0
18321;0
18322;0
18323;0
18324;0
18325;0
18326;0
18327;0
18328;0
18329;0
18330;0
18339;0
18340;0
18341;0
18342;0
18343;0
18365;0
18366;0
18367;0
18368;0
18369;0
18370;0
18371;0
18372;0
18373;0
18382;0
18383;0
18384;0
18385;0
18386;0
18387;0
18388;0
18389;0
18390;0
18391;0
18392;0
18393;0
18394;0
18395;0
18396;0
18397;0
18398;0
18399;0
18400;0
18401;0
18402;0
18403;0
18404;0
18405;0
18406;0
18407;0
18408;0
18409;0
18410;0
18411;0
18412;0
18413;0
18414;0
18415;0
18416;0
18417;0
18418;0
18419;0
18420;0
18421;0
18422;0
18423;0
18424;0
18444;0
18453;0
18454;0
18455;0
18456;0
18457;0
18458;0
18459;0
18460;0
18461;0
18462;0
18463;0
18464;0
18465;0
18466;0
18467;0
18468;0
18469;0
18470;0
18471;0
18480;0
18481;0
18482;0
18483;0
18493;0
18494;0
18495;0
18496;0
18497;0
18498;0
18499;0
18508;0
18509;0
18510;0
18511;0
18512;0
18513;0
18514;0
18515;0
18516;0
18517;0
18518;0
18519;0
18520;0
18521;0
18522;0
18523;0
18524;0
18525;0
18526;0
18527;0
18528;0
18529;0
18530;0
18531;0
18532;0
18533;0
18534;0
18564;0
18565;0
18566;0
18576;0
18577;0
18586;0
18587;0
18588;0
18589;0
18590;0
18591;0
18592;0
18593;0
18594;0
18595;0
18596;0
18597;0
18598;0
18599;0
18600;0
18601;0
18602;0
18603;0
18604;0
18605;0
18606;0
18607;0
18608;0
18609;0
18610;0
18611;0
18612;0
18613;0
18614;0
18615;0
18616;0
18617;0
18640;0
18641;0
18642;0
18643;0
18644;0
18645;0
18646;0
18647;0
18648;0
18649;0
18650;0
18651;0
18652;0
18653;0
18654;0
18655;0
18656;0
18657;0
18658;0
18659;0
18660;0
18661;0
18662;0
18663;0
18664;0
18665;0
18666;0
18667;0
18668;0
18669;0
18670;0
18671;0
18672;0
18673;0
18674;0
18675;0
18676;0
18677;0
18678;0
18679;0
18680;0
18681;0
18690;0
18691;0
18692;0
18693;0
18694;0
18695;0
18696;0
18705;0
18706;0
18707;0
18708;0
18709;0
18710;0
18711;0
18712;0
18713;0
18714;0
18715;0
18716;0
18728;0
18729;0
18730;0
18731;0
18732;0
18733;0
18734;0
18735;0
18736;0
18737;0
18738;0
18739;0
18740;0
18741;0
18742;0
18743;0
18744;0
18745;0
18746;0
18747;0
18748;0
18749;0
18750;0
18751;0
18752;0
18753;0
18754;0
18755;0
18756;0
18757;0
18758;0
18759;0
18760;0
18761;0
18778;0
18779;0
18780;0
18790;0
18791;0
18811;0
18812;0
18813;0
18814;0
18815;0
18816;0
18835;0
18836;0
18837;0
18838;0
18839;0
18840;0
18841;0
18842;0
18843;0
18844;0
18853;0
18854;0
18855;0
18856;0
18857;0
18858;0
18859;0
18860;0
18861;0
18862;0
18863;0
18864;0
18865;0
18866;0
18867;0
18868;0
18869;0
18870;0
18871;0
18872;0
18873;0
18882;0
18883;0
18884;0
18885;0
18886;0
18887;0
18888;0
18889;0
18890;0
18891;0
18892;0
18893;0
18894;0
18895;0
18896;0
18897;0
18898;0
18899;0
18900;0
18901;0
18902;0
18903;0
18904;0
18905;0
18906;0
18907;0
18908;0
18909;0
18910;0
18911;0
18912;0
18913;0
18914;0
18915;0
18916;0
18917;0
18918;0
18919;0
18920;0
18921;0
18922;0
18923;0
18924;0
18936;0
18937;0
18938;0
18939;0
18940;0
18941;0
18954;0
18955;0
18956;0
18957;0
18958;0
18959;0
18960;0
18961;0
18962;0
18963;0
18964;0
18965;0
18966;0
18967;0
18968;0
18969;0
18970;0
18971;0
18972;0
18973;0
18974;0
18975;0
18976;0
18977;0
18978;0
18979;0
18980;0
18981;0
18982;0
18983;0
18984;0
18985;0
18986;0
18987;0
18988;0
18989;0
18990;0
18991;0
18992;0
18993;0
18994;0
19026;0
19027;0
19028;0
19029;0
19030;0
19031;0
19032;0
19033;0
19034;0
19035;0
19036;0
19037;0
19038;0
19039;0
19040;0
19041;0
19042;0
19043;0
19058;0
19059;0
19060;0
19061;0
19062;0
19063;0
19094;0
19095;0
19096;0
19097;0
19098;0
19099;0
19100;0
19101;0
19102;0
19103;0
19104;0
19105;0
19106;0
19107;0
19108;0
19109;0
19110;0
19111;0
19112;0
19113;0
19153;0
19154;0
19155;0
19156;0
19157;0
19179;0
19180;0
19181;0
19190;0
19191;0
19200;0
19201;0
19202;0
19203;0
19204;0
19205;0
19206;0
19207;0
19208;0
19209;0
19210;0
19211;0
19212;0
19213;0
19214;0
19215;0
19216;0
19217;0
19218;0
19219;0
19220;0
19221;0
19253;0
19254;0
19259;0
19260;0
19261;0
19262;0
19263;0
19264;0
19265;0
19266;0
19267;0
19268;0
19269;0
19270;0
19271;0
19272;0
19273;0
19274;0
19275;0
19285;0
19286;0
19287;0
19288;0
19289;0
19290;0
19291;0
19292;0
19293;0
19294;0
19295;0
19296;0
19297;0
19298;0
19299;0
19300;0
19301;0
19302;0
19303;0
19329;0
19330;0
19331;0
19332;0
19333;0
19334;0
19381;0
19382;0
19383;0
19384;0
19385;0
19411;0
19412;0
19413;0
19414;0
19415;0
19416;0
19417;0
19418;0
19419;0
19428;0
19429;0
19430;0
19431;0
19441;0
19442;0
19443;0
19444;0
19445;0
19446;0
19447;0
19448;0
19449;0
19450;0
19451;0
19452;0
19453;0
19454;0
19455;0
19456;0
19457;0
19458;0
19459;0
19460;0
19461;0
19462;0
19463;0
19464;0
19465;0
19466;0
19467;0
19468;0
19469;0
19470;0
19471;0
19472;0
19473;0
19474;0
19475;0
19476;0
19477;0
19478;0
19479;0
19480;0
19481;0
19482;0
19483;0
19484;0
19485;0
19486;0
19487;0
19488;0
19489;0
19490;0
19491;0
19492;0
19493;0
19494;0
19495;0
19496;0
19505;0
19506;0
19507;0
19508;0
19509;0
19510;0
19511;0
19512;0
19513;0
19514;0
19515;0
19516;0
19517;0
19518;0
19519;0
19520;0
19521;0
19522;0
19523;0
19524;0
19525;0
19526;0
19527;0
19528;0
19529;0
19530;0
19531;0
19532;0
19533;0
19534;0
19535;0
19536;0
19537;0
19538;0
19539;0
19540;0
19554;0
19555;0
19556;0
19557;0
19558;0
19559;0
19560;0
19561;0
19562;0
19563;0
19574;0
19575;0
19576;0
19577;0
19578;0
19579;0
19580;0
19581;0
19582;0
19583;0
19584;0
19585;0
19586;0
19587;0
19588;0
19589;0
19590;0
19591;0
19592;0
19612;0
19613;0
19639;0
19640;0
19666;0
19667;0
19668;0
19669;0
19670;0
19671;0
19672;0
19673;0
19674;0
19675;0
19676;0
19677;0
19678;0
19679;0
19680;0
19681;0
19682;0
19683;0
19684;0
19685;0
19686;0
19687;0
19688;0
19689;0
19690;0
19708;0
19709;0
19710;0
19711;0
19712;0
19713;0
19714;0
19715;0
19716;0
19717;0
19718;0
19719;0
19734;0
19735;0
19736;0
19737;0
19738;0
19780;0
19781;0
19782;0
19783;0
19784;0
19785;0
19786;0
19787;0
19788;0
19789;0
19790;0
19791;0
19792;0
19793;0
19794;0
19795;0
19796;0
19797;0
19798;0
19799;0
19800;0
19801;0
19802;0
19803;0
19804;0
19805;0
19806;0
19807;0
19808;0
19809;0
19810;0
19811;0
19812;0
19813;0
19814;0
19827;0
19841;0
19851;0
19852;0
19853;0
19854;0
19855;0
19856;0
19857;0
19858;0
19859;0
19860;0
19861;0
19862;0
19863;0
19864;0
19873;0
19874;0
19875;0
19876;0
19877;0
19878;0
19879;0
19880;0
19881;0
19882;0
19883;0
19884;0
19900;0
19901;0
19902;0
19903;0
19904;0
19905;0
19906;0
19907;0
19912;0
19913;0
19914;0
19915;0
19916;0
19917;0
19918;0
19923;0
19924;0
19925;0
19926;0
19927;0
19928;0
19929;0
19930;0
19931;0
19932;0
19948;0
19960;0
19961;0
19962;0
19963;0
19964;0
19965;0
19966;0
19967;0
20001;0
20002;0
20003;0
20004;0
20005;0
20006;0
20007;0
20008;0
20009;0
20010;0
20011;0
20026;0
20027;0
20028;0
20029;0
20030;0
20031;0
20032;0
20033;0
20034;0
20035;0
20036;0
20037;0
20052;0
20053;0
20054;0
20083;0
20084;0
20085;0
20086;0
20087;0
20088;0
20089;0
20090;0
20091;0
20092;0
20093;0
20094;0
20095;0
20096;0
20106;0
20107;0
20108;0
20109;0
20110;0
20111;0
20112;0
20113;0
20114;0
20115;0
20116;0
20117;0
20118;0
20119;0
20120;0
20121;0
20122;0
20123;0
20124;0
20125;0
20126;0
20127;0
20128;0
20129;0
20130;0
20131;0
20132;0
20133;0
20134;0
20135;0
20136;0
20137;0
20138;0
20139;0
20149;0
20170;0
20171;0
20172;0
20173;0
20174;0
20175;0
20176;0
20177;0
20178;0
20179;0
20180;0
20181;0
20182;0
20183;0
20184;0
20185;0
20186;0
20187;0
20188;0
20189;0
20190;0
20191;0
20192;0
20193;0
20194;0
20195;0
20196;0
20197;0
20198;0
20199;0
20200;0
20201;0
20202;0
20203;0
20204;0
20205;0
20206;0
20207;0
20208;0
20209;0
20237;0
20238;0
20239;0
20240;0
20269;0
20270;0
20271;0
20272;0
20273;0
20274;0
20283;0
20284;0
20285;0
20286;0
20287;0
20288;0
20289;0
20290;0
20291;0
20292;0
20293;0
20294;0
20295;0
20296;0
20297;0
20298;0
20299;0
20300;0
20301;0
20302;0
20303;0
20304;0
20305;0
20306;0
20307;0
20308;0
20309;0
20310;0
20311;0
20312;0
20313;0
20314;0
20315;0
20316;0
20317;0
20318;0
20319;0
20320;0
20321;0
20322;0
20332;0
20341;0
20342;0
20343;0
20344;0
20345;0
20346;0
20347;0
20348;0
20349;0
20350;0
20351;0
20352;0
20353;0
20354;0
20355;0
20356;0
20357;0
20358;0
20359;0
20360;0
20361;0
20362;0
20363;0
20364;0
20365;0
20366;0
20367;0
20368;0
20369;0
20370;0
20371;0
20372;0
20373;0
20374;0
20375;0
20376;0
20377;0
20378;0
20379;0
20380;0
20381;0
20382;0
20383;0
20384;0
20385;0
20386;0
20387;0
20388;0
20389;0
20390;0
20391;0
20392;0
20393;0
20394;0
20395;0
20409;0
20410;0
20430;0
20431;0
20432;0
20433;0
20434;0
20435;0
20436;0
20437;0
20438;0
20439;0
20440;0
20441;0
20442;0
20443;0
20444;0
20445;0
20457;0
20458;0
20459;0
20460;0
20461;0
20462;0
20463;0
20464;0
20465;0
20466;0
20467;0
20468;0
20469;0
20470;0
20471;0
20472;0
20473;0
20474;0
20475;0
20476;0
20477;0
20478;0
20479;0
20480;0
20546;0
20547;0
20579;0
20580;0
20581;0
20582;0
20583;0
20584;0
20585;0
20586;0
20610;0
20623;0
20624;0
20634;0
20635;0
20649;0
20650;0
20659;0
20660;0
20661;0
20662;0
20663;0
20664;0
20665;0
20666;0
20667;0
20668;0
20669;0
20670;0
20671;0
20672;0
20673;0
20674;0
20675;0
20676;0
20677;0
20678;0
20679;0
20680;0
20681;0
20682;0
20683;0
20684;0
20685;0
20686;0
20687;0
20688;0
20689;0
20690;0
20691;0
20692;0
20693;0
20694;0
20695;0
20696;0
20697;0
20698;0
20714;0
20715;0
20716;0
20732;0
20733;0
20734;0
20735;0
20736;0
20737;0
20738;0
20739;0
20740;0
20741;0
20742;0
20754;0
20755;0
20756;0
20757;0
20758;0
20759;0
20760;0
20761;0
20762;0
20763;0
20764;0
20765;0
20766;0
20767;0
20768;0
20777;0
20778;0
20779;0
20780;0
20781;0
20782;0
20783;0
20784;0
20785;0
20786;0
20787;0
20788;0
20789;0
20790;0
20791;0
20792;0
20793;0
20794;0
20795;0
20796;0
20806;0
20807;0
20808;0
20809;0
20810;0
20811;0
20812;0
20837;0
20838;0
20839;0
20840;0
20841;0
20849;0
20865;0
20866;0
20867;0
20868;0
20878;0
20879;0
20880;0
20881;0
20882;0
20883;0
20884;0
20893;0
20894;0
20895;0
20896;0
20897;0
20898;0
20910;0
20924;0
20925;0
20926;0
20927;0
20928;0
20929;0
20930;0
20931;0
20932;0
20933;0
20934;0
20935;0
20936;0
20937;0
20938;0
20939;0
20940;0
20941;0
20942;0
20943;0
20944;0
20945;0
20946;0
20947;0
20948;0
20949;0
20950;0
20951;0
20962;0
20963;0
20964;0
20965;0
20966;0
20967;0
20968;0
20977;0
20978;0
20979;0
20980;0
20981;0
20982;0
20983;0
20984;0
20985;0
20986;0
20987;0
20988;0
20989;0
21001;0
21002;0
21003;0
21004;0
21005;0
21006;0
21007;0
21008;0
21028;0
21029;0
21034;0
21035;0
21036;0
21037;0
21050;0
21051;0
21052;0
21053;0
21054;0
21055;0
21056;0
21057;0
21058;0
21059;0
21060;0
21061;0
21062;0
21063;0
21064;0
21065;0
21066;0
21067;0
21104;0
21105;0
21106;0
21119;0
21120;0
21121;0
21122;0
21123;0
21124;0
21125;0
21126;0
21127;0
21128;0
21129;0
21130;0
21131;0
21132;0
21133;0
21152;0
21153;0
21154;0
21155;0
21156;0
21157;0
21158;0
21159;0
21160;0
21161;0
21162;0
21163;0
21164;0
21165;0
21166;0
21200;0
21201;0
21202;0
21203;0
21204;0
21205;0
21206;0
21207;0
21208;0
21209;0
21210;0
21211;0
21212;0
21213;0
21214;0
21215;0
21216;0
21217;0
21218;0
21219;0
21220;0
21221;0
21222;0
21223;0
21224;0
21225;0
21226;0
21227;0
21228;0
21229;0
21230;0
21231;0
21232;0
21233;0
21234;0
21235;0
21236;0
21237;0
21238;0
21239;0
21240;0
21241;0
21242;0
21243;0
21244;0
21245;0
21246;0
21247;0
21248;0
21249;0
21250;0
21251;0
21252;0
21253;0
21254;0
21255;0
21256;0
21257;0
21258;0
21259;0
21260;0
21286;0
21287;0
21288;0
21289;0
21290;0
21291;0
21292;0
21293;0
21294;0
21295;0
21296;0
21297;0
21298;0
21299;0
21300;0
21301;0
21302;0
21303;0
21304;0
21305;0
21306;0
21307;0
21308;0
21309;0
21310;0
21311;0
21312;0
21313;0
21314;0
21315;0
21316;0
21317;0
21369;0
21403;0
21404;0
21405;0
21406;0
21407;0
21408;0
21409;0
21410;0
21411;0
21412;0
21413;0
21414;0
21415;0
21416;0
21417;0
21418;0
21419;0
21420;0
21421;0
21422;0
21423;0
21424;0
21425;0
21426;0
21427;0
21428;0
21429;0
21430;0
21431;0
21432;0
21433;0
21434;0
21435;0
21436;0
21437;0
21438;0
21439;0
21440;0
21441;0
21442;0
21443;0
21444;0
21445;0
21446;0
21447;0
21448;0
21449;0
21450;0
21451;0
21452;0
21453;0
21454;0
21455;0
21456;0
21457;0
21458;0
21459;0
21460;0
21461;0
21462;0
21463;0
21464;0
21465;0
21466;0
21467;0
21468;0
21469;0
21470;0
21471;0
21472;0
21473;0
21474;0
21475;0
21476;0
21477;0
21478;0
21479;0
21480;0
21481;0
21482;0
21483;0
21484;0
21485;0
21486;0
21487;0
21488;0
21489;0
21490;0
21491;0
21492;0
21493;0
21494;0
21495;0
21496;0
21497;0
21498;0
21499;0
21500;0
21501;0
21502;0
21503;0
21504;0
21505;0
21506;0
21507;0
21508;0
21509;0
21510;0
21511;0
21512;0
21513;0
21514;0
21515;0
21516;0
21517;0
21518;0
21519;0
21520;0
21521;0
21522;0
21523;0
21524;0
21525;0
21526;0
21527;0
21528;0
21529;0
21530;0
21531;0
21532;0
21533;0
21534;0
21535;0
21536;0
21537;0
21538;0
21539;0
21540;0
21541;0
21542;0
21543;0
21544;0
21545;0
21546;0
21547;0
21548;0
21549;0
21550;0
21551;0
21552;0
21553;0
21554;0
21555;0
21556;0
21557;0
21558;0
21559;0
21560;0
21561;0
21584;0
21585;0
21586;0
21587;0
21588;0
21589;0
21590;0
21591;0
21592;0
21593;0
21594;0
21595;0
21596;0
21597;0
21598;0
21599;0
21600;0
21601;0
21602;0
21603;0
21604;0
21605;0
21606;0
21607;0
21608;0
21609;0
21610;0
21611;0
21612;0
21613;0
21614;0
21615;0
21616;0
21617;0
21618;0
21619;0
21620;0
21621;0
21622;0
21623;0
21632;0
21633;0
21634;0
21635;0
21636;0
21637;0
21646;0
21647;0
21648;0
21649;0
21650;0
21651;0
21660;0
21661;0
21662;0
21663;0
21664;0
21665;0
21666;0
21667;0
21668;0
21669;0
21670;0
21671;0
21672;0
21673;0
21674;0
21675;0
21676;0
21677;0
21678;0
21679;0
21680;0
21681;0
21682;0
21683;0
21684;0
21685;0
21686;0
21687;0
21688;0
21689;0
21690;0
21691;0
21704;0
21705;0
21706;0
21707;0
21716;0
21717;0
21718;0
21719;0
21720;0
21721;0
21722;0
21723;0
21724;0
21725;0
21752;0
21753;0
21754;0
21763;0
21764;0
21773;0
21774;0
21775;0
21776;0
21777;0
21778;0
21779;0
21780;0
21781;0
21782;0
21783;0
21784;0
21785;0
21786;0
21787;0
21788;0
21789;0
21790;0
21791;0
21792;0
21793;0
21794;0
21795;0
21796;0
21797;0
21798;0
21799;0
21800;0
21801;0
21802;0
21803;0
21804;0
21805;0
21806;0
21807;0
21808;0
21809;0
21810;0
21811;0
21822;0
21823;0
21824;0
21849;0
21850;0
21851;0
21852;0
21853;0
21854;0
21855;0
21856;0
21857;0
21858;0
21859;0
21860;0
21861;0
21862;0
21863;0
21864;0
21865;0
21866;0
21867;0
21876;0
21877;0
21878;0
21879;0
21895;0
21896;0
21897;0
21898;0
21899;0
21900;0
21901;0
21902;0
21903;0
21919;0
21920;0
21921;0
21922;0
21923;0
21924;0
21925;0
21926;0
21927;0
21928;0
21929;0
21930;0
21931;0
21932;0
21933;0
21934;0
21935;0
21948;0
21969;0
21970;0
21982;0
22023;0
22034;0
22035;0
22045;0
22046;0
22047;0
22048;0
22049;0
22050;0
22051;0
22052;0
22053;0
22054;0
22055;0
22074;0
22075;0
22076;0
22077;0
22078;0
22079;0
22080;0
22081;0
22082;0
22083;0
22084;0
22085;0
22086;0
22087;0
22088;0
22089;0
22090;0
22091;0
22092;0
22093;0
22094;0
22095;0
22096;0
22097;0
22098;0
22124;0
22125;0
22126;0
22149;0
22150;0
22151;0
22152;0
22179;0
22180;0
22181;0
22182;0
22183;0
22184;0
22185;0
22186;0
22187;0
22188;0
22189;0
22190;0
22191;0
22192;0
22193;0
22194;0
22195;0
22196;0
22197;0
22198;0
22199;0
22200;0
22201;0
22202;0
22203;0
22204;0
22205;0
22206;0
22207;0
22208;0
22209;0
22210;0
22211;0
22220;0
22221;0
22222;0
22223;0
22224;0
22225;0
22226;0
22227;0
22228;0
22229;0
22230;0
22231;0
22232;0
22233;0
22234;0
22235;0
22244;0
22245;0
22246;0
22247;0
22248;0
22249;0
22250;0
22251;0
22252;0
22253;0
22254;0
22255;0
22256;0
22257;0
22258;0
22259;0
22260;0
22261;0
22262;0
22263;0
22264;0
22265;0
22266;0
22267;0
22268;0
22269;0
22314;0
22315;0
22316;0
22331;0
22332;0
22333;0
22334;0
22335;0
22336;0
22337;0
22338;0
22350;0
22351;0
22352;0
22353;0
22354;0
22355;0
22356;0
22357;0
22358;0
22359;0
22360;0
22361;0
22362;0
22363;0
22364;0
22365;0
22366;0
22367;0
22368;0
22369;0
22370;0
22371;0
22372;0
22373;0
22374;0
22375;0
22376;0
22377;0
22378;0
22379;0
22380;0
22381;0
22382;0
22409;0
22410;0
22411;0
22412;0
22413;0
22414;0
22415;0
22416;0
22417;0
22418;0
22419;0
22420;0
22421;0
22422;0
22423;0
22424;0
22425;0
22426;0
22427;0
22428;0
22429;0
22430;0
22443;0
22444;0
22445;0
22446;0
22447;0
22448;0
22449;0
22460;0
22461;0
22462;0
22463;0
22464;0
22465;0
22470;0
22471;0
22472;0
22473;0
22474;0
22475;0
22476;0
22477;0
22478;0
22479;0
22501;0
22512;0
22527;0
22528;0
22529;0
22530;0
22542;0
22543;0
22544;0
22545;0
22546;0
22555;0
22556;0
22557;0
22558;0
22559;0
22568;0
22569;0
22570;0
22571;0
22572;0
22573;0
22574;0
22575;0
22576;0
22577;0
22586;0
22587;0
22588;0
22589;0
22590;0
22591;0
22592;0
22593;0
22594;0
22595;0
22596;0
22597;0
22598;0
22599;0
22600;0
22601;0
22619;0
22620;0
22621;0
22622;0
22623;0
22624;0
22625;0
22634;0
22643;0
22644;0
22645;0
22659;0
22660;0
22661;0
22662;0
22663;0
22664;0
22665;0
22666;0
22667;0
22668;0
22669;0
22670;0
22671;0
22672;0
22673;0
22674;0
22675;0
22676;0
22677;0
22678;0
22679;0
22680;0
22700;0
22701;0
22702;0
22703;0
22704;0
22705;0
22706;0
22707;0
22708;0
22709;0
22710;0
22721;0
22722;0
22723;0
22724;0
22725;0
22726;0
22727;0
22728;0
22729;0
22730;0
22731;0
22732;0
22733;0
22734;0
22735;0
22736;0
22737;0
22738;0
22739;0
22740;0
22749;0
22750;0
22751;0
22752;0
22753;0
22754;0
22755;0
22777;0
22786;0
22787;0
22788;0
22789;0
22790;0
22791;0
22792;0
22793;0
22794;0
22795;0
22796;0
22797;0
22798;0
22853;0
22854;0
22855;0
22856;0
22857;0
22858;0
22859;0
22860;0
22861;0
22862;0
22863;0
22864;0
22865;0
22866;0
22867;0
22868;0
22869;0
22870;0
22871;0
22872;0
22873;0
22874;0
22875;0
22876;0
22877;0
22878;0
22879;0
22880;0
22881;0
22882;0
22883;0
22884;0
22885;0
22886;0
22887;0
22888;0
22889;0
22890;0
22891;0
22918;0
22919;0
22920;0
22921;0
22922;0
22923;0
22924;0
22933;0
22934;0
22935;0
22936;0
22937;0
22938;0
22939;0
22948;0
22949;0
22950;0
22951;0
22952;0
22953;0
22954;0
22955;0
22956;0
22957;0
22966;0
22967;0
22968;0
22969;0
22970;0
22971;0
22972;0
22973;0
22974;0
22975;0
22976;0
22977;0
22978;0
22979;0
22980;0
22981;0
22982;0
22983;0
22984;0
22985;0
22986;0
22987;0
22988;0
22989;0
22990;0
22991;0
22992;0
22993;0
22994;0
22995;0
22996;0
22997;0
23013;0
23014;0
23015;0
23016;0
23017;0
23018;0
23019;0
23020;0
23021;0
23022;0
23053;0
23054;0
23055;0
23056;0
23057;0
23058;0
23059;0
23060;0
23061;0
23062;0
23063;0
23064;0
23077;0
23078;0
23079;0
23080;0
23081;0
23082;0
23083;0
23092;0
23093;0
23094;0
23095;0
23096;0
23097;0
23098;0
23099;0
23100;0
23101;0
23123;0
23124;0
23125;0
23126;0
23127;0
23128;0
23129;0
23130;0
23131;0
23132;0
23133;0
23134;0
23135;0
23144;0
23145;0
23146;0
23191;0
23200;0
23201;0
23202;0
23203;0
23204;0
23205;0
23206;0
23207;0
23208;0
23209;0
23210;0
23211;0
23212;0
23213;0
23214;0
23215;0
23216;0
23217;0
23218;0
23219;0
23220;0
23221;0
23222;0
23223;0
23224;0
23250;0
23251;0
23252;0
23253;0
23254;0
23255;0
23256;0
23257;0
23258;0
23269;0
23270;0
23271;0
23272;0
23273;0
23274;0
23275;0
23276;0
23277;0
23278;0
23279;0
23280;0
23281;0
23282;0
23283;0
23284;0
23285;0
23286;0
23287;0
23288;0
23289;0
23299;0
23300;0
23301;0
23302;0
23303;0
23304;0
23305;0
23306;0
23307;0
23308;0
23309;0
23310;0
23319;0
23320;0
23321;0
23322;0
23323;0
23324;0
23325;0
23326;0
23353;0
23354;0
23355;0
23356;0
23357;0
23358;0
23359;0
23360;0
23361;0
23362;0
23383;0
23410;0
23411;0
23412;0
23413;0
23414;0
23427;0
23428;0
23429;0
23430;0
23448;0
23449;0
23450;0
23451;0
23452;0
23453;0
23454;0
23455;0
23456;0
23457;0
23458;0
23459;0
23460;0
23461;0
23462;0
23463;0
23464;0
23465;0
23466;0
23467;0
23468;0
23469;0
23470;0
23471;0
23472;0
23473;0
23474;0
23475;0
23476;0
23477;0
23478;0
23479;0
23480;0
23481;0
23497;0
23498;0
23499;0
23500;0
23501;0
23502;0
23503;0
23504;0
23505;0
23506;0
23507;0
23508;0
23509;0
23510;0
23511;0
23512;0
23513;0
23514;0
23515;0
23516;0
23517;0
23518;0
23527;0
23528;0
23529;0
23530;0
23531;0
23532;0
23533;0
23545;0
23546;0
23547;0
23548;0
23549;0
23550;0
23551;0
23552;0
23553;0
23554;0
23555;0
23556;0
23557;0
23558;0
23559;0
23560;0
23561;0
23562;0
23563;0
23564;0
23565;0
23566;0
23567;0
23568;0
23569;0
23570;0
23571;0
23572;0
23573;0
23574;0
23575;0
23576;0
23577;0
23578;0
23579;0
23580;0
23581;0
23582;0
23583;0
23584;0
23585;0
23586;0
23587;0
23588;0
23589;0
23590;0
23591;0
23592;0
23593;0
23594;0
23595;0
23596;0
23597;0
23598;0
23599;0
23600;0
23601;0
23602;0
23603;0
23604;0
23605;0
23606;0
23607;0
23608;0
23609;0
23610;0
23611;0
23612;0
23613;0
23614;0
23615;0
23616;0
23617;0
23618;0
23619;0
23620;0
23621;0
23622;0
23623;0
23624;0
23625;0
23626;0
23627;0
23628;0
23629;0
23630;0
23631;0
23632;0
23633;0
23634;0
23635;0
23636;0
23637;0
23647;0
23648;0
23649;0
23650;0
23651;0
23652;0
23653;0
23654;0
23655;0
23656;0
23657;0
23658;0
23659;0
23660;0
23661;0
23662;0
23663;0
23664;0
23665;0
23684;0
23685;0
23686;0
23687;0
23688;0
23689;0
23690;0
23691;0
23692;0
23693;0
23694;0
23695;0
23696;0
23697;0
23698;0
23699;0
23700;0
23701;0
23702;0
23703;0
23704;0
23705;0
23706;0
23750;0
23751;0
23752;0
23753;0
23754;0
23755;0
23756;0
23757;0
23758;0
23759;0
23760;0
23761;0
23776;0
23777;0
23778;0
23779;0
23780;0
23781;0
23782;0
23799;0
23800;0
23801;0
23802;0
23816;0
23849;0
23850;0
23859;0
23860;0
23861;0
23862;0
23863;0
23864;0
23865;0
23866;0
23867;0
23868;0
23869;0
23870;0
23871;0
23872;0
23873;0
23874;0
23875;0
23876;0
23877;0
23878;0
23879;0
23902;0
23903;0
23904;0
23905;0
23906;0
23907;0
23908;0
23909;0
23910;0
23911;0
23937;0
23995;0
23996;0
23997;0
23998;0
24010;0
24011;0
24012;0
24013;0
24035;0
24036;0
24037;0
24038;0
24039;0
24040;0
24041;0
24042;0
24043;0
24044;0
24045;0
24046;0
24047;0
24056;0
24057;0
24058;0
24059;0
24060;0
24061;0
24062;0
24063;0
24064;0
24077;0
24078;0
24079;0
24080;0
24081;0
24082;0
24083;0
24084;0
24085;0
24086;0
24087;0
24088;0
24089;0
24090;0
24091;0
24092;0
24093;0
24094;0
24095;0
24096;0
24097;0
24098;0
24099;0
24100;0
24101;0
24102;0
24103;0
24104;0
24105;0
24106;0
24107;0
24108;0
24109;0
24110;0
24111;0
24112;0
24113;0
24114;0
24124;0
24125;0
24126;0
24127;0
24128;0
24129;0
24130;0
24131;0
24132;0
24133;0
24134;0
24135;0
24136;0
24137;0
24138;0
24139;0
24140;0
24141;0
24142;0
24143;0
24144;0
24145;0
24154;0
24155;0
24156;0
24157;0
24170;0
24171;0
24172;0
24173;0
24174;0
24175;0
24176;0
24191;0
24192;0
24193;0
24194;0
24195;0
24196;0
24197;0
24198;0
24199;0
24200;0
24201;0
24202;0
24203;0
24204;0
24205;0
24206;0
24207;0
24208;0
24209;0
24210;0
24211;0
24212;0
24213;0
24214;0
24215;0
24216;0
24217;0
24218;0
24219;0
24220;0
24221;0
24222;0
24223;0
24224;0
24225;0
24226;0
24227;0
24228;0
24229;0
24230;0
24231;0
24232;0
24233;0
24234;0
24235;0
24236;0
24237;0
24238;0
24239;0
24263;0
24264;0
24265;0
24266;0
24267;0
24285;0
24286;0
24287;0
24288;0
24289;0
24290;0
24291;0
24292;0
24316;0
24317;0
24327;0
24328;0
24329;0
24330;0
24331;0
24332;0
24333;0
24334;0
24335;0
24336;0
24337;0
24338;0
24339;0
24340;0
24341;0
24342;0
24343;0
24344;0
24345;0
24346;0
24387;0
24407;0
24408;0
24409;0
24410;0
24411;0
24412;0
24413;0
24414;0
24415;0
24416;0
24417;0
24418;0
24419;0
24420;0
24421;0
24422;0
24423;0
24424;0
24425;0
24426;0
24427;0
24428;0
24429;0
24430;0
24431;0
24432;0
24433;0
24434;0
24435;0
24436;0
24437;0
24438;0
24447;0
24448;0
24449;0
24450;0
24451;0
24452;0
24453;0
24454;0
24455;0
24456;0
24457;0
24458;0
24459;0
24460;0
24461;0
24462;0
24463;0
24464;0
24465;0
24466;0
24467;0
24468;0
24469;0
24470;0
24471;0
24472;0
24473;0
24503;0
24504;0
24505;0
24506;0
24507;0
24508;0
24509;0
24510;0
24511;0
24512;0
24513;0
24514;0
24523;0
24524;0
24525;0
24526;0
24527;0
24536;0
24537;0
24538;0
24539;0
24540;0
24541;0
24542;0
24543;0
24544;0
24545;0
24546;0
24547;0
24548;0
24549;0
24550;0
24551;0
24552;0
24553;0
24554;0
24555;0
24556;0
24565;0
24581;0
24582;0
24583;0
24584;0
24619;0
24620;0
24621;0
24622;0
24623;0
24624;0
24625;0
24626;0
24643;0
24644;0
24645;0
24646;0
24655;0
24656;0
24657;0
24658;0
24659;0
24660;0
24719;0
24720;0
24721;0
24722;0
24723;0
24724;0
24725;0
24726;0
24727;0
24728;0
24729;0
24730;0
24731;0
24732;0
24733;0
24734;0
24735;0
24736;0
24737;0
24738;0
24739;0
24740;0
24760;0
24761;0
24762;0
24763;0
24772;0
24773;0
24774;0
24775;0
24776;0
24827;0
24828;0
24829;0
24830;0
24831;0
24832;0
24833;0
24834;0
24835;0
24836;0
24837;0
24838;0
24839;0
24840;0
24898;0
24899;0
24900;0
24901;0
24902;0
24903;0
24904;0
24905;0
24906;0
24907;0
24908;0
24909;0
24910;0
24911;0
24912;0
24921;0
24922;0
24923;0
24924;0
24925;0
24926;0
24927;0
24928;0
24929;0
24930;0
24931;0
24932;0
24933;0
24934;0
24935;0
24936;0
24937;0
24938;0
24947;0
24948;0
24949;0
24950;0
24951;0
24952;0
24953;0
24954;0
24955;0
24956;0
24957;0
24958;0
24959;0
24960;0
24961;0
24978;0
24979;0
24980;0
24981;0
24982;0
24983;0
24992;0
24993;0
24994;0
24995;0
25004;0
25005;0
25006;0
25007;0
25008;0
25009;0
25010;0
25011;0
25012;0
25013;0
25014;0
25015;0
25016;0
25017;0
25018;0
25046;0
25047;0
25048;0
25049;0
25050;0
25051;0
25052;0
25053;0
25054;0
25055;0
25056;0
25057;0
25058;0
25059;0
25060;0
25061;0
25062;0
25063;0
25064;0
25065;0
25066;0
25067;0
25068;0
25069;0
25070;0
25071;0
25072;0
25073;0
25074;0
25075;0
25076;0
25077;0
25078;0
25079;0
25080;0
25081;0
25082;0
25083;0
25084;0
25109;0
25110;0
25111;0
25112;0
25113;0
25114;0
25115;0
25116;0
25117;0
25118;0
25119;0
25120;0
25121;0
25122;0
25123;0
25124;0
25125;0
25126;0
25127;0
25128;0
25129;0
25130;0
25131;0
25132;0
25133;0
25134;0
25135;0
25136;0
25137;0
25146;0
25147;0
25148;0
25149;0
25150;0
25151;0
25152;0
25153;0
25154;0
25155;0
25156;0
25157;0
25158;0
25159;0
25160;0
25161;0
25162;0
25178;0
25179;0
25180;0
25181;0
25182;0
25183;0
25184;0
25185;0
25186;0
25187;0
25188;0
25202;0
25203;0
25215;0
25216;0
25217;0
25218;0
25219;0
25220;0
25221;0
25222;0
25223;0
25234;0
25235;0
25236;0
25283;0
25284;0
25285;0
25286;0
25287;0
25288;0
25289;0
25290;0
25291;0
25292;0
25301;0
25302;0
25303;0
25304;0
25305;0
25306;0
25307;0
25308;0
25309;0
25310;0
25311;0
25312;0
25313;0
25314;0
25315;0
25316;0
25317;0
25318;0
25334;0
25335;0
25336;0
25337;0
25338;0
25339;0
25340;0
25341;0
25342;0
25343;0
25344;0
25345;0
25346;0
25347;0
25348;0
25349;0
25350;0
25351;0
25381;0
25382;0
25383;0
25394;0
25395;0
25396;0
25408;0
25409;0
25410;0
25411;0
25412;0
25413;0
25414;0
25415;0
25416;0
25425;0
25426;0
25427;0
25428;0
25429;0
25430;0
25440;0
25441;0
25442;0
25443;0
25444;0
25445;0
25446;0
25447;0
25458;0
25459;0
25460;0
25461;0
25462;0
25463;0
25472;0
25473;0
25474;0
25475;0
25476;0
25477;0
25478;0
25479;0
25480;0
25481;0
25482;0
25483;0
25484;0
25485;0
25486;0
25487;0
25488;0
25489;0
25490;0
25491;0
25492;0
25493;0
25494;0
25495;0
25496;0
25497;0
25498;0
25499;0
25500;0
25501;0
25502;0
25503;0
25504;0
25505;0
25506;0
25507;0
25516;0
25517;0
25518;0
25519;0
25520;0
25521;0
25522;0
25523;0
25524;0
25525;0
25526;0
25527;0
25528;0
25529;0
25530;0
25531;0
25532;0
25533;0
25534;0
25535;0
25536;0
25537;0
25538;0
25539;0
25540;0
25541;0
25542;0
25543;0
25544;0
25545;0
25546;0
25547;0
25560;0
25561;0
25570;0
25571;0
25572;0
25573;0
25574;0
25575;0
25576;0
25577;0
25578;0
25579;0
25580;0
25581;0
25604;0
25605;0
25606;0
25607;0
25608;0
25609;0
25610;0
25611;0
25612;0
25613;0
25614;0
25615;0
25616;0
25617;0
25618;0
25627;0
25628;0
25629;0
25630;0
25631;0
25632;0
25633;0
25634;0
25635;0
25636;0
25662;0
25663;0
25664;0
25665;0
25666;0
25667;0
25668;0
25669;0
25670;0
25671;0
25672;0
25673;0
25674;0
25675;0
25676;0
25677;0
25678;0
25679;0
25680;0
25681;0
25682;0
25683;0
25684;0
25685;0
25686;0
25698;0
25716;0
25717;0
25718;0
25719;0
25720;0
25721;0
25722;0
25723;0
25734;0
25735;0
25736;0
25775;0
25776;0
25777;0
25778;0
25779;0
25780;0
25781;0
25782;0
25783;0
25784;0
25785;0
25786;0
25787;0
25788;0
25789;0
25790;0
25791;0
25792;0
25793;0
25794;0
25795;0
25796;0
25797;0
25798;0
25799;0
25800;0
25801;0
25845;0
25846;0
25847;0
25848;0
25849;0
25850;0
25851;0
25852;0
25853;0
25854;0
25855;0
25856;0
25857;0
25858;0
25859;0
25860;0
25861;0
25871;0
25872;0
25873;0
25874;0
25875;0
25884;0
25885;0
25892;0
25893;0
25894;0
25895;0
25896;0
25897;0
25898;0
25899;0
25900;0
25901;0
25902;0
25903;0
25904;0
25905;0
25914;0
25915;0
25916;0
25917;0
25918;0
25919;0
25920;0
25921;0
25922;0
25931;0
25932;0
25933;0
25934;0
25935;0
25936;0
25937;0
25938;0
25939;0
25940;0
25941;0
25942;0
25943;0
25944;0
25945;0
25946;0
25947;0
25948;0
25949;0
25950;0
25951;0
25952;0
25953;0
25962;0
25979;0
25980;0
25981;0
25982;0
25983;0
25984;0
25985;0
25986;0
25987;0
25988;0
25989;0
25990;0
25991;0
25992;0
26005;0
26006;0
26007;0
26008;0
26009;0
26014;0
26015;0
26016;0
26017;0
26018;0
26019;0
26020;0
26021;0
26022;0
26023;0
26024;0
26025;0
26026;0
26027;0
26028;0
26029;0
26030;0
26031;0
26032;0
26033;0
26034;0
26035;0
26036;0
26045;0
26046;0
26047;0
26048;0
26049;0
26050;0
26051;0
26052;0
26053;0
26054;0
26055;0
26056;0
26057;0
26058;0
26059;0
26060;0
26061;0
26062;0
26063;0
26072;0
26081;0
26093;0
26103;0
26104;0
26105;0
26106;0
26107;0
26108;0
26109;0
26110;0
26111;0
26112;0
26113;0
26114;0
26115;0
26116;0
26134;0
26135;0
26136;0
26137;0
26138;0
26139;0
26140;0
26141;0
26142;0
26143;0
26144;0
26145;0
26146;0
26147;0
26148;0
26149;0
26150;0
26151;0
26152;0
26153;0
26154;0
26155;0
26156;0
26157;0
26158;0
26159;0
26160;0
26161;0
26162;0
26163;0
26164;0
26165;0
26166;0
26167;0
26168;0
26169;0
26170;0
26182;0
26183;0
26184;0
26185;0
26186;0
26187;0
26188;0
26189;0
26190;0
26191;0
26192;0
26193;0
26194;0
26195;0
26196;0
26197;0
26198;0
26199;0
26200;0
26201;0
26202;0
26203;0
26204;0
26205;0
26206;0
26207;0
26208;0
26209;0
26210;0
26211;0
26212;0
26213;0
26214;0
26215;0
26216;0
26217;0
26218;0
26219;0
26220;0
26221;0
26222;0
26223;0
26224;0
26225;0
26226;0
26227;0
26228;0
26229;0
26230;0
26231;0
26232;0
26233;0
26234;0
26235;0
26236;0
26237;0
26238;0
26239;0
26240;0
26241;0
26242;0
26243;0
26244;0
26254;0
26255;0
26256;0
26257;0
26258;0
26259;0
26260;0
26261;0
26262;0
26263;0
26264;0
26265;0
26266;0
26267;0
26268;0
26269;0
26270;0
26271;0
26272;0
26273;0
26274;0
26275;0
26276;0
26277;0
26278;0
26279;0
26280;0
26281;0
26282;0
26283;0
26284;0
26285;0
26286;0
26287;0
26288;0
26289;0
26290;0
26291;0
26292;0
26293;0
26294;0
26295;0
26296;0
26297;0
26314;0
26315;0
26316;0
26317;0
26318;0
26319;0
26320;0
26321;0
26322;0
26323;0
26324;0
26325;0
26326;0
26327;0
26328;0
26329;0
26330;0
26331;0
26332;0
26333;0
26334;0
26335;0
26336;0
26337;0
26338;0
26339;0
26340;0
26341;0
26342;0
26343;0
26344;0
26345;0
26346;0
26347;0
26348;0
26349;0
26350;0
26351;0
26352;0
26353;0
26354;0
26355;0
26356;0
26357;0
26358;0
26359;0
26360;0
26361;0
26362;0
26363;0
26364;0
26365;0
26366;0
26367;0
26368;0
26369;0
26370;0
26371;0
26372;0
26373;0
26374;0
26375;0
26376;0
26377;0
26378;0
26379;0
26380;0
26381;0
26382;0
26383;0
26384;0
26385;0
26386;0
26387;0
26388;0
26389;0
26390;0
26391;0
26392;0
26393;0
26394;0
26395;0
26396;0
26397;0
26398;0
26399;0
26400;0
26401;0
26402;0
26403;0
26404;0
26405;0
26406;0
26407;0
26408;0
26409;0
26410;0
26411;0
26412;0
26413;0
26414;0
26415;0
26416;0
26417;0
26418;0
26419;0
26420;0
26421;0
26422;0
26423;0
26424;0
26425;0
26426;0
26427;0
26428;0
26429;0
26430;0
26431;0
26447;0
26448;0
26449;0
26450;0
26451;0
26452;0
26453;0
26454;0
26455;0
26456;0
26457;0
26458;0
26459;0
26468;0
26469;0
26470;0
26471;0
26472;0
26473;0
26474;0
26475;0
26476;0
26477;0
26478;0
26479;0
26480;0
26535;0
26536;0
26537;0
26538;0
26539;0
26540;0
26541;0
26542;0
26543;0
26544;0
26545;0
26546;0
26547;0
26548;0
26549;0
26550;0
26551;0
26552;0
26553;0
26554;0
26577;0
26578;0
26579;0
26580;0
26581;0
26582;0
26591;0
26592;0
26593;0
26594;0
26595;0
26596;0
26597;0
26598;0
26599;0
26600;0
26601;0
26619;0
26620;0
26621;0
26630;0
26631;0
26632;0
26633;0
26634;0
26635;0
26636;0
26637;0
26638;0
26639;0
26648;0
26649;0
26650;0
26651;0
26690;0
26691;0
26692;0
26693;0
26694;0
26695;0
26696;0
26697;0
26698;0
26699;0
26700;0
26701;0
26702;0
26703;0
26704;0
26719;0
26742;0
26743;0
26744;0
26745;0
26746;0
26747;0
26748;0
26749;0
26750;0
26751;0
26752;0
26753;0
26754;0
26755;0
26756;0
26757;0
26758;0
26759;0
26760;0
26761;0
26762;0
26763;0
26764;0
26765;0
26766;0
26767;0
26768;0
26769;0
26770;0
26771;0
26772;0
26773;0
26774;0
26775;0
26776;0
26777;0
26778;0
26779;0
26780;0
26781;0
26796;0
26797;0
26798;0
26799;0
26800;0
26801;0
26802;0
26803;0
26804;0
26805;0
26806;0
26807;0
26808;0
26809;0
26820;0
26821;0
26822;0
26823;0
26824;0
26825;0
26826;0
26827;0
26828;0
26829;0
26830;0
26831;0
26832;0
26833;0
26834;0
26835;0
26836;0
26837;0
26838;0
26839;0
26840;0
26841;0
26842;0
26843;0
26844;0
26845;0
26846;0
26856;0
26857;0
26858;0
26859;0
26860;0
26861;0
26862;0
26863;0
26864;0
26865;0
26866;0
26867;0
26868;0
26882;0
26883;0
26884;0
26885;0
26886;0
26895;0
26896;0
26897;0
26898;0
26899;0
26900;0
26901;0
26902;0
26903;0
26904;0
26905;0
26906;0
26907;0
26908;0
26909;0
26910;0
26911;0
26912;0
26913;0
26914;0
26915;0
26916;0
26917;0
26918;0
26919;0
26920;0
26921;0
26922;0
26923;0
26932;0
26933;0
26934;0
26935;0
26936;0
26937;0
26938;0
26939;0
26940;0
26941;0
26942;0
26943;0
26944;0
26945;0
26946;0
26947;0
26948;0
26949;0
26950;0
26960;0
26961;0
26962;0
26963;0
26972;0
26973;0
26974;0
26975;0
26976;0
26977;0
26978;0
26979;0
26980;0
26981;0
26982;0
26983;0
26984;0
26985;0
26986;0
26987;0
26988;0
26989;0
26990;0
26991;0
26992;0
26993;0
26994;0
26995;0
26996;0
26997;0
26998;0
26999;0
27000;0
27001;0
27010;0
27011;0
27012;0
27013;0
27014;0
27015;0
27016;0
27017;0
27018;0
27030;0
27031;0
27032;0
27033;0
27034;0
27035;0
27036;0
27037;0
27038;0
27039;0
27040;0
27041;0
27042;0
27043;0
27044;0
27045;0
27046;0
27047;0
27048;0
27049;0
27050;0
27051;0
27052;0
27053;0
27054;0
27055;0
27056;0
27057;0
27058;0
27059;0
27060;0
27061;0
27062;0
27063;0
27064;0
27069;0
27070;0
27071;0
27072;0
27073;0
27074;0
27075;0
27076;0
27077;0
27078;0
27079;0
27080;0
27081;0
27082;0
27083;0
27084;0
27085;0
27086;0
27087;0
27088;0
27089;0
27090;0
27091;0
27092;0
27093;0
27094;0
27095;0
27096;0
27097;0
27098;0
27099;0
27109;0
27110;0
27111;0
27112;0
27113;0
27114;0
27115;0
27116;0
27117;0
27118;0
27119;0
27120;0
27153;0
27154;0
27155;0
27156;0
27157;0
27158;0
27159;0
27160;0
27169;0
27170;0
27171;0
27172;0
27173;0
27174;0
27175;0
27184;0
27185;0
27199;0
27212;0
27213;0
27214;0
27215;0
27216;0
27217;0
27218;0
27237;0
27238;0
27239;0
27240;0
27241;0
27242;0
27243;0
27244;0
27245;0
27255;0
27288;0
27327;0
27328;0
27329;0
27330;0
27331;0
27332;0
27333;0
27334;0
27335;0
27336;0
27362;0
27363;0
27364;0
27365;0
27366;0
27367;0
27368;0
27369;0
27370;0
27371;0
27372;0
27373;0
27374;0
27375;0
27376;0
27377;0
27378;0
27379;0
27380;0
27381;0
27382;0
27383;0
27384;0
27385;0
27386;0
27387;0
27388;0
27389;0
27390;0
27391;0
27392;0
27393;0
27394;0
27421;0
27422;0
27423;0
27424;0
27425;0
27426;0
27427;0
27428;0
27429;0
27430;0
27431;0
27432;0
27433;0
27434;0
27435;0
27436;0
27445;0
27446;0
27447;0
27448;0
27449;0
27450;0
27451;0
27452;0
27453;0
27454;0
27455;0
27456;0
27472;0
27473;0
27474;0
27475;0
27476;0
27477;0
27495;0
27496;0
27497;0
27515;0
27516;0
27517;0
27518;0
27519;0
27520;0
27521;0
27522;0
27523;0
27524;0
27525;0
27534;0
27535;0
27536;0
27537;0
27538;0
27539;0
27540;0
27541;0
27542;0
27543;0
27544;0
27545;0
27546;0
27547;0
27548;0
27549;0
27561;0
27562;0
27563;0
27564;0
27565;0
27566;0
27567;0
27568;0
27569;0
27570;0
27571;0
27572;0
27591;0
27592;0
27593;0
27594;0
27595;0
27596;0
27597;0
27598;0
27599;0
27600;0
27601;0
27602;0
27603;0
27604;0
27605;0
27606;0
27607;0
27608;0
27609;0
27610;0
27611;0
27612;0
27613;0
27614;0
27615;0
27616;0
27617;0
27618;0
27619;0
27620;0
27621;0
27622;0
27623;0
27624;0
27625;0
27626;0
27627;0
27628;0
27629;0
27630;0
27631;0
27632;0
27633;0
27634;0
27635;0
27636;0
27637;0
27638;0
27639;0
27640;0
27641;0
27642;0
27658;0
27659;0
27660;0
27674;0
27675;0
27676;0
27677;0
27701;0
27702;0
27703;0
27704;0
27705;0
27706;0
27707;0
27708;0
27709;0
27710;0
27711;0
27712;0
27713;0
27714;0
27715;0
27729;0
27730;0
27731;0
27732;0
27733;0
27734;0
27735;0
27736;0
27755;0
27756;0
27757;0
27770;0
27771;0
27793;0
27794;0
27810;0
27842;0
27843;0
27844;0
27845;0
27846;0
27847;0
27848;0
27849;0
27850;0
27860;0
27861;0
27862;0
27863;0
27864;0
27865;0
27866;0
27875;0
27876;0
27877;0
27878;0
27879;0
27880;0
27881;0
27882;0
27883;0
27884;0
27885;0
27886;0
27887;0
27888;0
27889;0
27890;0
27891;0
27892;0
27893;0
27894;0
27923;0
27924;0
27925;0
27926;0
27927;0
27928;0
27929;0
27930;0
27931;0
27947;0
27948;0
27949;0
27950;0
27951;0
27952;0
27953;0
27954;0
27955;0
27956;0
27957;0
27958;0
27959;0
27960;0
27961;0
27962;0
27963;0
27964;0
27965;0
27966;0
27967;0
27968;0
27969;0
27970;0
27971;0
27972;0
27973;0
27974;0
27975;0
27976;0
27977;0
27978;0
27979;0
27980;0
27990;0
27991;0
27992;0
27993;0
27994;0
27995;0
27996;0
27997;0
27998;0
27999;0
28000;0
28001;0
28002;0
28003;0
28004;0
28005;0
28006;0
28030;0
28031;0
28032;0
28033;0
28034;0
28035;0
28036;0
28037;0
28038;0
28039;0
28048;0
28049;0
28050;0
28051;0
28052;0
28053;0
28054;0
28055;0
28075;0
28076;0
28077;0
28078;0
28079;0
28080;0
28081;0
28082;0
28083;0
28084;0
28085;0
28086;0
28087;0
28088;0
28089;0
28090;0
28091;0
28092;0
28093;0
28094;0
28095;0
28096;0
28097;0
28098;0
28099;0
28100;0
28101;0
28102;0
28103;0
28104;0
28105;0
28106;0
28107;0
28108;0
28109;0
28110;0
28111;0
28112;0
28113;0
28114;0
28115;0
28116;0
28117;0
28118;0
28119;0
28120;0
28121;0
28122;0
28123;0
28124;0
28125;0
28126;0
28127;0
28128;0
28165;0
28166;0
28167;0
28168;0
28186;0
28187;0
28188;0
28189;0
28190;0
28191;0
28192;0
28193;0
28194;0
28195;0
28196;0
28197;0
28198;0
28199;0
28200;0
28201;0
28202;0
28203;0
28204;0
28205;0
28206;0
28207;0
28208;0
28209;0
28210;0
28211;0
28212;0
28213;0
28228;0
28229;0
28230;0
28231;0
28232;0
28241;0
28242;0
28243;0
28244;0
28245;0
28246;0
28264;0
28265;0
28266;0
28294;0
28295;0
28296;0
28297;0
28298;0
28299;0
28308;0
28309;0
28310;0
28311;0
28312;0
28313;0
28314;0
28315;0
28316;0
28317;0
28318;0
28319;0
28320;0
28321;0
28322;0
28323;0
28324;0
28325;0
28326;0
28327;0
28328;0
28329;0
28338;0
28339;0
28340;0
28341;0
28342;0
28343;0
28344;0
28345;0
28346;0
28347;0
28348;0
28349;0
28350;0
28351;0
28352;0
28353;0
28362;0
28363;0
28364;0
28365;0
28366;0
28367;0
28368;0
28369;0
28370;0
28371;0
28372;0
28373;0
28374;0
28375;0
28376;0
28377;0
28378;0
28379;0
28380;0
28381;0
28382;0
28383;0
28384;0
28385;0
28386;0
28387;0
28388;0
28389;0
28390;0
28391;0
28392;0
28393;0
28394;0
28395;0
28396;0
28397;0
28398;0
28399;0
28400;0
28401;0
28402;0
28403;0
28404;0
28405;0
28406;0
28407;0
28408;0
28409;0
28410;0
28411;0
28412;0
28413;0
28414;0
28415;0
28416;0
28417;0
28418;0
28419;0
28420;0
28421;0
28422;0
28423;0
28424;0
28425;0
28426;0
28427;0
28428;0
28429;0
28430;0
28431;0
28432;0
28433;0
28434;0
28435;0
28436;0
28437;0
28438;0
28439;0
28440;0
28441;0
28442;0
28443;0
28444;0
28445;0
28446;0
28447;0
28460;0
28461;0
28462;0
28463;0
28464;0
28465;0
28466;0
28467;0
28468;0
28469;0
28470;0
28471;0
28472;0
28473;0
28474;0
28475;0
28476;0
28477;0
28478;0
28479;0
28480;0
28481;0
28482;0
28483;0
28484;0
28485;0
28486;0
28487;0
28488;0
28489;0
28490;0
28491;0
28492;0
28493;0
28494;0
28495;0
28496;0
28497;0
28498;0
28499;0
28500;0
28514;0
28515;0
28516;0
28517;0
28518;0
28519;0
28520;0
28521;0
28522;0
28523;0
28524;0
28525;0
28526;0
28527;0
28528;0
28529;0
28530;0
28531;0
28532;0
28533;0
28534;0
28535;0
28536;0
28537;0
28538;0
28539;0
28540;0
28541;0
28542;0
28543;0
28544;0
28545;0
28546;0
28547;0
28548;0
28549;0
28550;0
28551;0
28552;0
28553;0
28554;0
28555;0
28556;0
28557;0
28558;0
28559;0
28560;0
28561;0
28562;0
28563;0
28564;0
28565;0
28566;0
28567;0
28583;0
28610;0
28611;0
28612;0
28613;0
28614;0
28615;0
28635;0
28636;0
28637;0
28638;0
28639;0
28640;0
28641;0
28642;0
28643;0
28644;0
28645;0
28646;0
28647;0
28648;0
28649;0
28650;0
28651;0
28652;0
28653;0
28654;0
28655;0
28656;0
28657;0
28658;0
28659;0
28660;0
28661;0
28662;0
28663;0
28664;0
28665;0
28666;0
28667;0
28668;0
28669;0
28670;0
28671;0
28672;0
28673;0
28674;0
28675;0
28676;0
28677;0
28678;0
28679;0
28689;0
28690;0
28691;0
28692;0
28693;0
28694;0
28695;0
28696;0
28697;0
28698;0
28699;0
28700;0
28701;0
28702;0
28703;0
28704;0
28705;0
28706;0
28707;0
28708;0
28709;0
28710;0
28711;0
28712;0
28713;0
28714;0
28715;0
28716;0
28717;0
28718;0
28719;0
28720;0
28721;0
28722;0
28723;0
28724;0
28725;0
28726;0
28727;0
28728;0
28729;0
28730;0
28731;0
28732;0
28733;0
28734;0
28743;0
28744;0
28745;0
28746;0
28747;0
28748;0
28749;0
28750;0
28751;0
28752;0
28753;0
28771;0
28780;0
28781;0
28782;0
28783;0
28784;0
28785;0
28786;0
28787;0
28788;0
28789;0
28790;0
28791;0
28803;0
28804;0
28805;0
28806;0
28807;0
28808;0
28809;0
28810;0
28811;0
28812;0
28813;0
28814;0
28815;0
28816;0
28817;0
28818;0
28819;0
28820;0
28821;0
28822;0
28823;0
28824;0
28825;0
28834;0
28835;0
28836;0
28837;0
28838;0
28839;0
28840;0
28841;0
28842;0
28843;0
28844;0
28845;0
28846;0
28847;0
28848;0
28849;0
28850;0
28851;0
28852;0
28853;0
28865;0
28866;0
28867;0
28868;0
28869;0
28870;0
28871;0
28872;0
28873;0
28874;0
28875;0
28876;0
28877;0
28878;0
28879;0
28880;0
28881;0
28882;0
28883;0
28884;0
28885;0
28886;0
28887;0
28888;0
28889;0
28890;0
28891;0
28892;0
28893;0
28894;0
28895;0
28896;0
28897;0
28898;0
28899;0
28900;0
28901;0
28902;0
28903;0
28904;0
28905;0
28906;0
28907;0
28908;0
28909;0
28910;0
28911;0
28945;0
28946;0
28956;0
28957;0
28958;0
28959;0
28960;0
28961;0
28962;0
28963;0
28964;0
28965;0
28966;0
28967;0
28968;0
28980;0
28981;0
28982;0
28983;0
28984;0
28985;0
28986;0
29019;0
29020;0
29021;0
29022;0
29023;0
29024;0
29025;0
29026;0
29027;0
29028;0
29029;0
29030;0
29031;0
29040;0
29041;0
29050;0
29051;0
29052;0
29053;0
29054;0
29055;0
29056;0
29057;0
29058;0
29059;0
29060;0
29061;0
29062;0
29063;0
29064;0
29065;0
29066;0
29067;0
29068;0
29069;0
29070;0
29071;0
29072;0
29086;0
29091;0
29092;0
29093;0
29094;0
29095;0
29096;0
29097;0
29098;0
29099;0
29100;0
29101;0
29102;0
29103;0
29104;0
29105;0
29106;0
29107;0
29108;0
29109;0
29110;0
29111;0
29147;0
29148;0
29149;0
29150;0
29151;0
29152;0
29153;0
29154;0
29155;0
29156;0
29165;0
29166;0
29167;0
29168;0
29169;0
29170;0
29171;0
29172;0
29173;0
29174;0
29175;0
29176;0
29177;0
29178;0
29179;0
29180;0
29181;0
29182;0
29183;0
29184;0
29185;0
29186;0
29187;0
29188;0
29189;0
29190;0
29191;0
29192;0
29193;0
29194;0
29195;0
29196;0
29197;0
29198;0
29199;0
29200;0
29201;0
29202;0
29203;0
29204;0
29205;0
29206;0
29207;0
29208;0
29209;0
29210;0
29211;0
29212;0
29213;0
29214;0
29215;0
29216;0
29217;0
29218;0
29219;0
29220;0
29221;0
29222;0
29223;0
29224;0
29225;0
29226;0
29227;0
29228;0
29229;0
29230;0
29231;0
29232;0
29233;0
29234;0
29235;0
29236;0
29237;0
29238;0
29247;0
29248;0
29249;0
29250;0
29251;0
29252;0
29253;0
29254;0
29255;0
29256;0
29257;0
29258;0
29259;0
29260;0
29261;0
29262;0
29263;0
29264;0
29265;0
29266;0
29267;0
29268;0
29269;0
29270;0
29271;0
29272;0
29273;0
29274;0
29275;0
29276;0
29277;0
29278;0
29279;0
29280;0
29281;0
29282;0
29283;0
29284;0
29285;0
29294;0
29295;0
29296;0
29297;0
29309;0
29333;0
29334;0
29335;0
29336;0
29337;0
29338;0
29339;0
29340;0
29341;0
29342;0
29343;0
29352;0
29353;0
29354;0
29355;0
29356;0
29376;0
29377;0
29378;0
29412;0
29413;0
29414;0
29415;0
29416;0
29417;0
29418;0
29419;0
29420;0
29421;0
29422;0
29423;0
29424;0
29425;0
29426;0
29427;0
29448;0
29484;0
29485;0
29486;0
29487;0
29497;0
29498;0
29499;0
29500;0
29501;0
29502;0
29503;0
29504;0
29505;0
29506;0
29507;0
29508;0
29509;0
29519;0
29520;0
29521;0
29522;0
29523;0
29524;0
29525;0
29526;0
29527;0
29528;0
29529;0
29530;0
29531;0
29532;0
29533;0
29534;0
29535;0
29536;0
29537;0
29538;0
29539;0
29540;0
29541;0
29542;0
29543;0
29552;0
29553;0
29554;0
29555;0
29556;0
29557;0
29558;0
29559;0
29560;0
29561;0
29562;0
29572;0
29573;0
29574;0
29575;0
29576;0
29577;0
29586;0
29587;0
29588;0
29589;0
29590;0
29591;0
29592;0
29593;0
29594;0
29595;0
29596;0
29597;0
29598;0
29599;0
29600;0
29601;0
29602;0
29603;0
29604;0
29605;0
29606;0
29607;0
29608;0
29609;0
29610;0
29611;0
29612;0
29613;0
29614;0
29615;0
29616;0
29617;0
29618;0
29619;0
29620;0
29630;0
29631;0
29632;0
29633;0
29634;0
29635;0
29636;0
29637;0
29638;0
29639;0
29649;0
29650;0
29651;0
29652;0
29653;0
29654;0
29655;0
29656;0
29657;0
29658;0
29659;0
29668;0
29669;0
29670;0
29671;0
29672;0
29673;0
29674;0
29675;0
29676;0
29677;0
29678;0
29679;0
29680;0
29681;0
29682;0
29683;0
29684;0
29685;0
29686;0
29687;0
29688;0
29695;0
29696;0
29697;0
29698;0
29699;0
29700;0
29701;0
29702;0
29703;0
29704;0
29705;0
29718;0
29719;0
29720;0
29721;0
29722;0
29736;0
29737;0
29738;0
29739;0
29740;0
29741;0
29742;0
29743;0
29744;0
29745;0
29746;0
29747;0
29748;0
29749;0
29750;0
29751;0
29752;0
29753;0
29754;0
29755;0
29756;0
29757;0
29758;0
29759;0
29760;0
29761;0
29762;0
29763;0
29764;0
29765;0
29766;0
29767;0
29768;0
29769;0
29770;0
29771;0
29772;0
29773;0
29774;0
29775;0
29776;0
29777;0
29786;0
29787;0
29788;0
29789;0
29790;0
29791;0
29792;0
29793;0
29794;0
29795;0
29796;0
29797;0
29798;0
29799;0
29800;0
29801;0
29802;0
29803;0
29804;0
29805;0
29806;0
29807;0
29826;0
29827;0
29838;0
29858;0
29859;0
29860;0
29861;0
29862;0
29863;0
29864;0
29865;0
29866;0
29877;0
29878;0
29879;0
29880;0
29881;0
29882;0
29883;0
29884;0
29885;0
29886;0
29887;0
29888;0
29889;0
29890;0
29891;0
29892;0
29893;0
29894;0
29895;0
29896;0
29897;0
29898;0
29899;0
29900;0
29901;0
29902;0
29903;0
