Location	Bat	Rdog	Pang	Human
18	0.481695568	1.675743611	0.352112676	0.303214069
19	0.963391137	1.256807708	0.352112676	0.909642207
20	0.963391137	1.256807708	0.352112676	1.212856277
21	0.963391137	1.256807708	0.352112676	1.212856277
22	0.963391137	0.837871806	0.352112676	1.212856277
23	0.963391137	0.837871806	0.352112676	1.516070346
24	0.963391137	0.837871806	0.352112676	1.516070346
25	1.445086705	0.837871806	0.352112676	1.516070346
28	0.963391137	0.418935903	1.056338028	0.303214069
29	0.963391137	0.418935903	1.056338028	0.606428138
30	0.963391137	0.418935903	1.056338028	0.909642207
31	0.963391137	0.418935903	1.056338028	0.606428138
32	0.963391137	0.418935903	1.056338028	0.606428138
81	1.445086705	0.418935903	1.408450704	0.303214069
82	1.445086705	0.418935903	1.408450704	0.303214069
83	1.445086705	0.418935903	1.408450704	0.303214069
84	1.445086705	0.418935903	1.408450704	0.303214069
133	3.371868979	1.256807708	1.408450704	0.909642207
134	3.371868979	1.256807708	1.76056338	1.516070346
135	3.371868979	1.675743611	1.76056338	1.516070346
136	3.371868979	1.256807708	1.76056338	1.516070346
137	3.371868979	1.256807708	1.76056338	1.516070346
138	3.371868979	1.256807708	1.408450704	1.819284415
139	3.371868979	1.675743611	1.408450704	1.819284415
140	2.89017341	1.256807708	1.056338028	1.819284415
141	1.445086705	0.837871806	0.352112676	1.212856277
268	0.481695568	0.837871806	1.408450704	0.303214069
269	0.481695568	0.837871806	1.408450704	0.303214069
325	0.481695568	0.418935903	0.352112676	0.303214069
326	0.481695568	0.418935903	0.352112676	0.303214069
327	0.481695568	0.418935903	0.352112676	0.303214069
402	0.481695568	0.418935903	0.704225352	0.303214069
403	0.481695568	0.418935903	1.056338028	0.303214069
404	0.481695568	0.418935903	1.056338028	0.303214069
405	0.481695568	0.418935903	1.056338028	0.303214069
406	0.481695568	0.418935903	1.056338028	0.303214069
408	0.481695568	0.837871806	1.056338028	0.303214069
658	0.963391137	1.256807708	0.352112676	1.212856277
659	0.963391137	1.256807708	0.352112676	0.909642207
660	0.963391137	0.837871806	0.352112676	0.303214069
661	0.481695568	0.837871806	0.352112676	0.303214069
714	0.481695568	0.418935903	0.704225352	0.303214069
715	0.481695568	0.418935903	0.704225352	0.303214069
716	0.481695568	0.418935903	0.704225352	0.303214069
717	0.481695568	0.418935903	0.704225352	0.303214069
718	0.481695568	0.418935903	0.704225352	0.303214069
719	0.481695568	0.418935903	0.704225352	0.303214069
720	0.481695568	0.418935903	0.704225352	0.303214069
721	0.481695568	0.418935903	0.704225352	0.303214069
730	2.408477842	0.837871806	0.704225352	1.212856277
731	3.371868979	1.256807708	1.056338028	1.212856277
732	3.853564547	2.513615417	1.76056338	0.909642207
733	3.853564547	2.513615417	1.76056338	1.212856277
734	3.853564547	2.93255132	1.76056338	1.212856277
735	3.853564547	2.93255132	2.112676056	1.819284415
736	2.89017341	2.93255132	2.464788732	1.819284415
737	2.89017341	2.93255132	3.169014085	2.425712553
738	2.408477842	3.770423125	3.521126761	2.425712553
739	1.926782274	3.770423125	3.521126761	2.425712553
740	0.481695568	2.094679514	3.873239437	2.425712553
741	0.963391137	2.094679514	3.873239437	2.425712553
742	0.481695568	1.256807708	8.098591549	2.122498484
743	0.481695568	1.675743611	8.098591549	1.516070346
744	0.963391137	1.675743611	8.450704225	1.516070346
745	0.963391137	1.675743611	8.450704225	0.909642207
746	0.963391137	0.418935903	6.690140845	0.303214069
747	0.963391137	0.418935903	6.690140845	0.606428138
748	0.963391137	0.418935903	5.281690141	0.606428138
749	0.963391137	0.837871806	5.281690141	0.606428138
750	0.963391137	0.837871806	1.408450704	0.606428138
751	0.481695568	0.418935903	0.704225352	0.606428138
958	0.963391137	2.094679514	0.352112676	0.303214069
959	1.445086705	2.513615417	0.352112676	0.303214069
1023	0.481695568	0.418935903	0.352112676	0.909642207
1024	0.481695568	0.418935903	0.352112676	1.212856277
1025	0.481695568	0.418935903	0.704225352	0.909642207
1026	0.481695568	0.418935903	0.704225352	1.212856277
1027	0.481695568	0.418935903	1.056338028	1.212856277
1028	0.481695568	0.418935903	3.169014085	1.516070346
1044	0.481695568	2.93255132	1.76056338	3.032140691
1045	0.481695568	1.256807708	0.704225352	3.032140691
1049	0.481695568	0.418935903	0.352112676	2.122498484
1050	0.963391137	0.837871806	0.352112676	1.819284415
1051	0.963391137	0.837871806	0.352112676	0.606428138
1052	0.481695568	1.675743611	0.352112676	0.303214069
1053	0.481695568	2.094679514	0.352112676	0.303214069
1054	0.481695568	2.513615417	0.352112676	0.303214069
1055	0.481695568	2.094679514	0.352112676	0.303214069
1056	0.481695568	2.094679514	0.352112676	0.303214069
1057	0.481695568	2.094679514	0.352112676	0.303214069
1078	0.481695568	0.418935903	0.352112676	0.909642207
1079	0.481695568	0.418935903	0.352112676	0.909642207
1080	0.963391137	0.837871806	0.352112676	1.212856277
1081	0.963391137	0.837871806	0.352112676	1.212856277
1082	0.963391137	0.837871806	0.704225352	1.212856277
1083	0.963391137	1.256807708	0.704225352	1.516070346
1084	1.445086705	1.675743611	1.408450704	1.819284415
1085	1.445086705	2.094679514	1.408450704	1.516070346
1086	2.408477842	2.93255132	1.408450704	1.212856277
1087	2.89017341	2.93255132	1.408450704	1.212856277
1088	2.89017341	2.513615417	1.408450704	1.212856277
1089	2.89017341	2.93255132	1.408450704	1.212856277
1090	2.89017341	2.93255132	1.408450704	1.212856277
1091	3.371868979	2.513615417	1.408450704	1.212856277
1092	2.89017341	2.094679514	0.704225352	1.212856277
1093	2.408477842	2.094679514	0.704225352	0.909642207
1094	1.445086705	1.675743611	0.352112676	0.909642207
1095	0.963391137	1.675743611	0.352112676	0.909642207
1096	0.481695568	1.256807708	0.704225352	0.606428138
1097	0.481695568	1.256807708	1.408450704	0.909642207
1098	0.481695568	1.675743611	1.056338028	1.212856277
1128	0.963391137	2.513615417	0.352112676	0.606428138
1129	1.445086705	6.702974445	0.704225352	0.909642207
1130	1.445086705	6.284038542	1.056338028	0.909642207
1131	1.445086705	7.121910348	1.056338028	0.909642207
1132	1.445086705	7.121910348	1.056338028	0.909642207
1133	1.445086705	6.702974445	1.056338028	0.909642207
1134	1.445086705	6.702974445	1.056338028	0.909642207
1135	2.408477842	6.284038542	1.056338028	0.909642207
1136	1.926782274	5.027230834	0.704225352	0.909642207
1137	1.445086705	0.837871806	0.352112676	0.606428138
1138	1.445086705	0.837871806	0.352112676	0.909642207
1199	0.481695568	0.418935903	2.112676056	0.606428138
1200	0.481695568	0.418935903	2.112676056	0.606428138
1201	0.481695568	0.418935903	2.112676056	0.606428138
1202	0.481695568	0.418935903	2.112676056	0.606428138
1203	0.481695568	0.418935903	2.112676056	0.606428138
1211	0.481695568	0.418935903	0.704225352	0.303214069
1212	0.481695568	0.418935903	0.352112676	0.303214069
1213	0.481695568	0.418935903	0.352112676	0.303214069
1214	0.481695568	0.418935903	0.352112676	0.303214069
1239	0.481695568	1.256807708	1.056338028	0.606428138
1240	0.481695568	1.256807708	1.056338028	0.606428138
1241	0.481695568	1.675743611	1.056338028	0.606428138
1242	0.481695568	1.675743611	1.056338028	0.606428138
1243	0.963391137	1.256807708	0.704225352	0.606428138
1244	0.963391137	0.837871806	0.704225352	0.606428138
1247	0.963391137	0.418935903	0.704225352	0.303214069
1248	0.963391137	0.418935903	0.704225352	0.303214069
1351	0.481695568	0.418935903	0.352112676	0.303214069
1355	0.481695568	0.837871806	1.408450704	0.909642207
1356	0.481695568	0.837871806	2.464788732	1.212856277
1357	0.481695568	0.837871806	2.464788732	1.212856277
1358	1.445086705	0.837871806	2.464788732	1.212856277
1359	1.926782274	0.837871806	2.816901408	1.212856277
1360	1.926782274	1.256807708	2.816901408	1.212856277
1361	1.926782274	2.094679514	2.464788732	1.212856277
1362	1.926782274	2.513615417	2.112676056	0.909642207
1363	1.926782274	1.675743611	1.76056338	0.909642207
1364	2.408477842	2.513615417	2.112676056	1.212856277
1365	2.408477842	2.513615417	1.408450704	0.909642207
1366	2.408477842	2.513615417	1.056338028	0.909642207
1367	2.408477842	2.513615417	0.704225352	1.212856277
1368	1.926782274	2.094679514	0.352112676	1.212856277
1369	0.963391137	1.675743611	0.352112676	1.212856277
1370	0.963391137	0.837871806	0.352112676	1.516070346
1371	0.963391137	0.837871806	0.352112676	1.819284415
1485	0.963391137	0.837871806	0.704225352	0.909642207
1486	0.963391137	0.837871806	1.056338028	1.212856277
1487	1.445086705	0.837871806	1.056338028	1.212856277
1488	1.445086705	1.675743611	1.056338028	1.212856277
1489	1.445086705	1.675743611	1.056338028	1.212856277
1490	1.445086705	1.675743611	0.704225352	1.212856277
1491	1.445086705	1.256807708	0.704225352	1.516070346
1492	0.963391137	0.837871806	0.352112676	1.516070346
1493	1.445086705	0.837871806	0.352112676	0.606428138
1495	0.963391137	0.837871806	0.352112676	0.606428138
1501	0.481695568	0.418935903	1.76056338	0.606428138
1502	0.481695568	0.418935903	1.76056338	0.303214069
1504	0.481695568	0.418935903	1.408450704	0.303214069
1505	0.481695568	0.418935903	1.408450704	0.303214069
1506	0.481695568	0.418935903	1.408450704	0.303214069
1622	1.926782274	1.256807708	0.352112676	1.516070346
1623	1.926782274	1.256807708	0.352112676	1.516070346
1624	1.926782274	1.256807708	0.352112676	1.516070346
1625	1.926782274	1.675743611	1.056338028	1.516070346
1626	2.408477842	1.675743611	1.408450704	1.516070346
1627	2.408477842	2.094679514	1.76056338	1.516070346
1628	1.445086705	1.675743611	2.112676056	0.606428138
1629	1.926782274	1.675743611	2.112676056	0.303214069
1630	2.408477842	1.256807708	1.76056338	0.303214069
1631	1.926782274	1.256807708	1.76056338	0.606428138
1632	2.408477842	1.256807708	1.76056338	0.909642207
1633	2.408477842	0.837871806	1.056338028	0.909642207
1634	3.853564547	1.256807708	1.056338028	2.425712553
1635	4.335260116	0.837871806	1.056338028	2.425712553
1636	3.853564547	0.837871806	0.704225352	2.425712553
1637	3.371868979	0.418935903	0.704225352	2.425712553
1638	3.371868979	0.418935903	1.056338028	2.425712553
1639	2.89017341	0.418935903	1.056338028	2.122498484
1640	2.89017341	0.837871806	1.408450704	1.819284415
1641	2.89017341	0.837871806	1.408450704	1.819284415
1642	1.926782274	0.418935903	1.76056338	0.303214069
1654	0.481695568	0.837871806	0.352112676	0.303214069
1655	0.481695568	0.837871806	0.352112676	0.303214069
1656	0.481695568	0.837871806	0.352112676	0.606428138
1657	0.481695568	0.837871806	0.352112676	0.606428138
1658	0.481695568	0.837871806	0.352112676	0.606428138
1659	0.481695568	0.837871806	0.352112676	0.606428138
1660	0.481695568	0.837871806	0.352112676	0.606428138
1661	0.481695568	0.837871806	0.704225352	0.606428138
1662	0.481695568	0.418935903	0.704225352	0.303214069
1693	1.445086705	2.094679514	0.352112676	0.606428138
1694	1.445086705	2.513615417	0.704225352	1.516070346
1695	1.926782274	2.513615417	0.704225352	2.122498484
1696	2.408477842	2.513615417	0.704225352	2.122498484
1697	2.89017341	2.93255132	1.408450704	2.122498484
1698	3.853564547	2.93255132	1.408450704	2.122498484
1699	3.853564547	2.513615417	1.408450704	2.122498484
1700	2.408477842	2.513615417	1.056338028	2.425712553
1701	1.926782274	2.094679514	1.056338028	2.425712553
1702	2.408477842	1.256807708	0.704225352	1.819284415
1703	2.408477842	1.675743611	0.704225352	0.909642207
1704	1.926782274	1.675743611	0.704225352	0.606428138
1706	0.963391137	1.256807708	0.352112676	0.303214069
1707	0.481695568	1.256807708	0.352112676	0.303214069
1708	0.481695568	0.418935903	0.704225352	0.303214069
1709	0.481695568	0.418935903	1.056338028	0.303214069
1759	1.445086705	2.513615417	0.352112676	1.819284415
1760	1.445086705	2.513615417	0.352112676	1.516070346
1761	1.445086705	2.094679514	0.352112676	1.516070346
1762	1.445086705	2.094679514	0.352112676	1.819284415
1763	10.5973025	1.675743611	1.056338028	1.516070346
1772	6.743737958	0.418935903	0.704225352	0.303214069
1783	0.481695568	0.418935903	0.704225352	0.909642207
1784	0.481695568	0.418935903	0.704225352	1.212856277
1785	1.445086705	0.837871806	0.704225352	1.212856277
1786	1.926782274	0.837871806	0.704225352	1.516070346
1787	1.926782274	1.256807708	1.056338028	1.516070346
1788	1.926782274	1.675743611	1.056338028	1.212856277
1789	1.445086705	1.675743611	0.704225352	1.212856277
1790	1.445086705	1.675743611	1.056338028	1.212856277
1791	2.408477842	2.094679514	1.408450704	3.032140691
1792	3.371868979	3.351487222	2.816901408	4.548211037
1793	3.853564547	3.770423125	2.816901408	5.154639175
1794	2.89017341	3.351487222	3.169014085	5.457853244
1795	3.371868979	2.93255132	2.816901408	5.457853244
1796	4.335260116	2.93255132	3.521126761	5.457853244
1797	4.335260116	2.513615417	3.873239437	4.851425106
1798	4.335260116	3.351487222	3.873239437	4.851425106
1799	3.853564547	3.351487222	4.225352113	4.244996968
1800	2.89017341	2.93255132	2.464788732	2.122498484
1801	1.445086705	2.513615417	2.112676056	0.909642207
1802	1.445086705	2.93255132	2.112676056	1.516070346
1803	0.963391137	2.93255132	2.112676056	1.516070346
1804	0.963391137	3.351487222	1.76056338	1.819284415
1805	0.481695568	2.93255132	5.985915493	2.122498484
1806	2.408477842	2.93255132	7.746478873	2.122498484
1807	2.89017341	3.351487222	8.450704225	2.122498484
1808	3.371868979	3.351487222	8.802816901	2.122498484
1809	3.371868979	2.93255132	9.154929577	2.728926622
1810	3.371868979	2.513615417	8.450704225	1.819284415
1811	3.371868979	2.513615417	8.450704225	1.516070346
1812	2.89017341	2.094679514	8.450704225	1.212856277
1813	2.89017341	2.094679514	3.873239437	0.909642207
1814	1.445086705	1.256807708	2.464788732	0.909642207
1815	0.481695568	0.418935903	0.704225352	0.606428138
1834	0.963391137	0.418935903	0.704225352	0.303214069
1835	0.963391137	0.418935903	0.704225352	0.303214069
1836	1.445086705	0.418935903	0.704225352	0.606428138
1837	1.445086705	0.418935903	0.352112676	0.606428138
1838	1.445086705	0.418935903	0.352112676	0.606428138
1839	1.445086705	0.418935903	0.704225352	0.606428138
1840	0.963391137	0.418935903	0.704225352	0.606428138
1841	0.481695568	0.418935903	0.704225352	0.606428138
1864	0.481695568	0.837871806	0.352112676	0.303214069
1865	0.963391137	0.837871806	0.704225352	0.303214069
1866	0.963391137	0.837871806	0.704225352	0.606428138
1867	0.963391137	0.837871806	1.056338028	0.606428138
1868	0.963391137	0.837871806	1.056338028	0.303214069
1869	0.963391137	0.837871806	1.056338028	0.303214069
1870	0.963391137	0.837871806	1.056338028	0.303214069
1876	0.963391137	0.418935903	1.056338028	0.303214069
1877	0.963391137	0.418935903	1.056338028	0.303214069
1878	0.963391137	0.418935903	1.056338028	0.303214069
1974	0.481695568	0.837871806	0.352112676	0.303214069
1975	0.481695568	0.837871806	0.352112676	0.303214069
1976	0.481695568	0.837871806	0.352112676	0.303214069
1977	0.481695568	0.837871806	0.352112676	0.303214069
1989	1.445086705	0.418935903	0.704225352	0.303214069
1990	0.963391137	0.418935903	0.704225352	0.303214069
1991	0.963391137	0.418935903	0.704225352	0.303214069
1992	0.963391137	0.418935903	0.704225352	0.303214069
1993	0.481695568	0.418935903	0.704225352	0.303214069
1994	0.481695568	0.418935903	0.352112676	0.303214069
2067	0.481695568	0.418935903	0.352112676	0.303214069
2122	0.481695568	2.094679514	1.056338028	0.303214069
2123	0.481695568	2.094679514	1.056338028	0.303214069
2130	1.926782274	2.094679514	0.704225352	0.303214069
2131	1.445086705	2.094679514	0.704225352	0.303214069
2132	1.445086705	2.094679514	0.352112676	0.303214069
2133	1.445086705	2.094679514	0.352112676	0.303214069
2167	2.89017341	0.837871806	2.464788732	1.212856277
2168	2.89017341	1.256807708	2.464788732	0.909642207
2169	2.408477842	1.256807708	1.408450704	0.909642207
2170	2.408477842	1.256807708	1.408450704	0.909642207
2171	2.408477842	1.256807708	1.056338028	0.606428138
2172	2.408477842	0.837871806	0.704225352	0.303214069
2173	1.445086705	0.418935903	0.352112676	0.303214069
2186	0.481695568	1.256807708	0.352112676	0.303214069
2187	0.481695568	1.256807708	0.352112676	0.303214069
2209	2.408477842	1.256807708	0.352112676	0.303214069
2210	2.408477842	1.256807708	1.056338028	2.122498484
2211	2.408477842	1.256807708	1.408450704	2.425712553
2212	2.408477842	1.256807708	2.112676056	2.425712553
2213	3.853564547	1.675743611	2.816901408	3.032140691
2214	3.371868979	1.675743611	2.816901408	2.728926622
2215	2.89017341	1.675743611	2.816901408	2.728926622
2216	1.926782274	2.094679514	2.816901408	2.425712553
2217	1.445086705	1.256807708	2.464788732	2.728926622
2218	1.445086705	1.256807708	2.464788732	1.516070346
2219	1.445086705	1.256807708	2.112676056	0.909642207
2220	1.445086705	1.256807708	2.112676056	0.909642207
2222	0.481695568	0.418935903	0.352112676	0.303214069
2223	0.481695568	0.418935903	0.352112676	0.303214069
2268	1.445086705	2.094679514	0.352112676	0.303214069
2271	0.963391137	2.094679514	0.352112676	0.303214069
2272	1.445086705	2.513615417	0.352112676	0.303214069
2273	1.445086705	2.513615417	0.352112676	0.303214069
2274	2.408477842	2.93255132	1.056338028	0.606428138
2275	2.89017341	2.93255132	1.056338028	0.606428138
2276	2.408477842	1.675743611	1.056338028	1.212856277
2277	1.926782274	2.094679514	1.056338028	1.212856277
2278	1.445086705	2.094679514	1.056338028	1.212856277
2279	1.445086705	2.094679514	0.704225352	1.212856277
2280	0.963391137	1.256807708	0.704225352	1.516070346
2281	1.445086705	1.256807708	0.704225352	1.212856277
2283	0.481695568	1.675743611	0.352112676	0.909642207
2284	0.481695568	1.675743611	0.352112676	0.909642207
2285	0.481695568	0.837871806	0.704225352	0.606428138
2286	0.481695568	0.837871806	0.704225352	0.606428138
2287	0.481695568	1.256807708	0.704225352	0.606428138
2288	0.481695568	1.256807708	0.352112676	0.303214069
2289	0.963391137	1.256807708	0.352112676	0.303214069
2290	0.481695568	0.837871806	0.352112676	0.303214069
2291	0.481695568	0.837871806	0.352112676	0.303214069
2292	0.963391137	0.837871806	0.352112676	0.303214069
2311	0.481695568	2.513615417	1.056338028	0.606428138
2312	0.963391137	2.93255132	1.056338028	1.212856277
2313	1.445086705	2.513615417	0.704225352	1.212856277
2314	1.445086705	2.513615417	0.704225352	1.516070346
2315	1.926782274	1.675743611	0.352112676	1.516070346
2316	2.408477842	1.675743611	1.056338028	2.122498484
2317	2.89017341	1.675743611	1.056338028	2.122498484
2318	2.89017341	1.256807708	1.056338028	1.516070346
2319	3.853564547	0.837871806	0.704225352	2.122498484
2320	3.853564547	1.256807708	1.056338028	1.516070346
2321	3.853564547	1.256807708	1.056338028	1.516070346
2322	3.371868979	1.675743611	1.76056338	2.425712553
2323	2.408477842	1.675743611	1.76056338	2.122498484
2324	1.926782274	1.256807708	1.76056338	1.516070346
2325	1.445086705	1.256807708	1.408450704	1.819284415
2326	1.445086705	1.256807708	1.056338028	2.122498484
2327	0.963391137	1.256807708	1.056338028	1.819284415
2328	0.481695568	0.418935903	1.056338028	1.819284415
2338	0.963391137	0.418935903	0.352112676	0.303214069
2339	0.963391137	0.418935903	0.352112676	0.303214069
2340	0.963391137	0.418935903	0.352112676	0.303214069
2341	0.963391137	0.418935903	0.352112676	0.303214069
2342	0.963391137	0.418935903	0.352112676	0.606428138
2343	0.963391137	0.418935903	0.352112676	0.606428138
2344	0.963391137	0.418935903	0.352112676	0.606428138
2375	0.481695568	0.418935903	0.704225352	0.606428138
2379	0.481695568	0.418935903	1.056338028	0.303214069
2380	0.481695568	0.837871806	0.704225352	0.606428138
2381	0.481695568	0.837871806	0.704225352	0.606428138
2382	0.481695568	0.837871806	1.056338028	0.909642207
2383	0.481695568	0.837871806	0.704225352	0.909642207
2419	0.963391137	0.837871806	0.704225352	5.457853244
2420	0.963391137	0.837871806	0.704225352	5.761067314
2421	0.963391137	0.837871806	1.056338028	5.761067314
2422	0.963391137	0.837871806	1.056338028	5.761067314
2423	0.963391137	0.837871806	1.056338028	5.761067314
2424	0.963391137	0.837871806	1.056338028	0.303214069
2425	0.481695568	0.837871806	0.704225352	0.606428138
2426	0.481695568	0.837871806	0.704225352	0.606428138
2430	0.481695568	0.418935903	0.704225352	0.606428138
2431	0.481695568	0.418935903	1.408450704	0.606428138
2432	0.963391137	1.256807708	2.112676056	0.606428138
2433	0.963391137	1.256807708	2.464788732	0.303214069
2434	1.445086705	0.837871806	2.112676056	0.303214069
2435	1.445086705	1.256807708	1.76056338	0.606428138
2436	1.445086705	1.256807708	1.76056338	0.909642207
2437	1.445086705	1.256807708	1.76056338	0.909642207
2438	1.445086705	1.675743611	1.76056338	0.606428138
2439	1.926782274	1.675743611	1.408450704	1.212856277
2440	1.445086705	1.256807708	0.704225352	1.212856277
2441	1.445086705	1.256807708	0.704225352	1.212856277
2442	0.963391137	1.675743611	0.704225352	1.212856277
2443	0.963391137	1.256807708	0.704225352	0.909642207
2467	0.481695568	0.418935903	0.704225352	0.606428138
2468	0.481695568	0.418935903	0.704225352	0.606428138
2469	0.481695568	1.256807708	0.352112676	0.606428138
2470	0.481695568	1.256807708	0.352112676	0.606428138
2471	0.481695568	1.256807708	0.352112676	0.606428138
2472	0.481695568	1.256807708	0.352112676	0.606428138
2473	0.481695568	1.256807708	0.352112676	0.606428138
2474	0.963391137	1.256807708	0.352112676	0.303214069
2475	0.963391137	1.256807708	0.352112676	0.303214069
2478	0.963391137	0.418935903	0.704225352	0.909642207
2479	0.963391137	0.418935903	1.408450704	1.516070346
2480	1.445086705	0.418935903	1.408450704	1.819284415
2481	1.926782274	0.418935903	1.408450704	1.819284415
2482	1.445086705	0.837871806	1.408450704	2.122498484
2483	1.445086705	0.837871806	1.056338028	2.122498484
2484	1.445086705	0.837871806	1.056338028	2.122498484
2485	0.963391137	0.837871806	1.056338028	2.122498484
2486	0.963391137	0.418935903	0.704225352	1.212856277
2496	0.481695568	0.837871806	0.704225352	0.909642207
2497	0.481695568	0.837871806	0.704225352	0.909642207
2498	0.481695568	0.837871806	0.704225352	0.909642207
2499	0.481695568	0.837871806	1.056338028	0.606428138
2503	0.481695568	0.837871806	1.408450704	0.606428138
2515	0.481695568	1.256807708	0.352112676	0.303214069
2516	0.481695568	1.256807708	0.352112676	0.303214069
2522	0.963391137	0.418935903	0.352112676	0.303214069
2540	0.963391137	0.418935903	1.056338028	0.909642207
2541	1.445086705	0.418935903	1.056338028	0.909642207
2542	0.963391137	0.418935903	0.704225352	0.606428138
2543	0.963391137	0.418935903	0.704225352	0.606428138
2544	0.963391137	1.256807708	1.408450704	0.606428138
2545	0.963391137	1.256807708	1.76056338	0.606428138
2546	0.481695568	1.256807708	1.76056338	0.606428138
2547	0.481695568	1.256807708	1.76056338	0.606428138
2548	0.963391137	0.837871806	1.76056338	0.606428138
2549	0.481695568	0.837871806	1.76056338	0.303214069
2550	0.481695568	0.837871806	1.76056338	0.303214069
2551	0.481695568	0.837871806	1.76056338	0.303214069
2555	0.963391137	0.418935903	0.352112676	0.303214069
2645	2.89017341	3.351487222	1.76056338	1.212856277
2646	2.89017341	3.351487222	2.112676056	1.819284415
2647	2.89017341	3.351487222	2.464788732	1.819284415
2648	2.89017341	3.770423125	2.464788732	2.425712553
2649	2.89017341	3.770423125	2.816901408	3.032140691
2650	2.89017341	3.770423125	3.521126761	3.032140691
2651	2.89017341	3.770423125	3.521126761	3.032140691
2652	2.89017341	3.351487222	3.521126761	2.728926622
2653	1.445086705	2.094679514	2.816901408	2.425712553
2654	0.481695568	1.256807708	1.76056338	1.819284415
2655	0.481695568	0.837871806	1.408450704	1.516070346
2658	0.481695568	0.418935903	0.704225352	0.303214069
2659	0.481695568	0.418935903	0.352112676	0.303214069
2660	0.481695568	0.418935903	0.352112676	0.303214069
2661	0.481695568	0.418935903	0.352112676	0.303214069
2702	0.481695568	0.418935903	0.352112676	0.606428138
2761	0.481695568	0.418935903	0.352112676	0.303214069
2777	0.963391137	2.93255132	0.704225352	0.303214069
2778	0.963391137	2.93255132	0.704225352	0.303214069
2779	0.963391137	2.93255132	0.704225352	0.303214069
2780	0.963391137	2.513615417	0.704225352	0.303214069
2781	0.963391137	2.93255132	0.704225352	0.606428138
2782	0.963391137	2.93255132	0.704225352	0.606428138
2783	0.963391137	2.513615417	1.056338028	0.606428138
2784	1.445086705	2.93255132	1.056338028	0.606428138
2785	0.481695568	1.256807708	0.352112676	0.303214069
2786	0.481695568	0.837871806	0.352112676	0.303214069
2787	0.481695568	0.837871806	0.352112676	0.303214069
2788	0.481695568	0.837871806	0.352112676	0.303214069
2820	0.481695568	0.837871806	0.352112676	0.303214069
2821	0.481695568	0.837871806	0.352112676	0.606428138
2822	0.481695568	0.837871806	0.352112676	0.909642207
2823	0.481695568	0.837871806	0.352112676	1.212856277
2824	0.481695568	0.837871806	0.352112676	1.212856277
2825	0.481695568	0.418935903	0.352112676	1.212856277
2830	0.481695568	0.418935903	1.056338028	0.303214069
2910	0.481695568	0.418935903	0.704225352	1.212856277
2911	0.481695568	1.256807708	0.704225352	1.212856277
2912	0.481695568	1.256807708	0.352112676	1.212856277
2913	0.963391137	1.256807708	0.352112676	1.212856277
2914	0.481695568	1.256807708	0.352112676	1.212856277
2915	0.481695568	1.256807708	0.352112676	0.606428138
2916	0.481695568	1.256807708	0.352112676	0.303214069
2917	0.481695568	1.256807708	0.352112676	0.303214069
2927	0.481695568	0.837871806	0.352112676	0.303214069
2992	1.445086705	0.837871806	0.352112676	0.303214069
2993	1.926782274	0.418935903	0.352112676	0.303214069
2994	2.408477842	0.418935903	0.352112676	0.303214069
2995	2.408477842	0.418935903	0.352112676	0.303214069
2996	1.926782274	0.418935903	0.352112676	0.303214069
3014	0.481695568	0.837871806	0.352112676	0.303214069
3020	0.481695568	1.256807708	0.704225352	0.303214069
3021	0.963391137	1.256807708	0.704225352	0.303214069
3024	1.445086705	1.675743611	1.056338028	0.303214069
3025	1.445086705	1.256807708	1.056338028	0.606428138
3026	1.445086705	1.256807708	1.408450704	0.606428138
3027	0.963391137	1.256807708	1.76056338	0.606428138
3028	0.963391137	0.837871806	1.056338028	0.606428138
3029	0.963391137	0.837871806	1.056338028	0.606428138
3030	0.481695568	1.256807708	1.056338028	0.606428138
3031	0.481695568	1.256807708	1.056338028	0.606428138
3032	0.481695568	0.837871806	0.704225352	0.606428138
3034	0.481695568	0.837871806	0.704225352	0.606428138
3035	0.963391137	0.837871806	0.352112676	0.606428138
3036	1.445086705	0.418935903	0.352112676	0.606428138
3037	1.445086705	0.418935903	0.352112676	0.606428138
3050	0.963391137	1.675743611	0.352112676	0.303214069
3051	2.89017341	2.513615417	1.76056338	1.212856277
3052	3.371868979	2.513615417	2.464788732	1.516070346
3053	3.371868979	3.770423125	2.816901408	1.516070346
3054	3.853564547	3.770423125	3.169014085	1.516070346
3055	3.853564547	4.608294931	3.169014085	1.516070346
3056	4.816955684	5.027230834	3.521126761	1.819284415
3057	5.780346821	4.189359028	3.521126761	1.819284415
3058	4.816955684	3.770423125	3.521126761	1.819284415
3059	3.371868979	2.93255132	2.112676056	0.909642207
3060	2.89017341	2.93255132	1.76056338	0.606428138
3061	3.371868979	2.094679514	1.408450704	0.606428138
3062	3.853564547	2.094679514	0.704225352	0.606428138
3063	3.371868979	1.256807708	0.704225352	0.606428138
3064	2.89017341	0.837871806	0.704225352	0.606428138
3065	1.445086705	0.837871806	0.704225352	0.909642207
3067	1.445086705	0.418935903	0.704225352	0.303214069
3068	1.926782274	0.418935903	0.704225352	0.303214069
3069	1.445086705	0.418935903	0.704225352	0.303214069
3070	0.963391137	0.418935903	0.704225352	0.303214069
3071	0.963391137	0.418935903	0.704225352	0.303214069
3072	0.481695568	0.418935903	0.704225352	0.303214069
3073	0.481695568	0.418935903	0.704225352	0.303214069
3078	1.926782274	0.418935903	0.352112676	0.303214069
3079	1.926782274	1.256807708	0.352112676	0.909642207
3080	1.926782274	1.256807708	0.352112676	0.909642207
3081	1.926782274	1.256807708	0.352112676	0.909642207
3082	1.445086705	1.256807708	0.352112676	0.909642207
3083	1.445086705	1.256807708	0.704225352	0.909642207
3084	0.963391137	1.256807708	0.352112676	0.909642207
3085	0.481695568	1.256807708	0.352112676	0.909642207
3159	0.481695568	0.418935903	0.352112676	0.303214069
3160	0.963391137	0.418935903	0.352112676	0.303214069
3161	0.963391137	0.837871806	0.352112676	0.606428138
3162	0.963391137	0.837871806	1.056338028	0.909642207
3163	0.963391137	0.837871806	1.056338028	0.909642207
3164	0.963391137	0.837871806	1.056338028	0.909642207
3165	0.481695568	0.837871806	1.056338028	0.909642207
3166	0.481695568	0.837871806	1.056338028	0.909642207
3167	0.481695568	1.256807708	1.056338028	0.909642207
3168	0.481695568	1.675743611	1.056338028	0.909642207
3169	0.481695568	1.256807708	0.704225352	0.606428138
3179	0.481695568	0.418935903	0.352112676	0.909642207
3183	0.481695568	2.513615417	1.056338028	2.728926622
3184	1.926782274	3.770423125	1.76056338	4.548211037
3185	1.926782274	4.608294931	1.76056338	4.548211037
3186	1.926782274	5.027230834	1.76056338	4.851425106
3187	1.926782274	4.608294931	1.76056338	4.244996968
3188	1.926782274	4.608294931	1.76056338	4.548211037
3189	1.926782274	4.608294931	1.76056338	4.548211037
3190	2.408477842	4.608294931	1.76056338	4.548211037
3191	1.926782274	2.513615417	1.408450704	3.032140691
3192	1.445086705	1.675743611	0.704225352	2.728926622
3193	0.963391137	1.675743611	0.352112676	2.425712553
3194	0.481695568	0.837871806	0.352112676	0.303214069
3212	0.481695568	0.418935903	0.352112676	0.303214069
3213	0.481695568	0.418935903	0.352112676	0.303214069
3214	0.481695568	0.418935903	0.352112676	0.303214069
3215	0.481695568	0.418935903	0.352112676	0.303214069
3216	0.963391137	0.418935903	0.352112676	0.303214069
3344	0.481695568	0.418935903	0.352112676	0.303214069
3345	0.481695568	0.418935903	0.352112676	0.303214069
3348	0.963391137	0.418935903	0.352112676	0.606428138
3349	0.963391137	0.837871806	0.352112676	0.606428138
3350	1.445086705	0.837871806	0.704225352	0.606428138
3351	1.445086705	0.837871806	0.704225352	1.212856277
3352	1.445086705	0.418935903	1.056338028	1.516070346
3353	1.445086705	0.418935903	1.056338028	1.516070346
3354	0.963391137	0.837871806	1.408450704	1.212856277
3355	0.963391137	1.256807708	2.112676056	1.516070346
3356	1.445086705	1.256807708	1.76056338	1.212856277
3357	1.926782274	1.256807708	2.112676056	1.516070346
3358	1.445086705	1.256807708	2.112676056	1.516070346
3359	0.963391137	1.256807708	2.112676056	1.212856277
3360	0.963391137	1.675743611	1.76056338	1.212856277
3361	0.963391137	1.675743611	1.76056338	0.909642207
3362	1.445086705	1.675743611	1.408450704	1.212856277
3363	1.926782274	1.256807708	1.056338028	0.909642207
3364	1.445086705	1.256807708	0.704225352	0.909642207
3365	0.963391137	1.256807708	0.704225352	0.606428138
3377	0.481695568	0.837871806	1.056338028	0.303214069
3378	0.963391137	1.256807708	1.056338028	0.303214069
3379	3.371868979	2.094679514	1.76056338	1.212856277
3380	3.853564547	2.513615417	2.464788732	2.122498484
3381	3.853564547	2.094679514	3.873239437	2.122498484
3382	4.335260116	2.094679514	3.873239437	2.425712553
3383	4.335260116	2.513615417	7.042253521	2.425712553
3384	5.298651252	2.93255132	6.690140845	3.032140691
3385	4.816955684	3.351487222	7.042253521	3.032140691
3386	4.335260116	2.93255132	7.394366197	3.032140691
3387	2.408477842	2.094679514	3.521126761	1.819284415
3388	2.89017341	2.094679514	2.816901408	1.819284415
3389	2.89017341	2.094679514	2.112676056	1.819284415
3390	1.926782274	2.513615417	1.056338028	1.819284415
3391	1.926782274	2.513615417	1.056338028	1.819284415
3392	1.445086705	2.513615417	1.056338028	1.516070346
3393	1.445086705	2.513615417	0.704225352	1.516070346
3394	0.963391137	2.094679514	0.704225352	1.516070346
3395	0.963391137	2.094679514	0.704225352	1.516070346
3410	1.445086705	1.256807708	0.704225352	0.303214069
3411	0.963391137	1.675743611	0.704225352	0.606428138
3412	0.963391137	1.675743611	0.704225352	0.606428138
3413	1.445086705	1.675743611	0.704225352	0.606428138
3414	0.963391137	1.675743611	0.704225352	0.909642207
3415	0.963391137	1.675743611	0.704225352	0.909642207
3416	1.445086705	1.675743611	1.056338028	0.909642207
3417	1.445086705	1.256807708	1.056338028	0.909642207
3418	0.963391137	1.675743611	1.408450704	1.212856277
3419	1.445086705	1.675743611	1.408450704	1.212856277
3420	1.445086705	1.256807708	1.408450704	0.909642207
3421	1.445086705	1.256807708	1.408450704	0.909642207
3422	1.445086705	1.256807708	1.408450704	0.606428138
3423	1.445086705	1.256807708	1.408450704	0.303214069
3424	0.963391137	1.256807708	1.408450704	0.606428138
3425	1.445086705	1.256807708	1.056338028	0.606428138
3426	1.445086705	0.418935903	0.704225352	0.606428138
3427	0.963391137	0.418935903	1.408450704	0.303214069
3428	1.445086705	0.418935903	1.76056338	0.303214069
3429	0.963391137	0.418935903	1.76056338	0.303214069
3430	0.963391137	0.418935903	1.76056338	0.606428138
3431	0.963391137	0.418935903	1.76056338	0.606428138
3432	0.963391137	0.418935903	1.408450704	0.606428138
3433	0.481695568	0.418935903	1.408450704	0.303214069
3434	0.481695568	0.418935903	1.408450704	0.303214069
3473	0.963391137	0.418935903	0.352112676	1.212856277
3474	0.963391137	0.418935903	0.352112676	1.212856277
3475	0.963391137	0.418935903	0.352112676	1.212856277
3476	0.963391137	0.418935903	0.352112676	0.909642207
3477	0.963391137	0.418935903	0.352112676	0.909642207
3478	0.963391137	0.418935903	0.352112676	0.909642207
3520	0.963391137	0.418935903	0.352112676	0.909642207
3521	0.963391137	0.418935903	0.352112676	1.516070346
3522	0.963391137	0.418935903	0.352112676	1.516070346
3523	0.963391137	0.418935903	0.352112676	1.819284415
3604	0.963391137	0.418935903	1.408450704	0.303214069
3605	0.963391137	0.418935903	1.408450704	0.303214069
3606	1.445086705	0.418935903	1.408450704	0.303214069
3607	1.445086705	0.418935903	1.408450704	0.303214069
3608	0.963391137	0.418935903	1.408450704	0.303214069
3609	0.963391137	0.418935903	1.408450704	0.303214069
3610	0.481695568	0.418935903	1.408450704	0.303214069
3633	0.963391137	0.418935903	0.352112676	0.909642207
3634	0.963391137	0.418935903	0.352112676	0.909642207
3635	0.963391137	0.418935903	0.352112676	0.909642207
3636	0.481695568	0.837871806	0.352112676	1.212856277
3637	0.481695568	1.256807708	0.352112676	1.212856277
3647	0.481695568	1.256807708	0.352112676	0.909642207
3648	0.481695568	1.256807708	0.352112676	0.606428138
3649	0.481695568	1.256807708	0.352112676	0.606428138
3650	0.481695568	1.256807708	0.352112676	0.606428138
3663	0.481695568	0.418935903	0.704225352	0.303214069
3664	0.963391137	0.418935903	0.704225352	0.303214069
3665	0.963391137	0.418935903	0.704225352	0.303214069
3666	0.963391137	0.418935903	0.704225352	0.303214069
3667	0.963391137	0.418935903	0.704225352	0.606428138
3668	0.963391137	0.418935903	0.352112676	0.606428138
3671	0.481695568	0.418935903	0.352112676	0.606428138
3672	0.481695568	0.837871806	1.056338028	1.212856277
3675	0.481695568	1.256807708	1.408450704	1.516070346
3676	0.963391137	1.675743611	1.76056338	1.516070346
3677	0.963391137	1.675743611	1.76056338	1.516070346
3678	0.963391137	1.256807708	1.76056338	1.516070346
3679	0.963391137	1.256807708	1.408450704	1.212856277
3680	0.963391137	0.837871806	1.056338028	0.909642207
3681	0.963391137	0.837871806	0.352112676	0.303214069
3682	0.963391137	0.418935903	0.352112676	0.303214069
3716	0.963391137	0.418935903	1.056338028	0.303214069
3717	0.963391137	0.418935903	1.056338028	0.909642207
3718	0.963391137	0.418935903	1.408450704	0.909642207
3722	0.481695568	0.418935903	1.056338028	1.212856277
3748	0.963391137	1.256807708	0.352112676	0.606428138
3749	1.445086705	0.837871806	0.352112676	0.606428138
3750	1.926782274	0.418935903	0.352112676	0.606428138
3751	1.926782274	0.418935903	0.704225352	0.606428138
3752	1.926782274	0.418935903	0.704225352	0.606428138
3758	0.481695568	0.418935903	0.704225352	0.303214069
3759	0.481695568	0.418935903	0.352112676	0.303214069
3760	0.481695568	0.418935903	0.704225352	0.303214069
3783	1.445086705	0.418935903	0.352112676	0.606428138
3784	1.926782274	0.418935903	0.352112676	0.606428138
3785	1.926782274	0.418935903	0.352112676	0.606428138
3786	2.408477842	0.418935903	0.352112676	0.909642207
3787	2.408477842	0.418935903	0.352112676	0.909642207
3788	2.408477842	0.418935903	0.704225352	0.606428138
3789	2.408477842	0.418935903	0.704225352	0.909642207
3790	2.408477842	0.418935903	0.352112676	0.909642207
3791	1.926782274	0.418935903	0.352112676	0.909642207
3792	1.445086705	0.418935903	0.352112676	0.909642207
3801	1.445086705	0.418935903	0.352112676	0.606428138
3802	1.926782274	0.418935903	0.352112676	1.212856277
3803	1.926782274	0.418935903	0.352112676	1.212856277
3804	1.445086705	0.418935903	0.704225352	0.909642207
3805	1.445086705	0.418935903	0.704225352	0.909642207
3806	0.963391137	0.418935903	0.704225352	1.212856277
3807	0.963391137	0.418935903	0.704225352	1.212856277
3808	0.963391137	0.418935903	0.704225352	1.516070346
3809	0.481695568	0.418935903	0.704225352	1.516070346
3811	0.481695568	0.418935903	0.352112676	0.606428138
3830	0.481695568	0.837871806	1.056338028	0.606428138
3831	0.481695568	0.418935903	1.408450704	0.606428138
3832	0.481695568	0.418935903	1.056338028	0.606428138
3834	0.963391137	0.837871806	1.056338028	0.606428138
3835	0.963391137	0.837871806	1.408450704	0.606428138
3836	0.963391137	0.837871806	1.408450704	0.909642207
3837	1.926782274	0.837871806	1.76056338	1.516070346
3838	2.408477842	1.675743611	1.408450704	0.909642207
3839	2.89017341	1.675743611	1.056338028	0.909642207
3840	2.89017341	2.094679514	0.704225352	1.212856277
3841	2.89017341	2.094679514	1.056338028	1.516070346
3842	2.408477842	1.675743611	1.056338028	1.819284415
3843	2.408477842	1.675743611	0.704225352	2.122498484
3844	2.408477842	1.675743611	0.704225352	2.122498484
3845	1.445086705	1.675743611	0.352112676	2.122498484
3846	1.445086705	2.094679514	0.704225352	2.122498484
3847	1.445086705	1.256807708	1.408450704	2.122498484
3848	1.926782274	0.837871806	1.408450704	1.516070346
3849	2.408477842	1.256807708	1.408450704	0.909642207
3850	2.408477842	1.256807708	1.76056338	0.909642207
3851	2.408477842	0.837871806	1.76056338	0.606428138
3852	1.445086705	0.837871806	1.76056338	0.303214069
3910	1.926782274	0.418935903	1.056338028	2.425712553
3911	1.926782274	0.418935903	1.408450704	2.425712553
3912	1.926782274	0.418935903	1.408450704	2.122498484
3913	1.926782274	0.418935903	1.408450704	1.819284415
3914	1.445086705	0.418935903	1.76056338	1.819284415
3936	0.963391137	2.094679514	1.408450704	0.303214069
3937	0.963391137	2.094679514	1.408450704	0.606428138
3938	0.963391137	2.094679514	1.056338028	0.606428138
3939	1.445086705	2.513615417	1.056338028	1.212856277
3940	1.926782274	1.256807708	1.408450704	1.212856277
3941	1.445086705	1.256807708	1.76056338	1.212856277
3942	1.445086705	1.256807708	1.056338028	1.212856277
3943	1.926782274	1.256807708	0.704225352	0.909642207
3944	1.926782274	1.256807708	0.704225352	0.606428138
3945	1.926782274	1.256807708	1.056338028	0.606428138
3946	2.408477842	0.837871806	1.056338028	0.303214069
3947	1.445086705	0.418935903	1.056338028	0.303214069
3948	0.963391137	0.418935903	1.056338028	0.606428138
3949	0.963391137	0.418935903	1.056338028	0.606428138
3950	1.926782274	0.418935903	0.704225352	0.606428138
3953	2.408477842	0.418935903	1.056338028	0.606428138
3954	3.371868979	0.837871806	2.816901408	1.212856277
3955	3.371868979	0.837871806	3.521126761	1.819284415
3956	4.335260116	0.837871806	3.169014085	1.819284415
3957	4.335260116	0.837871806	3.169014085	1.819284415
3958	3.853564547	0.837871806	2.816901408	1.819284415
3959	2.408477842	0.837871806	2.816901408	1.819284415
3960	2.408477842	0.837871806	2.816901408	1.516070346
3961	2.408477842	0.837871806	2.816901408	1.516070346
3962	1.926782274	0.418935903	2.816901408	1.212856277
3963	1.445086705	0.418935903	0.704225352	0.909642207
3988	0.963391137	0.418935903	0.352112676	0.303214069
3989	0.963391137	0.418935903	0.352112676	0.303214069
3990	0.963391137	0.418935903	0.352112676	0.303214069
3991	0.963391137	0.418935903	0.352112676	0.303214069
3992	0.963391137	0.418935903	0.352112676	0.303214069
3993	0.481695568	0.418935903	0.352112676	0.303214069
3994	0.481695568	0.418935903	0.352112676	0.303214069
4011	0.481695568	0.418935903	0.352112676	0.606428138
4016	0.963391137	0.837871806	0.352112676	0.909642207
4017	0.963391137	0.837871806	0.352112676	1.212856277
4018	0.963391137	0.837871806	0.352112676	0.909642207
4019	1.445086705	0.837871806	0.352112676	0.303214069
4020	1.445086705	0.418935903	0.352112676	0.606428138
4021	0.963391137	0.418935903	0.352112676	0.606428138
4022	1.445086705	0.418935903	0.352112676	0.606428138
4023	0.963391137	0.418935903	0.352112676	0.606428138
4027	1.926782274	0.418935903	0.352112676	0.303214069
4094	0.963391137	1.675743611	0.704225352	0.606428138
4095	0.963391137	1.675743611	1.056338028	0.606428138
4096	0.963391137	2.094679514	1.056338028	0.606428138
4097	0.963391137	2.094679514	1.056338028	0.606428138
4098	0.963391137	2.513615417	1.056338028	0.606428138
4099	0.963391137	2.094679514	1.056338028	1.212856277
4100	0.963391137	2.094679514	1.056338028	1.212856277
4101	1.445086705	2.094679514	1.056338028	1.212856277
4102	1.445086705	2.094679514	1.056338028	0.909642207
4103	1.445086705	2.094679514	0.352112676	0.606428138
4104	0.481695568	1.256807708	0.352112676	0.606428138
4217	0.963391137	0.837871806	0.704225352	1.516070346
4218	0.963391137	0.837871806	0.704225352	1.516070346
4219	1.445086705	0.837871806	0.704225352	1.212856277
4220	0.963391137	0.418935903	0.704225352	0.303214069
4221	0.963391137	0.418935903	0.704225352	0.303214069
4291	0.963391137	0.418935903	0.704225352	0.303214069
4292	0.963391137	0.418935903	0.704225352	0.303214069
4293	0.963391137	0.418935903	0.704225352	0.303214069
4294	0.481695568	0.418935903	0.704225352	0.303214069
4295	0.481695568	0.418935903	0.704225352	0.606428138
4310	0.963391137	1.256807708	1.056338028	0.303214069
4311	0.963391137	1.256807708	1.056338028	0.303214069
4312	0.963391137	0.837871806	0.704225352	0.606428138
4313	0.963391137	0.418935903	0.704225352	0.606428138
4327	1.926782274	0.418935903	0.352112676	0.606428138
4352	0.481695568	0.837871806	0.352112676	0.303214069
4353	0.481695568	0.837871806	0.352112676	0.303214069
4354	0.481695568	0.837871806	0.352112676	0.303214069
4355	0.481695568	0.837871806	0.352112676	0.303214069
4356	0.481695568	0.837871806	0.352112676	0.606428138
4357	0.481695568	0.837871806	0.352112676	0.606428138
4358	0.481695568	0.837871806	0.352112676	0.606428138
4359	0.481695568	0.837871806	0.352112676	0.606428138
4362	1.445086705	0.418935903	0.704225352	0.303214069
4363	1.926782274	0.418935903	0.704225352	0.303214069
4365	1.926782274	0.418935903	1.056338028	0.303214069
4366	2.408477842	1.256807708	1.056338028	0.303214069
4367	2.408477842	1.256807708	1.056338028	0.303214069
4368	1.926782274	1.256807708	0.704225352	0.303214069
4369	1.445086705	1.256807708	0.352112676	0.606428138
4370	1.445086705	1.256807708	0.704225352	0.909642207
4371	0.963391137	1.256807708	0.704225352	1.212856277
4372	0.963391137	1.256807708	0.704225352	1.212856277
4373	0.963391137	1.256807708	0.352112676	1.212856277
4374	0.481695568	0.837871806	0.352112676	1.212856277
4375	0.481695568	1.256807708	0.352112676	1.516070346
4377	0.481695568	0.837871806	0.704225352	1.212856277
4378	0.481695568	0.837871806	0.704225352	0.909642207
4379	0.481695568	0.837871806	0.352112676	0.909642207
4380	0.481695568	2.094679514	0.352112676	0.909642207
4381	0.481695568	1.675743611	0.352112676	0.606428138
4382	0.481695568	1.675743611	0.352112676	0.606428138
4383	0.481695568	1.256807708	0.352112676	0.303214069
4437	0.963391137	0.418935903	0.352112676	0.606428138
4438	0.963391137	0.418935903	0.352112676	0.606428138
4439	0.963391137	0.418935903	0.352112676	0.606428138
4440	1.445086705	0.418935903	0.352112676	0.606428138
4454	0.481695568	0.418935903	0.352112676	0.303214069
4455	0.481695568	0.418935903	0.352112676	0.303214069
4456	0.481695568	0.837871806	0.352112676	0.303214069
4461	0.481695568	0.837871806	1.056338028	0.303214069
4462	0.481695568	0.837871806	0.704225352	0.303214069
4463	0.481695568	0.837871806	0.704225352	0.303214069
4464	0.481695568	0.418935903	0.704225352	0.303214069
4465	0.481695568	0.418935903	0.704225352	0.303214069
4491	1.445086705	0.418935903	1.056338028	0.303214069
4492	1.445086705	0.418935903	0.352112676	0.303214069
4493	1.926782274	0.418935903	0.352112676	0.303214069
4494	1.445086705	0.418935903	0.352112676	0.303214069
4495	1.926782274	0.418935903	0.352112676	0.303214069
4496	1.926782274	0.837871806	0.352112676	0.303214069
4498	0.963391137	1.256807708	0.352112676	0.303214069
4528	0.481695568	0.837871806	0.352112676	0.303214069
4529	0.481695568	0.837871806	0.352112676	0.303214069
4530	0.481695568	0.837871806	0.352112676	0.909642207
4531	0.481695568	0.837871806	0.352112676	0.909642207
4532	0.481695568	0.837871806	0.352112676	0.909642207
4590	0.481695568	0.418935903	0.704225352	0.303214069
4633	0.963391137	0.837871806	0.704225352	0.606428138
4634	0.963391137	1.256807708	0.704225352	0.606428138
4635	0.963391137	1.256807708	0.704225352	0.606428138
4636	0.963391137	1.256807708	0.704225352	0.606428138
4639	0.481695568	1.256807708	0.704225352	0.606428138
4640	0.481695568	0.837871806	0.704225352	0.606428138
4641	0.481695568	0.837871806	0.352112676	0.606428138
4643	0.481695568	0.837871806	0.352112676	0.909642207
4669	0.481695568	0.837871806	0.352112676	0.303214069
4670	0.481695568	0.837871806	0.352112676	0.303214069
4688	0.963391137	0.418935903	0.352112676	1.516070346
4689	0.963391137	0.418935903	1.056338028	1.516070346
4690	0.963391137	1.675743611	1.408450704	1.516070346
4691	1.926782274	1.675743611	1.408450704	1.212856277
4692	2.408477842	1.675743611	1.76056338	1.516070346
4693	2.89017341	2.094679514	2.464788732	1.516070346
4694	2.89017341	2.513615417	48.23943662	2.122498484
4695	3.371868979	3.351487222	48.5915493	2.122498484
4696	2.89017341	2.93255132	48.5915493	1.819284415
4697	2.89017341	2.93255132	48.94366197	1.516070346
4698	2.89017341	1.675743611	48.23943662	1.516070346
4699	2.408477842	2.094679514	48.23943662	1.516070346
4700	2.408477842	2.094679514	48.23943662	1.212856277
4701	1.926782274	1.675743611	47.18309859	1.212856277
4702	0.963391137	1.256807708	1.056338028	0.909642207
4703	0.481695568	0.418935903	0.704225352	0.606428138
4704	0.481695568	0.418935903	0.704225352	0.303214069
4737	0.963391137	0.837871806	1.76056338	0.303214069
4738	0.963391137	0.837871806	2.112676056	0.303214069
4739	0.963391137	1.256807708	1.76056338	0.606428138
4740	0.963391137	2.094679514	1.76056338	0.606428138
4741	1.445086705	2.513615417	1.76056338	0.606428138
4742	0.963391137	2.513615417	1.76056338	0.606428138
4743	0.481695568	1.675743611	1.408450704	0.606428138
4744	0.481695568	1.675743611	1.408450704	0.606428138
4745	0.481695568	1.675743611	0.352112676	0.303214069
4746	0.481695568	1.675743611	0.352112676	0.303214069
4749	0.481695568	0.837871806	0.352112676	0.303214069
4761	2.89017341	0.837871806	2.464788732	2.425712553
4762	2.89017341	0.837871806	2.464788732	2.425712553
4763	3.371868979	0.837871806	3.169014085	2.728926622
4764	3.371868979	1.256807708	3.169014085	2.728926622
4765	3.371868979	1.256807708	2.464788732	2.425712553
4766	2.408477842	1.675743611	2.464788732	2.122498484
4767	2.89017341	1.675743611	2.464788732	2.728926622
4768	2.89017341	1.675743611	2.112676056	1.819284415
4769	2.408477842	1.256807708	1.408450704	1.819284415
4770	1.926782274	1.256807708	1.056338028	1.819284415
4771	1.445086705	1.256807708	0.704225352	1.516070346
4772	0.963391137	0.837871806	0.704225352	1.516070346
4773	0.963391137	0.837871806	0.704225352	1.516070346
4774	1.445086705	0.418935903	0.352112676	0.606428138
4784	0.481695568	0.837871806	0.352112676	0.606428138
4785	0.481695568	0.837871806	0.352112676	0.606428138
4843	1.445086705	0.418935903	0.704225352	0.909642207
4844	1.445086705	0.837871806	1.408450704	0.909642207
4845	1.445086705	1.256807708	1.408450704	1.212856277
4846	1.445086705	1.256807708	1.408450704	0.909642207
4847	0.963391137	1.256807708	0.704225352	0.606428138
4848	0.963391137	1.256807708	0.704225352	0.606428138
4849	0.963391137	1.256807708	0.704225352	0.606428138
4850	0.963391137	1.256807708	0.704225352	0.606428138
4851	0.481695568	0.837871806	0.704225352	0.303214069
4852	0.963391137	0.418935903	0.352112676	0.303214069
4858	0.481695568	0.418935903	0.352112676	0.909642207
4859	0.481695568	0.418935903	0.352112676	1.212856277
4860	0.481695568	0.837871806	0.352112676	1.212856277
4863	0.481695568	1.256807708	0.704225352	0.606428138
4864	0.481695568	1.256807708	0.704225352	0.606428138
4865	0.963391137	1.675743611	1.056338028	1.212856277
4866	0.963391137	1.675743611	0.704225352	1.212856277
4867	0.963391137	1.675743611	0.704225352	1.212856277
4868	0.963391137	1.256807708	0.704225352	1.212856277
4869	0.963391137	0.837871806	0.704225352	1.212856277
4870	0.963391137	0.418935903	0.704225352	0.909642207
4871	0.481695568	0.418935903	0.352112676	0.909642207
4872	0.481695568	0.418935903	0.352112676	0.909642207
4940	0.481695568	0.418935903	0.704225352	0.606428138
4941	0.481695568	0.418935903	0.704225352	0.606428138
4942	0.481695568	0.418935903	0.704225352	0.606428138
4943	0.481695568	0.418935903	1.408450704	0.303214069
4944	0.481695568	0.837871806	2.112676056	0.303214069
4945	0.481695568	1.256807708	3.521126761	0.303214069
5063	5.780346821	0.418935903	0.704225352	0.303214069
5064	5.780346821	0.837871806	0.704225352	0.606428138
5065	6.262042389	0.837871806	0.704225352	0.303214069
5066	6.262042389	0.837871806	0.704225352	0.303214069
5067	6.262042389	0.837871806	0.352112676	0.303214069
5078	1.445086705	0.837871806	0.352112676	1.516070346
5079	1.926782274	0.837871806	0.352112676	1.819284415
5080	1.926782274	0.837871806	0.352112676	1.516070346
5081	1.926782274	1.675743611	0.352112676	1.516070346
5082	1.926782274	1.675743611	0.704225352	1.516070346
5083	1.445086705	1.675743611	1.056338028	1.516070346
5084	1.926782274	2.094679514	1.056338028	1.516070346
5085	1.445086705	2.094679514	1.408450704	1.819284415
5086	2.89017341	2.094679514	1.408450704	1.819284415
5087	4.335260116	2.094679514	1.408450704	1.819284415
5088	3.853564547	2.094679514	1.408450704	1.819284415
5089	3.853564547	2.094679514	1.408450704	2.425712553
5090	3.853564547	2.094679514	1.056338028	2.122498484
5091	9.1522158	5.446166736	5.633802817	8.186779867
5092	8.670520231	5.027230834	5.985915493	8.489993936
5093	8.188824663	4.608294931	5.633802817	7.883565797
5094	7.707129094	4.189359028	5.281690141	7.580351728
5095	5.780346821	3.351487222	4.929577465	7.580351728
5096	5.298651252	3.351487222	4.929577465	7.277137659
5097	5.298651252	3.351487222	4.929577465	6.670709521
5098	5.298651252	3.351487222	4.929577465	6.670709521
5108	1.926782274	1.675743611	0.352112676	0.606428138
5109	1.926782274	2.094679514	0.352112676	0.909642207
5110	1.926782274	2.094679514	0.352112676	1.212856277
5111	1.445086705	2.094679514	0.704225352	1.212856277
5112	1.926782274	2.094679514	0.704225352	1.212856277
5113	1.926782274	2.094679514	0.704225352	1.212856277
5114	3.853564547	2.094679514	1.408450704	1.516070346
5115	5.780346821	2.93255132	2.112676056	4.851425106
5116	4.816955684	2.513615417	4.929577465	5.761067314
5117	5.780346821	2.513615417	5.281690141	6.064281383
5118	6.262042389	2.513615417	5.633802817	6.367495452
5119	6.743737958	3.351487222	5.281690141	6.064281383
5120	6.743737958	3.351487222	5.281690141	6.064281383
5121	7.225433526	3.351487222	5.985915493	6.064281383
5122	6.262042389	4.189359028	5.985915493	6.064281383
5123	4.816955684	3.770423125	5.281690141	3.941782899
5124	4.816955684	2.93255132	2.816901408	1.516070346
5125	4.335260116	2.094679514	1.76056338	0.606428138
5126	4.816955684	2.094679514	0.704225352	0.303214069
5127	4.816955684	1.256807708	1.408450704	0.303214069
5128	4.335260116	1.256807708	1.408450704	0.303214069
5129	4.335260116	1.675743611	1.056338028	0.303214069
5216	0.481695568	0.418935903	1.408450704	0.303214069
5217	0.963391137	0.418935903	1.408450704	0.606428138
5218	0.963391137	0.418935903	1.408450704	0.909642207
5219	0.963391137	0.418935903	1.056338028	0.909642207
5220	0.963391137	0.418935903	0.704225352	0.909642207
5221	0.963391137	0.418935903	0.704225352	1.212856277
5222	0.963391137	0.418935903	0.704225352	1.516070346
5223	0.963391137	0.418935903	0.704225352	1.819284415
5224	0.481695568	0.418935903	0.352112676	1.819284415
5228	0.481695568	0.418935903	0.704225352	2.122498484
5229	0.481695568	0.418935903	0.704225352	1.819284415
5230	0.481695568	0.418935903	1.056338028	1.516070346
5231	0.481695568	0.418935903	1.056338028	0.909642207
5232	0.481695568	0.418935903	1.056338028	0.909642207
5233	0.481695568	0.418935903	1.056338028	0.909642207
5310	0.481695568	1.675743611	0.352112676	0.303214069
5311	0.481695568	1.256807708	0.352112676	0.303214069
5312	0.481695568	1.256807708	0.352112676	0.303214069
5313	0.481695568	0.418935903	0.352112676	0.303214069
5314	0.481695568	0.418935903	0.352112676	0.303214069
5315	0.481695568	0.418935903	0.352112676	0.606428138
5316	0.481695568	0.418935903	0.352112676	0.606428138
5317	0.481695568	0.418935903	0.352112676	0.606428138
5321	0.481695568	0.837871806	0.352112676	0.909642207
5322	1.445086705	0.837871806	0.704225352	1.212856277
5323	1.926782274	0.837871806	0.704225352	1.819284415
5324	1.926782274	0.837871806	0.704225352	1.819284415
5325	2.408477842	1.256807708	0.704225352	2.122498484
5326	2.408477842	1.256807708	0.704225352	2.122498484
5327	2.408477842	1.256807708	0.704225352	2.122498484
5328	2.408477842	1.256807708	0.352112676	2.122498484
5329	2.408477842	0.837871806	0.352112676	1.819284415
5369	1.445086705	0.418935903	0.352112676	0.303214069
5370	0.963391137	0.418935903	0.352112676	0.303214069
5371	0.963391137	1.256807708	0.352112676	0.303214069
5372	0.963391137	1.256807708	0.352112676	0.303214069
5373	0.481695568	1.675743611	0.352112676	0.303214069
5374	0.481695568	1.675743611	0.352112676	0.303214069
5375	0.963391137	1.675743611	1.056338028	0.303214069
5376	0.963391137	1.675743611	1.056338028	0.606428138
5377	0.963391137	1.256807708	1.056338028	0.606428138
5378	0.963391137	1.256807708	1.056338028	0.303214069
5379	0.481695568	1.256807708	0.704225352	0.303214069
5380	0.481695568	0.418935903	0.704225352	0.303214069
5450	1.926782274	0.418935903	0.352112676	0.606428138
5451	1.926782274	0.837871806	0.352112676	0.606428138
5452	1.926782274	0.837871806	0.352112676	0.606428138
5453	2.408477842	0.837871806	0.352112676	0.606428138
5455	1.926782274	0.837871806	0.352112676	1.212856277
5456	1.926782274	0.837871806	0.352112676	1.212856277
5457	1.445086705	1.256807708	0.352112676	1.212856277
5458	1.445086705	0.837871806	0.352112676	0.909642207
5459	1.445086705	0.418935903	0.352112676	0.909642207
5460	0.963391137	0.418935903	0.352112676	0.606428138
5461	0.963391137	0.418935903	0.352112676	1.516070346
5462	0.963391137	0.418935903	0.352112676	1.516070346
5465	0.963391137	0.418935903	0.352112676	0.909642207
5466	0.481695568	0.418935903	0.352112676	0.909642207
5467	0.481695568	0.418935903	0.352112676	0.909642207
5468	0.481695568	0.418935903	0.352112676	0.909642207
5533	0.481695568	0.418935903	0.352112676	0.303214069
5534	0.963391137	0.418935903	0.352112676	0.303214069
5535	0.481695568	0.837871806	0.352112676	0.303214069
5596	0.481695568	1.256807708	0.352112676	1.516070346
5597	0.963391137	1.256807708	0.352112676	1.819284415
5598	0.963391137	1.256807708	0.352112676	1.819284415
5641	0.963391137	0.418935903	0.352112676	0.909642207
5642	1.445086705	0.418935903	0.352112676	0.909642207
5645	1.926782274	0.837871806	0.352112676	0.909642207
5646	1.926782274	0.837871806	0.352112676	0.909642207
5647	1.926782274	0.837871806	0.352112676	0.606428138
5648	1.926782274	0.837871806	0.352112676	0.606428138
5650	1.445086705	1.256807708	0.704225352	0.303214069
5651	1.445086705	0.837871806	0.704225352	0.606428138
5652	1.445086705	1.256807708	1.056338028	0.606428138
5653	0.963391137	0.837871806	0.704225352	0.606428138
5654	0.963391137	0.837871806	0.704225352	0.606428138
5655	0.963391137	0.837871806	0.704225352	0.606428138
5656	0.963391137	0.837871806	0.704225352	0.606428138
5658	0.481695568	0.418935903	0.352112676	0.303214069
5659	0.481695568	0.418935903	0.352112676	0.303214069
5678	0.481695568	0.418935903	0.704225352	0.606428138
5679	0.481695568	0.837871806	0.352112676	1.212856277
5680	0.481695568	0.837871806	0.352112676	1.212856277
5681	0.481695568	0.837871806	0.704225352	3.33535476
5682	0.481695568	0.837871806	0.704225352	3.032140691
5683	0.481695568	0.837871806	0.704225352	2.425712553
5684	0.481695568	0.837871806	0.704225352	2.425712553
5685	0.481695568	0.837871806	0.704225352	2.122498484
5686	0.481695568	0.418935903	0.704225352	2.728926622
5773	0.481695568	0.418935903	0.352112676	0.606428138
5774	0.481695568	0.418935903	0.352112676	0.303214069
5775	0.481695568	0.837871806	0.352112676	0.909642207
5776	1.926782274	1.675743611	0.352112676	1.212856277
5777	1.926782274	2.094679514	0.352112676	1.819284415
5778	2.408477842	2.094679514	0.704225352	1.819284415
5779	2.89017341	2.094679514	0.704225352	2.122498484
5780	2.89017341	2.094679514	0.704225352	2.122498484
5781	2.89017341	2.094679514	0.704225352	2.122498484
5782	2.408477842	2.094679514	0.704225352	2.122498484
5783	2.89017341	2.93255132	1.056338028	2.122498484
5784	1.926782274	2.094679514	1.056338028	2.122498484
5785	1.926782274	1.675743611	1.408450704	1.516070346
5786	2.408477842	2.513615417	1.76056338	1.212856277
5787	2.89017341	1.675743611	1.408450704	1.212856277
5788	2.89017341	1.675743611	1.76056338	1.212856277
5789	2.89017341	1.675743611	1.76056338	1.212856277
5790	2.89017341	1.675743611	2.112676056	1.212856277
5791	2.89017341	0.837871806	1.76056338	1.212856277
5792	2.89017341	0.837871806	1.76056338	0.909642207
5793	2.408477842	0.837871806	1.408450704	0.909642207
5794	1.926782274	1.256807708	1.408450704	0.606428138
5864	1.445086705	0.418935903	0.352112676	0.909642207
5865	1.445086705	0.837871806	0.352112676	1.212856277
5866	1.445086705	1.256807708	0.352112676	1.819284415
5867	3.371868979	1.675743611	0.704225352	3.032140691
5868	4.335260116	2.094679514	1.76056338	3.63856883
5869	4.335260116	2.513615417	1.76056338	3.63856883
5870	4.335260116	3.351487222	1.76056338	3.63856883
5871	4.335260116	2.93255132	1.76056338	3.63856883
5872	3.371868979	2.513615417	2.816901408	2.728926622
5873	3.371868979	2.93255132	3.873239437	4.244996968
5874	3.371868979	2.93255132	3.873239437	3.63856883
5875	1.926782274	5.446166736	3.873239437	3.941782899
5876	1.445086705	5.027230834	3.873239437	2.728926622
5877	0.963391137	4.189359028	3.521126761	2.728926622
5878	0.963391137	3.351487222	2.816901408	3.032140691
5879	0.963391137	3.770423125	3.169014085	3.33535476
5880	0.963391137	3.770423125	2.816901408	3.33535476
5881	0.481695568	2.93255132	0.704225352	1.516070346
5882	0.481695568	2.93255132	0.704225352	1.516070346
5890	0.481695568	0.837871806	1.408450704	0.909642207
5891	0.481695568	0.837871806	1.408450704	0.909642207
5892	0.481695568	0.837871806	1.408450704	0.909642207
5893	0.481695568	1.256807708	1.408450704	0.909642207
5894	0.481695568	1.256807708	1.408450704	0.909642207
5895	0.481695568	0.837871806	1.408450704	0.909642207
5897	0.481695568	0.837871806	0.352112676	0.606428138
5899	0.963391137	1.256807708	0.352112676	1.212856277
5900	0.963391137	0.837871806	0.352112676	1.212856277
5901	0.963391137	1.256807708	0.704225352	0.909642207
5902	0.963391137	0.837871806	0.704225352	0.606428138
5903	0.481695568	0.837871806	1.056338028	0.303214069
5904	0.963391137	0.837871806	1.056338028	0.303214069
5905	0.963391137	1.256807708	0.704225352	0.303214069
5906	0.963391137	1.256807708	0.704225352	0.303214069
5959	1.926782274	0.418935903	0.352112676	1.212856277
5960	1.926782274	0.418935903	0.704225352	0.909642207
5961	1.445086705	0.837871806	0.352112676	0.606428138
5962	1.445086705	0.837871806	0.704225352	1.212856277
5963	1.926782274	0.837871806	1.056338028	1.819284415
5964	1.926782274	0.837871806	1.408450704	1.819284415
5965	1.445086705	0.837871806	1.76056338	2.122498484
5966	1.926782274	1.256807708	2.112676056	1.819284415
5967	1.926782274	0.837871806	2.112676056	1.819284415
5968	1.445086705	1.256807708	1.76056338	1.819284415
5969	1.926782274	0.837871806	2.112676056	1.819284415
5970	1.926782274	1.256807708	1.408450704	1.212856277
5971	2.408477842	1.256807708	1.76056338	1.212856277
5972	1.926782274	2.094679514	1.408450704	1.516070346
5973	1.445086705	2.513615417	1.408450704	1.212856277
5974	0.963391137	2.93255132	1.056338028	1.212856277
5975	0.963391137	3.351487222	1.408450704	1.212856277
5976	0.963391137	2.93255132	1.408450704	1.212856277
5977	0.481695568	3.351487222	1.056338028	1.212856277
5978	1.445086705	3.770423125	2.112676056	1.819284415
5979	1.926782274	3.770423125	2.112676056	1.516070346
5980	1.445086705	3.770423125	2.112676056	1.516070346
5981	1.926782274	3.351487222	1.76056338	1.516070346
5982	2.89017341	1.675743611	2.112676056	1.819284415
5983	2.89017341	1.675743611	1.76056338	2.425712553
5984	3.371868979	1.675743611	1.76056338	2.728926622
5985	3.371868979	0.837871806	1.76056338	2.728926622
5986	1.926782274	0.418935903	1.056338028	2.425712553
6047	2.408477842	1.675743611	2.112676056	0.909642207
6048	2.408477842	1.675743611	2.816901408	0.909642207
6049	2.408477842	1.675743611	3.169014085	1.516070346
6050	2.408477842	1.675743611	3.169014085	1.516070346
6051	2.408477842	1.675743611	3.521126761	1.516070346
6052	2.408477842	2.094679514	4.225352113	1.516070346
6053	2.408477842	2.094679514	4.225352113	1.516070346
6054	2.408477842	1.256807708	4.225352113	1.516070346
6055	0.963391137	0.837871806	2.816901408	0.909642207
6056	0.481695568	0.837871806	1.76056338	0.909642207
6065	0.481695568	0.418935903	0.704225352	1.516070346
6066	0.481695568	0.418935903	0.704225352	1.516070346
6067	0.481695568	0.418935903	1.056338028	1.516070346
6068	0.481695568	0.418935903	1.056338028	1.212856277
6069	0.481695568	0.418935903	1.408450704	1.212856277
6070	0.481695568	0.418935903	1.408450704	0.909642207
6071	0.481695568	0.418935903	1.408450704	1.212856277
6072	0.481695568	0.418935903	0.704225352	1.212856277
6074	0.481695568	0.418935903	1.056338028	0.303214069
6075	0.481695568	0.418935903	1.056338028	0.606428138
6076	0.481695568	0.418935903	1.056338028	0.606428138
6077	0.481695568	0.418935903	0.704225352	0.606428138
6078	0.481695568	0.418935903	0.704225352	0.606428138
6079	0.481695568	0.837871806	0.704225352	0.303214069
6080	0.481695568	0.837871806	0.704225352	0.303214069
6081	0.481695568	0.837871806	0.352112676	0.303214069
6086	0.963391137	0.837871806	0.704225352	0.303214069
6087	0.963391137	0.418935903	0.704225352	0.606428138
6088	1.445086705	0.418935903	0.704225352	0.606428138
6089	1.445086705	0.418935903	0.704225352	0.606428138
6090	1.445086705	0.418935903	0.704225352	0.606428138
6091	1.926782274	0.418935903	1.056338028	0.606428138
6092	1.445086705	0.418935903	1.056338028	0.303214069
6093	0.963391137	0.418935903	0.352112676	0.303214069
6137	1.445086705	0.837871806	3.169014085	2.122498484
6138	1.445086705	2.094679514	3.521126761	2.425712553
6139	1.445086705	2.094679514	3.521126761	2.122498484
6140	1.926782274	2.094679514	3.521126761	1.819284415
6141	1.926782274	2.094679514	3.169014085	1.819284415
6142	0.963391137	2.094679514	2.816901408	1.819284415
6143	0.963391137	2.094679514	2.464788732	1.516070346
6144	0.481695568	3.351487222	1.76056338	1.212856277
6145	0.963391137	2.93255132	1.408450704	1.212856277
6146	0.963391137	1.256807708	1.408450704	0.606428138
6147	0.963391137	1.256807708	1.408450704	0.606428138
6148	0.963391137	1.256807708	1.408450704	0.606428138
6149	0.481695568	1.256807708	1.408450704	0.606428138
6150	0.481695568	1.256807708	1.056338028	0.606428138
6151	0.481695568	1.256807708	1.408450704	0.606428138
6152	0.481695568	0.418935903	1.408450704	0.606428138
6159	0.481695568	0.418935903	0.704225352	0.606428138
6160	0.481695568	0.418935903	0.352112676	0.606428138
6161	0.481695568	0.418935903	0.352112676	0.606428138
6162	0.481695568	0.418935903	0.352112676	0.606428138
6204	1.445086705	0.837871806	1.056338028	0.303214069
6205	1.445086705	0.837871806	1.408450704	0.606428138
6206	1.445086705	0.837871806	1.76056338	0.606428138
6207	0.481695568	0.837871806	2.112676056	0.606428138
6208	0.481695568	0.837871806	2.112676056	0.606428138
6209	0.481695568	0.418935903	2.112676056	0.606428138
6210	0.481695568	0.418935903	2.112676056	0.303214069
6211	0.481695568	0.418935903	2.112676056	0.303214069
6223	0.481695568	0.837871806	0.704225352	0.303214069
6224	0.963391137	0.837871806	0.352112676	0.909642207
6225	0.963391137	0.837871806	0.352112676	1.212856277
6226	0.963391137	0.837871806	0.704225352	1.212856277
6227	0.963391137	0.837871806	1.056338028	0.909642207
6228	0.963391137	0.837871806	1.056338028	0.909642207
6229	0.963391137	0.418935903	1.056338028	0.909642207
6230	0.963391137	0.418935903	1.056338028	0.909642207
6231	0.481695568	0.418935903	0.704225352	0.909642207
6251	0.963391137	0.418935903	0.352112676	0.303214069
6252	0.963391137	1.256807708	0.352112676	0.303214069
6322	0.481695568	0.418935903	0.352112676	0.606428138
6323	0.481695568	0.418935903	0.352112676	0.606428138
6327	0.481695568	0.418935903	0.352112676	0.606428138
6328	0.481695568	0.418935903	0.352112676	0.606428138
6329	0.481695568	0.418935903	0.352112676	0.606428138
6383	0.481695568	0.418935903	0.352112676	0.303214069
6384	0.481695568	0.418935903	0.352112676	0.303214069
6385	0.481695568	0.418935903	0.352112676	0.303214069
6386	0.481695568	0.418935903	0.352112676	0.303214069
6387	0.481695568	0.418935903	0.352112676	0.303214069
6388	0.481695568	0.418935903	0.352112676	0.303214069
6389	0.481695568	0.418935903	0.352112676	0.303214069
6390	0.481695568	0.418935903	0.352112676	0.303214069
6404	1.445086705	0.418935903	0.352112676	0.303214069
6405	1.445086705	0.418935903	0.352112676	0.303214069
6406	1.445086705	0.418935903	0.352112676	0.303214069
6407	1.445086705	0.418935903	0.352112676	0.303214069
6408	1.445086705	0.418935903	0.352112676	0.303214069
6409	1.445086705	0.418935903	0.352112676	0.303214069
6429	0.481695568	0.837871806	1.056338028	0.303214069
6430	0.481695568	0.837871806	1.76056338	0.303214069
6509	4.816955684	1.256807708	1.76056338	3.33535476
6510	7.707129094	3.351487222	3.521126761	7.580351728
6511	7.707129094	4.189359028	5.281690141	9.399636143
6512	8.188824663	5.027230834	5.633802817	9.399636143
6513	8.188824663	5.027230834	5.633802817	9.399636143
6514	8.670520231	5.446166736	5.985915493	10.91570649
6515	7.707129094	6.284038542	5.985915493	11.21892056
6516	7.225433526	6.702974445	5.281690141	10.91570649
6517	5.298651252	7.121910348	5.281690141	9.702850212
6518	2.408477842	5.446166736	3.873239437	5.761067314
6519	2.408477842	7.121910348	2.816901408	4.851425106
6520	1.926782274	6.284038542	2.112676056	3.33535476
6521	1.926782274	5.865102639	2.464788732	3.63856883
6522	1.445086705	5.865102639	2.464788732	1.819284415
6523	1.926782274	4.608294931	1.76056338	1.819284415
6524	1.926782274	4.608294931	1.76056338	1.819284415
6525	1.445086705	2.93255132	1.76056338	1.516070346
6526	1.445086705	3.351487222	1.76056338	1.516070346
6527	0.963391137	2.93255132	1.056338028	0.909642207
6528	0.963391137	1.256807708	0.704225352	0.303214069
6572	0.481695568	0.418935903	0.352112676	0.303214069
6573	0.481695568	0.418935903	0.352112676	0.303214069
6574	0.963391137	0.418935903	0.352112676	0.303214069
6575	0.963391137	0.418935903	0.352112676	0.909642207
6576	0.963391137	0.837871806	0.352112676	0.909642207
6577	0.963391137	0.837871806	0.352112676	0.909642207
6578	0.481695568	0.837871806	0.352112676	0.909642207
6579	0.481695568	0.837871806	0.704225352	0.909642207
6592	0.481695568	1.256807708	0.352112676	1.212856277
6593	0.963391137	1.256807708	0.352112676	1.212856277
6594	0.963391137	1.256807708	0.352112676	1.516070346
6595	0.963391137	1.256807708	0.352112676	1.819284415
6596	0.963391137	1.256807708	0.704225352	1.819284415
6597	0.963391137	0.837871806	0.704225352	1.212856277
6692	0.963391137	0.418935903	1.76056338	0.303214069
6693	1.445086705	0.837871806	1.408450704	0.303214069
6694	1.445086705	0.837871806	1.408450704	0.303214069
6695	1.445086705	0.837871806	1.408450704	0.303214069
6696	1.445086705	0.837871806	1.408450704	0.303214069
6697	1.926782274	0.837871806	1.408450704	0.303214069
6698	1.926782274	0.837871806	1.056338028	0.303214069
6699	1.445086705	0.418935903	0.352112676	0.303214069
6700	1.445086705	0.837871806	0.352112676	0.303214069
6768	0.481695568	0.418935903	0.704225352	0.303214069
6769	0.481695568	0.418935903	0.704225352	0.303214069
6770	0.481695568	0.418935903	0.704225352	0.303214069
6771	0.481695568	0.418935903	1.056338028	0.909642207
6772	1.445086705	0.837871806	1.76056338	0.909642207
6773	1.445086705	1.256807708	2.112676056	0.909642207
6774	1.445086705	1.256807708	2.112676056	1.212856277
6775	0.963391137	1.675743611	2.112676056	1.212856277
6776	0.963391137	3.351487222	1.408450704	0.909642207
6777	0.963391137	3.351487222	1.408450704	0.909642207
6778	0.963391137	2.93255132	1.408450704	0.909642207
6779	1.445086705	3.351487222	1.76056338	1.212856277
6780	1.445086705	4.189359028	2.112676056	2.122498484
6781	1.445086705	3.770423125	1.408450704	2.122498484
6782	1.445086705	3.770423125	1.408450704	2.122498484
6783	0.963391137	3.351487222	1.76056338	2.728926622
6784	0.963391137	2.93255132	1.76056338	3.032140691
6785	0.963391137	2.094679514	1.76056338	2.728926622
6786	0.963391137	2.094679514	1.76056338	2.728926622
6787	0.963391137	1.675743611	1.408450704	2.122498484
6806	0.963391137	0.837871806	0.352112676	0.303214069
6807	0.481695568	0.837871806	0.352112676	0.303214069
6821	0.481695568	1.256807708	1.408450704	0.606428138
6822	0.963391137	1.256807708	1.408450704	0.606428138
6823	0.963391137	1.256807708	1.056338028	0.606428138
6824	0.963391137	1.675743611	0.704225352	0.606428138
6825	1.445086705	1.256807708	0.704225352	0.303214069
6826	2.408477842	1.256807708	0.704225352	0.606428138
6870	0.963391137	0.837871806	0.352112676	0.606428138
6871	0.963391137	0.837871806	0.704225352	0.606428138
6872	0.963391137	0.418935903	0.704225352	0.303214069
6873	0.963391137	0.418935903	0.704225352	0.303214069
6894	0.481695568	0.418935903	1.408450704	0.606428138
6895	0.481695568	0.418935903	1.408450704	0.606428138
6896	0.963391137	0.418935903	1.408450704	0.606428138
6897	0.963391137	0.418935903	1.408450704	0.606428138
6898	0.963391137	0.418935903	1.408450704	0.606428138
6899	0.963391137	0.418935903	1.408450704	0.606428138
6900	1.445086705	0.418935903	1.76056338	0.606428138
6907	0.963391137	0.418935903	0.352112676	2.728926622
6908	1.445086705	1.256807708	0.352112676	3.33535476
6909	2.408477842	3.351487222	1.76056338	5.457853244
6910	3.371868979	3.351487222	2.464788732	5.761067314
6911	3.853564547	3.351487222	2.464788732	5.761067314
6912	3.853564547	3.351487222	2.464788732	5.761067314
6913	3.853564547	3.770423125	2.464788732	5.761067314
6914	4.335260116	3.770423125	2.464788732	4.244996968
6915	4.816955684	3.351487222	2.464788732	3.33535476
6916	4.816955684	2.93255132	2.464788732	3.032140691
6917	2.89017341	0.837871806	1.408450704	0.909642207
6918	1.926782274	0.418935903	0.352112676	0.303214069
6926	0.963391137	0.418935903	2.464788732	1.212856277
6927	0.963391137	0.418935903	2.464788732	1.212856277
6928	1.445086705	0.837871806	3.169014085	1.212856277
6929	1.445086705	0.837871806	3.169014085	1.212856277
6930	1.926782274	1.256807708	3.521126761	1.516070346
6931	1.445086705	1.256807708	3.521126761	1.212856277
6932	1.445086705	1.256807708	3.873239437	0.909642207
6933	0.963391137	2.094679514	2.816901408	0.606428138
6934	1.445086705	1.675743611	2.816901408	0.303214069
6935	1.926782274	1.675743611	2.464788732	0.909642207
6936	1.926782274	1.675743611	2.464788732	1.819284415
6937	1.926782274	1.256807708	3.169014085	2.122498484
6938	1.445086705	0.837871806	2.464788732	2.728926622
6939	1.445086705	0.837871806	2.464788732	2.728926622
6940	1.926782274	0.837871806	2.464788732	3.33535476
6942	1.445086705	0.418935903	2.464788732	3.33535476
6943	1.926782274	1.256807708	2.112676056	3.941782899
6944	1.926782274	1.675743611	1.76056338	3.032140691
6945	1.926782274	1.675743611	1.056338028	3.032140691
6946	1.445086705	1.675743611	0.704225352	3.032140691
6947	3.371868979	2.513615417	0.704225352	3.63856883
6948	2.89017341	2.513615417	0.704225352	3.33535476
6949	2.89017341	3.351487222	0.704225352	4.244996968
6950	2.89017341	2.93255132	1.056338028	4.244996968
6951	3.853564547	4.608294931	1.408450704	3.33535476
6952	4.335260116	4.189359028	1.408450704	3.33535476
6953	5.298651252	4.608294931	1.408450704	3.33535476
6954	5.780346821	5.446166736	1.408450704	3.33535476
6955	4.335260116	3.351487222	1.408450704	2.425712553
6956	5.298651252	3.351487222	1.76056338	2.728926622
6957	5.298651252	2.513615417	1.76056338	2.425712553
6958	5.780346821	2.93255132	1.408450704	1.819284415
6959	4.816955684	1.675743611	1.056338028	2.728926622
6960	4.816955684	1.675743611	1.056338028	2.425712553
6961	3.371868979	1.256807708	0.704225352	2.122498484
6962	2.89017341	0.418935903	0.704225352	2.122498484
6963	1.926782274	0.418935903	0.704225352	1.516070346
6964	0.963391137	0.418935903	0.352112676	1.516070346
6965	0.963391137	0.418935903	0.704225352	0.909642207
6966	0.481695568	0.418935903	1.056338028	0.909642207
6967	1.445086705	0.418935903	1.056338028	0.606428138
6968	0.963391137	0.418935903	0.704225352	0.909642207
6969	0.963391137	0.418935903	0.352112676	0.909642207
6970	0.963391137	0.418935903	0.352112676	0.909642207
6971	0.963391137	0.418935903	0.352112676	0.909642207
6972	1.445086705	0.418935903	0.352112676	0.909642207
6973	1.445086705	0.418935903	0.704225352	0.909642207
7019	0.481695568	0.418935903	0.352112676	0.606428138
7020	0.481695568	0.837871806	0.352112676	0.606428138
7023	3.371868979	1.256807708	1.408450704	0.303214069
7024	3.371868979	1.256807708	1.408450704	0.303214069
7025	3.371868979	1.256807708	1.408450704	0.606428138
7026	3.371868979	1.256807708	1.408450704	0.606428138
7027	3.371868979	1.256807708	1.408450704	0.606428138
7028	3.371868979	0.418935903	1.76056338	0.606428138
7029	3.853564547	0.418935903	1.76056338	0.606428138
7030	2.89017341	0.418935903	1.76056338	0.606428138
7065	0.481695568	1.256807708	0.352112676	0.303214069
7066	0.481695568	1.256807708	0.352112676	0.303214069
7067	0.481695568	0.837871806	0.352112676	0.303214069
7068	0.481695568	0.837871806	0.704225352	0.303214069
7069	0.481695568	0.837871806	1.056338028	0.303214069
7070	0.481695568	0.418935903	1.056338028	0.303214069
7071	0.481695568	0.418935903	1.056338028	0.303214069
7137	0.481695568	0.418935903	1.408450704	0.303214069
7138	0.481695568	0.418935903	1.056338028	0.303214069
7139	0.481695568	0.418935903	1.056338028	0.909642207
7178	0.963391137	1.256807708	0.352112676	2.425712553
7179	0.963391137	1.256807708	0.352112676	6.97392359
7180	0.963391137	1.675743611	1.056338028	6.97392359
7181	0.963391137	1.675743611	1.056338028	6.97392359
7182	0.481695568	1.675743611	1.056338028	6.670709521
7183	0.481695568	1.675743611	1.056338028	6.97392359
7184	0.481695568	0.837871806	1.056338028	7.277137659
7193	0.963391137	1.256807708	0.352112676	0.606428138
7194	0.963391137	1.256807708	0.352112676	0.606428138
7195	1.445086705	1.675743611	0.704225352	0.909642207
7196	1.445086705	2.094679514	0.704225352	1.516070346
7197	1.445086705	2.094679514	0.704225352	1.516070346
7198	0.963391137	1.675743611	5.985915493	2.122498484
7199	0.963391137	1.256807708	7.042253521	2.425712553
7200	0.963391137	1.675743611	7.394366197	2.728926622
7201	0.481695568	1.256807708	7.042253521	2.728926622
7202	0.963391137	2.094679514	7.394366197	3.33535476
7203	0.481695568	2.513615417	7.042253521	3.032140691
7204	0.481695568	1.675743611	7.746478873	3.33535476
7205	0.481695568	1.675743611	8.098591549	3.63856883
7206	0.481695568	2.094679514	3.521126761	3.032140691
7207	0.481695568	2.094679514	2.816901408	2.728926622
7208	0.481695568	2.094679514	1.76056338	1.819284415
7209	0.963391137	2.094679514	1.76056338	1.819284415
7210	0.481695568	1.256807708	2.112676056	2.122498484
7211	0.481695568	0.418935903	2.112676056	1.516070346
7212	0.481695568	0.418935903	1.76056338	1.212856277
7213	0.481695568	0.837871806	1.056338028	0.303214069
7214	0.481695568	0.418935903	1.056338028	0.303214069
7221	1.926782274	0.418935903	1.408450704	0.606428138
7222	1.926782274	0.418935903	1.056338028	0.606428138
7223	1.926782274	0.418935903	1.056338028	0.606428138
7224	1.926782274	0.418935903	1.056338028	0.606428138
7225	1.445086705	0.418935903	1.056338028	0.606428138
7226	1.445086705	0.418935903	1.056338028	0.606428138
7227	1.445086705	0.418935903	1.408450704	0.606428138
7252	2.408477842	1.675743611	1.056338028	0.303214069
7253	4.335260116	2.094679514	1.056338028	1.516070346
7254	4.816955684	2.094679514	1.408450704	1.819284415
7255	4.816955684	2.094679514	1.408450704	1.819284415
7256	4.816955684	2.094679514	1.408450704	2.122498484
7257	4.816955684	1.675743611	1.408450704	2.122498484
7258	4.335260116	2.094679514	1.408450704	2.122498484
7259	3.853564547	2.094679514	1.76056338	2.122498484
7260	2.408477842	1.675743611	1.408450704	2.122498484
7261	0.963391137	1.256807708	0.704225352	0.606428138
7262	0.481695568	0.837871806	0.352112676	0.303214069
7268	1.445086705	0.418935903	0.352112676	0.303214069
7269	1.445086705	0.418935903	0.704225352	0.303214069
7270	1.445086705	0.418935903	0.704225352	0.303214069
7271	1.445086705	0.418935903	0.352112676	0.303214069
7272	1.926782274	0.418935903	0.704225352	0.303214069
7307	0.481695568	1.256807708	1.056338028	0.606428138
7308	0.481695568	1.256807708	1.056338028	0.909642207
7309	0.481695568	1.675743611	1.056338028	0.909642207
7310	0.481695568	2.094679514	1.056338028	0.909642207
7311	0.481695568	1.675743611	1.056338028	0.909642207
7312	0.481695568	1.675743611	1.056338028	0.606428138
7313	1.926782274	0.418935903	1.056338028	0.303214069
7314	3.371868979	0.837871806	0.704225352	0.606428138
7315	3.853564547	1.675743611	1.408450704	0.606428138
7316	3.853564547	2.094679514	2.112676056	0.303214069
7317	3.853564547	2.513615417	2.112676056	0.303214069
7318	4.335260116	2.094679514	2.464788732	1.212856277
7319	4.335260116	2.094679514	2.464788732	0.909642207
7320	4.335260116	2.513615417	2.464788732	0.909642207
7321	3.371868979	2.513615417	2.464788732	0.909642207
7322	2.89017341	2.513615417	2.464788732	0.909642207
7323	0.481695568	2.094679514	1.056338028	0.909642207
7324	0.481695568	1.675743611	1.408450704	0.909642207
7325	0.481695568	1.256807708	1.408450704	0.909642207
7327	1.445086705	2.094679514	1.76056338	0.909642207
7328	1.926782274	2.513615417	1.76056338	0.303214069
7329	2.408477842	2.93255132	2.464788732	1.212856277
7330	2.408477842	2.93255132	2.464788732	1.212856277
7331	2.408477842	2.094679514	2.464788732	1.212856277
7332	2.89017341	2.094679514	2.112676056	1.212856277
7333	2.89017341	2.094679514	2.112676056	1.212856277
7334	2.89017341	2.094679514	2.112676056	1.212856277
7335	1.445086705	2.094679514	0.704225352	1.212856277
7336	1.445086705	1.675743611	0.704225352	1.212856277
7337	1.445086705	1.675743611	0.704225352	0.909642207
7339	1.926782274	1.256807708	0.704225352	1.212856277
7340	1.445086705	2.513615417	1.056338028	1.516070346
7341	1.445086705	3.351487222	1.056338028	1.516070346
7342	1.926782274	3.351487222	1.056338028	1.516070346
7343	1.926782274	3.351487222	1.056338028	1.212856277
7344	1.926782274	3.351487222	1.056338028	1.212856277
7345	0.963391137	2.93255132	1.056338028	0.909642207
7346	1.445086705	2.93255132	1.056338028	0.909642207
7347	0.963391137	2.513615417	0.352112676	0.606428138
7352	1.445086705	0.837871806	0.352112676	0.606428138
7353	1.445086705	0.837871806	0.352112676	0.606428138
7354	0.963391137	0.837871806	0.352112676	0.606428138
7355	0.963391137	0.837871806	0.352112676	0.606428138
7356	0.963391137	0.837871806	0.352112676	0.606428138
7357	0.481695568	0.837871806	0.352112676	0.606428138
7358	0.481695568	0.418935903	0.352112676	0.606428138
7359	0.481695568	0.418935903	0.352112676	0.606428138
7362	0.481695568	0.418935903	0.352112676	1.516070346
7363	0.481695568	0.418935903	0.352112676	1.516070346
7364	0.481695568	0.418935903	0.704225352	1.516070346
7365	0.481695568	0.418935903	0.704225352	1.819284415
7366	0.481695568	0.418935903	0.704225352	2.122498484
7367	0.481695568	0.418935903	0.704225352	2.425712553
7368	0.481695568	0.418935903	0.704225352	2.425712553
7369	0.481695568	0.418935903	0.704225352	3.032140691
7424	0.963391137	0.418935903	0.704225352	0.606428138
7425	0.963391137	0.418935903	1.056338028	0.909642207
7426	1.445086705	0.837871806	1.76056338	1.212856277
7427	0.963391137	0.837871806	2.112676056	1.819284415
7428	0.963391137	0.418935903	2.112676056	2.122498484
7429	1.926782274	0.418935903	2.464788732	2.728926622
7430	1.445086705	0.418935903	2.112676056	3.33535476
7431	1.926782274	0.418935903	2.112676056	3.941782899
7432	1.926782274	0.837871806	2.464788732	4.548211037
7433	2.89017341	0.837871806	2.112676056	4.851425106
7434	3.371868979	0.418935903	2.112676056	4.548211037
7435	3.371868979	0.418935903	1.408450704	4.851425106
7436	3.371868979	0.418935903	2.464788732	4.244996968
7437	2.89017341	0.418935903	2.464788732	3.63856883
7438	1.926782274	0.837871806	2.816901408	3.33535476
7439	0.963391137	0.837871806	2.816901408	3.032140691
7440	1.926782274	1.675743611	2.112676056	1.819284415
7441	1.926782274	1.256807708	2.112676056	1.516070346
7442	1.445086705	1.256807708	1.056338028	1.516070346
7443	1.445086705	1.256807708	1.056338028	1.516070346
7444	1.445086705	1.256807708	1.056338028	1.212856277
7445	1.445086705	2.094679514	0.352112676	1.212856277
7446	1.445086705	2.094679514	0.704225352	0.909642207
7447	1.445086705	2.094679514	0.704225352	0.303214069
7448	0.963391137	1.256807708	0.704225352	0.606428138
7453	0.481695568	0.837871806	1.056338028	0.606428138
7454	0.481695568	0.418935903	0.704225352	0.606428138
7455	0.481695568	0.418935903	0.704225352	0.909642207
7456	0.481695568	0.418935903	0.704225352	0.909642207
7457	0.481695568	0.418935903	1.056338028	0.606428138
7458	0.481695568	0.837871806	1.056338028	0.303214069
7459	0.481695568	0.837871806	1.056338028	0.303214069
7460	0.481695568	0.418935903	1.056338028	0.303214069
7500	0.963391137	0.418935903	0.352112676	0.303214069
7501	0.963391137	0.418935903	0.352112676	0.303214069
7502	0.963391137	0.837871806	0.352112676	0.303214069
7583	0.481695568	1.256807708	4.225352113	0.303214069
7584	0.481695568	1.256807708	4.225352113	0.303214069
7585	0.481695568	1.256807708	4.225352113	0.909642207
7586	0.963391137	1.256807708	4.225352113	0.909642207
7587	0.963391137	1.256807708	3.521126761	0.909642207
7588	0.963391137	0.418935903	0.352112676	0.909642207
7589	0.963391137	0.418935903	0.352112676	0.909642207
7590	0.963391137	0.418935903	0.352112676	0.909642207
7603	2.89017341	0.837871806	0.352112676	0.303214069
7604	2.89017341	0.837871806	0.352112676	0.303214069
7605	2.408477842	0.837871806	0.352112676	0.303214069
7611	0.963391137	0.418935903	0.352112676	0.606428138
7613	0.963391137	0.418935903	0.352112676	0.606428138
7614	0.963391137	0.418935903	0.352112676	1.212856277
7615	0.481695568	0.837871806	0.352112676	1.212856277
7616	1.445086705	1.675743611	0.352112676	2.122498484
7617	1.445086705	1.675743611	0.352112676	2.122498484
7618	1.445086705	1.675743611	0.352112676	2.122498484
7619	1.445086705	1.675743611	0.352112676	1.819284415
7620	1.445086705	1.675743611	0.352112676	1.516070346
7621	0.963391137	2.513615417	0.352112676	1.819284415
7622	0.963391137	2.513615417	0.352112676	1.212856277
7623	0.963391137	2.094679514	0.352112676	1.212856277
7625	0.481695568	1.256807708	0.352112676	0.303214069
7626	0.481695568	0.837871806	0.352112676	0.606428138
7627	0.481695568	0.837871806	0.352112676	0.606428138
7628	0.481695568	1.256807708	0.704225352	0.606428138
7629	0.481695568	0.418935903	0.704225352	0.303214069
7630	0.481695568	0.418935903	0.704225352	0.303214069
7631	0.481695568	0.418935903	0.704225352	0.303214069
7632	0.481695568	0.418935903	0.704225352	0.303214069
7658	0.481695568	0.837871806	0.704225352	0.303214069
7659	0.963391137	0.837871806	0.704225352	0.303214069
7660	0.963391137	0.837871806	0.704225352	0.303214069
7661	0.963391137	1.256807708	0.704225352	0.303214069
7662	0.481695568	1.256807708	0.352112676	0.303214069
7663	0.481695568	0.837871806	0.352112676	0.303214069
7664	0.481695568	0.837871806	0.352112676	0.303214069
7665	0.481695568	0.418935903	0.352112676	0.303214069
7698	0.481695568	0.418935903	0.704225352	1.212856277
7699	1.445086705	1.675743611	1.056338028	1.516070346
7700	1.445086705	2.094679514	1.056338028	1.516070346
7701	1.445086705	2.094679514	1.056338028	1.516070346
7702	1.445086705	2.094679514	1.056338028	1.819284415
7703	1.445086705	2.094679514	1.056338028	1.516070346
7704	1.445086705	1.675743611	0.704225352	1.516070346
7705	1.445086705	1.675743611	0.704225352	1.212856277
7706	0.963391137	1.675743611	0.352112676	1.212856277
7775	0.963391137	0.418935903	0.352112676	0.606428138
7776	1.926782274	0.418935903	0.704225352	0.303214069
7777	1.926782274	0.837871806	0.704225352	0.303214069
7778	1.926782274	1.256807708	1.056338028	0.303214069
7785	1.445086705	1.675743611	1.056338028	0.303214069
7786	1.445086705	1.256807708	0.352112676	0.606428138
7787	1.445086705	1.675743611	1.056338028	0.606428138
7788	1.445086705	1.256807708	1.056338028	0.606428138
7789	0.963391137	1.256807708	1.056338028	0.606428138
7790	0.963391137	1.256807708	0.704225352	0.606428138
7791	0.963391137	1.256807708	0.704225352	0.606428138
7792	0.963391137	0.837871806	0.704225352	0.606428138
7793	0.481695568	0.837871806	0.704225352	0.303214069
7794	0.481695568	0.837871806	0.704225352	0.303214069
7798	0.481695568	0.837871806	0.352112676	0.909642207
7799	0.481695568	0.837871806	0.352112676	0.909642207
7800	0.481695568	0.837871806	0.352112676	0.909642207
7801	0.481695568	1.256807708	0.352112676	0.606428138
7802	0.481695568	0.418935903	0.352112676	0.606428138
7803	0.481695568	0.418935903	0.352112676	0.606428138
7804	0.481695568	0.418935903	0.704225352	0.606428138
7805	0.481695568	1.675743611	0.704225352	0.303214069
7806	0.963391137	2.094679514	0.352112676	0.303214069
7807	0.963391137	2.094679514	0.704225352	0.303214069
7808	0.963391137	2.094679514	1.408450704	0.909642207
7809	0.963391137	2.094679514	1.408450704	0.909642207
7810	0.963391137	2.513615417	1.408450704	0.909642207
7811	1.926782274	3.351487222	1.408450704	0.909642207
7812	1.926782274	3.351487222	1.76056338	0.909642207
7813	1.926782274	2.93255132	2.112676056	1.516070346
7814	1.926782274	3.351487222	2.112676056	1.212856277
7815	2.408477842	3.351487222	1.76056338	1.516070346
7816	2.408477842	4.608294931	2.816901408	1.819284415
7817	2.408477842	5.027230834	2.464788732	2.122498484
7818	4.335260116	6.702974445	3.521126761	2.728926622
7819	4.335260116	7.959782153	4.929577465	4.244996968
7820	3.853564547	7.959782153	4.929577465	3.941782899
7821	4.335260116	8.797653959	4.929577465	3.63856883
7822	4.335260116	8.797653959	5.281690141	3.63856883
7823	3.853564547	7.959782153	5.281690141	3.63856883
7824	3.853564547	6.284038542	3.521126761	3.33535476
7825	3.853564547	6.284038542	4.225352113	3.032140691
7826	1.926782274	5.446166736	3.873239437	2.425712553
7827	0.963391137	2.513615417	2.112676056	0.606428138
7828	0.963391137	2.513615417	2.112676056	0.606428138
7829	0.481695568	1.256807708	1.056338028	0.303214069
7830	0.481695568	1.256807708	1.056338028	0.303214069
7831	0.481695568	1.256807708	1.056338028	0.303214069
7862	0.963391137	0.418935903	0.352112676	0.303214069
7863	0.963391137	0.418935903	0.352112676	0.303214069
7875	0.481695568	0.837871806	0.352112676	0.606428138
7876	0.481695568	0.837871806	0.704225352	0.606428138
7877	0.481695568	0.418935903	0.704225352	0.606428138
7878	0.481695568	0.418935903	0.704225352	0.606428138
7879	0.481695568	0.418935903	0.704225352	0.606428138
7898	0.963391137	2.094679514	0.352112676	0.606428138
7899	0.963391137	2.513615417	0.352112676	0.606428138
7907	0.481695568	1.675743611	0.352112676	2.122498484
7908	0.481695568	1.675743611	0.352112676	2.122498484
7909	0.481695568	1.675743611	0.352112676	2.122498484
7910	0.481695568	2.094679514	1.056338028	2.122498484
7913	0.481695568	2.513615417	2.112676056	2.122498484
7914	0.481695568	1.256807708	1.76056338	0.606428138
7915	0.481695568	1.256807708	1.408450704	0.606428138
7916	0.481695568	1.256807708	1.408450704	0.606428138
7917	0.481695568	0.837871806	1.408450704	0.303214069
7918	0.481695568	0.837871806	1.408450704	0.303214069
7919	0.481695568	0.418935903	1.408450704	0.303214069
7920	0.481695568	0.418935903	1.056338028	0.303214069
7921	0.481695568	0.418935903	0.704225352	0.303214069
8028	0.963391137	0.418935903	1.056338028	0.606428138
8029	0.963391137	0.418935903	1.408450704	0.909642207
8030	1.445086705	0.418935903	1.408450704	0.909642207
8031	1.445086705	0.418935903	1.408450704	1.212856277
8032	1.445086705	0.418935903	1.056338028	0.909642207
8033	0.481695568	1.256807708	0.704225352	0.909642207
8034	0.963391137	1.256807708	0.704225352	0.909642207
8035	0.963391137	1.256807708	0.704225352	0.909642207
8036	1.445086705	0.837871806	0.704225352	0.606428138
8037	1.445086705	0.837871806	0.352112676	0.606428138
8038	0.963391137	0.837871806	0.352112676	0.606428138
8039	0.963391137	0.837871806	0.352112676	0.303214069
8040	0.963391137	0.837871806	0.352112676	0.303214069
8085	0.963391137	0.418935903	0.352112676	0.606428138
8086	0.963391137	0.418935903	1.056338028	1.516070346
8087	0.963391137	0.837871806	1.056338028	1.819284415
8088	1.445086705	1.256807708	1.76056338	1.819284415
8089	1.445086705	1.256807708	2.112676056	1.819284415
8090	0.963391137	1.675743611	2.112676056	2.122498484
8091	1.445086705	1.675743611	2.112676056	2.122498484
8092	2.408477842	1.675743611	1.76056338	2.122498484
8093	2.408477842	1.256807708	1.76056338	1.819284415
8094	2.408477842	1.256807708	1.056338028	0.909642207
8095	2.408477842	0.837871806	1.056338028	0.303214069
8096	1.926782274	0.418935903	0.352112676	0.303214069
8124	0.481695568	1.256807708	1.408450704	0.303214069
8125	0.481695568	1.256807708	1.408450704	0.303214069
8126	1.445086705	1.256807708	1.76056338	0.303214069
8127	1.445086705	1.256807708	1.76056338	0.303214069
8128	1.445086705	1.256807708	2.112676056	0.303214069
8129	1.445086705	1.256807708	2.112676056	0.303214069
8133	1.445086705	2.513615417	1.76056338	0.303214069
8134	0.481695568	1.256807708	1.056338028	0.303214069
8135	0.481695568	1.256807708	0.704225352	0.303214069
8136	0.481695568	1.256807708	0.352112676	0.303214069
8137	0.481695568	1.256807708	0.352112676	1.819284415
8138	0.963391137	1.256807708	0.352112676	1.819284415
8139	0.963391137	0.837871806	0.352112676	1.819284415
8143	0.963391137	0.418935903	0.704225352	1.516070346
8144	0.963391137	0.418935903	0.704225352	1.516070346
8153	0.963391137	1.256807708	0.704225352	0.606428138
8154	0.963391137	0.418935903	0.704225352	0.606428138
8155	1.445086705	0.418935903	0.704225352	0.606428138
8156	2.89017341	1.256807708	1.408450704	0.909642207
8157	2.89017341	1.256807708	1.408450704	0.909642207
8158	2.89017341	1.675743611	1.76056338	1.212856277
8159	3.371868979	1.675743611	2.112676056	1.212856277
8160	2.89017341	1.675743611	2.112676056	1.212856277
8161	3.371868979	1.675743611	3.521126761	1.516070346
8162	3.371868979	2.094679514	3.169014085	1.516070346
8163	2.89017341	2.094679514	3.169014085	1.212856277
8164	2.408477842	1.675743611	2.816901408	1.212856277
8165	2.408477842	1.675743611	2.816901408	1.516070346
8166	1.445086705	1.256807708	2.112676056	0.606428138
8167	0.963391137	0.418935903	1.76056338	0.606428138
8168	1.445086705	0.418935903	1.76056338	0.606428138
8169	1.445086705	0.418935903	1.408450704	0.606428138
8170	0.963391137	0.418935903	0.352112676	0.303214069
8200	1.445086705	0.418935903	1.056338028	0.303214069
8201	1.445086705	0.837871806	1.408450704	0.303214069
8202	1.445086705	0.837871806	1.408450704	0.303214069
8203	1.445086705	0.837871806	0.704225352	0.303214069
8204	1.445086705	0.837871806	0.704225352	0.303214069
8205	1.445086705	0.837871806	0.704225352	0.303214069
8206	1.926782274	0.837871806	0.704225352	0.303214069
8207	0.481695568	0.837871806	0.352112676	0.303214069
8281	0.481695568	1.256807708	2.816901408	0.606428138
8282	1.445086705	1.256807708	0.352112676	0.303214069
8283	1.445086705	1.256807708	0.352112676	0.303214069
8284	1.445086705	1.675743611	0.352112676	0.606428138
8285	1.445086705	1.675743611	0.352112676	0.606428138
8286	0.963391137	0.837871806	0.352112676	0.606428138
8287	0.963391137	0.837871806	0.352112676	0.606428138
8288	0.963391137	0.837871806	0.352112676	0.303214069
8294	0.481695568	0.418935903	0.352112676	0.303214069
8295	0.481695568	0.418935903	0.352112676	0.303214069
8296	0.963391137	0.418935903	0.704225352	0.303214069
8297	0.963391137	0.418935903	0.704225352	0.303214069
8298	0.963391137	0.837871806	0.704225352	0.303214069
8299	0.963391137	0.418935903	0.704225352	0.606428138
8423	0.963391137	1.256807708	0.352112676	1.516070346
8424	0.963391137	1.675743611	1.056338028	1.212856277
8425	0.481695568	1.256807708	1.056338028	1.212856277
8474	0.481695568	0.837871806	0.352112676	0.303214069
8475	0.963391137	0.837871806	0.352112676	0.303214069
8476	1.445086705	0.837871806	0.352112676	0.303214069
8477	0.963391137	0.837871806	0.352112676	0.303214069
8486	0.481695568	0.837871806	0.352112676	0.303214069
8487	0.481695568	0.837871806	0.352112676	0.303214069
8488	0.481695568	0.837871806	0.352112676	0.303214069
8525	0.481695568	0.418935903	0.352112676	0.303214069
8526	0.481695568	0.418935903	0.352112676	0.606428138
8527	0.481695568	0.418935903	0.352112676	0.606428138
8557	0.481695568	1.256807708	0.352112676	0.606428138
8558	0.963391137	1.675743611	1.056338028	1.212856277
8559	0.963391137	2.094679514	1.056338028	2.122498484
8560	0.963391137	2.094679514	1.056338028	2.425712553
8561	0.963391137	2.094679514	1.408450704	2.728926622
8562	1.445086705	2.094679514	2.112676056	2.425712553
8563	1.445086705	1.675743611	2.112676056	2.425712553
8564	0.963391137	1.675743611	2.112676056	2.122498484
8565	0.963391137	1.675743611	2.112676056	2.122498484
8566	0.481695568	1.256807708	1.056338028	1.516070346
8567	0.481695568	0.837871806	1.056338028	0.606428138
8568	0.481695568	0.837871806	1.056338028	0.303214069
8569	0.481695568	0.418935903	0.704225352	0.303214069
8573	0.481695568	1.256807708	0.352112676	0.606428138
8574	0.481695568	0.837871806	0.352112676	0.606428138
8575	0.963391137	0.837871806	0.352112676	0.606428138
8576	1.445086705	0.837871806	0.352112676	0.606428138
8577	1.445086705	0.837871806	0.352112676	0.303214069
8578	1.445086705	1.256807708	0.352112676	0.303214069
8579	1.445086705	0.837871806	0.352112676	0.303214069
8582	0.963391137	0.418935903	0.704225352	0.303214069
8583	0.481695568	0.418935903	0.704225352	0.303214069
8600	0.963391137	0.837871806	0.352112676	0.606428138
8601	0.963391137	0.837871806	0.352112676	0.606428138
8602	0.963391137	1.256807708	0.352112676	0.909642207
8603	1.445086705	1.675743611	0.352112676	1.212856277
8604	1.926782274	1.675743611	1.408450704	1.212856277
8605	1.926782274	2.094679514	1.408450704	1.212856277
8606	14.45086705	6.702974445	7.042253521	8.793208005
8607	14.45086705	6.284038542	7.042253521	8.489993936
8608	15.41425819	7.540846251	7.746478873	8.793208005
8609	15.41425819	7.959782153	7.746478873	8.793208005
8610	15.41425819	7.540846251	7.746478873	8.186779867
8611	15.41425819	8.378718056	8.098591549	8.489993936
8612	16.37764933	10.89233347	8.450704225	9.096422074
8613	16.37764933	11.31126938	8.098591549	10.00606428
8614	2.408477842	5.865102639	1.76056338	2.728926622
8615	2.408477842	5.865102639	1.76056338	3.63856883
8616	1.445086705	5.027230834	1.056338028	3.33535476
8617	0.963391137	4.189359028	1.056338028	3.33535476
8618	1.926782274	4.189359028	1.056338028	3.941782899
8619	2.408477842	3.351487222	1.056338028	3.33535476
8620	2.408477842	2.93255132	0.704225352	3.63856883
8621	1.926782274	0.837871806	0.352112676	2.425712553
8622	1.926782274	0.837871806	0.352112676	2.425712553
8623	1.926782274	0.837871806	0.352112676	2.122498484
8624	3.371868979	2.094679514	0.704225352	2.122498484
8625	3.853564547	2.094679514	1.408450704	2.122498484
8626	3.853564547	2.513615417	2.112676056	1.819284415
8627	2.89017341	2.513615417	2.112676056	1.516070346
8628	2.89017341	2.094679514	2.464788732	1.516070346
8629	2.89017341	2.094679514	2.112676056	1.516070346
8630	2.89017341	2.094679514	2.464788732	0.909642207
8631	2.89017341	2.094679514	2.464788732	0.606428138
8632	2.408477842	0.837871806	2.112676056	0.606428138
8633	1.926782274	0.837871806	1.408450704	0.606428138
8634	0.963391137	0.837871806	0.704225352	0.606428138
8635	0.963391137	0.837871806	0.704225352	0.606428138
8636	0.963391137	0.837871806	0.704225352	0.606428138
8660	0.481695568	0.418935903	0.704225352	0.606428138
8661	0.481695568	0.418935903	1.056338028	0.606428138
8662	0.481695568	0.837871806	1.056338028	0.606428138
8663	0.481695568	1.256807708	1.056338028	0.606428138
8664	0.481695568	0.837871806	1.408450704	0.606428138
8665	0.481695568	0.837871806	1.408450704	0.909642207
8666	0.481695568	1.256807708	1.408450704	1.212856277
8667	0.481695568	1.256807708	1.056338028	1.212856277
8669	0.481695568	2.094679514	0.352112676	0.909642207
8670	0.963391137	1.675743611	0.352112676	0.909642207
8671	1.445086705	1.256807708	0.352112676	1.516070346
8673	1.445086705	1.256807708	0.704225352	1.212856277
8674	1.926782274	1.256807708	1.408450704	1.212856277
8675	2.408477842	1.256807708	1.408450704	1.212856277
8676	2.89017341	0.837871806	1.408450704	0.606428138
8677	2.89017341	0.418935903	1.76056338	0.606428138
8678	2.408477842	0.837871806	1.76056338	0.606428138
8679	2.89017341	5.865102639	2.816901408	0.606428138
8684	1.445086705	5.865102639	3.169014085	0.303214069
8685	0.963391137	5.865102639	2.816901408	0.303214069
8686	0.963391137	5.865102639	2.464788732	0.303214069
8706	0.481695568	0.418935903	0.352112676	0.606428138
8707	0.481695568	0.418935903	0.352112676	0.606428138
8708	0.963391137	0.418935903	0.352112676	0.303214069
8709	0.963391137	0.418935903	0.352112676	0.303214069
8710	0.481695568	0.418935903	0.352112676	0.303214069
8711	0.481695568	0.418935903	0.352112676	0.303214069
8747	0.481695568	0.418935903	0.352112676	0.606428138
8748	0.481695568	0.418935903	0.352112676	0.606428138
8749	0.481695568	0.418935903	0.352112676	0.606428138
8750	0.481695568	0.418935903	0.352112676	0.606428138
8751	0.481695568	0.418935903	0.352112676	0.606428138
8752	0.481695568	0.418935903	0.352112676	0.303214069
8753	0.481695568	0.418935903	0.352112676	0.303214069
8800	0.481695568	1.256807708	0.352112676	0.303214069
8907	0.481695568	2.094679514	0.352112676	0.303214069
8908	0.481695568	2.094679514	0.352112676	0.303214069
8909	0.963391137	2.094679514	0.352112676	0.606428138
8910	1.926782274	1.675743611	0.704225352	0.606428138
8911	2.408477842	3.770423125	0.704225352	1.516070346
8912	2.408477842	3.770423125	0.704225352	1.516070346
8913	2.408477842	3.351487222	0.704225352	1.516070346
8914	1.926782274	3.351487222	0.704225352	1.516070346
8915	1.926782274	2.094679514	0.352112676	1.516070346
8916	1.926782274	2.094679514	0.352112676	1.516070346
8917	1.445086705	2.094679514	0.352112676	1.212856277
8995	0.481695568	0.418935903	0.352112676	0.303214069
9009	0.481695568	0.418935903	1.056338028	0.303214069
9010	0.481695568	0.418935903	1.056338028	0.303214069
9021	0.963391137	0.837871806	1.056338028	0.909642207
9022	0.963391137	1.675743611	1.056338028	1.819284415
9023	3.371868979	2.094679514	1.408450704	2.425712553
9024	4.335260116	3.770423125	1.76056338	2.728926622
9025	4.816955684	3.351487222	1.76056338	3.032140691
9026	4.816955684	3.351487222	1.76056338	3.032140691
9027	5.780346821	3.770423125	2.112676056	3.032140691
9028	5.780346821	3.770423125	2.464788732	3.33535476
9029	5.780346821	4.189359028	2.112676056	2.728926622
9030	5.298651252	3.351487222	2.464788732	2.425712553
9031	3.853564547	3.770423125	1.76056338	3.33535476
9032	3.371868979	2.094679514	2.112676056	3.032140691
9033	3.371868979	2.513615417	2.112676056	2.728926622
9034	3.853564547	2.513615417	2.112676056	2.728926622
9035	3.371868979	2.513615417	3.169014085	3.032140691
9036	2.89017341	2.513615417	2.464788732	2.728926622
9037	2.408477842	2.094679514	2.464788732	2.728926622
9038	2.408477842	2.513615417	2.112676056	2.425712553
9039	1.926782274	1.256807708	2.112676056	1.212856277
9040	0.963391137	1.256807708	1.76056338	1.212856277
9041	0.963391137	1.256807708	1.408450704	0.909642207
9042	0.481695568	1.256807708	0.704225352	0.606428138
9043	0.481695568	0.837871806	0.352112676	0.606428138
9044	0.481695568	0.837871806	0.352112676	0.606428138
9054	2.408477842	0.418935903	3.169014085	0.606428138
9055	2.408477842	0.418935903	3.169014085	0.606428138
9056	2.408477842	0.418935903	3.521126761	0.606428138
9057	2.408477842	0.418935903	3.169014085	0.606428138
9058	1.926782274	0.418935903	3.169014085	0.606428138
9059	1.445086705	0.837871806	3.169014085	0.606428138
9060	0.963391137	0.837871806	3.169014085	0.606428138
9061	0.481695568	0.837871806	2.464788732	0.606428138
9065	0.481695568	1.675743611	1.408450704	0.606428138
9066	0.481695568	1.256807708	0.352112676	0.606428138
9067	0.481695568	0.837871806	0.352112676	0.606428138
9068	0.481695568	0.837871806	0.352112676	0.606428138
9069	0.481695568	0.837871806	0.352112676	0.606428138
9070	0.481695568	0.837871806	0.352112676	0.606428138
9071	0.481695568	0.837871806	0.352112676	0.303214069
9165	1.445086705	0.418935903	0.352112676	0.303214069
9176	0.481695568	0.418935903	0.704225352	0.303214069
9177	0.963391137	0.418935903	0.704225352	0.303214069
9178	0.963391137	0.418935903	0.704225352	0.303214069
9179	0.963391137	0.418935903	0.704225352	0.303214069
9289	1.445086705	0.418935903	1.408450704	0.303214069
9290	1.445086705	0.837871806	1.408450704	0.606428138
9291	0.963391137	0.837871806	1.408450704	0.606428138
9292	0.481695568	0.837871806	1.056338028	0.606428138
9293	0.481695568	0.837871806	0.704225352	0.606428138
9294	0.481695568	0.837871806	0.352112676	0.606428138
9296	0.481695568	0.837871806	0.352112676	0.303214069
9304	0.963391137	0.418935903	0.704225352	0.303214069
9305	0.963391137	0.418935903	0.704225352	0.303214069
9308	1.445086705	0.418935903	0.352112676	0.303214069
9309	1.445086705	0.418935903	0.704225352	0.303214069
9310	0.481695568	0.418935903	0.704225352	0.606428138
9311	0.481695568	0.418935903	0.704225352	0.606428138
9314	0.963391137	0.418935903	0.352112676	0.909642207
9315	0.963391137	0.418935903	0.352112676	0.909642207
9316	1.445086705	0.418935903	0.352112676	0.606428138
9336	0.481695568	0.837871806	1.056338028	1.819284415
9337	0.481695568	0.837871806	1.056338028	1.819284415
9338	0.481695568	0.837871806	1.056338028	1.819284415
9339	0.481695568	1.256807708	1.056338028	1.819284415
9340	0.481695568	2.094679514	1.056338028	2.122498484
9341	0.481695568	2.513615417	1.056338028	1.516070346
9342	0.963391137	1.675743611	1.408450704	0.909642207
9343	1.445086705	1.675743611	1.408450704	0.606428138
9344	1.445086705	2.094679514	0.704225352	0.606428138
9345	1.445086705	2.094679514	0.352112676	0.303214069
9346	1.445086705	2.094679514	0.352112676	0.606428138
9347	1.926782274	1.675743611	0.352112676	0.606428138
9348	2.408477842	0.837871806	0.352112676	0.303214069
9349	2.408477842	0.418935903	0.352112676	0.303214069
9453	0.481695568	0.418935903	0.704225352	0.606428138
9454	0.481695568	0.837871806	0.704225352	0.606428138
9455	0.481695568	0.837871806	0.704225352	0.606428138
9456	0.481695568	0.837871806	0.352112676	0.606428138
9457	0.963391137	1.256807708	0.704225352	0.606428138
9458	1.445086705	1.675743611	0.704225352	0.606428138
9459	1.445086705	1.675743611	1.056338028	0.606428138
9460	1.445086705	1.675743611	1.056338028	0.606428138
9461	0.963391137	1.675743611	1.056338028	0.303214069
9462	0.963391137	0.837871806	0.704225352	0.303214069
9463	0.963391137	1.256807708	0.704225352	0.303214069
9464	0.963391137	1.256807708	0.704225352	0.303214069
9465	0.963391137	0.837871806	0.352112676	0.303214069
9466	0.481695568	0.418935903	0.352112676	0.909642207
9470	0.481695568	0.418935903	0.704225352	1.212856277
9471	0.481695568	0.418935903	0.704225352	1.212856277
9472	0.481695568	0.418935903	0.704225352	1.212856277
9473	0.481695568	0.418935903	0.704225352	1.212856277
9513	0.481695568	2.094679514	0.352112676	0.303214069
9524	0.481695568	0.418935903	0.352112676	0.303214069
9525	0.481695568	0.418935903	0.704225352	0.303214069
9526	0.481695568	0.418935903	0.704225352	0.303214069
9566	0.963391137	0.837871806	0.352112676	0.303214069
9567	0.963391137	0.837871806	0.352112676	0.303214069
9568	0.481695568	0.837871806	0.704225352	0.303214069
9569	0.481695568	0.837871806	1.056338028	0.606428138
9570	0.481695568	0.837871806	1.056338028	0.606428138
9579	5.298651252	0.837871806	0.704225352	3.032140691
9580	5.780346821	0.837871806	0.704225352	3.33535476
9581	5.780346821	2.513615417	1.76056338	3.63856883
9582	5.780346821	2.513615417	2.112676056	3.33535476
9583	6.262042389	2.93255132	2.464788732	3.941782899
9584	7.225433526	3.351487222	2.816901408	4.244996968
9585	7.225433526	3.770423125	2.816901408	4.244996968
9586	7.225433526	3.351487222	2.464788732	3.33535476
9587	2.408477842	3.351487222	2.464788732	2.425712553
9588	2.408477842	2.93255132	2.464788732	1.819284415
9589	2.408477842	1.675743611	1.76056338	1.516070346
9590	2.408477842	1.675743611	1.056338028	1.212856277
9591	2.89017341	1.675743611	1.056338028	0.909642207
9592	1.445086705	0.837871806	0.352112676	0.606428138
9593	1.445086705	0.418935903	0.352112676	0.303214069
9594	1.445086705	0.418935903	0.352112676	0.303214069
9595	1.445086705	2.094679514	1.056338028	0.303214069
9597	0.481695568	2.094679514	1.056338028	0.303214069
9598	0.481695568	1.675743611	1.056338028	0.303214069
9613	0.963391137	0.418935903	1.408450704	1.819284415
9614	0.963391137	0.418935903	1.76056338	2.122498484
9615	1.445086705	0.418935903	1.76056338	2.122498484
9616	1.445086705	0.418935903	1.408450704	1.819284415
9617	1.926782274	0.837871806	1.76056338	1.819284415
9618	1.445086705	0.837871806	1.76056338	1.212856277
9619	1.926782274	1.675743611	1.76056338	1.212856277
9620	2.408477842	2.513615417	2.816901408	1.212856277
9621	4.816955684	2.513615417	3.873239437	1.516070346
9622	6.262042389	2.93255132	4.225352113	1.819284415
9623	5.780346821	2.93255132	4.929577465	1.819284415
9624	5.780346821	2.93255132	5.281690141	2.122498484
9625	5.298651252	2.93255132	4.225352113	2.122498484
9626	4.335260116	2.93255132	3.873239437	1.819284415
9627	3.853564547	3.351487222	4.225352113	1.516070346
9628	3.853564547	2.93255132	3.521126761	1.516070346
9629	1.445086705	2.93255132	2.112676056	1.212856277
9634	0.481695568	1.675743611	1.408450704	0.606428138
9635	0.481695568	0.837871806	1.408450704	0.606428138
9637	0.481695568	0.418935903	0.704225352	0.606428138
9638	0.481695568	0.418935903	0.704225352	0.606428138
9639	0.481695568	0.837871806	0.704225352	0.606428138
9640	0.481695568	0.837871806	0.704225352	0.606428138
9641	0.481695568	0.837871806	0.704225352	0.606428138
9682	0.481695568	0.837871806	0.352112676	0.303214069
9683	0.481695568	0.837871806	0.352112676	0.303214069
9692	0.963391137	1.256807708	0.352112676	0.606428138
9693	0.963391137	1.256807708	0.352112676	0.606428138
9694	0.963391137	1.256807708	0.352112676	0.606428138
9695	0.963391137	1.256807708	0.352112676	0.909642207
9696	0.963391137	1.256807708	0.352112676	0.909642207
9697	0.481695568	0.837871806	0.352112676	0.909642207
9698	0.481695568	1.256807708	1.056338028	1.212856277
9699	0.963391137	1.256807708	1.056338028	1.516070346
9700	0.481695568	1.256807708	0.704225352	0.909642207
9701	0.481695568	1.256807708	0.704225352	0.909642207
9702	0.481695568	1.256807708	1.408450704	1.516070346
9703	1.445086705	1.675743611	1.76056338	1.819284415
9704	1.445086705	1.675743611	2.464788732	2.122498484
9705	1.926782274	2.513615417	3.521126761	2.425712553
9706	1.926782274	2.513615417	3.169014085	2.425712553
9707	1.926782274	3.351487222	3.169014085	2.425712553
9708	1.445086705	3.770423125	3.169014085	2.425712553
9709	1.926782274	3.770423125	3.169014085	2.425712553
9710	1.926782274	4.189359028	2.464788732	1.819284415
9711	1.926782274	3.351487222	2.112676056	0.909642207
9712	1.445086705	3.351487222	1.408450704	0.909642207
9713	0.963391137	2.513615417	1.056338028	0.606428138
9714	1.445086705	2.513615417	0.704225352	0.606428138
9715	1.926782274	2.094679514	1.056338028	0.606428138
9716	1.926782274	1.256807708	1.056338028	0.909642207
9717	1.926782274	1.256807708	1.056338028	1.212856277
9718	1.445086705	0.418935903	1.408450704	0.909642207
9719	0.963391137	0.418935903	1.408450704	0.909642207
9723	0.481695568	0.418935903	1.408450704	0.909642207
9724	0.481695568	0.837871806	1.408450704	0.606428138
9725	0.481695568	1.256807708	1.76056338	0.606428138
9726	0.481695568	1.256807708	1.76056338	0.606428138
9727	0.481695568	1.256807708	1.76056338	0.606428138
9728	0.481695568	0.837871806	1.056338028	0.606428138
9729	0.481695568	0.837871806	1.056338028	0.606428138
9730	0.481695568	0.837871806	1.056338028	0.606428138
9731	0.481695568	0.837871806	0.704225352	0.303214069
9732	0.481695568	0.418935903	0.704225352	0.303214069
9740	0.481695568	0.418935903	0.352112676	0.303214069
9741	0.481695568	0.418935903	1.76056338	0.303214069
9742	0.481695568	0.418935903	1.76056338	0.303214069
9769	0.481695568	0.418935903	1.056338028	0.606428138
9770	0.481695568	0.418935903	0.704225352	0.606428138
9771	0.481695568	0.418935903	0.704225352	0.606428138
9772	0.481695568	0.418935903	0.352112676	0.606428138
9773	0.481695568	0.418935903	0.352112676	0.606428138
9774	0.963391137	0.418935903	0.352112676	0.606428138
9775	0.963391137	0.418935903	0.352112676	0.606428138
9777	0.481695568	0.418935903	2.112676056	0.303214069
9783	1.926782274	0.418935903	2.112676056	0.606428138
9784	1.445086705	0.418935903	2.112676056	0.606428138
9785	1.445086705	0.837871806	0.704225352	0.606428138
9815	0.481695568	0.418935903	1.056338028	0.606428138
9816	0.963391137	1.256807708	1.76056338	0.606428138
9817	2.408477842	2.094679514	2.112676056	1.212856277
9818	3.853564547	2.93255132	3.169014085	1.516070346
9819	3.853564547	5.027230834	4.577464789	2.425712553
9820	4.335260116	5.446166736	4.577464789	2.728926622
9821	4.816955684	5.865102639	4.577464789	3.032140691
9822	4.335260116	5.865102639	4.225352113	2.728926622
9823	6.743737958	6.702974445	4.929577465	3.63856883
9824	6.743737958	6.702974445	3.873239437	3.941782899
9825	6.262042389	7.121910348	4.577464789	4.548211037
9826	5.298651252	6.702974445	3.873239437	4.548211037
9827	4.816955684	5.446166736	2.464788732	3.941782899
9828	4.335260116	4.608294931	2.464788732	3.63856883
9829	4.335260116	3.770423125	2.816901408	3.33535476
9830	3.853564547	5.446166736	2.816901408	3.33535476
9831	1.926782274	4.608294931	2.112676056	1.819284415
9832	1.445086705	5.027230834	2.112676056	1.516070346
9833	0.963391137	3.351487222	1.76056338	1.516070346
9834	0.481695568	2.094679514	1.408450704	1.212856277
9835	0.481695568	2.094679514	1.056338028	0.303214069
9899	0.963391137	0.418935903	0.352112676	0.303214069
9900	1.445086705	0.418935903	0.352112676	0.606428138
9901	1.445086705	0.418935903	0.352112676	0.909642207
9902	1.926782274	0.418935903	0.352112676	0.909642207
9903	1.926782274	0.418935903	0.352112676	0.909642207
9906	1.445086705	0.418935903	0.704225352	1.212856277
9907	1.445086705	0.418935903	0.704225352	0.909642207
9908	0.963391137	0.418935903	0.704225352	0.606428138
9909	0.963391137	0.418935903	0.704225352	0.303214069
9910	0.963391137	0.837871806	0.704225352	0.606428138
9911	0.963391137	1.256807708	0.352112676	0.606428138
9912	0.963391137	1.256807708	0.352112676	0.909642207
9949	0.481695568	0.837871806	0.352112676	0.606428138
9950	0.481695568	0.418935903	0.352112676	0.606428138
9951	0.481695568	0.418935903	0.352112676	0.606428138
9952	0.481695568	0.418935903	0.352112676	0.303214069
9990	0.481695568	0.837871806	0.352112676	0.303214069
9991	0.481695568	0.837871806	1.056338028	0.909642207
9992	0.481695568	0.837871806	1.056338028	0.909642207
9993	0.481695568	0.418935903	1.056338028	0.909642207
10031	0.963391137	0.418935903	0.704225352	0.606428138
10032	0.481695568	0.837871806	0.704225352	0.606428138
10035	0.481695568	0.837871806	1.056338028	0.303214069
10036	0.481695568	0.837871806	1.408450704	0.303214069
10037	0.481695568	1.256807708	1.408450704	0.606428138
10038	0.481695568	1.256807708	1.056338028	0.909642207
10039	0.481695568	1.256807708	0.704225352	0.909642207
10040	0.481695568	1.256807708	0.704225352	1.212856277
10041	0.481695568	1.256807708	1.056338028	1.516070346
10042	0.963391137	1.256807708	1.408450704	1.819284415
10043	0.963391137	1.256807708	1.056338028	1.819284415
10044	1.445086705	1.256807708	0.704225352	1.516070346
10045	1.926782274	0.837871806	0.704225352	1.516070346
10046	1.926782274	0.837871806	0.704225352	1.212856277
10047	1.926782274	0.837871806	1.056338028	1.212856277
10048	1.926782274	0.837871806	1.056338028	1.212856277
10049	1.926782274	1.256807708	1.056338028	1.212856277
10050	2.89017341	1.256807708	0.704225352	0.909642207
10051	1.926782274	1.256807708	1.056338028	0.909642207
10052	1.445086705	1.675743611	1.056338028	1.212856277
10053	0.963391137	1.675743611	1.056338028	1.212856277
10054	0.963391137	1.675743611	1.056338028	1.212856277
10055	0.963391137	1.675743611	1.056338028	0.909642207
10056	0.963391137	1.675743611	1.408450704	0.909642207
10057	1.445086705	1.675743611	1.056338028	0.909642207
10058	1.445086705	1.256807708	1.76056338	0.909642207
10059	0.963391137	1.256807708	1.76056338	0.909642207
10060	0.963391137	1.256807708	2.112676056	0.909642207
10061	0.963391137	1.256807708	2.112676056	1.212856277
10062	0.963391137	1.256807708	2.464788732	1.212856277
10063	0.963391137	0.837871806	2.464788732	1.212856277
10064	0.963391137	0.837871806	1.76056338	1.212856277
10065	0.963391137	1.675743611	2.816901408	1.212856277
10066	0.963391137	2.094679514	2.816901408	1.212856277
10067	1.445086705	2.094679514	2.464788732	1.212856277
10068	1.926782274	1.675743611	2.464788732	0.909642207
10069	1.926782274	1.675743611	2.464788732	0.303214069
10070	1.926782274	1.675743611	2.816901408	0.303214069
10071	1.926782274	2.094679514	2.464788732	0.303214069
10072	1.926782274	2.094679514	2.112676056	0.303214069
10217	1.926782274	0.837871806	0.352112676	0.303214069
10218	1.926782274	0.837871806	0.352112676	0.303214069
10219	1.926782274	1.256807708	0.352112676	0.606428138
10220	1.926782274	1.256807708	0.352112676	0.606428138
10221	1.445086705	1.256807708	0.352112676	0.606428138
10222	1.445086705	1.256807708	0.352112676	0.606428138
10223	1.445086705	1.256807708	0.352112676	0.606428138
10383	0.481695568	0.418935903	0.352112676	0.303214069
10384	0.481695568	0.418935903	0.704225352	0.303214069
10385	0.963391137	0.418935903	0.704225352	0.606428138
10386	0.963391137	0.418935903	0.704225352	0.606428138
10390	0.963391137	0.418935903	0.704225352	0.606428138
10391	0.963391137	0.837871806	0.704225352	0.606428138
10392	1.445086705	1.256807708	0.704225352	0.909642207
10393	1.926782274	1.256807708	0.704225352	0.909642207
10394	1.445086705	1.675743611	0.704225352	0.606428138
10395	1.445086705	1.256807708	0.704225352	0.303214069
10396	1.445086705	1.256807708	0.352112676	0.303214069
10397	0.963391137	1.256807708	0.352112676	0.303214069
10398	0.963391137	0.837871806	0.352112676	0.303214069
10399	0.963391137	0.837871806	0.352112676	0.303214069
10523	0.481695568	0.418935903	0.704225352	0.606428138
10524	0.481695568	0.418935903	0.704225352	0.606428138
10525	0.481695568	0.418935903	0.704225352	0.606428138
10526	0.481695568	0.418935903	0.352112676	0.909642207
10614	0.481695568	0.418935903	0.352112676	0.303214069
10615	0.481695568	0.418935903	0.352112676	0.303214069
10616	0.481695568	0.418935903	0.352112676	0.303214069
10628	0.963391137	0.418935903	0.352112676	0.909642207
10656	0.481695568	1.675743611	0.704225352	0.909642207
10657	0.963391137	2.513615417	0.704225352	0.909642207
10658	0.963391137	2.93255132	0.704225352	0.909642207
10659	0.963391137	3.351487222	0.352112676	0.606428138
10660	1.445086705	3.770423125	0.704225352	0.606428138
10661	1.445086705	3.770423125	0.352112676	0.303214069
10662	1.445086705	3.770423125	0.352112676	0.303214069
10663	1.445086705	3.770423125	0.352112676	0.303214069
10667	0.481695568	1.256807708	0.704225352	0.303214069
10702	0.481695568	0.418935903	0.352112676	0.303214069
10703	0.481695568	0.418935903	0.352112676	0.606428138
10763	0.481695568	0.418935903	1.056338028	0.606428138
10764	0.481695568	0.418935903	1.056338028	0.606428138
10765	0.963391137	0.418935903	1.056338028	0.606428138
10766	0.963391137	0.418935903	1.056338028	0.606428138
10767	1.445086705	0.418935903	0.704225352	0.303214069
10768	1.445086705	0.418935903	0.704225352	0.303214069
10769	1.445086705	0.418935903	0.704225352	0.303214069
10811	0.481695568	0.418935903	0.352112676	0.909642207
10812	1.445086705	0.418935903	0.352112676	0.909642207
10818	2.89017341	0.418935903	2.112676056	0.909642207
10819	2.89017341	0.418935903	1.76056338	0.303214069
10820	1.926782274	0.418935903	1.408450704	0.303214069
10821	1.926782274	0.418935903	1.056338028	0.303214069
10857	2.408477842	0.837871806	2.112676056	0.303214069
10858	2.408477842	0.837871806	2.112676056	0.303214069
10859	2.408477842	0.837871806	2.112676056	0.303214069
10860	2.89017341	0.837871806	2.112676056	0.303214069
10861	2.89017341	1.256807708	2.816901408	0.909642207
10862	2.408477842	2.094679514	1.76056338	0.909642207
10863	1.926782274	2.513615417	2.112676056	1.212856277
10864	2.408477842	2.513615417	1.76056338	1.516070346
10865	1.926782274	2.094679514	1.76056338	1.212856277
10866	1.445086705	2.094679514	1.408450704	1.212856277
10867	1.445086705	2.094679514	1.408450704	1.212856277
10868	1.445086705	2.094679514	1.408450704	1.516070346
10869	1.445086705	1.675743611	1.056338028	1.212856277
10870	2.408477842	1.675743611	0.704225352	1.212856277
10871	1.926782274	0.837871806	0.352112676	0.909642207
10872	1.926782274	0.418935903	0.352112676	0.303214069
10873	1.445086705	0.418935903	0.352112676	0.606428138
10876	1.445086705	0.418935903	0.352112676	0.303214069
10877	0.963391137	0.418935903	0.352112676	0.303214069
10896	0.481695568	1.256807708	1.056338028	0.909642207
10897	0.481695568	1.256807708	1.056338028	0.909642207
10898	0.481695568	1.256807708	1.056338028	0.909642207
10899	0.481695568	1.256807708	1.056338028	0.909642207
10900	0.481695568	1.256807708	1.056338028	0.909642207
10901	0.481695568	1.256807708	1.056338028	1.212856277
10902	0.481695568	1.256807708	1.056338028	1.212856277
10903	0.481695568	1.256807708	1.056338028	1.212856277
10964	0.481695568	0.837871806	0.352112676	0.303214069
10965	0.481695568	0.418935903	0.352112676	0.606428138
10966	0.481695568	0.418935903	0.352112676	0.606428138
10967	0.481695568	0.418935903	0.352112676	0.606428138
10968	0.481695568	0.418935903	0.352112676	0.606428138
10969	0.481695568	0.418935903	0.704225352	0.303214069
10970	0.481695568	0.418935903	0.704225352	0.303214069
10971	1.445086705	0.418935903	1.056338028	0.303214069
10975	0.963391137	1.256807708	1.056338028	0.303214069
10976	1.445086705	1.256807708	1.408450704	0.606428138
10977	1.445086705	1.256807708	1.056338028	0.606428138
10978	1.445086705	0.837871806	1.056338028	0.909642207
10979	1.445086705	0.837871806	1.408450704	0.909642207
10980	1.926782274	0.837871806	1.76056338	0.909642207
10981	2.408477842	0.837871806	1.76056338	0.909642207
10982	2.408477842	1.256807708	2.464788732	0.909642207
10983	1.926782274	1.256807708	2.112676056	0.909642207
10984	1.445086705	1.256807708	1.76056338	0.606428138
10985	1.445086705	1.675743611	1.76056338	0.909642207
10986	1.926782274	1.675743611	1.76056338	0.303214069
10987	1.926782274	1.675743611	1.76056338	0.303214069
10988	0.963391137	0.837871806	0.704225352	0.303214069
10989	0.963391137	0.837871806	0.704225352	0.303214069
11027	0.481695568	1.256807708	0.352112676	0.303214069
11028	0.481695568	1.256807708	0.352112676	0.303214069
11029	0.963391137	0.837871806	0.352112676	0.606428138
11030	0.963391137	0.837871806	0.352112676	0.909642207
11031	0.963391137	0.837871806	0.704225352	1.212856277
11032	1.445086705	1.256807708	1.408450704	1.516070346
11033	1.445086705	1.256807708	1.408450704	1.212856277
11034	1.445086705	1.256807708	1.408450704	1.212856277
11035	0.963391137	0.837871806	2.112676056	1.212856277
11036	0.963391137	0.837871806	1.76056338	1.212856277
11037	1.926782274	0.837871806	2.112676056	1.516070346
11038	1.926782274	0.837871806	2.112676056	1.212856277
11039	1.926782274	0.837871806	2.112676056	1.212856277
11040	1.926782274	0.418935903	1.76056338	1.212856277
11041	1.926782274	0.418935903	1.408450704	0.909642207
11042	1.926782274	0.418935903	1.408450704	0.606428138
11043	1.926782274	0.418935903	0.704225352	0.606428138
11068	0.481695568	2.094679514	0.704225352	0.909642207
11069	0.481695568	3.770423125	1.056338028	1.819284415
11070	2.89017341	9.635525765	3.169014085	3.941782899
11071	3.371868979	10.47339757	3.873239437	5.761067314
11072	3.853564547	12.14914118	4.577464789	6.367495452
11073	6.262042389	12.98701299	5.281690141	8.489993936
11074	6.262042389	11.73020528	5.633802817	8.489993936
11075	6.262042389	11.73020528	5.633802817	8.489993936
11076	6.262042389	11.31126938	5.633802817	8.793208005
11077	7.225433526	10.05446167	5.985915493	8.489993936
11078	4.816955684	5.446166736	2.816901408	5.457853244
11079	5.298651252	3.770423125	2.464788732	5.457853244
11080	4.335260116	3.770423125	3.169014085	3.33535476
11081	3.371868979	3.351487222	3.521126761	2.728926622
11082	4.335260116	3.351487222	3.873239437	2.728926622
11083	4.335260116	3.351487222	3.873239437	3.63856883
11084	4.335260116	3.351487222	3.873239437	3.63856883
11085	3.371868979	3.351487222	3.521126761	3.032140691
11086	3.371868979	3.351487222	3.873239437	3.032140691
11087	3.371868979	3.770423125	4.577464789	2.728926622
11088	3.371868979	2.094679514	27.81690141	2.425712553
11089	2.89017341	2.513615417	26.76056338	1.516070346
11090	0.963391137	2.93255132	27.46478873	2.122498484
11091	1.445086705	4.189359028	27.46478873	2.122498484
11092	1.445086705	4.608294931	27.46478873	2.122498484
11093	1.445086705	4.608294931	27.81690141	2.728926622
11094	2.408477842	5.446166736	27.11267606	2.728926622
11095	2.408477842	5.027230834	27.11267606	2.728926622
11096	2.89017341	5.027230834	26.4084507	2.425712553
11097	2.89017341	5.446166736	2.112676056	2.425712553
11098	2.89017341	4.608294931	1.408450704	1.819284415
11099	2.408477842	3.770423125	1.056338028	1.516070346
11100	2.408477842	3.770423125	1.76056338	1.212856277
11101	2.408477842	3.351487222	1.76056338	1.516070346
11102	1.445086705	2.513615417	1.408450704	1.516070346
11103	0.963391137	1.675743611	1.056338028	1.516070346
11106	0.481695568	0.418935903	0.704225352	1.516070346
11107	0.481695568	0.418935903	0.704225352	1.212856277
11130	0.481695568	0.837871806	1.408450704	0.303214069
11131	0.481695568	0.837871806	1.408450704	0.303214069
11135	0.481695568	0.418935903	0.704225352	0.303214069
11136	0.481695568	0.418935903	0.704225352	0.303214069
11137	0.481695568	0.418935903	0.704225352	0.303214069
11138	0.963391137	0.418935903	0.704225352	0.606428138
11139	0.963391137	0.418935903	1.056338028	0.909642207
11140	0.963391137	0.418935903	1.056338028	0.909642207
11141	1.445086705	0.418935903	0.704225352	0.909642207
11142	1.445086705	0.418935903	0.704225352	0.909642207
11143	1.926782274	0.418935903	0.704225352	0.909642207
11144	1.926782274	0.418935903	0.704225352	0.909642207
11145	1.926782274	0.418935903	0.704225352	0.909642207
11146	1.926782274	0.418935903	0.352112676	0.909642207
11147	1.445086705	0.418935903	0.352112676	0.303214069
11148	1.445086705	0.418935903	0.352112676	0.303214069
11149	0.963391137	0.418935903	0.704225352	0.606428138
11150	0.963391137	0.418935903	0.704225352	0.606428138
11157	1.445086705	1.256807708	0.352112676	1.212856277
11158	1.445086705	1.256807708	1.056338028	2.122498484
11159	2.89017341	1.256807708	1.056338028	2.425712553
11160	3.371868979	2.513615417	1.056338028	2.425712553
11161	3.371868979	2.93255132	1.056338028	2.425712553
11162	3.371868979	3.770423125	1.056338028	3.33535476
11163	3.371868979	3.770423125	1.056338028	3.33535476
11164	2.408477842	4.189359028	1.056338028	3.33535476
11165	2.408477842	3.351487222	0.704225352	3.33535476
11166	2.408477842	2.93255132	0.704225352	2.728926622
11167	1.445086705	3.351487222	0.704225352	3.032140691
11168	0.481695568	2.094679514	0.704225352	2.728926622
11169	0.481695568	2.93255132	0.704225352	2.425712553
11170	0.963391137	1.675743611	0.352112676	1.212856277
11171	2.408477842	1.675743611	1.056338028	2.122498484
11172	2.89017341	2.513615417	1.76056338	3.33535476
11173	4.816955684	3.770423125	2.816901408	3.941782899
11174	4.816955684	3.770423125	3.521126761	3.941782899
11175	4.335260116	3.770423125	3.521126761	6.064281383
11176	4.816955684	3.770423125	3.521126761	6.367495452
11177	4.816955684	3.770423125	3.521126761	6.97392359
11178	5.298651252	3.351487222	3.521126761	6.97392359
11179	3.853564547	4.608294931	3.169014085	6.064281383
11180	4.335260116	4.189359028	2.464788732	4.244996968
11181	2.89017341	3.770423125	1.76056338	3.63856883
11182	2.408477842	2.93255132	1.408450704	2.728926622
11183	1.926782274	2.513615417	0.704225352	0.909642207
11184	1.445086705	2.513615417	1.056338028	0.909642207
11185	1.926782274	3.770423125	1.056338028	0.606428138
11186	1.926782274	3.770423125	1.408450704	1.212856277
11187	1.926782274	2.513615417	1.408450704	1.212856277
11188	0.963391137	2.094679514	1.056338028	1.212856277
11189	0.963391137	2.094679514	1.76056338	1.212856277
11190	0.963391137	2.094679514	1.408450704	1.212856277
11191	0.963391137	2.094679514	1.76056338	1.212856277
11192	0.963391137	2.094679514	2.112676056	1.212856277
11193	0.481695568	0.418935903	1.408450704	0.909642207
11205	0.481695568	0.837871806	0.704225352	0.606428138
11206	0.481695568	1.256807708	0.704225352	0.606428138
11207	0.963391137	1.675743611	0.352112676	0.606428138
11208	2.89017341	2.094679514	1.056338028	0.909642207
11209	2.89017341	2.094679514	1.056338028	1.212856277
11210	2.89017341	2.094679514	1.056338028	1.516070346
11211	2.89017341	1.675743611	0.704225352	1.516070346
11212	2.89017341	2.513615417	0.704225352	1.212856277
11213	2.408477842	2.93255132	0.704225352	1.212856277
11214	2.89017341	2.93255132	0.704225352	1.212856277
11215	2.408477842	2.513615417	0.704225352	1.212856277
11216	0.963391137	2.094679514	0.352112676	1.212856277
11217	0.963391137	2.094679514	0.352112676	1.212856277
11218	0.963391137	2.094679514	0.352112676	0.909642207
11219	0.963391137	2.094679514	0.352112676	0.606428138
11220	0.963391137	1.675743611	0.352112676	0.606428138
11221	0.963391137	0.837871806	0.352112676	0.606428138
11222	0.963391137	0.837871806	0.352112676	0.606428138
11289	1.926782274	0.418935903	0.352112676	0.606428138
11290	1.926782274	0.418935903	0.352112676	0.606428138
11291	1.445086705	0.837871806	0.352112676	0.606428138
11292	1.445086705	0.837871806	0.352112676	0.606428138
11294	0.963391137	0.418935903	0.352112676	0.909642207
11295	0.481695568	0.418935903	0.352112676	1.212856277
11298	0.963391137	0.837871806	0.704225352	0.606428138
11299	0.963391137	0.837871806	0.704225352	0.606428138
11300	1.445086705	0.418935903	0.704225352	0.606428138
11301	1.445086705	0.418935903	0.704225352	0.606428138
11302	1.445086705	1.256807708	0.704225352	0.606428138
11356	0.481695568	0.418935903	0.704225352	0.303214069
11357	0.481695568	0.418935903	1.056338028	0.303214069
11358	0.481695568	0.418935903	1.056338028	0.303214069
11359	0.481695568	0.418935903	1.056338028	0.303214069
11360	0.481695568	0.418935903	1.056338028	0.303214069
11423	0.963391137	0.837871806	1.056338028	0.909642207
11424	0.963391137	0.837871806	1.056338028	0.606428138
11425	0.963391137	1.675743611	1.056338028	0.606428138
11426	0.963391137	1.675743611	1.408450704	0.606428138
11427	0.481695568	1.675743611	1.408450704	0.909642207
11428	0.481695568	1.675743611	1.408450704	0.909642207
11429	0.481695568	1.675743611	1.408450704	0.909642207
11430	0.481695568	1.256807708	0.352112676	0.606428138
11432	0.481695568	1.256807708	0.704225352	0.909642207
11433	0.963391137	0.837871806	0.704225352	0.909642207
11434	0.963391137	0.418935903	0.704225352	0.909642207
11435	0.963391137	0.418935903	0.352112676	0.909642207
11436	0.963391137	0.418935903	0.352112676	0.909642207
11437	0.963391137	0.418935903	0.352112676	0.606428138
11438	0.963391137	0.418935903	0.352112676	0.606428138
11439	0.963391137	0.418935903	0.352112676	0.303214069
11440	0.963391137	0.418935903	0.352112676	0.303214069
11457	0.481695568	0.418935903	0.352112676	0.606428138
11458	0.481695568	0.418935903	0.704225352	0.606428138
11516	0.481695568	0.837871806	0.352112676	0.303214069
11517	0.481695568	0.837871806	0.352112676	0.606428138
11522	1.445086705	0.837871806	0.352112676	0.909642207
11523	0.963391137	0.837871806	0.352112676	0.909642207
11524	1.445086705	1.256807708	0.352112676	0.909642207
11525	1.445086705	1.256807708	0.352112676	0.606428138
11526	1.445086705	1.256807708	0.352112676	0.606428138
11527	1.445086705	1.256807708	0.352112676	0.606428138
11528	1.445086705	1.256807708	0.352112676	0.606428138
11530	0.481695568	0.837871806	0.352112676	0.303214069
11531	0.481695568	0.418935903	0.352112676	0.303214069
11533	0.481695568	0.418935903	0.352112676	0.303214069
11534	0.481695568	0.418935903	0.352112676	0.303214069
11543	2.89017341	0.837871806	1.408450704	2.728926622
11544	2.89017341	0.837871806	1.408450704	2.425712553
11545	2.89017341	0.837871806	1.408450704	2.425712553
11546	2.89017341	1.256807708	1.408450704	2.425712553
11547	2.89017341	1.256807708	1.408450704	2.122498484
11548	3.371868979	1.256807708	1.408450704	1.516070346
11549	2.408477842	1.675743611	1.056338028	1.516070346
11550	1.926782274	1.675743611	1.408450704	0.606428138
11551	0.963391137	0.837871806	1.408450704	0.606428138
11552	0.963391137	1.256807708	1.408450704	0.303214069
11565	0.481695568	0.418935903	0.352112676	0.909642207
11569	0.481695568	0.418935903	0.704225352	0.909642207
11570	0.481695568	0.418935903	1.056338028	1.212856277
11571	0.481695568	0.837871806	1.056338028	1.516070346
11572	0.481695568	1.256807708	1.056338028	1.516070346
11573	0.481695568	1.256807708	1.056338028	0.909642207
11574	0.481695568	1.675743611	1.408450704	0.909642207
11575	0.481695568	1.675743611	1.76056338	0.606428138
11576	0.481695568	2.513615417	1.76056338	0.606428138
11577	0.481695568	2.094679514	1.408450704	0.909642207
11621	0.481695568	0.418935903	0.352112676	1.516070346
11622	0.481695568	0.418935903	0.704225352	1.212856277
11623	0.481695568	0.418935903	0.352112676	0.909642207
11624	0.481695568	0.418935903	0.352112676	0.909642207
11625	0.481695568	0.418935903	0.352112676	0.909642207
11627	0.481695568	0.418935903	0.352112676	0.909642207
11628	0.481695568	0.418935903	0.352112676	0.606428138
11629	0.481695568	0.837871806	0.352112676	0.303214069
11635	0.481695568	0.837871806	1.056338028	0.606428138
11636	0.481695568	0.837871806	1.056338028	0.606428138
11637	0.481695568	0.837871806	1.056338028	0.606428138
11638	0.481695568	0.418935903	1.056338028	0.606428138
11639	0.481695568	0.418935903	0.704225352	0.606428138
11640	0.481695568	0.418935903	0.352112676	0.606428138
11641	0.481695568	0.418935903	0.352112676	0.606428138
11642	0.481695568	0.418935903	0.352112676	0.606428138
11649	0.481695568	0.418935903	1.056338028	0.909642207
11650	0.481695568	0.418935903	1.408450704	0.909642207
11651	0.481695568	0.837871806	1.408450704	0.909642207
11652	0.963391137	0.837871806	1.056338028	0.909642207
11653	0.963391137	0.837871806	1.056338028	0.606428138
11654	0.963391137	1.256807708	1.056338028	0.606428138
11655	0.963391137	0.837871806	0.704225352	0.606428138
11656	0.963391137	0.837871806	0.704225352	0.606428138
11657	0.481695568	0.837871806	1.056338028	0.606428138
11658	0.481695568	0.837871806	0.704225352	0.303214069
11659	0.481695568	0.837871806	0.704225352	0.303214069
11714	0.481695568	0.418935903	0.704225352	0.303214069
11715	0.481695568	0.418935903	0.704225352	0.303214069
11716	0.481695568	0.418935903	0.352112676	0.303214069
11733	0.481695568	0.418935903	0.352112676	0.303214069
11734	0.481695568	0.418935903	0.352112676	0.303214069
11777	0.481695568	0.837871806	0.352112676	0.303214069
11781	1.445086705	0.837871806	0.352112676	0.303214069
11782	1.445086705	0.837871806	0.704225352	0.303214069
11783	1.445086705	1.256807708	0.704225352	0.303214069
11784	1.445086705	0.837871806	0.704225352	0.303214069
11785	1.445086705	0.837871806	0.704225352	0.909642207
11786	1.445086705	0.837871806	0.352112676	0.909642207
11787	0.963391137	1.256807708	0.704225352	0.909642207
11788	0.481695568	1.256807708	1.056338028	0.909642207
11791	0.481695568	0.418935903	0.704225352	0.303214069
11792	0.481695568	0.418935903	0.704225352	0.303214069
11793	0.481695568	0.418935903	0.704225352	0.303214069
11850	1.445086705	2.094679514	1.76056338	0.606428138
11851	1.926782274	2.094679514	1.76056338	0.606428138
11852	1.926782274	2.93255132	1.408450704	0.606428138
11853	1.926782274	2.93255132	1.056338028	0.606428138
11854	1.926782274	2.513615417	0.704225352	0.606428138
11855	1.926782274	2.513615417	0.704225352	0.606428138
11856	1.926782274	1.675743611	0.704225352	0.606428138
11857	1.926782274	1.675743611	0.704225352	0.606428138
11858	0.963391137	0.837871806	0.352112676	0.303214069
11859	0.481695568	0.837871806	0.352112676	0.303214069
11900	0.481695568	0.418935903	0.352112676	0.606428138
11901	0.481695568	0.418935903	0.352112676	0.606428138
11915	0.481695568	1.675743611	0.352112676	1.819284415
11916	0.481695568	1.675743611	0.704225352	2.122498484
11917	0.481695568	1.675743611	0.704225352	2.122498484
11923	0.481695568	0.837871806	0.352112676	0.909642207
11952	0.481695568	0.837871806	1.408450704	1.212856277
11953	0.963391137	1.256807708	1.408450704	0.909642207
11954	0.963391137	1.256807708	1.408450704	0.909642207
11955	1.445086705	1.256807708	1.408450704	0.606428138
11956	1.445086705	1.256807708	1.056338028	0.606428138
11957	1.445086705	1.256807708	1.056338028	0.303214069
11958	1.445086705	1.256807708	1.056338028	0.303214069
11995	4.335260116	6.284038542	2.464788732	0.303214069
11996	4.335260116	5.865102639	2.464788732	0.606428138
11997	3.853564547	5.865102639	1.408450704	0.606428138
11998	2.89017341	5.865102639	0.704225352	0.606428138
11999	1.926782274	5.865102639	0.704225352	0.606428138
12000	1.926782274	0.837871806	0.352112676	0.606428138
12005	0.963391137	1.256807708	0.352112676	0.606428138
12006	0.963391137	2.094679514	0.352112676	0.606428138
12007	0.963391137	1.675743611	0.352112676	0.606428138
12008	0.481695568	1.675743611	0.352112676	0.606428138
12009	0.481695568	1.675743611	0.352112676	0.606428138
12010	0.481695568	1.675743611	0.352112676	0.606428138
12011	1.445086705	2.93255132	1.056338028	1.212856277
12012	1.926782274	2.93255132	1.056338028	1.212856277
12013	3.853564547	3.770423125	0.704225352	1.516070346
12014	5.780346821	2.513615417	1.056338028	2.122498484
12015	7.225433526	3.770423125	1.76056338	2.425712553
12016	7.225433526	5.027230834	2.112676056	2.425712553
12017	7.707129094	5.027230834	2.112676056	2.425712553
12018	9.1522158	5.027230834	2.112676056	2.425712553
12019	8.670520231	3.351487222	1.056338028	1.819284415
12020	8.188824663	3.351487222	1.056338028	1.516070346
12021	6.262042389	3.351487222	1.056338028	1.212856277
12022	3.853564547	2.93255132	0.704225352	0.909642207
12023	2.89017341	2.094679514	0.352112676	0.303214069
12041	0.481695568	0.418935903	0.352112676	0.606428138
12042	1.445086705	0.837871806	0.704225352	0.909642207
12043	1.445086705	0.837871806	0.704225352	1.516070346
12044	1.445086705	0.837871806	0.704225352	1.516070346
12045	1.445086705	0.837871806	0.704225352	1.516070346
12046	1.445086705	0.837871806	1.056338028	1.819284415
12047	1.445086705	0.837871806	1.408450704	1.516070346
12048	1.445086705	0.837871806	1.408450704	1.212856277
12049	1.445086705	0.837871806	1.408450704	1.212856277
12050	1.445086705	0.837871806	1.408450704	1.212856277
12056	0.481695568	0.418935903	0.352112676	0.303214069
12057	0.481695568	0.837871806	0.352112676	0.303214069
12058	0.963391137	0.837871806	0.352112676	0.303214069
12059	0.963391137	0.837871806	0.352112676	0.303214069
12060	0.963391137	1.256807708	1.056338028	0.606428138
12061	0.963391137	1.675743611	1.056338028	0.606428138
12062	1.445086705	1.675743611	1.056338028	0.606428138
12063	1.445086705	1.675743611	1.056338028	0.606428138
12064	1.445086705	1.256807708	0.704225352	0.606428138
12065	1.445086705	1.256807708	0.704225352	0.909642207
12066	0.963391137	0.837871806	1.056338028	0.909642207
12067	0.963391137	0.837871806	0.704225352	0.909642207
12068	0.481695568	0.418935903	0.352112676	0.606428138
12186	0.963391137	0.418935903	0.352112676	0.303214069
12187	1.445086705	0.418935903	0.704225352	0.606428138
12188	1.445086705	0.418935903	0.704225352	0.606428138
12189	1.445086705	1.256807708	1.056338028	0.909642207
12190	1.445086705	1.675743611	1.056338028	0.909642207
12191	1.445086705	1.256807708	1.056338028	0.909642207
12192	1.445086705	1.256807708	1.056338028	0.909642207
12193	1.445086705	1.256807708	1.056338028	0.909642207
12194	1.445086705	1.256807708	1.056338028	1.516070346
12195	0.481695568	1.675743611	0.704225352	1.212856277
12197	0.481695568	1.256807708	0.704225352	1.516070346
12198	0.963391137	0.837871806	0.704225352	1.516070346
12199	0.963391137	1.256807708	0.704225352	1.516070346
12200	0.963391137	0.837871806	1.76056338	1.212856277
12201	0.963391137	0.837871806	1.76056338	1.212856277
12202	0.963391137	0.837871806	1.408450704	0.909642207
12203	0.963391137	2.094679514	1.408450704	0.909642207
12204	0.963391137	2.513615417	1.408450704	1.212856277
12205	0.481695568	2.094679514	1.056338028	1.212856277
12208	0.481695568	1.675743611	0.352112676	0.909642207
12209	0.481695568	1.675743611	0.352112676	1.516070346
12210	0.481695568	1.675743611	0.352112676	1.516070346
12211	0.481695568	0.837871806	0.352112676	1.212856277
12212	0.481695568	0.418935903	0.352112676	1.212856277
12213	0.963391137	0.418935903	0.352112676	1.212856277
12214	0.963391137	0.418935903	0.352112676	1.212856277
12228	1.926782274	0.837871806	0.704225352	0.303214069
12229	1.926782274	0.837871806	1.056338028	0.303214069
12230	1.926782274	0.837871806	1.056338028	0.303214069
12231	1.926782274	0.837871806	1.056338028	0.303214069
12232	1.926782274	0.837871806	1.056338028	0.303214069
12233	1.926782274	0.837871806	1.056338028	0.303214069
12234	1.926782274	0.418935903	0.704225352	0.303214069
12235	1.445086705	0.418935903	0.704225352	0.303214069
12332	0.963391137	1.675743611	0.352112676	0.303214069
12333	0.963391137	1.675743611	0.352112676	0.303214069
12334	0.481695568	1.675743611	0.352112676	0.303214069
12335	0.481695568	0.837871806	0.352112676	0.303214069
12336	0.481695568	0.837871806	0.352112676	0.303214069
12365	0.481695568	0.418935903	0.352112676	0.909642207
12366	0.481695568	0.418935903	0.352112676	0.909642207
12367	0.481695568	0.418935903	0.352112676	0.909642207
12368	0.481695568	0.837871806	0.352112676	0.909642207
12369	0.963391137	0.837871806	0.352112676	1.212856277
12377	0.481695568	0.418935903	0.352112676	0.303214069
12378	0.963391137	0.418935903	0.352112676	0.303214069
12379	0.963391137	0.837871806	0.352112676	0.606428138
12380	0.963391137	1.675743611	0.352112676	0.909642207
12381	1.445086705	1.675743611	0.352112676	2.728926622
12382	1.926782274	1.675743611	1.408450704	2.728926622
12383	1.926782274	1.675743611	1.408450704	2.728926622
12384	1.926782274	1.675743611	1.408450704	2.728926622
12385	1.926782274	1.256807708	1.056338028	2.728926622
12386	1.445086705	1.256807708	1.056338028	2.728926622
12387	1.445086705	1.256807708	1.056338028	2.425712553
12396	1.445086705	0.418935903	0.352112676	0.303214069
12397	0.963391137	0.418935903	0.704225352	0.303214069
12398	0.963391137	0.418935903	0.704225352	0.303214069
12399	0.963391137	0.418935903	0.704225352	0.303214069
12400	0.963391137	0.418935903	0.704225352	0.303214069
12401	0.963391137	0.418935903	0.704225352	1.212856277
12402	1.926782274	1.256807708	0.704225352	1.212856277
12403	1.926782274	1.256807708	0.704225352	1.212856277
12404	0.963391137	0.837871806	0.704225352	0.909642207
12405	0.963391137	1.256807708	0.352112676	0.909642207
12406	1.926782274	4.189359028	0.352112676	0.909642207
12407	1.926782274	4.189359028	0.352112676	0.909642207
12408	1.926782274	4.189359028	0.352112676	1.212856277
12409	2.408477842	4.189359028	0.352112676	0.303214069
12410	1.445086705	3.770423125	0.704225352	0.303214069
12411	1.445086705	3.351487222	0.352112676	0.303214069
12412	1.445086705	3.351487222	0.352112676	0.303214069
12413	1.445086705	3.351487222	0.352112676	0.303214069
12414	0.963391137	0.418935903	0.352112676	0.303214069
12499	1.445086705	1.256807708	2.112676056	2.728926622
12500	1.926782274	1.675743611	2.464788732	3.33535476
12501	2.408477842	2.094679514	2.464788732	3.63856883
12502	2.408477842	2.094679514	2.464788732	3.63856883
12503	2.408477842	2.513615417	2.464788732	3.63856883
12504	1.926782274	2.93255132	2.464788732	3.63856883
12505	1.445086705	2.93255132	2.816901408	3.33535476
12506	1.445086705	2.93255132	3.169014085	3.33535476
12507	1.445086705	2.513615417	1.408450704	2.728926622
12508	0.481695568	1.675743611	0.704225352	1.819284415
12549	0.481695568	1.256807708	0.704225352	0.303214069
12550	0.481695568	1.256807708	0.704225352	0.303214069
12551	0.481695568	1.256807708	0.704225352	0.303214069
12552	0.481695568	1.675743611	0.704225352	0.303214069
12553	0.481695568	1.675743611	0.352112676	0.303214069
12581	0.481695568	1.256807708	0.704225352	0.909642207
12582	0.963391137	1.256807708	0.704225352	0.909642207
12583	0.963391137	1.256807708	1.056338028	0.909642207
12584	0.481695568	1.256807708	1.056338028	0.606428138
12585	0.481695568	1.256807708	1.056338028	0.909642207
12586	0.481695568	0.418935903	1.056338028	0.606428138
12587	0.481695568	0.418935903	1.056338028	0.303214069
12593	0.481695568	0.418935903	0.704225352	0.909642207
12594	0.481695568	0.418935903	0.704225352	0.606428138
12596	0.481695568	0.418935903	0.352112676	0.606428138
12670	0.481695568	0.837871806	0.704225352	0.303214069
12785	0.963391137	0.418935903	1.056338028	0.606428138
12786	0.963391137	0.418935903	1.056338028	0.606428138
12787	0.963391137	0.418935903	1.056338028	0.606428138
12788	0.481695568	0.418935903	0.704225352	0.606428138
12830	0.963391137	0.418935903	1.408450704	0.909642207
12831	0.963391137	0.837871806	1.408450704	1.212856277
12832	0.963391137	0.837871806	1.408450704	1.212856277
12833	0.963391137	0.837871806	1.408450704	1.212856277
12834	0.963391137	0.837871806	1.408450704	1.212856277
12835	0.963391137	0.837871806	1.408450704	1.212856277
12836	0.963391137	0.837871806	1.408450704	1.212856277
12837	0.481695568	0.418935903	1.056338028	1.212856277
12943	0.481695568	0.418935903	0.352112676	0.606428138
12944	0.963391137	0.418935903	0.352112676	1.212856277
12945	0.963391137	0.418935903	0.704225352	1.516070346
12946	1.445086705	0.837871806	1.056338028	1.516070346
12947	1.926782274	0.837871806	1.056338028	2.122498484
12948	1.926782274	0.837871806	1.76056338	2.728926622
12949	2.89017341	1.675743611	2.464788732	3.63856883
12950	3.371868979	2.513615417	2.464788732	4.548211037
12951	2.89017341	2.513615417	2.464788732	4.548211037
12952	2.89017341	2.513615417	2.464788732	4.244996968
12953	2.89017341	2.513615417	1.76056338	4.244996968
12954	1.926782274	1.675743611	1.408450704	3.33535476
12955	1.445086705	1.675743611	1.76056338	3.032140691
12956	0.963391137	1.675743611	1.408450704	2.122498484
12957	0.963391137	1.256807708	0.704225352	1.516070346
12958	1.445086705	0.837871806	0.704225352	0.909642207
12959	1.926782274	0.837871806	0.352112676	0.909642207
12960	1.926782274	0.418935903	0.704225352	0.909642207
12961	1.926782274	0.418935903	0.704225352	0.909642207
12962	1.926782274	0.418935903	0.704225352	0.606428138
12963	1.926782274	0.837871806	0.704225352	0.606428138
12964	1.926782274	0.837871806	0.352112676	0.606428138
12968	0.963391137	0.837871806	0.352112676	0.303214069
12969	0.481695568	0.837871806	0.352112676	0.303214069
12970	0.481695568	0.837871806	0.352112676	0.303214069
12971	0.481695568	0.837871806	0.352112676	0.303214069
12972	0.963391137	0.837871806	0.352112676	0.303214069
12973	0.963391137	0.418935903	0.352112676	0.303214069
12974	0.481695568	0.418935903	0.352112676	0.303214069
13042	0.481695568	0.418935903	0.352112676	0.909642207
13043	0.481695568	0.418935903	0.352112676	0.606428138
13062	0.963391137	0.418935903	0.704225352	0.303214069
13063	0.963391137	0.418935903	0.704225352	0.303214069
13064	0.963391137	0.837871806	1.056338028	0.303214069
13065	0.481695568	0.837871806	1.056338028	0.303214069
13066	0.481695568	0.837871806	1.056338028	0.303214069
13069	0.481695568	2.513615417	1.76056338	0.303214069
13070	1.445086705	2.513615417	2.816901408	0.909642207
13071	1.445086705	2.513615417	3.169014085	0.909642207
13072	1.926782274	2.93255132	2.464788732	1.516070346
13073	1.926782274	2.513615417	2.464788732	1.819284415
13074	1.926782274	2.513615417	2.816901408	1.819284415
13075	1.926782274	2.93255132	3.521126761	1.819284415
13076	1.926782274	2.094679514	3.169014085	2.122498484
13077	2.408477842	2.094679514	3.169014085	2.122498484
13078	1.445086705	2.094679514	2.464788732	2.425712553
13079	1.445086705	2.094679514	2.464788732	2.425712553
13080	0.963391137	1.256807708	2.112676056	1.516070346
13081	0.963391137	0.837871806	1.408450704	1.516070346
13082	0.963391137	0.837871806	1.76056338	4.548211037
13083	0.963391137	0.418935903	1.056338028	4.548211037
13089	0.481695568	0.418935903	0.704225352	3.941782899
13090	0.481695568	0.418935903	0.704225352	0.303214069
13091	0.481695568	0.418935903	0.352112676	0.303214069
13276	0.963391137	0.837871806	0.352112676	0.303214069
13277	0.963391137	0.837871806	0.352112676	0.303214069
13287	1.445086705	0.837871806	0.352112676	0.303214069
13288	0.963391137	0.418935903	0.352112676	0.303214069
13291	1.445086705	0.837871806	0.704225352	0.303214069
13292	1.445086705	0.837871806	0.704225352	0.606428138
13293	0.963391137	0.837871806	0.704225352	0.606428138
13294	0.963391137	0.837871806	1.056338028	0.606428138
13295	0.963391137	0.837871806	1.056338028	0.606428138
13296	0.963391137	0.837871806	1.056338028	0.606428138
13297	0.963391137	0.837871806	1.408450704	0.606428138
13298	0.963391137	0.837871806	1.408450704	0.606428138
13322	0.963391137	0.837871806	0.704225352	0.303214069
13356	2.89017341	2.094679514	0.704225352	0.303214069
13357	3.371868979	2.513615417	1.056338028	0.303214069
13358	2.89017341	2.513615417	1.408450704	0.606428138
13359	2.89017341	2.513615417	1.76056338	0.909642207
13360	2.89017341	2.513615417	1.408450704	0.909642207
13361	1.445086705	2.93255132	1.056338028	0.909642207
13362	1.445086705	2.93255132	1.056338028	0.909642207
13363	0.963391137	2.93255132	0.704225352	0.909642207
13364	0.481695568	2.513615417	1.056338028	1.212856277
13365	0.481695568	1.256807708	0.704225352	0.909642207
13366	0.481695568	0.837871806	0.352112676	0.909642207
13367	0.481695568	0.837871806	0.352112676	0.606428138
13368	0.481695568	0.837871806	0.704225352	0.606428138
13369	0.481695568	0.418935903	0.704225352	0.606428138
13370	0.481695568	0.418935903	0.704225352	0.606428138
13371	0.481695568	0.418935903	0.704225352	0.606428138
13574	0.481695568	0.418935903	0.352112676	1.212856277
13575	0.481695568	0.418935903	0.352112676	0.909642207
13576	0.481695568	0.418935903	0.352112676	0.909642207
13577	0.481695568	0.837871806	0.352112676	1.516070346
13578	0.481695568	0.837871806	0.704225352	1.819284415
13579	0.481695568	0.837871806	1.056338028	2.122498484
13580	0.481695568	1.256807708	1.408450704	2.122498484
13581	0.481695568	1.256807708	1.76056338	2.122498484
13582	0.481695568	1.256807708	1.408450704	1.516070346
13583	1.445086705	1.675743611	1.408450704	1.516070346
13584	1.445086705	1.675743611	1.408450704	1.212856277
13585	0.963391137	2.094679514	1.408450704	0.606428138
13586	1.445086705	2.094679514	1.056338028	0.303214069
13644	0.481695568	0.418935903	0.704225352	0.606428138
13645	0.481695568	0.837871806	0.704225352	0.606428138
13646	0.481695568	0.837871806	0.704225352	0.606428138
13647	0.481695568	0.837871806	0.704225352	0.606428138
13648	0.963391137	0.837871806	0.352112676	0.606428138
13649	0.481695568	0.837871806	1.056338028	0.606428138
13650	0.481695568	0.837871806	1.056338028	0.303214069
13651	0.481695568	0.837871806	0.704225352	0.303214069
13652	0.481695568	0.418935903	0.704225352	0.303214069
13653	0.481695568	0.418935903	1.056338028	0.303214069
13686	0.963391137	0.418935903	0.704225352	0.909642207
13687	0.963391137	0.837871806	1.408450704	1.212856277
13688	0.963391137	1.256807708	1.76056338	1.212856277
13689	0.963391137	1.256807708	2.464788732	1.212856277
13690	1.926782274	1.256807708	2.816901408	1.819284415
13691	1.926782274	0.837871806	3.169014085	1.819284415
13692	1.445086705	1.256807708	3.521126761	1.819284415
13693	3.853564547	2.094679514	4.225352113	1.516070346
13694	4.335260116	3.770423125	4.929577465	1.819284415
13695	4.816955684	4.189359028	4.225352113	1.819284415
13696	5.780346821	3.770423125	5.633802817	2.122498484
13697	5.780346821	3.770423125	5.281690141	2.425712553
13698	5.780346821	3.351487222	5.633802817	2.728926622
13699	5.298651252	3.351487222	5.281690141	3.032140691
13700	7.707129094	3.770423125	7.394366197	3.33535476
13701	5.780346821	3.351487222	7.042253521	3.33535476
13702	4.816955684	2.513615417	5.985915493	3.33535476
13703	5.298651252	1.675743611	5.633802817	3.032140691
13704	4.335260116	1.256807708	3.873239437	3.33535476
13705	4.335260116	1.675743611	4.225352113	3.032140691
13706	3.853564547	1.675743611	3.873239437	2.728926622
13707	3.371868979	1.675743611	3.873239437	2.122498484
13708	0.963391137	1.256807708	0.704225352	0.909642207
13709	0.963391137	1.256807708	0.352112676	0.606428138
13710	0.963391137	1.256807708	0.352112676	0.606428138
13711	0.481695568	0.837871806	0.352112676	0.606428138
13726	0.481695568	0.837871806	0.352112676	0.303214069
13727	0.481695568	0.418935903	0.704225352	0.303214069
13832	0.481695568	0.837871806	1.408450704	0.303214069
13833	0.481695568	0.837871806	1.408450704	0.606428138
13834	0.481695568	0.837871806	1.76056338	0.606428138
13835	0.481695568	0.837871806	2.112676056	0.606428138
13836	0.963391137	0.837871806	1.76056338	0.606428138
13837	0.963391137	0.837871806	1.76056338	0.606428138
13838	0.963391137	0.837871806	2.112676056	0.909642207
13839	0.963391137	0.837871806	1.76056338	1.212856277
13840	0.481695568	0.418935903	1.408450704	1.212856277
13841	0.481695568	0.418935903	1.056338028	0.909642207
13842	0.963391137	0.418935903	0.704225352	1.212856277
13843	1.445086705	0.418935903	0.352112676	0.909642207
13844	0.963391137	0.418935903	0.704225352	0.909642207
13845	0.963391137	0.418935903	0.704225352	0.909642207
13846	0.963391137	0.418935903	0.352112676	0.909642207
13847	0.963391137	0.418935903	0.352112676	0.606428138
13848	0.963391137	0.418935903	0.352112676	0.606428138
13849	0.963391137	0.418935903	0.352112676	0.606428138
13850	0.481695568	0.418935903	0.352112676	0.303214069
13862	1.926782274	0.418935903	0.352112676	1.212856277
13863	1.926782274	0.418935903	0.704225352	1.516070346
13864	1.926782274	0.837871806	2.464788732	1.819284415
13865	1.926782274	1.256807708	2.816901408	1.819284415
13866	1.926782274	2.513615417	3.521126761	2.425712553
13867	1.926782274	2.93255132	4.225352113	2.425712553
13868	1.926782274	2.93255132	4.225352113	2.425712553
13869	1.926782274	2.93255132	4.225352113	2.425712553
13870	0.963391137	2.93255132	3.873239437	1.516070346
13871	0.963391137	2.93255132	3.521126761	1.212856277
13872	0.963391137	2.513615417	1.76056338	1.212856277
13873	0.963391137	2.513615417	1.76056338	1.516070346
13874	1.926782274	1.256807708	1.408450704	1.212856277
13875	1.926782274	1.256807708	0.704225352	0.909642207
13876	2.408477842	1.256807708	0.352112676	0.909642207
13877	1.926782274	1.256807708	0.352112676	0.303214069
13878	1.445086705	0.837871806	0.352112676	0.606428138
13879	1.445086705	0.837871806	0.352112676	0.606428138
13880	1.445086705	0.837871806	0.352112676	0.606428138
13881	1.445086705	0.837871806	0.352112676	0.303214069
13882	0.481695568	0.418935903	0.352112676	0.303214069
13883	0.481695568	0.418935903	0.352112676	0.303214069
13884	0.481695568	0.418935903	0.352112676	0.303214069
13894	0.481695568	0.418935903	1.056338028	0.303214069
13895	0.481695568	0.418935903	1.408450704	0.303214069
13896	0.481695568	0.418935903	1.408450704	0.303214069
13897	0.481695568	0.837871806	1.408450704	0.606428138
13898	0.963391137	0.837871806	1.408450704	0.909642207
13899	0.481695568	1.675743611	1.408450704	0.909642207
13900	0.481695568	1.675743611	1.408450704	1.212856277
13901	0.963391137	2.094679514	0.352112676	1.516070346
13902	1.445086705	2.094679514	0.352112676	1.212856277
13903	1.445086705	2.513615417	0.352112676	1.212856277
13904	2.408477842	2.513615417	0.352112676	1.516070346
13905	2.89017341	2.094679514	0.704225352	1.819284415
13906	4.335260116	2.93255132	1.056338028	2.728926622
13907	4.335260116	3.351487222	1.408450704	2.728926622
13908	4.816955684	2.93255132	1.408450704	3.032140691
13909	4.816955684	2.513615417	1.408450704	2.728926622
13910	5.780346821	2.513615417	1.408450704	2.728926622
13911	6.262042389	1.675743611	1.76056338	2.728926622
13912	5.780346821	1.675743611	1.76056338	2.425712553
13913	5.298651252	1.675743611	1.408450704	2.122498484
13914	3.371868979	1.256807708	0.704225352	1.819284415
13915	1.926782274	1.256807708	0.352112676	1.516070346
13916	1.445086705	0.418935903	0.352112676	0.909642207
13917	0.963391137	0.418935903	0.352112676	0.606428138
13922	0.481695568	0.418935903	0.352112676	0.909642207
13923	0.481695568	0.418935903	0.704225352	0.909642207
13924	0.481695568	0.418935903	0.704225352	0.909642207
13925	0.481695568	0.418935903	0.704225352	0.909642207
13926	0.481695568	0.418935903	0.704225352	0.909642207
13927	0.481695568	0.418935903	0.704225352	0.909642207
13936	0.963391137	0.418935903	0.704225352	0.606428138
13937	0.481695568	0.418935903	0.352112676	0.606428138
13938	0.481695568	0.418935903	0.352112676	0.606428138
13939	0.481695568	0.418935903	0.352112676	0.606428138
13940	0.481695568	0.418935903	0.704225352	0.606428138
13999	3.371868979	1.675743611	0.352112676	0.303214069
14000	3.371868979	1.256807708	0.704225352	0.606428138
14001	3.371868979	1.256807708	0.704225352	0.909642207
14002	3.371868979	0.837871806	0.704225352	0.909642207
14003	2.408477842	0.837871806	0.704225352	0.909642207
14004	1.926782274	0.837871806	1.056338028	1.212856277
14005	1.445086705	0.837871806	0.704225352	1.212856277
14006	0.481695568	0.418935903	1.056338028	1.212856277
14011	0.481695568	0.837871806	1.056338028	0.303214069
14146	0.481695568	0.837871806	0.352112676	0.909642207
14147	0.963391137	0.418935903	0.352112676	0.909642207
14150	1.445086705	0.837871806	0.704225352	0.909642207
14151	1.445086705	0.837871806	0.704225352	0.909642207
14152	1.445086705	0.837871806	0.704225352	0.909642207
14153	1.445086705	0.837871806	0.704225352	0.909642207
14154	1.445086705	0.837871806	0.704225352	0.606428138
14155	1.445086705	0.837871806	0.704225352	0.606428138
14156	1.445086705	1.256807708	0.704225352	0.606428138
14157	1.445086705	1.256807708	0.704225352	0.606428138
14163	0.481695568	1.256807708	0.352112676	0.303214069
14164	1.445086705	0.837871806	0.352112676	0.606428138
14165	1.445086705	0.837871806	0.352112676	0.606428138
14166	1.445086705	0.837871806	0.352112676	0.606428138
14167	0.963391137	0.837871806	0.352112676	0.606428138
14168	0.963391137	0.837871806	0.352112676	0.909642207
14169	0.963391137	0.418935903	0.352112676	0.909642207
14170	0.963391137	0.418935903	0.352112676	0.909642207
14171	0.963391137	0.418935903	0.352112676	0.909642207
14226	0.481695568	0.418935903	0.352112676	0.303214069
14227	0.481695568	0.418935903	0.352112676	0.303214069
14228	0.481695568	0.418935903	0.352112676	0.303214069
14231	0.963391137	0.418935903	0.352112676	0.303214069
14232	0.963391137	0.418935903	0.704225352	0.303214069
14233	0.963391137	0.418935903	0.704225352	0.303214069
14234	0.963391137	0.418935903	0.704225352	2.122498484
14235	0.963391137	0.418935903	0.352112676	2.122498484
14236	0.963391137	0.418935903	0.352112676	2.122498484
14237	0.481695568	0.418935903	0.352112676	2.122498484
14238	0.481695568	0.418935903	0.352112676	2.122498484
14249	1.445086705	0.418935903	0.704225352	0.303214069
14250	1.445086705	0.418935903	0.352112676	0.303214069
14251	1.445086705	0.418935903	0.352112676	0.606428138
14252	1.926782274	0.837871806	0.704225352	0.909642207
14253	1.926782274	0.418935903	0.704225352	1.212856277
14254	1.926782274	0.418935903	0.704225352	1.212856277
14255	1.926782274	0.418935903	0.704225352	1.212856277
14256	0.963391137	0.418935903	0.704225352	1.212856277
14257	0.963391137	0.418935903	0.704225352	0.909642207
14258	0.481695568	0.418935903	0.704225352	1.212856277
14259	0.481695568	0.418935903	0.704225352	0.909642207
14275	0.963391137	0.837871806	0.352112676	0.606428138
14276	0.963391137	1.256807708	0.352112676	0.909642207
14277	0.963391137	1.256807708	0.352112676	1.212856277
14278	0.481695568	1.675743611	0.352112676	1.212856277
14279	0.481695568	1.675743611	0.352112676	1.212856277
14280	0.481695568	1.675743611	0.352112676	1.516070346
14301	0.481695568	1.675743611	1.408450704	0.909642207
14302	0.481695568	1.675743611	1.056338028	0.909642207
14303	0.963391137	1.675743611	1.056338028	0.909642207
14304	0.963391137	1.675743611	1.056338028	0.909642207
14305	0.963391137	1.675743611	1.056338028	0.909642207
14306	0.963391137	1.675743611	1.056338028	0.909642207
14307	0.963391137	1.675743611	0.704225352	1.212856277
14308	0.963391137	0.837871806	0.352112676	0.303214069
14332	0.481695568	0.418935903	0.352112676	0.606428138
14333	0.963391137	0.837871806	0.704225352	0.606428138
14334	0.963391137	0.837871806	0.704225352	0.303214069
14335	0.963391137	0.837871806	0.704225352	0.303214069
14336	0.963391137	0.837871806	3.521126761	0.909642207
14337	0.963391137	0.837871806	3.521126761	1.212856277
14338	0.963391137	0.837871806	3.521126761	1.212856277
14339	0.963391137	0.418935903	3.521126761	1.212856277
14340	0.963391137	0.418935903	3.169014085	0.909642207
14344	0.481695568	0.418935903	2.816901408	0.606428138
14347	0.963391137	0.837871806	0.352112676	0.303214069
14348	0.963391137	0.837871806	0.352112676	0.303214069
14349	0.963391137	1.675743611	0.352112676	0.303214069
14350	0.963391137	1.675743611	0.352112676	0.303214069
14351	0.963391137	1.675743611	0.352112676	0.303214069
14352	0.963391137	1.675743611	0.352112676	0.606428138
14353	0.481695568	1.675743611	0.704225352	0.303214069
14354	0.481695568	1.675743611	0.704225352	0.303214069
14378	0.963391137	1.256807708	1.408450704	1.212856277
14379	1.445086705	1.675743611	1.408450704	1.212856277
14380	1.926782274	2.094679514	1.76056338	1.819284415
14381	2.408477842	2.513615417	2.112676056	2.425712553
14382	3.371868979	3.351487222	2.464788732	2.425712553
14383	3.853564547	3.770423125	2.816901408	2.728926622
14384	3.853564547	3.770423125	2.816901408	2.728926622
14385	3.853564547	3.770423125	3.169014085	2.122498484
14386	3.371868979	3.351487222	2.816901408	2.728926622
14387	2.89017341	3.351487222	2.464788732	2.122498484
14388	2.408477842	2.513615417	1.76056338	1.819284415
14389	2.408477842	2.094679514	2.112676056	1.516070346
14390	1.445086705	0.837871806	1.408450704	0.606428138
14391	0.481695568	0.418935903	1.056338028	0.606428138
14392	0.481695568	0.418935903	1.056338028	0.606428138
14393	0.481695568	0.418935903	0.704225352	0.606428138
14431	0.963391137	0.418935903	0.704225352	1.212856277
14432	0.963391137	0.837871806	0.704225352	2.728926622
14433	1.445086705	0.837871806	0.704225352	2.728926622
14434	1.926782274	1.675743611	1.056338028	3.63856883
14435	1.926782274	3.351487222	1.76056338	3.941782899
14436	2.408477842	3.770423125	2.112676056	5.457853244
14437	2.89017341	4.608294931	1.76056338	5.457853244
14438	4.335260116	7.959782153	2.464788732	5.761067314
14439	4.335260116	7.959782153	2.816901408	6.064281383
14440	4.335260116	7.121910348	3.521126761	5.761067314
14441	4.335260116	7.121910348	3.521126761	4.548211037
14442	3.371868979	6.284038542	3.521126761	4.548211037
14443	2.89017341	4.608294931	2.816901408	3.33535476
14444	2.89017341	4.189359028	2.112676056	2.425712553
14445	1.926782274	3.770423125	2.112676056	2.122498484
14446	0.481695568	0.418935903	1.408450704	1.819284415
14463	0.963391137	0.418935903	0.352112676	0.606428138
14464	0.963391137	0.418935903	0.352112676	0.606428138
14465	0.963391137	0.418935903	0.352112676	0.606428138
14466	0.481695568	0.837871806	0.352112676	0.606428138
14467	0.481695568	0.837871806	0.352112676	0.606428138
14468	0.481695568	0.837871806	0.704225352	0.909642207
14469	0.481695568	0.418935903	0.704225352	0.909642207
14470	0.481695568	0.418935903	0.704225352	0.909642207
14471	0.481695568	0.418935903	0.704225352	0.606428138
14541	0.481695568	0.418935903	1.76056338	0.303214069
14542	0.481695568	0.418935903	1.76056338	0.303214069
14543	0.481695568	0.837871806	1.76056338	0.303214069
14544	0.963391137	0.837871806	1.76056338	1.212856277
14545	0.963391137	0.837871806	1.408450704	1.212856277
14546	1.445086705	0.418935903	1.76056338	1.212856277
14547	0.963391137	0.418935903	1.408450704	1.212856277
14548	0.963391137	0.837871806	1.408450704	1.212856277
14549	0.963391137	0.837871806	1.056338028	0.909642207
14550	0.963391137	0.837871806	1.056338028	1.212856277
14551	0.963391137	0.418935903	0.704225352	1.212856277
14552	0.481695568	0.418935903	0.704225352	0.606428138
14553	0.481695568	0.418935903	0.704225352	0.606428138
14564	0.481695568	0.837871806	0.704225352	0.303214069
14565	0.481695568	0.837871806	0.352112676	0.303214069
14568	0.481695568	0.837871806	0.352112676	0.303214069
14660	1.926782274	1.256807708	0.352112676	0.909642207
14661	0.481695568	1.256807708	0.704225352	0.606428138
14662	0.481695568	1.256807708	0.704225352	0.606428138
14668	0.481695568	0.418935903	1.408450704	0.303214069
14669	0.481695568	0.418935903	1.056338028	0.303214069
14670	0.481695568	0.418935903	1.056338028	0.606428138
14687	0.481695568	1.675743611	0.352112676	0.303214069
14688	0.963391137	1.675743611	0.352112676	0.909642207
14689	0.963391137	1.675743611	0.352112676	0.909642207
14690	0.963391137	1.675743611	0.352112676	0.909642207
14725	0.481695568	0.418935903	1.408450704	0.606428138
14726	0.963391137	0.418935903	1.76056338	0.909642207
14727	1.926782274	0.418935903	1.408450704	0.909642207
14728	2.408477842	0.418935903	1.76056338	0.909642207
14729	2.408477842	0.418935903	1.056338028	0.606428138
14730	2.408477842	0.418935903	1.408450704	0.909642207
14731	2.89017341	0.418935903	1.408450704	0.909642207
14732	2.89017341	0.418935903	1.056338028	0.909642207
14733	2.89017341	0.418935903	1.056338028	0.606428138
14734	2.408477842	0.418935903	0.704225352	0.606428138
14735	1.926782274	0.418935903	0.704225352	0.606428138
14736	0.963391137	0.418935903	0.704225352	0.606428138
14737	0.963391137	0.837871806	0.704225352	0.606428138
14739	0.481695568	1.256807708	0.352112676	0.303214069
14740	0.481695568	0.837871806	0.352112676	0.303214069
14741	0.963391137	1.256807708	0.352112676	0.303214069
14742	0.481695568	1.256807708	0.352112676	0.606428138
14743	0.963391137	1.256807708	0.352112676	0.909642207
14744	0.963391137	1.256807708	0.704225352	0.909642207
14745	0.963391137	1.256807708	0.704225352	1.516070346
14746	0.963391137	1.256807708	0.352112676	1.819284415
14747	0.963391137	0.837871806	0.352112676	1.516070346
14748	0.963391137	0.837871806	0.352112676	1.516070346
14749	0.481695568	0.418935903	0.352112676	1.819284415
14750	0.481695568	0.837871806	0.352112676	1.516070346
14754	0.481695568	1.256807708	0.704225352	0.909642207
14755	0.481695568	1.256807708	0.704225352	0.909642207
14756	0.481695568	1.256807708	0.704225352	0.909642207
14757	0.481695568	0.837871806	0.704225352	0.909642207
14758	0.481695568	0.837871806	0.704225352	0.909642207
14759	0.481695568	0.837871806	0.352112676	0.606428138
14822	0.963391137	0.418935903	0.704225352	0.606428138
14823	0.963391137	0.418935903	0.704225352	0.606428138
14824	0.963391137	0.837871806	0.704225352	0.606428138
14825	0.963391137	0.837871806	0.704225352	0.606428138
14826	0.963391137	0.837871806	0.704225352	0.606428138
14827	0.963391137	0.837871806	0.704225352	0.606428138
14828	0.481695568	0.837871806	0.704225352	0.606428138
14829	0.481695568	0.837871806	0.704225352	0.606428138
14847	0.481695568	0.418935903	0.352112676	0.303214069
14850	0.481695568	0.418935903	0.352112676	0.303214069
14851	0.481695568	0.418935903	0.352112676	0.303214069
14856	0.481695568	1.256807708	0.352112676	0.303214069
14857	0.481695568	1.256807708	0.352112676	0.303214069
14858	0.481695568	0.837871806	0.352112676	0.303214069
14859	0.481695568	0.837871806	0.352112676	0.303214069
14953	0.481695568	0.418935903	1.056338028	0.303214069
14954	1.926782274	0.837871806	1.408450704	1.212856277
14955	2.89017341	0.837871806	1.408450704	1.516070346
14956	2.89017341	0.418935903	1.408450704	1.516070346
14957	2.89017341	1.256807708	1.056338028	1.516070346
14958	2.89017341	1.256807708	1.408450704	1.819284415
14959	3.371868979	1.256807708	1.76056338	1.819284415
14960	3.371868979	1.256807708	1.76056338	1.819284415
14961	2.89017341	1.675743611	1.76056338	1.516070346
14962	1.445086705	1.256807708	1.056338028	0.606428138
14991	0.481695568	0.418935903	1.056338028	0.303214069
14992	0.481695568	0.418935903	1.408450704	0.303214069
14993	0.481695568	0.418935903	2.112676056	0.303214069
15067	0.963391137	0.418935903	0.704225352	1.212856277
15068	0.963391137	0.418935903	0.352112676	0.606428138
15069	0.481695568	0.418935903	0.352112676	0.606428138
15156	2.408477842	1.256807708	0.352112676	1.516070346
15157	1.926782274	0.837871806	0.352112676	1.212856277
15158	1.926782274	0.837871806	0.352112676	1.516070346
15159	1.926782274	1.675743611	0.704225352	1.212856277
15160	1.926782274	1.675743611	1.056338028	1.212856277
15161	1.445086705	1.675743611	1.056338028	1.212856277
15162	1.926782274	1.256807708	1.408450704	1.819284415
15163	1.926782274	1.256807708	2.112676056	1.819284415
15164	1.926782274	1.256807708	2.464788732	2.425712553
15165	2.408477842	1.675743611	2.464788732	2.728926622
15166	2.408477842	1.675743611	2.464788732	3.032140691
15167	2.408477842	0.837871806	2.112676056	2.728926622
15168	2.408477842	0.418935903	1.76056338	2.728926622
15169	1.926782274	0.418935903	1.76056338	2.728926622
15170	1.445086705	0.418935903	1.76056338	2.122498484
15171	0.963391137	0.418935903	1.056338028	1.819284415
15172	0.963391137	0.418935903	0.704225352	1.212856277
15200	0.481695568	0.418935903	0.352112676	0.303214069
15201	0.481695568	0.837871806	0.352112676	0.606428138
15202	0.481695568	0.837871806	0.704225352	0.606428138
15245	0.481695568	0.418935903	1.056338028	1.516070346
15246	1.445086705	0.418935903	0.704225352	1.516070346
15247	1.445086705	0.418935903	1.408450704	1.212856277
15248	2.408477842	0.418935903	1.408450704	0.909642207
15249	2.408477842	0.418935903	1.408450704	1.212856277
15250	2.89017341	0.418935903	1.408450704	1.212856277
15251	2.89017341	0.418935903	1.408450704	0.606428138
15252	2.89017341	0.418935903	1.408450704	0.606428138
15253	2.408477842	0.418935903	1.056338028	0.606428138
15254	2.408477842	0.418935903	1.056338028	0.606428138
15255	1.926782274	0.418935903	0.704225352	0.606428138
15256	1.445086705	0.418935903	1.056338028	0.606428138
15299	0.481695568	0.418935903	1.056338028	0.303214069
15317	0.481695568	0.837871806	0.704225352	0.303214069
15516	0.481695568	0.418935903	0.704225352	0.303214069
15517	0.963391137	1.256807708	0.704225352	0.606428138
15518	0.963391137	1.675743611	0.704225352	1.212856277
15519	0.963391137	2.094679514	0.704225352	1.212856277
15520	0.963391137	2.094679514	0.704225352	1.212856277
15521	1.926782274	2.513615417	1.408450704	2.425712553
15522	1.926782274	2.513615417	1.76056338	2.425712553
15523	2.89017341	2.513615417	1.76056338	2.425712553
15524	2.408477842	2.094679514	1.408450704	2.728926622
15525	1.926782274	1.256807708	1.408450704	2.122498484
15526	1.926782274	1.256807708	1.408450704	2.122498484
15527	1.926782274	0.418935903	1.408450704	1.819284415
15528	1.926782274	0.837871806	1.76056338	1.819284415
15529	1.445086705	0.418935903	1.408450704	1.819284415
15530	0.963391137	0.418935903	1.056338028	0.606428138
15556	0.963391137	0.837871806	1.056338028	0.303214069
15557	0.963391137	0.837871806	1.056338028	0.303214069
15558	0.481695568	0.837871806	1.408450704	0.303214069
15559	0.481695568	0.418935903	1.056338028	0.303214069
15560	0.481695568	0.837871806	0.704225352	0.303214069
15561	0.481695568	0.837871806	1.056338028	0.303214069
15562	0.481695568	0.837871806	1.408450704	0.303214069
15563	0.481695568	0.418935903	1.76056338	0.606428138
15564	0.481695568	0.837871806	1.76056338	0.303214069
15565	0.481695568	0.837871806	1.76056338	0.303214069
15566	0.481695568	0.837871806	1.056338028	0.303214069
15567	0.481695568	0.837871806	1.056338028	0.303214069
15568	0.481695568	0.418935903	1.056338028	0.303214069
15569	0.481695568	0.418935903	1.056338028	0.303214069
15570	0.481695568	1.256807708	1.056338028	0.303214069
15571	0.481695568	1.256807708	0.704225352	0.303214069
15574	0.481695568	0.837871806	0.352112676	0.303214069
15575	0.481695568	0.837871806	0.352112676	0.303214069
15611	0.963391137	0.418935903	1.056338028	0.606428138
15612	0.963391137	0.418935903	1.408450704	0.606428138
15613	1.445086705	0.418935903	1.408450704	0.606428138
15614	1.445086705	0.837871806	1.408450704	0.606428138
15615	1.445086705	0.837871806	1.408450704	0.606428138
15616	1.445086705	0.837871806	1.056338028	0.606428138
15617	0.963391137	0.837871806	0.704225352	0.303214069
15618	0.963391137	0.837871806	0.352112676	0.303214069
15640	0.481695568	0.418935903	0.352112676	0.303214069
15641	0.963391137	0.837871806	0.352112676	0.303214069
15642	1.445086705	0.837871806	0.704225352	0.303214069
15643	1.445086705	0.837871806	0.704225352	0.303214069
15644	1.445086705	0.837871806	1.408450704	0.303214069
15645	0.963391137	0.837871806	1.408450704	0.606428138
15646	0.963391137	0.837871806	1.408450704	0.606428138
15647	0.963391137	0.418935903	1.408450704	0.606428138
15648	0.963391137	0.418935903	1.408450704	0.606428138
15649	0.481695568	0.418935903	1.056338028	0.606428138
15662	0.481695568	0.418935903	0.352112676	0.606428138
15663	0.481695568	0.418935903	1.408450704	0.606428138
15664	0.481695568	0.837871806	1.76056338	0.606428138
15665	0.963391137	0.837871806	1.76056338	0.606428138
15666	0.963391137	0.837871806	1.76056338	0.606428138
15667	0.963391137	0.418935903	1.76056338	0.606428138
15668	0.963391137	0.837871806	1.76056338	0.606428138
15669	0.963391137	0.837871806	1.76056338	0.303214069
15670	0.963391137	0.837871806	1.76056338	0.606428138
15671	0.963391137	0.837871806	0.704225352	0.606428138
15672	0.963391137	0.837871806	0.352112676	0.606428138
15697	0.481695568	0.837871806	0.352112676	0.303214069
15698	0.481695568	0.837871806	0.352112676	0.303214069
15699	0.963391137	0.837871806	0.352112676	0.303214069
15700	0.963391137	0.837871806	0.352112676	0.303214069
15701	0.963391137	0.837871806	0.352112676	0.303214069
15702	0.963391137	0.837871806	0.352112676	0.303214069
15703	0.481695568	0.837871806	0.352112676	0.303214069
15735	0.481695568	0.418935903	1.056338028	1.516070346
15736	0.481695568	0.837871806	1.056338028	1.819284415
15740	0.481695568	0.418935903	0.352112676	0.606428138
15787	1.445086705	0.418935903	1.76056338	0.303214069
15788	1.926782274	0.418935903	1.408450704	0.303214069
15790	1.926782274	0.837871806	1.056338028	0.303214069
15791	1.926782274	0.837871806	0.352112676	0.303214069
15792	1.445086705	0.837871806	0.352112676	0.303214069
15794	1.926782274	0.837871806	0.704225352	0.606428138
15795	0.963391137	0.418935903	1.056338028	0.606428138
15796	1.445086705	0.418935903	1.056338028	0.606428138
15797	1.926782274	0.837871806	1.056338028	0.606428138
15798	1.926782274	0.837871806	1.056338028	0.303214069
15799	2.408477842	0.418935903	1.056338028	0.303214069
15800	2.89017341	0.837871806	1.056338028	0.303214069
15801	2.408477842	1.675743611	1.056338028	0.303214069
15802	3.371868979	2.513615417	0.704225352	0.909642207
15803	3.853564547	2.513615417	0.352112676	1.516070346
15804	2.89017341	3.351487222	0.352112676	1.516070346
15805	3.371868979	2.93255132	0.352112676	1.819284415
15806	4.335260116	2.93255132	0.352112676	2.425712553
15807	4.335260116	2.93255132	0.704225352	2.425712553
15808	4.335260116	3.351487222	1.408450704	2.425712553
15809	3.371868979	2.513615417	2.112676056	2.728926622
15810	2.89017341	2.513615417	1.76056338	2.728926622
15811	2.408477842	3.770423125	1.76056338	2.728926622
15812	2.408477842	2.93255132	1.76056338	2.122498484
15813	1.926782274	2.513615417	1.76056338	2.425712553
15814	1.926782274	2.513615417	1.76056338	2.122498484
15815	2.408477842	2.513615417	1.76056338	1.819284415
15816	2.408477842	2.094679514	1.408450704	1.819284415
15817	1.445086705	2.094679514	1.056338028	1.516070346
15818	1.445086705	2.094679514	0.704225352	1.212856277
15819	0.481695568	0.837871806	0.704225352	0.909642207
15820	0.963391137	0.837871806	0.704225352	0.909642207
15821	0.963391137	0.418935903	1.056338028	0.606428138
15822	0.963391137	0.418935903	1.056338028	0.909642207
15823	0.963391137	0.418935903	1.056338028	0.909642207
15824	1.445086705	0.837871806	0.352112676	0.606428138
15825	0.963391137	0.837871806	0.352112676	0.303214069
15826	0.963391137	0.837871806	0.704225352	0.303214069
15827	0.963391137	0.837871806	0.704225352	0.606428138
15828	0.963391137	0.837871806	0.704225352	0.606428138
15829	0.963391137	0.837871806	0.352112676	0.606428138
15830	0.963391137	0.418935903	0.352112676	0.303214069
15831	0.963391137	0.418935903	0.352112676	0.303214069
15832	0.481695568	0.837871806	0.352112676	0.303214069
15833	0.481695568	0.418935903	0.352112676	0.303214069
15834	0.481695568	0.418935903	0.352112676	0.303214069
15891	0.481695568	1.256807708	0.704225352	0.303214069
15892	0.481695568	0.837871806	1.056338028	0.303214069
15918	0.481695568	0.837871806	0.704225352	0.303214069
15920	0.481695568	0.418935903	0.352112676	0.606428138
15921	0.481695568	0.418935903	0.352112676	0.606428138
15990	0.963391137	0.418935903	1.056338028	0.606428138
15991	0.963391137	1.256807708	1.408450704	0.606428138
15992	0.963391137	1.675743611	1.408450704	0.606428138
15993	0.963391137	1.675743611	1.408450704	0.606428138
15994	0.963391137	1.675743611	1.408450704	0.606428138
15995	0.963391137	1.675743611	1.408450704	0.606428138
15996	0.963391137	1.675743611	1.408450704	0.606428138
16047	0.481695568	1.675743611	0.352112676	0.303214069
16048	0.481695568	1.256807708	0.352112676	0.303214069
16082	0.481695568	0.418935903	1.056338028	0.606428138
16083	0.481695568	1.256807708	0.704225352	0.606428138
16084	0.481695568	1.256807708	0.704225352	0.606428138
16085	0.481695568	1.256807708	0.704225352	0.909642207
16086	1.445086705	1.675743611	0.704225352	1.516070346
16087	1.445086705	1.675743611	0.704225352	0.909642207
16088	1.445086705	1.675743611	0.704225352	0.909642207
16089	1.445086705	1.675743611	0.352112676	0.909642207
16139	0.963391137	0.418935903	0.352112676	0.909642207
16140	0.963391137	0.837871806	0.352112676	0.909642207
16141	0.963391137	0.837871806	0.352112676	0.909642207
16142	0.963391137	0.837871806	0.352112676	0.909642207
16143	1.445086705	0.837871806	0.352112676	0.909642207
16144	0.963391137	0.837871806	0.352112676	0.909642207
16145	0.963391137	0.837871806	0.352112676	0.909642207
16146	0.481695568	0.837871806	0.352112676	0.303214069
16147	0.481695568	0.418935903	0.352112676	0.303214069
16168	0.481695568	0.418935903	0.704225352	0.606428138
16171	0.481695568	0.418935903	0.704225352	0.606428138
16172	0.481695568	0.418935903	0.704225352	0.606428138
16173	0.481695568	0.418935903	0.704225352	0.909642207
16174	0.481695568	0.418935903	0.704225352	0.909642207
16175	0.481695568	0.418935903	0.704225352	0.606428138
16252	1.445086705	0.418935903	0.352112676	0.606428138
16253	1.445086705	0.837871806	0.352112676	0.606428138
16254	0.963391137	0.837871806	0.352112676	0.303214069
16255	0.963391137	0.837871806	0.352112676	0.303214069
16256	1.445086705	1.256807708	0.704225352	0.606428138
16257	1.445086705	1.256807708	0.704225352	0.606428138
16258	0.963391137	1.256807708	0.704225352	0.606428138
16259	0.481695568	1.256807708	0.704225352	0.606428138
16260	0.481695568	1.256807708	0.352112676	0.303214069
16261	0.481695568	1.256807708	0.352112676	0.303214069
16262	0.481695568	0.418935903	0.352112676	0.303214069
16263	0.481695568	0.418935903	0.352112676	0.303214069
16271	0.481695568	0.837871806	0.352112676	0.303214069
16314	0.963391137	0.418935903	0.704225352	0.303214069
16408	0.963391137	0.418935903	0.704225352	0.303214069
16409	0.963391137	0.418935903	0.704225352	0.303214069
16410	1.445086705	0.837871806	0.704225352	0.606428138
16411	1.445086705	0.837871806	0.352112676	0.606428138
16412	1.445086705	0.837871806	1.056338028	0.303214069
16413	1.445086705	0.837871806	1.056338028	0.303214069
16414	0.963391137	0.837871806	1.408450704	0.303214069
16415	0.963391137	0.837871806	1.408450704	0.303214069
16416	0.481695568	0.837871806	1.056338028	0.303214069
16417	0.481695568	0.418935903	1.056338028	0.303214069
16449	0.481695568	0.837871806	1.76056338	0.606428138
16450	0.481695568	0.837871806	1.76056338	0.303214069
16451	0.963391137	0.837871806	1.408450704	0.303214069
16503	0.481695568	0.837871806	0.352112676	0.303214069
16504	0.963391137	1.256807708	0.352112676	0.303214069
16505	0.963391137	1.256807708	0.352112676	0.303214069
16506	3.371868979	1.675743611	0.352112676	0.606428138
16507	3.371868979	2.93255132	0.704225352	1.212856277
16508	3.371868979	3.351487222	0.704225352	1.819284415
16509	4.335260116	5.027230834	1.056338028	2.425712553
16510	4.335260116	5.446166736	1.76056338	2.728926622
16511	3.853564547	5.446166736	1.76056338	3.032140691
16512	3.853564547	5.446166736	2.464788732	3.032140691
16513	3.371868979	7.959782153	2.816901408	4.851425106
16514	4.816955684	7.959782153	3.169014085	4.851425106
16515	4.335260116	7.959782153	3.873239437	6.367495452
16516	4.335260116	9.635525765	4.577464789	6.367495452
16517	4.335260116	8.797653959	5.633802817	7.277137659
16518	3.853564547	7.959782153	6.338028169	6.367495452
16519	4.335260116	7.959782153	5.985915493	6.064281383
16520	4.335260116	7.540846251	5.281690141	6.670709521
16521	4.335260116	4.608294931	4.929577465	4.851425106
16522	3.371868979	5.027230834	4.577464789	3.941782899
16523	1.926782274	4.189359028	3.521126761	2.425712553
16524	1.445086705	1.675743611	3.521126761	2.122498484
16525	0.481695568	1.256807708	1.76056338	0.909642207
16551	0.963391137	0.837871806	1.056338028	0.303214069
16552	0.481695568	0.418935903	1.056338028	0.606428138
16558	0.963391137	0.418935903	0.352112676	0.909642207
16559	0.963391137	0.418935903	0.352112676	0.606428138
16560	0.963391137	0.418935903	0.352112676	0.606428138
16561	0.963391137	0.418935903	0.352112676	0.303214069
16562	0.963391137	0.418935903	0.352112676	0.303214069
16582	0.481695568	1.256807708	0.352112676	0.303214069
16584	0.481695568	1.256807708	0.352112676	0.909642207
16585	0.481695568	0.837871806	0.352112676	0.909642207
16586	0.481695568	0.418935903	0.352112676	1.212856277
16587	0.481695568	0.418935903	0.352112676	1.212856277
16593	0.481695568	0.418935903	0.704225352	0.606428138
16594	0.481695568	0.837871806	0.352112676	0.303214069
16595	0.481695568	0.837871806	0.352112676	0.606428138
16596	0.481695568	0.837871806	0.704225352	0.303214069
16597	0.481695568	0.837871806	0.704225352	0.303214069
16598	0.481695568	1.256807708	0.704225352	0.303214069
16599	0.481695568	0.837871806	0.352112676	0.303214069
16600	0.963391137	0.837871806	0.352112676	0.303214069
16665	1.445086705	0.837871806	1.408450704	0.303214069
16666	1.926782274	0.837871806	1.76056338	0.606428138
16667	1.445086705	0.837871806	1.76056338	0.606428138
16668	1.445086705	0.837871806	1.76056338	0.606428138
16669	1.445086705	1.675743611	1.76056338	0.606428138
16670	1.445086705	1.256807708	1.408450704	0.606428138
16671	1.445086705	0.837871806	1.408450704	0.606428138
16672	1.445086705	0.837871806	1.056338028	0.606428138
16673	0.481695568	0.837871806	0.352112676	0.606428138
16722	0.481695568	0.418935903	0.352112676	0.303214069
16723	0.481695568	0.418935903	0.352112676	0.303214069
16724	0.481695568	0.418935903	0.352112676	0.303214069
16725	0.481695568	0.418935903	0.352112676	0.303214069
16800	0.963391137	0.418935903	0.352112676	0.303214069
16801	0.963391137	0.418935903	0.352112676	0.303214069
16802	0.963391137	0.418935903	0.352112676	0.303214069
16803	0.963391137	0.418935903	0.352112676	0.303214069
16804	0.963391137	0.418935903	0.352112676	0.303214069
16805	1.926782274	1.256807708	0.704225352	0.303214069
16806	2.89017341	1.675743611	0.704225352	0.303214069
16807	2.408477842	1.675743611	0.352112676	0.606428138
16808	2.408477842	1.256807708	1.056338028	0.606428138
16809	2.408477842	1.256807708	1.76056338	0.909642207
16810	2.408477842	1.675743611	1.76056338	0.909642207
16811	2.408477842	1.675743611	1.76056338	0.909642207
16812	2.408477842	1.675743611	1.76056338	0.909642207
16813	2.408477842	0.837871806	1.408450704	0.909642207
16814	1.926782274	0.837871806	1.408450704	0.909642207
16815	1.445086705	0.418935903	1.408450704	0.606428138
16816	0.481695568	0.418935903	1.056338028	0.606428138
16886	1.445086705	0.418935903	0.352112676	0.303214069
16887	1.926782274	0.418935903	0.352112676	0.303214069
16888	1.926782274	0.418935903	0.352112676	0.606428138
16889	1.926782274	0.837871806	0.704225352	1.212856277
16890	1.926782274	1.256807708	0.704225352	1.516070346
16891	1.926782274	0.837871806	1.056338028	1.516070346
16892	1.926782274	0.837871806	1.056338028	1.819284415
16893	1.926782274	0.837871806	1.056338028	1.516070346
16894	1.445086705	1.256807708	1.408450704	1.516070346
16895	1.445086705	1.675743611	1.408450704	1.516070346
16896	1.445086705	1.675743611	1.408450704	1.212856277
16897	0.963391137	2.094679514	1.056338028	0.909642207
16898	0.963391137	2.094679514	1.76056338	0.606428138
16899	1.445086705	2.094679514	1.76056338	1.212856277
16900	1.445086705	2.094679514	1.408450704	0.909642207
16901	1.445086705	2.094679514	1.408450704	1.516070346
16902	1.926782274	2.094679514	1.056338028	1.819284415
16903	1.445086705	2.094679514	1.056338028	1.819284415
16904	1.445086705	2.513615417	0.704225352	1.819284415
16905	0.963391137	2.094679514	0.704225352	1.516070346
16906	0.963391137	1.675743611	0.704225352	1.516070346
16907	0.481695568	1.256807708	0.352112676	1.516070346
16908	0.481695568	1.256807708	0.704225352	0.909642207
16909	0.963391137	1.256807708	0.704225352	1.212856277
16910	0.963391137	1.256807708	0.704225352	1.516070346
16911	1.445086705	0.418935903	0.704225352	0.606428138
16914	2.89017341	0.418935903	1.056338028	0.909642207
16915	2.89017341	0.418935903	2.112676056	0.909642207
16916	2.89017341	0.418935903	1.76056338	0.909642207
16917	2.408477842	0.418935903	1.76056338	1.819284415
16918	2.408477842	0.418935903	1.76056338	1.516070346
16919	1.445086705	0.418935903	1.76056338	1.516070346
16920	0.963391137	0.418935903	1.408450704	1.212856277
16921	0.481695568	0.418935903	1.408450704	1.212856277
16922	0.481695568	0.418935903	1.056338028	1.212856277
16982	0.481695568	1.256807708	0.352112676	0.606428138
16998	0.481695568	0.418935903	0.352112676	0.303214069
17016	0.963391137	1.256807708	0.352112676	0.303214069
17017	0.963391137	1.256807708	0.352112676	0.303214069
17018	0.963391137	1.675743611	0.352112676	0.303214069
17019	0.481695568	1.256807708	0.352112676	0.303214069
17020	0.481695568	1.256807708	0.352112676	0.303214069
17022	0.481695568	0.837871806	0.352112676	0.303214069
17023	0.481695568	0.418935903	0.352112676	0.303214069
17062	0.963391137	0.418935903	0.352112676	0.606428138
17063	0.963391137	0.418935903	0.352112676	0.606428138
17065	0.963391137	0.418935903	0.352112676	0.303214069
17066	0.963391137	0.418935903	0.352112676	0.303214069
17067	0.963391137	0.418935903	0.352112676	0.303214069
17068	0.963391137	0.418935903	0.352112676	0.303214069
17198	0.481695568	2.513615417	1.408450704	0.606428138
17199	0.963391137	2.93255132	2.816901408	1.212856277
17200	0.963391137	2.93255132	2.816901408	1.819284415
17201	1.445086705	2.93255132	2.816901408	2.122498484
17202	1.445086705	2.93255132	2.816901408	2.728926622
17203	1.445086705	2.93255132	2.816901408	2.728926622
17204	1.926782274	2.93255132	3.169014085	3.33535476
17205	2.89017341	2.93255132	3.169014085	3.032140691
17206	2.89017341	1.675743611	2.112676056	3.33535476
17207	2.89017341	1.675743611	1.408450704	2.728926622
17208	2.89017341	1.675743611	0.704225352	3.33535476
17209	2.89017341	1.675743611	0.704225352	3.032140691
17210	2.408477842	1.675743611	1.056338028	1.819284415
17211	2.408477842	1.675743611	1.056338028	2.122498484
17212	1.926782274	1.256807708	0.352112676	1.819284415
17213	1.445086705	1.256807708	0.352112676	1.516070346
17214	1.445086705	1.256807708	0.352112676	1.212856277
17215	0.963391137	1.256807708	0.352112676	1.212856277
17227	0.481695568	0.837871806	0.704225352	0.606428138
17228	0.481695568	0.837871806	0.352112676	0.606428138
17229	0.481695568	0.837871806	0.352112676	0.606428138
17230	0.481695568	0.837871806	0.352112676	0.606428138
17231	0.481695568	0.837871806	0.352112676	0.606428138
17232	0.481695568	0.837871806	0.704225352	0.303214069
17265	0.481695568	1.675743611	0.352112676	0.909642207
17266	0.481695568	1.675743611	0.352112676	1.212856277
17267	0.481695568	2.513615417	0.352112676	1.212856277
17268	0.963391137	2.513615417	0.352112676	0.909642207
17269	0.481695568	2.513615417	0.352112676	0.909642207
17270	0.481695568	2.513615417	1.056338028	1.212856277
17271	0.481695568	2.094679514	1.056338028	0.909642207
17272	2.408477842	5.027230834	1.76056338	0.909642207
17273	3.371868979	4.608294931	1.76056338	0.606428138
17274	3.371868979	5.446166736	1.76056338	0.606428138
17275	4.335260116	5.446166736	2.464788732	0.606428138
17276	4.335260116	5.446166736	2.464788732	0.303214069
17277	3.853564547	4.608294931	2.464788732	0.606428138
17278	3.853564547	4.608294931	2.112676056	0.303214069
17279	3.853564547	4.189359028	1.408450704	0.303214069
17280	1.926782274	1.675743611	1.408450704	0.303214069
17281	0.963391137	1.675743611	1.056338028	0.303214069
17282	1.445086705	1.256807708	2.816901408	0.303214069
17287	0.481695568	0.418935903	2.464788732	0.606428138
17288	0.481695568	0.418935903	2.464788732	0.606428138
17289	0.481695568	0.418935903	2.112676056	0.606428138
17291	0.481695568	0.418935903	0.352112676	0.606428138
17292	0.481695568	0.418935903	0.352112676	0.303214069
17293	0.481695568	0.418935903	0.352112676	0.303214069
17353	1.926782274	1.256807708	1.76056338	1.212856277
17354	2.89017341	1.675743611	2.112676056	1.212856277
17355	2.89017341	1.675743611	2.112676056	1.212856277
17356	2.408477842	1.675743611	2.112676056	1.212856277
17357	1.445086705	1.675743611	1.408450704	1.516070346
17358	1.926782274	1.675743611	1.056338028	1.516070346
17359	1.445086705	1.675743611	1.056338028	1.516070346
17360	1.445086705	1.675743611	1.056338028	1.516070346
17361	1.445086705	1.675743611	0.704225352	1.212856277
17363	1.445086705	0.418935903	0.352112676	0.606428138
17364	1.445086705	0.837871806	0.352112676	0.909642207
17365	1.926782274	0.837871806	0.352112676	0.909642207
17366	1.926782274	0.837871806	0.352112676	0.606428138
17367	1.445086705	1.256807708	0.352112676	0.606428138
17368	2.408477842	1.675743611	0.352112676	0.909642207
17369	2.408477842	1.675743611	0.352112676	0.909642207
17370	1.926782274	1.675743611	0.352112676	0.909642207
17371	1.445086705	1.675743611	0.352112676	0.909642207
17417	0.481695568	0.418935903	0.352112676	0.303214069
17418	0.481695568	0.418935903	0.352112676	0.303214069
17419	0.481695568	0.418935903	0.352112676	0.303214069
17420	0.481695568	0.418935903	0.352112676	0.303214069
17496	0.963391137	1.256807708	0.704225352	0.909642207
17497	0.963391137	1.256807708	0.704225352	0.909642207
17498	1.445086705	0.837871806	0.704225352	0.909642207
17499	1.926782274	1.256807708	1.408450704	0.909642207
17500	2.408477842	1.256807708	1.408450704	1.212856277
17501	2.408477842	1.675743611	1.408450704	1.212856277
17502	2.408477842	1.256807708	1.408450704	0.909642207
17503	2.408477842	1.256807708	1.408450704	1.212856277
17504	1.926782274	1.256807708	1.056338028	1.212856277
17505	1.445086705	1.256807708	1.056338028	1.212856277
17506	0.963391137	1.256807708	1.056338028	1.212856277
17507	0.481695568	0.837871806	0.704225352	0.909642207
17521	0.481695568	1.256807708	0.352112676	0.303214069
17522	0.481695568	1.256807708	0.352112676	0.303214069
17523	0.481695568	0.418935903	0.352112676	0.303214069
17524	0.481695568	0.837871806	0.352112676	0.303214069
17525	0.481695568	0.837871806	0.352112676	0.303214069
17526	0.481695568	0.837871806	0.352112676	0.303214069
17611	0.481695568	1.675743611	0.704225352	0.909642207
17617	0.481695568	1.256807708	0.704225352	0.909642207
17618	0.481695568	0.837871806	0.704225352	0.303214069
17626	1.445086705	0.418935903	0.704225352	3.33535476
17627	1.926782274	0.837871806	0.704225352	3.33535476
17628	1.926782274	0.837871806	0.704225352	3.33535476
17629	1.926782274	0.837871806	0.704225352	3.33535476
17630	1.926782274	0.837871806	0.704225352	3.33535476
17631	1.926782274	0.837871806	0.704225352	2.728926622
17632	2.408477842	0.837871806	0.352112676	2.728926622
17633	1.926782274	0.837871806	0.352112676	2.425712553
17645	0.481695568	0.418935903	0.352112676	0.303214069
17646	0.481695568	0.837871806	0.352112676	0.303214069
17647	0.481695568	0.837871806	0.352112676	0.606428138
17648	0.963391137	1.256807708	0.352112676	1.212856277
17649	0.963391137	1.256807708	0.352112676	1.212856277
17650	2.89017341	4.608294931	1.408450704	3.63856883
17651	4.335260116	4.608294931	2.464788732	3.941782899
17652	5.780346821	5.865102639	2.816901408	5.761067314
17653	5.298651252	7.121910348	3.169014085	6.367495452
17654	5.780346821	7.959782153	3.521126761	6.670709521
17655	5.780346821	8.797653959	3.169014085	8.793208005
17656	6.262042389	8.797653959	3.169014085	8.489993936
17657	6.743737958	8.378718056	3.521126761	8.489993936
17658	4.816955684	6.284038542	2.816901408	7.580351728
17659	3.371868979	5.446166736	1.76056338	7.277137659
17660	2.408477842	3.770423125	1.056338028	6.670709521
17661	1.926782274	3.351487222	0.704225352	5.761067314
17662	0.963391137	1.675743611	0.352112676	3.941782899
17663	0.963391137	0.418935903	0.352112676	1.516070346
17664	0.963391137	0.418935903	0.352112676	1.516070346
17690	0.481695568	0.418935903	0.352112676	0.909642207
17691	0.481695568	0.418935903	0.352112676	1.516070346
17692	0.481695568	0.418935903	0.352112676	1.516070346
17693	0.963391137	0.837871806	0.704225352	1.516070346
17694	0.963391137	0.418935903	1.056338028	1.212856277
17695	0.963391137	0.418935903	0.704225352	0.909642207
17696	0.963391137	0.418935903	0.704225352	0.909642207
17697	0.963391137	0.418935903	0.704225352	0.909642207
17698	0.481695568	0.418935903	0.704225352	0.606428138
17752	0.963391137	0.418935903	0.352112676	0.606428138
17753	0.481695568	0.418935903	0.352112676	0.606428138
17754	0.481695568	0.418935903	0.352112676	0.606428138
17755	0.963391137	0.837871806	0.352112676	0.909642207
17756	0.481695568	1.256807708	0.352112676	1.516070346
17757	0.963391137	1.256807708	0.704225352	1.516070346
17758	0.963391137	1.256807708	1.056338028	1.212856277
17759	0.963391137	1.256807708	1.408450704	1.212856277
17760	0.963391137	1.256807708	1.76056338	1.516070346
17761	1.445086705	1.256807708	1.76056338	1.516070346
17762	1.445086705	1.675743611	2.112676056	1.819284415
17763	1.445086705	1.675743611	2.464788732	1.819284415
17764	1.926782274	1.256807708	2.816901408	1.516070346
17765	1.445086705	1.256807708	2.112676056	1.516070346
17766	1.445086705	1.675743611	1.76056338	1.516070346
17767	2.408477842	1.675743611	2.112676056	3.032140691
17768	3.853564547	3.770423125	7.042253521	3.63856883
17769	3.853564547	3.351487222	6.690140845	3.032140691
17770	3.853564547	2.93255132	6.338028169	2.728926622
17771	3.853564547	3.770423125	6.338028169	2.425712553
17772	4.335260116	3.351487222	6.338028169	2.425712553
17773	4.335260116	3.351487222	6.338028169	2.425712553
17774	3.853564547	3.351487222	6.338028169	3.032140691
17775	2.89017341	2.094679514	5.281690141	1.516070346
17776	0.481695568	0.418935903	1.76056338	0.909642207
17787	1.445086705	1.256807708	0.704225352	0.303214069
17788	1.445086705	1.256807708	0.704225352	0.303214069
17789	1.445086705	1.256807708	0.704225352	0.303214069
17790	1.445086705	1.256807708	0.704225352	0.303214069
17791	1.445086705	1.256807708	0.704225352	0.909642207
17792	0.481695568	0.837871806	0.352112676	0.909642207
17793	0.481695568	0.837871806	0.352112676	0.909642207
17843	0.481695568	0.837871806	0.352112676	0.303214069
17844	0.963391137	1.256807708	0.352112676	0.303214069
17845	0.481695568	1.256807708	0.704225352	0.303214069
17846	0.481695568	1.256807708	0.704225352	0.303214069
17847	0.481695568	1.256807708	0.704225352	0.303214069
17848	0.481695568	1.256807708	0.704225352	0.303214069
17849	0.481695568	1.256807708	0.704225352	0.606428138
17850	0.481695568	0.837871806	0.352112676	0.303214069
17851	0.481695568	0.837871806	0.352112676	0.303214069
17858	0.963391137	2.094679514	0.352112676	0.303214069
17859	0.963391137	2.094679514	0.352112676	0.303214069
17860	0.963391137	2.513615417	0.352112676	0.303214069
17861	0.963391137	2.513615417	0.352112676	0.606428138
17862	0.963391137	2.93255132	0.352112676	0.606428138
17863	0.481695568	2.094679514	0.704225352	0.909642207
17866	0.481695568	0.837871806	0.704225352	0.909642207
17867	0.481695568	0.837871806	0.704225352	0.909642207
17868	0.481695568	0.418935903	0.704225352	0.909642207
17869	0.481695568	0.418935903	0.704225352	0.606428138
17883	0.481695568	0.418935903	1.408450704	0.606428138
17884	0.481695568	0.418935903	1.408450704	0.606428138
17885	0.963391137	0.418935903	1.056338028	0.606428138
17886	1.445086705	0.418935903	1.056338028	0.303214069
17887	1.445086705	0.418935903	1.408450704	0.606428138
17888	1.445086705	0.418935903	1.056338028	0.303214069
17889	0.963391137	0.418935903	0.704225352	0.303214069
17890	0.963391137	0.837871806	0.704225352	0.303214069
17891	0.481695568	0.837871806	0.352112676	0.303214069
17892	0.481695568	1.256807708	0.352112676	0.303214069
17893	0.481695568	1.256807708	0.352112676	0.303214069
17894	0.481695568	1.256807708	0.352112676	0.303214069
17895	0.481695568	1.256807708	0.352112676	0.303214069
17900	0.481695568	0.418935903	0.352112676	0.606428138
17901	0.481695568	0.418935903	0.352112676	0.606428138
17909	0.963391137	1.256807708	1.408450704	0.606428138
17910	0.963391137	1.256807708	1.408450704	0.909642207
17911	0.963391137	1.675743611	1.408450704	0.909642207
17912	0.481695568	1.675743611	1.408450704	0.909642207
17913	0.481695568	1.675743611	1.408450704	0.909642207
17914	0.481695568	1.675743611	1.408450704	0.909642207
17915	0.481695568	1.256807708	1.76056338	0.909642207
17916	0.481695568	1.256807708	1.76056338	0.909642207
17917	0.481695568	1.256807708	1.76056338	0.606428138
17921	0.963391137	0.837871806	0.704225352	0.303214069
17922	0.481695568	0.837871806	0.704225352	0.303214069
17923	0.481695568	0.837871806	0.352112676	0.303214069
17924	0.481695568	0.837871806	0.352112676	0.606428138
17938	0.963391137	0.418935903	0.352112676	0.303214069
17939	0.481695568	0.418935903	0.704225352	0.303214069
17957	0.481695568	0.418935903	0.352112676	0.606428138
17958	0.481695568	0.418935903	0.352112676	0.606428138
17959	0.481695568	0.418935903	0.352112676	0.303214069
17960	0.481695568	0.418935903	0.352112676	0.303214069
17961	0.481695568	0.418935903	0.352112676	0.303214069
17967	0.481695568	0.418935903	0.352112676	0.303214069
17968	0.481695568	0.418935903	0.352112676	0.303214069
17969	0.481695568	0.418935903	0.352112676	0.303214069
17970	0.481695568	0.418935903	0.352112676	0.303214069
18004	1.445086705	1.256807708	0.352112676	0.303214069
18005	0.963391137	1.256807708	0.352112676	0.303214069
18006	0.963391137	0.837871806	0.352112676	0.303214069
18007	0.963391137	0.418935903	0.352112676	0.303214069
18041	0.963391137	1.675743611	1.056338028	0.909642207
18042	0.963391137	2.094679514	1.408450704	0.909642207
18043	0.963391137	2.094679514	1.408450704	1.212856277
18044	0.963391137	1.675743611	1.056338028	1.212856277
18045	0.963391137	1.675743611	1.056338028	0.909642207
18046	1.445086705	1.256807708	1.056338028	0.606428138
18047	1.445086705	0.837871806	1.056338028	0.606428138
18048	1.445086705	0.837871806	1.408450704	0.303214069
18049	0.481695568	0.837871806	0.704225352	0.303214069
18105	0.481695568	0.418935903	0.352112676	1.516070346
18106	0.481695568	0.837871806	0.352112676	1.516070346
18107	0.481695568	0.837871806	0.352112676	1.516070346
18108	0.481695568	0.837871806	0.352112676	1.516070346
18109	0.481695568	0.837871806	0.352112676	1.516070346
18110	0.481695568	0.837871806	0.352112676	1.516070346
18111	0.481695568	0.837871806	0.352112676	1.516070346
18112	0.963391137	0.837871806	0.352112676	1.819284415
18124	0.481695568	0.837871806	0.352112676	0.303214069
18125	0.481695568	0.837871806	0.352112676	0.606428138
18126	0.481695568	0.837871806	0.352112676	0.606428138
18127	0.481695568	0.837871806	0.352112676	0.606428138
18128	0.481695568	0.837871806	0.704225352	0.606428138
18129	0.481695568	0.837871806	0.704225352	0.606428138
18130	0.963391137	1.256807708	1.056338028	0.606428138
18131	0.963391137	0.837871806	0.704225352	0.606428138
18132	0.963391137	1.675743611	1.056338028	0.606428138
18134	0.963391137	1.256807708	1.056338028	2.122498484
18135	1.926782274	1.256807708	1.056338028	2.728926622
18136	1.926782274	1.256807708	0.704225352	2.728926622
18137	1.926782274	1.256807708	1.056338028	3.032140691
18138	1.445086705	0.837871806	1.408450704	3.032140691
18139	1.445086705	0.837871806	1.408450704	3.032140691
18147	0.481695568	0.837871806	0.704225352	0.303214069
18148	0.481695568	0.837871806	0.704225352	0.303214069
18149	0.481695568	0.837871806	0.704225352	0.606428138
18150	0.481695568	0.837871806	0.704225352	0.606428138
18189	0.481695568	0.418935903	0.352112676	0.303214069
18190	0.481695568	0.418935903	0.352112676	0.303214069
18191	0.481695568	0.418935903	0.352112676	0.303214069
18214	0.481695568	0.418935903	0.352112676	0.606428138
18215	0.481695568	0.418935903	1.056338028	0.909642207
18216	0.481695568	0.837871806	1.056338028	1.212856277
18217	0.963391137	0.837871806	1.408450704	1.212856277
18218	0.963391137	0.837871806	1.408450704	1.212856277
18219	1.926782274	0.837871806	2.464788732	2.122498484
18220	2.408477842	1.256807708	2.464788732	2.122498484
18221	2.89017341	1.256807708	3.521126761	2.425712553
18222	2.89017341	1.256807708	3.521126761	2.425712553
18223	2.89017341	1.256807708	3.169014085	2.122498484
18224	3.371868979	1.675743611	2.816901408	1.819284415
18225	4.335260116	1.256807708	2.816901408	2.122498484
18226	3.853564547	1.675743611	3.169014085	2.425712553
18227	2.89017341	1.675743611	2.464788732	2.122498484
18228	1.926782274	1.675743611	3.169014085	2.122498484
18229	0.963391137	1.256807708	2.464788732	1.516070346
18230	0.963391137	1.256807708	2.464788732	1.516070346
18231	1.445086705	1.256807708	1.76056338	1.212856277
18232	1.445086705	1.256807708	1.76056338	0.909642207
18233	0.481695568	1.256807708	1.76056338	0.606428138
18234	0.481695568	0.837871806	1.76056338	0.606428138
18235	0.481695568	1.256807708	1.408450704	0.606428138
18236	0.481695568	0.837871806	0.704225352	0.303214069
18237	0.481695568	0.837871806	1.056338028	0.303214069
18238	0.481695568	0.837871806	1.056338028	0.303214069
18239	0.481695568	0.837871806	0.704225352	0.303214069
18240	0.481695568	0.837871806	0.704225352	0.303214069
18349	0.963391137	0.418935903	0.352112676	1.819284415
18350	1.445086705	0.418935903	0.352112676	1.819284415
18351	1.445086705	0.418935903	0.352112676	0.909642207
18363	0.481695568	0.418935903	0.704225352	0.303214069
18364	0.481695568	0.418935903	0.704225352	0.303214069
18429	2.408477842	1.256807708	1.76056338	0.303214069
18430	2.408477842	1.256807708	2.112676056	0.303214069
18431	2.408477842	1.256807708	2.816901408	0.606428138
18432	3.371868979	2.094679514	2.816901408	0.606428138
18433	3.371868979	2.094679514	2.816901408	0.909642207
18434	3.371868979	2.094679514	2.816901408	0.909642207
18435	2.89017341	2.094679514	2.816901408	0.909642207
18436	2.408477842	2.094679514	1.76056338	0.909642207
18437	1.926782274	1.256807708	1.408450704	0.909642207
18438	1.926782274	1.256807708	1.408450704	0.909642207
18475	0.481695568	0.418935903	0.352112676	0.303214069
18478	0.481695568	0.418935903	0.352112676	0.303214069
18485	0.481695568	0.418935903	0.704225352	0.303214069
18486	0.481695568	0.418935903	0.352112676	0.303214069
18487	0.481695568	0.418935903	0.352112676	0.303214069
18488	0.481695568	0.418935903	0.704225352	0.303214069
18489	0.481695568	0.418935903	0.704225352	0.303214069
18507	0.481695568	0.418935903	0.352112676	0.909642207
18536	0.963391137	0.418935903	0.704225352	0.606428138
18537	0.963391137	0.418935903	0.704225352	0.606428138
18538	0.963391137	0.418935903	0.352112676	0.606428138
18539	0.963391137	0.418935903	0.352112676	0.606428138
18540	0.963391137	0.418935903	0.352112676	0.606428138
18541	0.963391137	0.418935903	0.352112676	0.303214069
18542	0.481695568	0.418935903	0.704225352	0.303214069
18543	0.481695568	0.418935903	0.704225352	0.303214069
18555	0.963391137	0.418935903	2.112676056	0.303214069
18556	1.445086705	0.418935903	2.112676056	0.303214069
18557	1.445086705	0.837871806	2.112676056	0.303214069
18558	1.445086705	0.837871806	2.112676056	0.303214069
18559	1.445086705	0.837871806	2.464788732	0.303214069
18560	0.963391137	0.837871806	1.76056338	0.303214069
18561	0.481695568	0.837871806	1.056338028	0.909642207
18562	0.481695568	1.256807708	0.704225352	0.909642207
18563	0.481695568	1.256807708	0.352112676	0.909642207
18567	0.481695568	0.837871806	0.704225352	1.819284415
18568	0.481695568	0.837871806	0.352112676	1.819284415
18569	0.481695568	0.837871806	0.352112676	0.909642207
18570	0.481695568	0.837871806	0.352112676	0.909642207
18571	0.481695568	0.418935903	0.352112676	0.909642207
18572	0.481695568	0.418935903	0.352112676	0.909642207
18573	0.481695568	0.418935903	0.352112676	0.606428138
18574	0.481695568	0.418935903	0.352112676	0.303214069
18620	0.963391137	0.418935903	0.352112676	0.303214069
18621	0.963391137	0.418935903	0.704225352	0.303214069
18622	1.445086705	0.418935903	0.704225352	0.303214069
18624	1.926782274	0.418935903	1.408450704	0.606428138
18625	1.926782274	0.418935903	1.408450704	0.606428138
18626	2.408477842	0.418935903	1.056338028	0.909642207
18627	2.408477842	1.256807708	1.056338028	1.212856277
18628	1.445086705	1.256807708	1.056338028	1.212856277
18629	1.926782274	1.675743611	1.056338028	1.212856277
18630	1.926782274	2.513615417	1.056338028	1.819284415
18631	1.926782274	2.513615417	0.704225352	1.819284415
18632	2.408477842	2.513615417	0.352112676	1.819284415
18638	0.963391137	1.256807708	0.352112676	0.606428138
18639	0.963391137	1.256807708	0.352112676	0.606428138
18682	0.481695568	0.418935903	0.704225352	0.303214069
18683	0.481695568	0.418935903	1.056338028	0.303214069
18684	0.481695568	1.256807708	1.408450704	0.303214069
18685	0.481695568	1.256807708	1.408450704	0.303214069
18686	0.481695568	1.256807708	1.408450704	0.303214069
18687	0.481695568	1.675743611	1.408450704	0.303214069
18722	0.963391137	0.418935903	0.352112676	0.909642207
18723	0.963391137	0.418935903	0.352112676	0.909642207
18724	0.963391137	0.418935903	0.352112676	0.909642207
18725	0.481695568	0.837871806	0.352112676	1.516070346
18726	0.481695568	0.837871806	0.352112676	1.819284415
18727	0.481695568	0.418935903	0.352112676	1.516070346
18766	0.481695568	0.418935903	0.352112676	0.303214069
18767	0.481695568	0.418935903	0.352112676	0.303214069
18768	0.481695568	0.418935903	0.704225352	0.303214069
18769	0.963391137	0.418935903	0.704225352	0.303214069
18770	0.481695568	0.418935903	0.704225352	0.303214069
18771	0.481695568	0.418935903	0.704225352	0.303214069
18772	0.481695568	0.418935903	0.352112676	0.303214069
18773	0.481695568	0.418935903	0.352112676	0.303214069
18930	0.963391137	0.418935903	0.352112676	0.303214069
18931	0.963391137	0.418935903	0.352112676	0.303214069
18946	0.963391137	1.675743611	0.352112676	0.909642207
18947	0.963391137	1.675743611	0.352112676	0.909642207
18948	0.963391137	1.675743611	0.352112676	0.606428138
18949	0.963391137	1.256807708	0.352112676	0.606428138
18995	0.481695568	1.256807708	0.352112676	0.909642207
19000	0.481695568	0.837871806	0.352112676	0.303214069
19001	0.481695568	0.837871806	0.352112676	0.303214069
19002	0.481695568	0.837871806	0.352112676	0.303214069
19006	0.963391137	0.418935903	0.352112676	0.606428138
19007	0.963391137	0.418935903	0.352112676	0.606428138
19021	0.963391137	0.418935903	0.352112676	0.606428138
19022	0.963391137	0.418935903	0.352112676	0.606428138
19073	0.963391137	0.418935903	0.352112676	0.303214069
19076	1.926782274	0.418935903	0.352112676	0.606428138
19077	0.963391137	0.418935903	0.352112676	0.606428138
19078	1.445086705	0.418935903	0.352112676	0.606428138
19079	1.445086705	1.256807708	0.704225352	0.303214069
19080	1.445086705	1.675743611	0.704225352	0.303214069
19081	2.408477842	2.094679514	0.704225352	0.606428138
19082	2.408477842	2.094679514	0.704225352	1.212856277
19083	2.408477842	2.094679514	0.704225352	1.212856277
19084	1.445086705	1.675743611	0.704225352	0.909642207
19085	1.926782274	1.675743611	0.704225352	0.909642207
19086	1.445086705	1.675743611	0.704225352	0.909642207
19087	1.445086705	1.256807708	0.704225352	0.909642207
19088	1.445086705	0.418935903	0.704225352	0.909642207
19089	1.445086705	0.418935903	0.704225352	0.909642207
19119	2.408477842	1.256807708	1.76056338	0.606428138
19120	2.408477842	1.256807708	1.76056338	0.606428138
19121	2.408477842	1.675743611	2.464788732	0.909642207
19122	2.408477842	1.256807708	2.464788732	1.212856277
19123	2.89017341	1.256807708	2.112676056	1.819284415
19124	2.89017341	2.094679514	2.816901408	2.122498484
19125	2.89017341	2.094679514	2.112676056	2.122498484
19126	5.298651252	4.189359028	5.281690141	6.97392359
19127	4.816955684	4.189359028	5.281690141	6.97392359
19128	5.298651252	4.608294931	5.281690141	6.97392359
19129	5.298651252	4.189359028	4.929577465	7.883565797
19130	5.298651252	4.189359028	4.929577465	6.97392359
19131	5.298651252	4.189359028	4.929577465	6.367495452
19132	4.816955684	3.770423125	4.225352113	6.064281383
19133	4.816955684	3.351487222	3.873239437	6.367495452
19134	0.963391137	1.256807708	0.704225352	1.819284415
19135	0.963391137	0.837871806	0.704225352	1.819284415
19136	0.481695568	0.418935903	0.352112676	1.819284415
19138	1.445086705	0.418935903	0.352112676	1.516070346
19141	0.963391137	0.418935903	0.352112676	1.516070346
19142	1.445086705	0.418935903	0.352112676	1.516070346
19143	1.445086705	0.418935903	0.352112676	1.516070346
19144	1.445086705	0.418935903	0.352112676	1.516070346
19145	1.926782274	0.418935903	0.352112676	1.516070346
19146	0.963391137	0.418935903	0.704225352	1.212856277
19147	0.963391137	0.418935903	0.704225352	1.212856277
19148	0.963391137	0.418935903	0.704225352	1.212856277
19149	0.963391137	0.418935903	0.704225352	1.212856277
19150	0.481695568	0.418935903	0.704225352	0.909642207
19151	0.481695568	0.418935903	0.704225352	0.909642207
19152	0.481695568	0.418935903	0.704225352	0.606428138
19158	0.481695568	1.675743611	0.352112676	0.303214069
19159	0.481695568	1.675743611	0.352112676	0.303214069
19160	0.481695568	2.094679514	0.352112676	0.303214069
19161	0.481695568	2.094679514	0.352112676	0.303214069
19162	0.481695568	1.675743611	0.352112676	0.303214069
19163	0.963391137	2.094679514	0.352112676	0.303214069
19192	0.481695568	0.418935903	2.112676056	0.303214069
19193	0.481695568	0.837871806	2.112676056	0.303214069
19194	0.481695568	0.837871806	1.408450704	0.303214069
19195	0.481695568	0.418935903	1.408450704	0.303214069
19196	0.481695568	0.418935903	1.056338028	0.303214069
19197	0.481695568	0.418935903	1.056338028	0.303214069
19198	0.481695568	0.418935903	1.056338028	0.303214069
19236	0.481695568	0.418935903	0.352112676	0.303214069
19237	0.963391137	0.418935903	0.352112676	0.303214069
19238	0.963391137	0.418935903	0.352112676	0.303214069
19239	0.481695568	0.418935903	0.352112676	0.303214069
19304	0.481695568	2.513615417	1.76056338	1.212856277
19305	0.963391137	1.675743611	1.76056338	1.212856277
19306	0.963391137	2.094679514	2.112676056	1.212856277
19307	0.963391137	2.513615417	2.112676056	1.516070346
19308	0.963391137	2.094679514	0.704225352	1.212856277
19309	0.963391137	2.094679514	0.704225352	1.212856277
19310	0.963391137	2.094679514	0.704225352	0.606428138
19311	0.963391137	1.675743611	0.704225352	0.606428138
19312	0.481695568	1.675743611	0.352112676	0.606428138
19316	0.963391137	1.256807708	0.352112676	0.909642207
19317	0.963391137	1.256807708	0.352112676	0.909642207
19318	0.963391137	1.256807708	1.056338028	0.909642207
19319	0.963391137	0.837871806	1.056338028	0.909642207
19320	1.445086705	0.837871806	1.056338028	0.909642207
19321	1.445086705	0.837871806	1.056338028	0.909642207
19322	0.963391137	0.837871806	1.056338028	0.606428138
19323	0.963391137	0.418935903	1.056338028	0.909642207
19328	0.481695568	0.418935903	0.352112676	0.303214069
19335	0.481695568	0.837871806	2.112676056	0.606428138
19336	0.481695568	0.837871806	2.464788732	0.909642207
19337	0.963391137	0.837871806	2.464788732	1.212856277
19340	1.926782274	0.418935903	1.408450704	0.909642207
19341	2.408477842	0.418935903	1.408450704	0.909642207
19342	2.408477842	0.418935903	1.408450704	2.122498484
19343	1.926782274	0.837871806	0.704225352	2.122498484
19344	1.926782274	0.837871806	0.352112676	1.819284415
19345	1.445086705	1.256807708	0.352112676	2.122498484
19346	1.445086705	1.256807708	0.352112676	2.122498484
19347	1.445086705	1.675743611	0.352112676	1.819284415
19348	1.445086705	1.256807708	0.352112676	2.728926622
19349	1.445086705	1.675743611	0.704225352	3.33535476
19350	2.408477842	3.351487222	1.408450704	3.941782899
19351	2.89017341	3.351487222	1.408450704	3.63856883
19352	3.853564547	3.770423125	1.76056338	3.63856883
19353	4.335260116	3.351487222	1.76056338	3.63856883
19354	5.780346821	3.770423125	1.76056338	4.244996968
19355	5.780346821	3.770423125	2.112676056	3.941782899
19356	6.743737958	3.770423125	2.464788732	4.244996968
19357	5.780346821	3.770423125	1.76056338	3.941782899
19358	5.298651252	2.513615417	1.76056338	2.122498484
19359	4.335260116	3.770423125	1.76056338	4.244996968
19360	4.335260116	3.770423125	2.464788732	4.244996968
19361	4.335260116	3.770423125	2.464788732	3.941782899
19362	2.89017341	3.770423125	2.464788732	3.032140691
19363	3.371868979	3.770423125	2.112676056	3.941782899
19364	3.371868979	4.608294931	2.464788732	3.941782899
19365	3.371868979	4.189359028	2.112676056	3.032140691
19366	2.89017341	4.189359028	2.112676056	3.63856883
19367	2.89017341	2.93255132	2.112676056	1.819284415
19368	1.445086705	1.675743611	1.76056338	2.122498484
19369	0.963391137	1.675743611	1.76056338	2.728926622
19370	0.963391137	1.675743611	1.76056338	2.728926622
19371	0.963391137	1.675743611	2.112676056	2.425712553
19372	0.481695568	1.675743611	1.408450704	1.819284415
19373	0.963391137	1.675743611	1.76056338	1.819284415
19374	0.963391137	1.256807708	1.408450704	1.516070346
19375	0.963391137	2.094679514	1.76056338	1.212856277
19376	0.963391137	2.094679514	2.112676056	0.909642207
19397	0.481695568	0.837871806	2.464788732	0.303214069
19398	0.963391137	1.256807708	2.816901408	0.606428138
19399	0.963391137	1.256807708	2.816901408	0.606428138
19400	0.963391137	1.675743611	2.816901408	0.606428138
19401	0.481695568	1.675743611	2.816901408	0.606428138
19402	0.963391137	1.675743611	3.169014085	0.606428138
19403	1.445086705	1.675743611	3.169014085	0.606428138
19404	1.445086705	1.675743611	0.704225352	0.606428138
19405	1.445086705	1.675743611	0.704225352	0.303214069
19406	0.963391137	0.837871806	0.704225352	0.303214069
19407	0.963391137	0.837871806	1.056338028	0.303214069
19408	0.963391137	0.418935903	1.056338028	0.303214069
19409	0.963391137	0.418935903	1.408450704	0.303214069
19410	0.481695568	0.418935903	1.056338028	0.303214069
19424	0.481695568	0.418935903	0.352112676	0.303214069
19425	0.481695568	0.418935903	0.352112676	0.303214069
19426	0.481695568	0.418935903	0.352112676	0.606428138
19427	0.481695568	0.418935903	0.352112676	0.606428138
19435	0.963391137	2.094679514	0.352112676	0.303214069
19436	0.963391137	1.675743611	0.352112676	0.303214069
19437	0.963391137	1.256807708	0.352112676	0.303214069
19438	0.963391137	1.256807708	0.352112676	0.303214069
19439	0.963391137	1.256807708	0.352112676	0.303214069
19553	0.963391137	0.418935903	0.352112676	0.303214069
19617	0.481695568	0.418935903	0.704225352	0.303214069
19618	0.481695568	0.418935903	0.704225352	0.303214069
19619	0.481695568	0.837871806	0.704225352	0.606428138
19620	0.481695568	0.837871806	1.056338028	0.909642207
19621	0.481695568	2.094679514	1.056338028	1.212856277
19622	0.481695568	2.93255132	1.056338028	2.122498484
19623	0.481695568	2.93255132	1.056338028	2.425712553
19624	0.963391137	3.351487222	1.056338028	2.425712553
19625	0.963391137	3.351487222	0.704225352	2.122498484
19626	0.963391137	3.351487222	0.352112676	2.122498484
19627	0.963391137	2.513615417	0.352112676	2.122498484
19630	1.926782274	1.256807708	0.352112676	1.212856277
19631	2.408477842	1.256807708	1.056338028	1.212856277
19632	2.408477842	0.418935903	1.056338028	1.819284415
19633	2.408477842	1.256807708	1.056338028	2.122498484
19634	2.408477842	1.675743611	1.408450704	2.425712553
19635	2.408477842	1.675743611	1.408450704	2.122498484
19636	1.445086705	1.675743611	1.408450704	2.122498484
19637	1.445086705	1.675743611	1.408450704	1.819284415
19638	0.481695568	1.256807708	1.056338028	1.819284415
19641	0.481695568	0.837871806	0.704225352	0.606428138
19643	0.963391137	0.418935903	1.408450704	0.606428138
19644	0.963391137	0.837871806	1.76056338	0.909642207
19645	0.963391137	0.837871806	1.76056338	0.909642207
19646	0.963391137	0.837871806	1.76056338	0.909642207
19647	0.963391137	0.837871806	1.76056338	0.606428138
19648	1.445086705	0.837871806	1.76056338	0.606428138
19649	1.445086705	1.256807708	1.408450704	0.909642207
19650	1.445086705	1.256807708	1.056338028	0.909642207
19651	0.963391137	0.837871806	0.352112676	0.606428138
19657	0.963391137	0.837871806	0.352112676	0.606428138
19658	0.481695568	0.418935903	0.352112676	0.303214069
19659	0.481695568	0.418935903	0.352112676	0.303214069
19660	0.481695568	0.418935903	0.352112676	0.303214069
19661	0.481695568	1.256807708	0.704225352	0.303214069
19662	0.481695568	1.256807708	0.704225352	0.303214069
19693	0.963391137	0.418935903	0.352112676	0.303214069
19694	0.963391137	0.418935903	0.704225352	0.303214069
19695	0.963391137	1.256807708	0.704225352	0.303214069
19696	1.926782274	1.675743611	1.056338028	0.303214069
19697	2.408477842	1.675743611	0.704225352	0.303214069
19698	2.408477842	1.675743611	0.704225352	0.303214069
19699	2.408477842	2.513615417	1.056338028	0.909642207
19700	2.89017341	2.094679514	1.408450704	1.212856277
19701	2.89017341	2.094679514	1.408450704	0.909642207
19702	2.408477842	2.094679514	1.056338028	0.909642207
19703	2.408477842	2.094679514	1.056338028	0.909642207
19704	1.445086705	2.094679514	0.704225352	0.909642207
19705	0.963391137	1.675743611	0.704225352	0.909642207
19706	0.963391137	1.675743611	0.704225352	0.909642207
19707	0.963391137	1.675743611	0.704225352	0.606428138
19725	0.481695568	0.418935903	0.352112676	0.606428138
19726	0.963391137	0.418935903	0.352112676	0.606428138
19727	0.963391137	0.418935903	0.704225352	0.606428138
19728	0.963391137	0.418935903	0.704225352	0.606428138
19729	0.963391137	0.837871806	0.704225352	0.606428138
19730	0.481695568	0.418935903	0.704225352	0.606428138
19742	0.963391137	0.418935903	0.352112676	0.606428138
19743	0.963391137	0.418935903	0.704225352	1.516070346
19746	2.408477842	0.837871806	1.056338028	2.425712553
19747	3.371868979	2.094679514	2.816901408	2.728926622
19748	3.853564547	2.094679514	4.577464789	2.728926622
19749	3.853564547	2.93255132	4.929577465	3.33535476
19750	4.816955684	3.770423125	6.338028169	3.63856883
19751	5.298651252	3.770423125	6.338028169	3.032140691
19752	6.262042389	4.608294931	7.746478873	2.425712553
19753	6.262042389	4.608294931	8.098591549	3.33535476
19754	6.262042389	5.027230834	9.85915493	3.63856883
19755	4.816955684	3.351487222	7.394366197	3.33535476
19756	4.816955684	3.770423125	7.042253521	3.63856883
19757	4.816955684	3.770423125	6.338028169	3.63856883
19758	3.371868979	2.513615417	4.929577465	3.33535476
19759	2.89017341	2.513615417	4.929577465	3.33535476
19760	1.926782274	1.256807708	3.521126761	3.63856883
19761	1.926782274	1.256807708	2.816901408	2.728926622
19762	1.445086705	0.418935903	1.408450704	2.122498484
19765	0.963391137	0.837871806	0.352112676	1.212856277
19766	0.963391137	0.837871806	0.352112676	0.909642207
19767	0.963391137	0.837871806	0.352112676	0.909642207
19768	0.963391137	1.256807708	0.352112676	0.909642207
19769	0.481695568	1.256807708	0.352112676	0.909642207
19770	0.481695568	1.256807708	0.704225352	0.606428138
19771	0.481695568	1.256807708	0.704225352	0.606428138
19822	2.408477842	0.418935903	0.352112676	0.606428138
19823	1.926782274	0.418935903	0.352112676	0.909642207
19824	1.926782274	0.418935903	0.352112676	0.909642207
19825	1.926782274	0.418935903	0.352112676	0.909642207
19826	0.963391137	0.418935903	0.352112676	0.909642207
19828	0.963391137	0.418935903	0.352112676	0.606428138
19829	0.963391137	0.418935903	0.352112676	0.303214069
19830	1.445086705	0.418935903	0.704225352	0.303214069
19831	1.926782274	0.837871806	0.704225352	0.606428138
19832	1.926782274	2.094679514	1.056338028	0.606428138
19833	2.408477842	2.513615417	1.408450704	0.909642207
19834	2.408477842	2.513615417	1.76056338	1.212856277
19835	2.408477842	2.513615417	1.76056338	1.212856277
19836	1.926782274	2.513615417	1.76056338	1.212856277
19837	1.926782274	2.513615417	1.76056338	1.212856277
19838	1.445086705	2.513615417	1.408450704	1.212856277
19839	1.445086705	2.094679514	1.408450704	0.606428138
19840	0.963391137	0.418935903	1.056338028	0.606428138
19842	0.481695568	0.837871806	0.704225352	0.303214069
19843	0.963391137	0.837871806	0.352112676	0.303214069
19844	0.963391137	0.837871806	0.352112676	0.303214069
19845	0.963391137	0.837871806	0.704225352	0.303214069
19846	0.481695568	0.418935903	0.352112676	0.303214069
19847	0.481695568	0.418935903	0.352112676	0.303214069
19848	0.481695568	1.675743611	0.352112676	0.303214069
19849	0.481695568	1.675743611	0.352112676	0.303214069
19850	0.481695568	1.675743611	0.352112676	0.303214069
19865	0.481695568	0.418935903	0.352112676	0.303214069
19866	0.481695568	0.418935903	0.352112676	0.303214069
19867	0.481695568	0.418935903	0.352112676	0.303214069
19910	0.481695568	1.256807708	0.352112676	0.303214069
19911	0.481695568	1.256807708	0.352112676	0.303214069
19939	0.963391137	0.418935903	0.352112676	0.606428138
19940	0.963391137	0.418935903	0.352112676	0.606428138
19941	0.963391137	0.418935903	0.352112676	0.606428138
19942	0.963391137	0.418935903	0.352112676	0.606428138
19943	0.481695568	0.418935903	0.352112676	0.303214069
19944	0.481695568	0.418935903	0.352112676	0.303214069
19945	0.481695568	0.418935903	0.352112676	0.303214069
19946	0.481695568	0.418935903	0.352112676	0.303214069
19971	0.481695568	0.418935903	0.704225352	0.303214069
19973	0.481695568	0.418935903	1.056338028	0.303214069
19974	0.481695568	0.418935903	1.056338028	0.303214069
19975	0.963391137	0.418935903	1.056338028	0.303214069
19976	0.963391137	0.418935903	1.056338028	0.303214069
19977	0.481695568	0.837871806	1.056338028	0.606428138
19978	0.963391137	0.837871806	0.704225352	0.606428138
19979	0.963391137	0.837871806	0.704225352	0.303214069
19980	0.963391137	0.837871806	0.352112676	0.606428138
19981	0.963391137	0.837871806	0.352112676	0.606428138
19982	0.963391137	0.418935903	0.704225352	0.909642207
19983	0.481695568	0.418935903	1.056338028	0.909642207
19984	0.481695568	0.837871806	1.056338028	0.909642207
19985	1.445086705	0.418935903	1.056338028	0.909642207
19986	0.963391137	0.418935903	0.704225352	0.909642207
19987	0.963391137	0.418935903	0.704225352	0.909642207
19988	0.963391137	0.418935903	0.704225352	0.606428138
19989	0.963391137	0.837871806	0.352112676	0.909642207
19990	1.445086705	1.256807708	0.352112676	0.909642207
19991	1.445086705	1.256807708	1.056338028	0.909642207
19992	1.445086705	0.837871806	1.056338028	0.909642207
19993	1.445086705	0.837871806	1.056338028	0.909642207
19994	1.445086705	0.837871806	1.056338028	2.122498484
19995	1.445086705	0.837871806	1.056338028	2.122498484
19996	1.445086705	0.837871806	1.056338028	2.122498484
19997	1.445086705	1.256807708	1.056338028	1.819284415
19998	0.963391137	1.256807708	1.056338028	1.516070346
19999	0.963391137	0.418935903	0.704225352	1.516070346
20000	0.963391137	0.418935903	0.704225352	1.516070346
20019	1.445086705	0.418935903	0.352112676	0.606428138
20020	0.963391137	0.418935903	0.352112676	0.606428138
20021	1.445086705	0.418935903	0.352112676	0.606428138
20042	0.481695568	0.418935903	0.352112676	0.606428138
20043	0.481695568	0.418935903	0.352112676	0.606428138
20044	0.963391137	0.837871806	0.352112676	1.212856277
20045	0.963391137	0.837871806	0.352112676	1.212856277
20046	0.481695568	0.837871806	0.352112676	1.212856277
20047	0.481695568	0.837871806	0.704225352	0.909642207
20048	0.481695568	0.837871806	0.704225352	0.606428138
20049	0.481695568	0.418935903	0.704225352	0.606428138
20050	0.481695568	0.418935903	0.352112676	0.606428138
20051	0.481695568	0.418935903	0.352112676	0.909642207
20141	0.963391137	0.418935903	0.352112676	0.909642207
20142	0.963391137	0.418935903	0.704225352	1.212856277
20143	0.963391137	0.418935903	0.704225352	1.212856277
20144	0.963391137	0.418935903	1.76056338	1.212856277
20145	0.963391137	0.418935903	1.76056338	2.728926622
20146	0.963391137	0.418935903	1.76056338	3.032140691
20147	0.963391137	0.418935903	1.76056338	3.032140691
20151	0.481695568	0.418935903	2.464788732	2.425712553
20152	0.481695568	0.418935903	2.464788732	2.425712553
20153	0.481695568	0.418935903	1.408450704	1.516070346
20154	0.963391137	0.418935903	1.408450704	0.606428138
20155	0.963391137	0.837871806	1.056338028	0.909642207
20156	0.963391137	0.837871806	1.408450704	1.212856277
20157	0.963391137	0.837871806	1.408450704	1.516070346
20158	0.963391137	0.837871806	1.408450704	1.516070346
20159	0.481695568	0.418935903	0.352112676	1.212856277
20160	0.481695568	0.418935903	0.352112676	1.212856277
20161	0.481695568	0.418935903	0.352112676	0.909642207
20162	0.481695568	0.418935903	0.352112676	0.909642207
20163	0.481695568	0.418935903	0.352112676	0.606428138
20218	0.481695568	0.837871806	1.76056338	0.303214069
20219	0.481695568	0.837871806	1.76056338	1.819284415
20220	0.963391137	1.256807708	1.408450704	1.819284415
20221	0.963391137	1.256807708	2.112676056	1.819284415
20222	1.445086705	1.256807708	2.112676056	1.819284415
20223	1.445086705	1.256807708	2.112676056	1.819284415
20224	1.445086705	1.256807708	2.112676056	1.819284415
20225	1.926782274	1.675743611	1.408450704	2.122498484
20226	2.408477842	1.675743611	1.408450704	3.032140691
20227	2.89017341	1.675743611	1.408450704	2.425712553
20228	3.371868979	2.094679514	1.056338028	2.425712553
20229	3.371868979	2.094679514	0.704225352	2.425712553
20230	2.89017341	2.513615417	0.704225352	2.425712553
20231	2.89017341	2.513615417	0.704225352	2.728926622
20232	2.408477842	2.513615417	0.704225352	2.728926622
20233	1.926782274	2.094679514	0.704225352	2.728926622
20234	1.445086705	1.675743611	0.704225352	1.819284415
20235	1.445086705	1.675743611	0.704225352	1.516070346
20236	0.481695568	1.256807708	0.704225352	0.606428138
20247	0.481695568	0.837871806	0.352112676	1.212856277
20248	0.481695568	0.837871806	1.408450704	1.819284415
20249	0.481695568	1.675743611	2.112676056	1.516070346
20250	0.963391137	1.256807708	2.112676056	1.516070346
20251	0.963391137	1.256807708	2.112676056	1.516070346
20252	0.963391137	1.675743611	2.112676056	1.819284415
20253	0.963391137	1.675743611	2.112676056	1.516070346
20254	1.445086705	2.094679514	2.816901408	1.819284415
20255	1.445086705	1.675743611	2.464788732	2.122498484
20256	1.445086705	1.675743611	2.112676056	0.909642207
20257	0.963391137	0.837871806	1.408450704	0.909642207
20258	0.481695568	0.837871806	1.408450704	0.909642207
20259	1.926782274	0.837871806	1.408450704	0.909642207
20260	1.926782274	0.418935903	1.408450704	0.909642207
20261	2.408477842	0.418935903	1.408450704	0.909642207
20262	1.926782274	0.418935903	1.056338028	0.909642207
20275	0.481695568	0.418935903	0.704225352	1.212856277
20276	0.481695568	0.418935903	0.704225352	1.212856277
20277	0.481695568	0.418935903	0.704225352	1.212856277
20333	0.481695568	0.418935903	0.352112676	0.303214069
20334	0.481695568	0.837871806	0.352112676	0.303214069
20335	0.481695568	1.256807708	0.352112676	0.303214069
20336	0.481695568	1.256807708	0.352112676	0.606428138
20337	0.481695568	1.256807708	0.352112676	0.606428138
20338	0.481695568	1.256807708	0.352112676	0.606428138
20339	0.481695568	0.837871806	0.352112676	0.606428138
20340	0.481695568	0.837871806	0.352112676	0.606428138
20411	0.481695568	1.256807708	0.352112676	0.303214069
20412	0.963391137	1.256807708	0.352112676	0.303214069
20413	0.963391137	1.675743611	0.352112676	0.303214069
20414	1.926782274	0.837871806	0.704225352	0.303214069
20415	1.926782274	0.837871806	1.056338028	0.303214069
20416	1.926782274	1.256807708	1.76056338	0.606428138
20417	2.408477842	1.256807708	1.76056338	0.606428138
20418	2.408477842	1.256807708	2.112676056	0.606428138
20419	2.408477842	0.837871806	1.76056338	0.606428138
20420	1.445086705	0.837871806	1.76056338	0.606428138
20421	1.445086705	0.837871806	1.76056338	0.606428138
20422	0.963391137	0.418935903	1.76056338	0.606428138
20423	0.963391137	0.837871806	1.408450704	0.606428138
20424	0.963391137	0.418935903	0.704225352	0.303214069
20425	0.481695568	0.418935903	0.704225352	0.303214069
20427	0.481695568	0.418935903	0.352112676	0.303214069
20428	0.481695568	0.418935903	0.352112676	0.303214069
20429	0.481695568	0.418935903	0.352112676	0.303214069
20446	0.481695568	1.675743611	0.704225352	1.212856277
20447	0.481695568	1.256807708	1.056338028	1.516070346
20448	0.963391137	0.418935903	1.056338028	1.516070346
20449	3.371868979	1.256807708	1.056338028	1.819284415
20450	3.371868979	1.675743611	1.056338028	1.516070346
20451	3.371868979	2.094679514	1.056338028	2.122498484
20452	3.371868979	1.675743611	0.704225352	1.819284415
20453	3.371868979	1.675743611	0.704225352	1.819284415
20454	3.371868979	1.675743611	0.352112676	1.819284415
20485	1.445086705	0.418935903	0.352112676	1.212856277
20486	1.445086705	0.837871806	0.352112676	1.212856277
20487	1.445086705	0.418935903	0.704225352	1.212856277
20488	1.926782274	0.418935903	0.704225352	1.212856277
20489	2.89017341	0.418935903	1.056338028	1.516070346
20490	3.371868979	0.837871806	1.408450704	1.819284415
20491	2.89017341	0.837871806	1.408450704	1.819284415
20492	3.853564547	1.256807708	2.464788732	1.516070346
20493	3.853564547	1.256807708	2.112676056	0.909642207
20494	3.371868979	0.837871806	2.112676056	0.909642207
20495	3.371868979	1.256807708	1.76056338	0.909642207
20496	2.89017341	1.256807708	1.76056338	0.909642207
20497	1.926782274	1.675743611	1.408450704	0.303214069
20499	2.89017341	1.256807708	1.056338028	0.606428138
20500	1.926782274	0.837871806	0.704225352	0.909642207
20501	2.89017341	2.094679514	0.704225352	2.122498484
20502	3.371868979	2.094679514	1.056338028	2.425712553
20503	3.371868979	1.675743611	1.056338028	2.425712553
20504	3.371868979	2.094679514	1.76056338	4.548211037
20505	3.853564547	2.513615417	2.112676056	4.548211037
20506	4.816955684	2.513615417	2.112676056	4.244996968
20507	5.298651252	2.094679514	2.464788732	3.63856883
20508	5.298651252	2.094679514	2.112676056	3.33535476
20509	3.371868979	0.837871806	1.76056338	2.728926622
20510	2.89017341	0.837871806	1.408450704	2.122498484
20511	2.89017341	0.837871806	1.408450704	2.122498484
20514	2.89017341	0.418935903	1.056338028	0.606428138
20515	1.926782274	0.418935903	0.704225352	0.606428138
20516	1.445086705	0.837871806	0.704225352	0.606428138
20517	0.963391137	1.675743611	1.408450704	0.909642207
20518	0.963391137	2.094679514	1.408450704	0.909642207
20519	0.963391137	2.094679514	1.408450704	0.909642207
20520	0.963391137	2.094679514	1.408450704	1.212856277
20521	0.963391137	2.094679514	1.76056338	1.212856277
20522	0.963391137	1.675743611	1.76056338	0.606428138
20523	0.963391137	1.675743611	1.056338028	0.606428138
20524	0.481695568	1.675743611	1.056338028	0.606428138
20525	1.445086705	1.256807708	0.352112676	0.606428138
20527	2.408477842	1.675743611	1.056338028	1.819284415
20528	3.371868979	2.513615417	1.408450704	3.032140691
20529	3.371868979	2.513615417	2.464788732	3.941782899
20530	3.371868979	2.513615417	3.521126761	5.154639175
20531	3.371868979	2.93255132	3.521126761	5.154639175
20532	3.853564547	2.513615417	3.521126761	5.154639175
20533	3.853564547	2.513615417	3.873239437	4.851425106
20534	3.853564547	2.094679514	4.225352113	4.851425106
20535	2.89017341	2.094679514	3.521126761	4.548211037
20536	2.408477842	2.094679514	3.521126761	3.33535476
20537	2.408477842	2.513615417	2.464788732	1.516070346
20538	1.445086705	2.513615417	0.704225352	0.909642207
20539	1.445086705	2.094679514	0.704225352	0.909642207
20540	1.445086705	2.094679514	1.056338028	1.212856277
20541	1.445086705	2.513615417	1.056338028	1.516070346
20542	0.963391137	2.094679514	0.704225352	1.212856277
20543	0.963391137	1.675743611	0.704225352	1.212856277
20544	0.481695568	2.094679514	0.352112676	1.212856277
20545	0.481695568	0.837871806	0.352112676	1.212856277
20549	0.481695568	0.837871806	0.352112676	0.909642207
20550	0.481695568	0.837871806	0.352112676	0.909642207
20551	0.481695568	0.837871806	0.352112676	1.212856277
20552	0.481695568	0.418935903	0.352112676	1.212856277
20555	0.963391137	0.837871806	0.352112676	1.819284415
20556	0.481695568	1.256807708	0.704225352	1.516070346
20557	0.481695568	1.256807708	0.704225352	1.516070346
20558	0.963391137	1.256807708	0.704225352	1.516070346
20559	0.963391137	1.256807708	0.704225352	1.212856277
20560	0.963391137	1.256807708	0.704225352	1.212856277
20561	0.963391137	0.837871806	0.704225352	1.212856277
20562	0.481695568	0.837871806	0.704225352	1.212856277
20563	0.481695568	0.418935903	0.352112676	0.303214069
20591	2.89017341	0.418935903	0.352112676	1.212856277
20592	2.89017341	0.418935903	0.352112676	1.212856277
20595	2.408477842	0.837871806	0.704225352	3.032140691
20596	1.926782274	0.837871806	1.056338028	2.122498484
20597	1.926782274	1.256807708	1.056338028	2.122498484
20598	0.963391137	1.675743611	1.056338028	2.122498484
20599	0.963391137	2.094679514	1.408450704	2.122498484
20600	1.445086705	1.675743611	1.76056338	2.728926622
20601	1.445086705	2.094679514	2.112676056	2.728926622
20602	3.371868979	2.094679514	2.112676056	2.425712553
20603	2.408477842	1.675743611	1.408450704	0.909642207
20604	2.408477842	1.675743611	1.408450704	0.909642207
20605	2.408477842	2.094679514	1.408450704	0.606428138
20606	2.408477842	1.256807708	1.76056338	0.606428138
20607	2.408477842	1.256807708	1.056338028	0.909642207
20608	1.926782274	1.256807708	1.056338028	0.909642207
20609	1.926782274	0.837871806	0.704225352	0.303214069
20611	0.481695568	0.837871806	0.704225352	0.303214069
20612	0.481695568	0.837871806	0.704225352	0.303214069
20613	0.481695568	1.256807708	0.704225352	0.303214069
20614	0.963391137	1.256807708	0.352112676	0.303214069
20616	0.963391137	0.418935903	0.352112676	0.303214069
20617	0.963391137	0.418935903	0.352112676	0.303214069
20618	1.445086705	0.418935903	0.352112676	0.303214069
20619	0.963391137	0.418935903	0.352112676	0.303214069
20620	0.963391137	0.418935903	0.352112676	0.303214069
20621	0.963391137	0.418935903	0.352112676	0.303214069
20630	0.481695568	0.418935903	0.352112676	0.303214069
20631	0.481695568	0.418935903	0.352112676	0.303214069
20632	0.481695568	0.837871806	0.352112676	0.606428138
20633	0.481695568	0.837871806	0.352112676	0.606428138
20636	0.481695568	1.256807708	0.352112676	0.606428138
20637	0.481695568	1.256807708	0.352112676	0.606428138
20638	0.963391137	1.256807708	0.352112676	0.606428138
20639	0.963391137	1.256807708	0.352112676	0.909642207
20640	0.963391137	0.837871806	0.352112676	0.909642207
20641	1.445086705	0.837871806	0.704225352	1.516070346
20642	1.445086705	1.256807708	1.056338028	1.212856277
20643	1.445086705	1.256807708	0.704225352	1.212856277
20644	1.445086705	0.837871806	0.704225352	1.212856277
20645	1.445086705	1.256807708	1.408450704	1.819284415
20646	0.963391137	1.675743611	1.408450704	1.819284415
20647	0.481695568	1.256807708	1.408450704	1.516070346
20648	0.481695568	1.256807708	1.408450704	1.516070346
20651	0.481695568	0.837871806	0.704225352	0.606428138
20652	0.481695568	0.837871806	0.704225352	0.606428138
20699	0.481695568	1.675743611	0.352112676	0.303214069
20700	0.481695568	2.094679514	0.704225352	0.303214069
20701	1.445086705	2.93255132	6.690140845	1.819284415
20702	1.445086705	3.770423125	6.338028169	1.819284415
20703	1.445086705	3.351487222	6.338028169	1.819284415
20704	1.445086705	4.189359028	6.338028169	1.819284415
20705	1.445086705	4.189359028	6.690140845	1.819284415
20706	1.926782274	3.770423125	7.042253521	2.122498484
20707	1.445086705	3.770423125	7.394366197	3.032140691
20708	1.445086705	3.770423125	7.746478873	3.032140691
20709	0.481695568	2.094679514	1.76056338	2.122498484
20710	0.481695568	1.256807708	2.464788732	1.516070346
20711	0.481695568	1.256807708	2.464788732	1.516070346
20712	0.481695568	0.837871806	2.464788732	1.516070346
20718	0.481695568	0.418935903	1.056338028	0.909642207
20719	0.481695568	0.418935903	1.056338028	0.606428138
20720	0.963391137	1.256807708	1.408450704	0.909642207
20721	0.963391137	1.256807708	1.408450704	1.212856277
20722	0.963391137	1.256807708	1.408450704	1.212856277
20723	1.445086705	1.256807708	1.408450704	1.212856277
20724	1.445086705	1.256807708	1.408450704	0.909642207
20725	0.963391137	1.256807708	1.408450704	0.606428138
20726	0.963391137	0.837871806	0.704225352	0.606428138
20727	0.963391137	0.837871806	0.704225352	0.606428138
20743	0.481695568	0.418935903	0.704225352	0.909642207
20744	0.481695568	0.418935903	0.704225352	0.606428138
20797	0.481695568	0.418935903	0.704225352	0.606428138
20798	0.963391137	0.418935903	1.056338028	0.606428138
20799	0.963391137	0.837871806	1.056338028	0.606428138
20800	0.963391137	0.837871806	1.056338028	0.606428138
20801	0.963391137	0.837871806	1.056338028	0.606428138
20802	0.963391137	0.837871806	1.056338028	0.606428138
20803	0.963391137	0.837871806	1.056338028	0.909642207
20804	0.963391137	0.837871806	0.704225352	0.606428138
20805	0.963391137	0.418935903	0.352112676	0.303214069
20813	0.481695568	0.837871806	0.352112676	0.909642207
20814	0.963391137	0.837871806	0.352112676	0.909642207
20815	0.963391137	0.837871806	0.352112676	2.425712553
20819	4.335260116	0.418935903	0.704225352	2.728926622
20820	5.298651252	0.418935903	1.056338028	3.032140691
20821	4.816955684	0.418935903	1.408450704	3.33535476
20822	4.335260116	0.418935903	1.76056338	3.63856883
20823	4.816955684	0.418935903	1.76056338	3.032140691
20824	4.335260116	0.837871806	2.112676056	1.516070346
20825	4.335260116	1.256807708	2.112676056	1.516070346
20826	2.408477842	1.256807708	2.112676056	1.212856277
20827	1.926782274	1.256807708	1.408450704	1.212856277
20828	1.445086705	1.256807708	1.056338028	0.909642207
20829	1.445086705	0.837871806	1.056338028	0.606428138
20830	1.445086705	0.418935903	0.704225352	0.303214069
20831	0.963391137	0.418935903	0.352112676	0.303214069
20861	0.481695568	1.256807708	0.352112676	0.303214069
20862	0.481695568	1.256807708	0.352112676	0.303214069
20863	0.481695568	2.513615417	1.056338028	0.303214069
20864	0.481695568	1.675743611	1.056338028	0.303214069
20889	0.481695568	0.418935903	0.352112676	0.909642207
20890	0.481695568	0.418935903	0.352112676	0.909642207
20891	0.481695568	0.418935903	0.352112676	0.303214069
20892	0.481695568	0.418935903	0.352112676	0.303214069
20920	0.481695568	0.418935903	0.352112676	0.303214069
20970	0.481695568	1.256807708	1.056338028	0.303214069
20971	0.481695568	1.256807708	1.056338028	0.303214069
20972	0.481695568	0.837871806	1.056338028	0.909642207
20973	0.481695568	0.837871806	1.056338028	1.212856277
20974	0.481695568	0.418935903	1.056338028	1.212856277
20975	0.481695568	0.418935903	1.056338028	1.212856277
20976	0.481695568	0.418935903	0.704225352	1.212856277
21017	0.963391137	1.256807708	0.352112676	0.303214069
21018	2.89017341	3.351487222	3.873239437	5.154639175
21019	2.89017341	3.351487222	3.873239437	5.154639175
21020	2.89017341	3.351487222	3.873239437	4.851425106
21021	2.89017341	3.351487222	3.873239437	4.851425106
21022	2.89017341	3.351487222	3.873239437	4.851425106
21023	2.89017341	2.93255132	3.873239437	4.851425106
21024	2.89017341	2.93255132	4.225352113	4.851425106
21025	2.408477842	2.513615417	4.225352113	4.851425106
21027	0.963391137	0.418935903	0.352112676	0.303214069
21030	0.481695568	0.837871806	0.352112676	1.516070346
21031	0.481695568	0.837871806	0.352112676	1.516070346
21032	0.481695568	0.837871806	0.352112676	1.516070346
21069	0.481695568	0.418935903	1.056338028	1.212856277
21070	0.963391137	0.418935903	1.408450704	1.212856277
21071	0.963391137	0.837871806	1.76056338	1.212856277
21072	1.445086705	2.93255132	2.112676056	1.516070346
21073	2.89017341	4.189359028	2.816901408	1.516070346
21074	3.853564547	7.121910348	3.873239437	1.819284415
21075	4.816955684	7.540846251	3.873239437	1.819284415
21076	4.335260116	7.959782153	3.873239437	2.122498484
21077	4.816955684	8.797653959	3.521126761	2.122498484
21078	4.816955684	8.797653959	3.169014085	2.122498484
21079	4.816955684	9.216589862	3.169014085	2.122498484
21080	4.335260116	7.121910348	2.816901408	2.122498484
21081	4.335260116	7.540846251	2.816901408	2.425712553
21082	3.371868979	3.770423125	1.76056338	1.819284415
21083	3.371868979	4.189359028	2.464788732	2.122498484
21084	3.853564547	4.189359028	2.112676056	1.819284415
21085	2.89017341	2.93255132	1.408450704	1.516070346
21086	2.89017341	3.351487222	1.408450704	1.819284415
21087	2.89017341	2.93255132	1.056338028	1.819284415
21088	3.371868979	2.93255132	1.056338028	1.819284415
21089	2.408477842	2.513615417	1.408450704	1.516070346
21090	2.408477842	2.93255132	1.408450704	1.516070346
21091	2.408477842	1.256807708	1.056338028	1.212856277
21092	0.963391137	0.837871806	0.704225352	1.212856277
21093	0.963391137	0.837871806	0.704225352	0.606428138
21095	0.963391137	0.418935903	0.352112676	0.606428138
21096	0.481695568	0.418935903	0.352112676	0.606428138
21107	0.481695568	2.094679514	2.464788732	2.122498484
21108	1.445086705	2.094679514	2.464788732	2.122498484
21109	1.445086705	2.094679514	2.464788732	1.819284415
21110	1.445086705	2.094679514	2.464788732	1.819284415
21111	1.926782274	2.094679514	2.464788732	1.516070346
21112	1.926782274	2.094679514	2.464788732	1.212856277
21113	1.926782274	1.675743611	2.464788732	1.516070346
21114	1.926782274	1.675743611	1.408450704	0.909642207
21115	1.445086705	0.418935903	1.056338028	1.212856277
21116	0.481695568	0.418935903	1.056338028	0.606428138
21117	0.481695568	0.418935903	2.112676056	0.606428138
21118	0.481695568	0.418935903	2.112676056	0.606428138
21167	0.481695568	0.418935903	0.352112676	0.606428138
21168	0.481695568	0.418935903	0.352112676	0.909642207
21169	0.963391137	0.837871806	1.056338028	0.909642207
21170	0.963391137	0.418935903	1.056338028	0.909642207
21171	0.963391137	0.837871806	1.056338028	0.909642207
21172	0.963391137	0.837871806	0.704225352	1.516070346
21173	0.963391137	0.837871806	0.704225352	1.516070346
21174	1.445086705	0.837871806	1.056338028	1.516070346
21175	1.445086705	0.837871806	1.408450704	1.212856277
21176	0.963391137	0.837871806	1.408450704	0.909642207
21177	0.963391137	0.418935903	1.408450704	0.909642207
21178	0.963391137	0.418935903	1.76056338	1.212856277
21179	1.445086705	0.837871806	1.056338028	1.516070346
21180	1.445086705	0.837871806	0.704225352	1.212856277
21181	1.445086705	0.837871806	0.704225352	0.909642207
21187	0.481695568	0.418935903	0.352112676	0.303214069
21188	0.481695568	0.418935903	0.352112676	0.303214069
21189	0.963391137	0.418935903	0.352112676	0.606428138
21261	0.481695568	0.418935903	0.352112676	0.606428138
21262	0.963391137	0.418935903	0.352112676	0.606428138
21263	0.963391137	0.837871806	0.704225352	0.606428138
21264	0.963391137	1.256807708	1.056338028	0.909642207
21265	0.963391137	1.256807708	1.76056338	0.909642207
21266	0.963391137	1.256807708	2.112676056	0.909642207
21267	1.445086705	1.675743611	2.464788732	1.212856277
21268	1.445086705	2.094679514	2.464788732	1.516070346
21269	0.963391137	2.094679514	2.464788732	0.909642207
21270	0.963391137	1.675743611	2.464788732	0.909642207
21271	0.481695568	1.675743611	2.464788732	1.212856277
21272	0.481695568	1.256807708	1.76056338	0.909642207
21273	0.481695568	0.837871806	1.056338028	1.516070346
21274	0.963391137	0.837871806	0.704225352	1.516070346
21275	0.481695568	0.837871806	0.352112676	1.516070346
21276	0.481695568	1.256807708	1.056338028	2.122498484
21277	0.963391137	1.256807708	1.056338028	2.425712553
21278	1.445086705	1.256807708	1.056338028	2.425712553
21279	1.445086705	1.256807708	1.056338028	2.122498484
21280	1.445086705	1.675743611	1.056338028	2.122498484
21281	1.445086705	1.675743611	1.056338028	1.819284415
21282	0.963391137	2.094679514	1.056338028	1.819284415
21283	0.963391137	1.675743611	1.056338028	1.516070346
21284	0.963391137	0.837871806	0.704225352	1.212856277
21285	0.481695568	0.837871806	0.704225352	0.606428138
21331	0.481695568	0.418935903	0.352112676	0.909642207
21332	0.481695568	0.418935903	0.352112676	1.212856277
21333	0.481695568	0.418935903	0.352112676	1.819284415
21334	0.481695568	0.837871806	0.352112676	1.212856277
21335	0.481695568	0.837871806	0.352112676	0.909642207
21336	0.963391137	0.837871806	0.352112676	1.212856277
21337	0.481695568	0.837871806	0.352112676	1.819284415
21338	0.963391137	1.256807708	0.352112676	1.819284415
21344	1.445086705	0.837871806	0.352112676	1.516070346
21345	1.445086705	1.256807708	0.352112676	1.212856277
21346	1.445086705	0.837871806	0.352112676	1.212856277
21347	1.926782274	1.675743611	0.352112676	1.212856277
21348	1.926782274	1.675743611	0.352112676	0.909642207
21349	1.926782274	1.675743611	0.352112676	0.909642207
21350	1.926782274	3.770423125	0.352112676	3.941782899
21351	1.445086705	4.189359028	0.352112676	3.941782899
21354	1.445086705	3.351487222	0.352112676	3.63856883
21355	0.963391137	2.094679514	0.352112676	3.63856883
21356	0.963391137	2.094679514	0.352112676	3.63856883
21357	0.481695568	2.094679514	0.352112676	3.63856883
21360	0.963391137	0.418935903	0.704225352	0.303214069
21361	0.963391137	0.418935903	0.704225352	0.303214069
21362	0.481695568	0.418935903	0.704225352	0.303214069
21371	0.481695568	0.837871806	0.352112676	0.303214069
21372	0.481695568	0.837871806	0.352112676	0.303214069
21373	0.481695568	0.837871806	0.352112676	0.606428138
21374	0.481695568	0.837871806	0.352112676	0.909642207
21376	0.481695568	0.418935903	0.352112676	0.909642207
21377	0.963391137	0.418935903	0.704225352	0.909642207
21378	0.481695568	0.418935903	0.704225352	1.212856277
21379	0.963391137	0.837871806	0.704225352	1.212856277
21380	0.963391137	0.837871806	0.704225352	1.212856277
21381	1.445086705	1.675743611	1.408450704	1.212856277
21382	2.408477842	1.675743611	1.76056338	1.212856277
21383	2.408477842	2.094679514	2.112676056	0.909642207
21384	2.408477842	2.513615417	2.112676056	0.909642207
21385	1.926782274	2.513615417	1.76056338	0.909642207
21386	1.926782274	2.513615417	2.112676056	0.606428138
21387	1.445086705	2.094679514	1.76056338	0.909642207
21388	1.445086705	2.93255132	1.76056338	1.212856277
21389	1.445086705	1.675743611	1.056338028	0.909642207
21390	0.481695568	1.675743611	0.704225352	0.909642207
21391	0.481695568	1.256807708	0.352112676	0.909642207
21392	0.481695568	1.256807708	0.352112676	0.909642207
21393	0.481695568	2.094679514	0.352112676	0.909642207
21564	0.963391137	2.93255132	0.704225352	0.303214069
21565	0.963391137	3.351487222	1.056338028	0.909642207
21566	1.445086705	3.351487222	1.056338028	1.212856277
21567	2.89017341	3.351487222	1.056338028	2.425712553
21568	3.853564547	4.608294931	2.464788732	2.728926622
21569	20.23121387	7.540846251	4.929577465	8.489993936
21570	20.71290944	10.05446167	5.281690141	10.00606428
21571	25.04816956	13.82488479	9.507042254	12.12856277
21572	26.49325626	11.73020528	9.507042254	13.03820497
21573	28.9017341	12.56807708	10.56338028	13.94784718
21574	29.86512524	12.56807708	11.61971831	14.25106125
21575	30.82851638	15.0816925	14.08450704	15.46391753
21576	29.38342967	14.6627566	13.38028169	15.76713159
21577	19.26782274	12.98701299	12.67605634	13.94784718
21578	13.48747592	10.05446167	10.21126761	9.096422074
21579	12.04238921	9.635525765	9.85915493	12.7349909
21580	11.07899807	8.797653959	9.154929577	11.8253487
21581	8.670520231	7.121910348	7.042253521	10.00606428
21582	6.743737958	6.702974445	6.690140845	9.096422074
21652	0.481695568	0.418935903	0.352112676	0.303214069
21692	0.481695568	2.094679514	0.352112676	0.909642207
21693	1.445086705	2.93255132	1.056338028	1.212856277
21694	1.445086705	2.93255132	1.408450704	1.212856277
21695	1.926782274	2.93255132	1.408450704	1.212856277
21696	1.926782274	2.93255132	1.408450704	1.212856277
21697	1.926782274	3.770423125	1.408450704	0.909642207
21698	1.926782274	3.351487222	1.056338028	0.909642207
21699	1.926782274	3.351487222	1.056338028	0.909642207
21700	1.445086705	2.93255132	1.408450704	1.212856277
21701	0.481695568	1.675743611	0.704225352	0.606428138
21702	0.481695568	1.256807708	0.704225352	0.606428138
21703	0.481695568	1.675743611	0.704225352	0.606428138
21728	1.926782274	1.675743611	0.704225352	2.728926622
21729	1.926782274	2.094679514	0.704225352	2.728926622
21730	2.408477842	2.513615417	1.056338028	3.032140691
21731	2.408477842	2.513615417	1.056338028	3.032140691
21732	2.89017341	2.513615417	1.056338028	3.33535476
21733	2.89017341	2.513615417	1.056338028	3.33535476
21734	2.408477842	1.256807708	1.056338028	2.122498484
21735	2.408477842	1.675743611	1.408450704	1.212856277
21736	0.963391137	1.675743611	0.704225352	1.819284415
21737	1.445086705	1.675743611	0.704225352	2.425712553
21738	0.963391137	1.256807708	0.704225352	2.122498484
21739	0.963391137	2.094679514	1.056338028	2.122498484
21740	0.963391137	2.094679514	1.056338028	2.122498484
21741	0.963391137	2.094679514	1.056338028	1.819284415
21742	0.963391137	2.094679514	1.056338028	2.122498484
21743	1.445086705	1.675743611	0.704225352	2.122498484
21744	0.963391137	1.675743611	0.704225352	1.819284415
21745	0.963391137	1.256807708	0.704225352	0.606428138
21746	0.963391137	1.256807708	0.704225352	0.606428138
21747	0.963391137	0.837871806	0.704225352	0.606428138
21830	2.408477842	0.418935903	1.76056338	1.516070346
21831	2.408477842	0.418935903	1.76056338	1.516070346
21832	2.408477842	0.418935903	1.408450704	1.516070346
21833	2.408477842	0.418935903	1.408450704	1.516070346
21834	1.926782274	0.418935903	0.704225352	1.212856277
21835	1.926782274	0.418935903	0.704225352	1.212856277
21836	1.445086705	0.837871806	1.056338028	1.212856277
21837	1.445086705	0.837871806	1.056338028	0.606428138
21838	1.445086705	0.837871806	0.352112676	0.303214069
21839	2.408477842	0.837871806	0.352112676	0.303214069
21840	2.408477842	0.837871806	0.704225352	0.909642207
21841	1.445086705	1.256807708	1.056338028	0.909642207
21842	0.963391137	1.256807708	1.056338028	0.909642207
21843	0.963391137	1.256807708	1.056338028	0.606428138
21844	0.963391137	0.837871806	0.704225352	3.032140691
21845	0.963391137	0.837871806	0.704225352	3.032140691
21846	0.963391137	0.837871806	1.056338028	3.63856883
21847	0.481695568	0.418935903	1.056338028	3.941782899
21848	0.481695568	0.418935903	0.704225352	3.33535476
21916	0.481695568	0.418935903	0.352112676	0.303214069
21917	0.481695568	0.418935903	0.352112676	0.303214069
21918	0.481695568	0.418935903	0.352112676	0.303214069
21945	0.963391137	0.418935903	0.704225352	0.303214069
21946	0.963391137	0.418935903	0.704225352	0.303214069
21949	0.481695568	0.418935903	0.704225352	0.303214069
21950	0.481695568	0.418935903	0.704225352	0.303214069
21951	0.481695568	0.837871806	1.76056338	0.303214069
21952	0.481695568	0.837871806	2.112676056	0.606428138
21953	0.481695568	0.837871806	2.112676056	0.606428138
21954	0.963391137	0.837871806	2.112676056	0.606428138
21955	1.926782274	0.837871806	0.704225352	0.606428138
21956	2.408477842	1.256807708	1.408450704	1.516070346
21957	1.926782274	1.256807708	1.408450704	1.516070346
21958	2.408477842	1.675743611	1.408450704	1.516070346
21959	2.408477842	1.256807708	1.408450704	1.516070346
21960	2.408477842	2.094679514	0.704225352	1.516070346
21961	2.89017341	3.351487222	0.704225352	1.212856277
21962	2.89017341	4.189359028	1.76056338	1.819284415
21963	1.926782274	4.189359028	1.76056338	1.819284415
21964	0.963391137	4.189359028	1.056338028	1.819284415
21965	0.963391137	3.351487222	1.408450704	1.212856277
21966	0.963391137	3.351487222	1.408450704	1.212856277
21967	0.481695568	2.93255132	1.408450704	1.212856277
21968	0.481695568	2.513615417	1.408450704	1.516070346
21971	0.481695568	0.418935903	0.352112676	1.516070346
21983	0.481695568	0.837871806	0.704225352	0.909642207
21984	0.481695568	0.837871806	0.704225352	0.909642207
21985	0.481695568	0.837871806	0.704225352	0.909642207
21986	0.481695568	0.837871806	1.056338028	0.303214069
21987	0.481695568	0.837871806	1.056338028	0.303214069
21988	0.481695568	0.837871806	1.408450704	0.303214069
21989	0.481695568	0.837871806	1.408450704	0.303214069
21990	0.481695568	0.418935903	1.056338028	0.303214069
21995	1.445086705	0.837871806	1.408450704	0.606428138
21996	1.445086705	1.256807708	1.408450704	0.606428138
21997	1.445086705	1.256807708	0.704225352	0.606428138
21998	1.445086705	1.256807708	1.056338028	0.606428138
21999	1.445086705	1.256807708	1.056338028	1.212856277
22000	1.445086705	1.256807708	1.056338028	0.909642207
22001	2.408477842	2.93255132	1.76056338	2.425712553
22002	2.408477842	3.351487222	1.408450704	2.728926622
22003	1.926782274	3.770423125	1.056338028	2.425712553
22004	2.408477842	6.284038542	2.464788732	3.63856883
22005	2.89017341	6.284038542	2.816901408	3.941782899
22006	4.335260116	7.540846251	3.521126761	4.548211037
22007	4.335260116	7.959782153	3.873239437	4.244996968
22008	4.335260116	7.540846251	4.225352113	4.244996968
22009	2.89017341	5.446166736	4.225352113	2.728926622
22010	2.408477842	5.027230834	3.521126761	2.122498484
22011	2.408477842	4.608294931	3.521126761	2.122498484
22012	2.408477842	2.93255132	2.464788732	0.909642207
22013	1.926782274	2.094679514	1.76056338	0.909642207
22027	0.963391137	0.418935903	0.704225352	0.303214069
22028	0.963391137	1.256807708	0.704225352	0.606428138
22029	0.963391137	1.256807708	0.704225352	0.606428138
22030	0.963391137	1.256807708	0.704225352	0.606428138
22031	0.963391137	1.256807708	1.056338028	0.606428138
22032	0.481695568	1.256807708	1.056338028	0.606428138
22033	0.481695568	2.094679514	0.704225352	0.606428138
22058	1.445086705	0.837871806	0.704225352	0.303214069
22059	1.445086705	0.837871806	0.704225352	0.303214069
22060	1.926782274	0.837871806	0.704225352	0.303214069
22061	1.926782274	0.837871806	0.704225352	0.303214069
22062	1.926782274	0.837871806	0.704225352	0.303214069
22063	1.926782274	0.837871806	0.704225352	0.303214069
22064	1.926782274	0.837871806	0.352112676	0.303214069
22065	1.926782274	0.837871806	0.352112676	0.606428138
22066	1.445086705	0.418935903	0.352112676	0.606428138
22067	1.445086705	0.418935903	0.704225352	0.606428138
22068	0.963391137	0.418935903	0.352112676	0.909642207
22069	0.481695568	0.418935903	0.704225352	0.909642207
22070	0.481695568	0.418935903	0.704225352	0.909642207
22071	0.481695568	0.418935903	0.704225352	0.909642207
22072	0.481695568	0.418935903	0.704225352	0.909642207
22109	2.408477842	0.418935903	1.408450704	1.212856277
22110	2.89017341	0.837871806	0.704225352	1.212856277
22111	2.89017341	0.837871806	0.704225352	1.212856277
22112	1.926782274	0.837871806	0.704225352	1.819284415
22113	1.445086705	0.837871806	0.352112676	1.516070346
22114	1.445086705	0.837871806	0.352112676	0.909642207
22115	0.963391137	0.837871806	0.352112676	0.606428138
22118	0.963391137	0.837871806	0.352112676	0.909642207
22119	0.481695568	0.418935903	0.352112676	0.909642207
22120	0.481695568	0.837871806	0.352112676	1.516070346
22121	0.481695568	0.837871806	0.352112676	2.122498484
22122	0.481695568	0.837871806	0.352112676	2.122498484
22123	0.481695568	0.837871806	0.352112676	2.122498484
22135	0.481695568	0.837871806	0.704225352	0.303214069
22136	0.481695568	0.837871806	0.704225352	0.303214069
22137	0.481695568	0.837871806	0.704225352	0.303214069
22138	0.963391137	0.837871806	0.704225352	0.303214069
22139	1.926782274	0.837871806	0.704225352	1.516070346
22140	1.926782274	0.837871806	0.704225352	1.212856277
22141	1.926782274	0.837871806	1.056338028	1.212856277
22142	1.926782274	0.837871806	1.056338028	1.212856277
22143	1.926782274	0.418935903	0.704225352	1.212856277
22144	1.926782274	0.418935903	0.352112676	1.212856277
22145	1.926782274	0.837871806	0.704225352	1.212856277
22146	0.963391137	1.256807708	1.056338028	1.212856277
22147	0.481695568	0.837871806	1.056338028	1.212856277
22148	0.481695568	0.837871806	1.056338028	1.212856277
22153	0.963391137	1.256807708	1.408450704	1.212856277
22154	0.963391137	0.418935903	1.056338028	1.212856277
22155	0.963391137	0.418935903	1.056338028	0.606428138
22156	0.963391137	0.418935903	1.408450704	0.909642207
22157	2.408477842	2.094679514	1.76056338	1.212856277
22158	2.89017341	2.93255132	2.112676056	1.212856277
22159	2.89017341	3.351487222	2.464788732	1.516070346
22160	3.371868979	4.189359028	2.816901408	3.63856883
22161	4.335260116	4.608294931	2.816901408	7.883565797
22162	5.298651252	5.446166736	4.577464789	7.883565797
22163	10.11560694	9.216589862	7.042253521	12.7349909
22164	13.48747592	10.89233347	10.21126761	16.97998787
22165	13.96917148	14.6627566	11.61971831	21.52819891
22166	16.37764933	16.33850021	14.43661972	23.65069739
22167	19.26782274	18.85211563	22.53521127	26.07640995
22168	19.7495183	18.43317972	23.5915493	25.46998181
22169	18.3044316	17.59530792	23.5915493	21.52819891
22170	16.85934489	17.59530792	22.88732394	20.92177077
22171	12.52408478	13.82488479	19.01408451	17.28320194
22172	10.11560694	12.56807708	17.95774648	14.55427532
22173	7.707129094	7.959782153	15.14084507	8.489993936
22174	4.816955684	5.446166736	11.26760563	5.761067314
22175	2.408477842	1.675743611	2.464788732	2.425712553
22176	0.481695568	0.418935903	1.056338028	0.606428138
22177	0.481695568	0.418935903	1.056338028	0.303214069
22287	0.963391137	0.837871806	0.352112676	3.032140691
22288	0.963391137	0.837871806	0.352112676	2.122498484
22289	0.963391137	0.837871806	0.352112676	1.516070346
22290	0.963391137	0.418935903	0.352112676	1.819284415
22291	0.963391137	0.418935903	0.352112676	1.819284415
22292	1.445086705	0.418935903	0.352112676	1.819284415
22293	1.445086705	0.418935903	0.352112676	1.819284415
22297	0.481695568	0.418935903	0.352112676	1.516070346
22298	0.481695568	0.837871806	0.704225352	1.516070346
22299	0.481695568	0.837871806	1.056338028	1.819284415
22300	0.481695568	0.837871806	1.056338028	1.819284415
22301	0.963391137	0.837871806	1.056338028	2.122498484
22302	0.963391137	0.837871806	1.056338028	2.122498484
22303	1.445086705	0.837871806	1.408450704	1.819284415
22304	0.963391137	0.418935903	1.408450704	1.819284415
22305	0.963391137	0.418935903	1.056338028	0.909642207
22324	1.445086705	0.418935903	0.352112676	0.303214069
22340	0.963391137	0.418935903	0.352112676	0.303214069
22383	0.481695568	0.418935903	0.352112676	0.909642207
22384	0.481695568	0.837871806	0.352112676	1.212856277
22385	0.481695568	0.837871806	0.352112676	1.212856277
22386	0.481695568	0.837871806	0.704225352	1.516070346
22387	0.963391137	1.675743611	1.76056338	1.819284415
22388	1.926782274	2.93255132	2.112676056	2.122498484
22389	5.780346821	2.93255132	3.521126761	4.244996968
22390	6.262042389	3.770423125	3.521126761	8.489993936
22391	6.262042389	4.608294931	3.521126761	10.00606428
22392	6.262042389	4.608294931	3.169014085	10.00606428
22393	6.262042389	4.189359028	3.521126761	10.30927835
22394	8.188824663	4.608294931	5.633802817	12.7349909
22395	10.5973025	5.446166736	7.746478873	14.85748939
22396	12.04238921	6.702974445	8.450704225	15.46391753
22397	9.633911368	7.959782153	7.746478873	15.76713159
22398	8.188824663	7.540846251	7.746478873	11.8253487
22399	8.670520231	6.702974445	7.746478873	11.8253487
22400	9.1522158	6.702974445	8.098591549	10.61249242
22401	9.1522158	7.121910348	8.098591549	10.00606428
22402	7.707129094	6.702974445	6.690140845	7.277137659
22403	4.816955684	6.284038542	5.633802817	6.064281383
22404	2.89017341	2.93255132	3.169014085	3.63856883
22405	1.926782274	1.256807708	2.816901408	3.032140691
22406	1.445086705	0.837871806	1.76056338	1.516070346
22407	0.963391137	0.837871806	1.408450704	0.909642207
22408	0.481695568	1.675743611	1.056338028	0.606428138
22450	0.481695568	0.418935903	1.056338028	1.819284415
22451	0.481695568	1.256807708	0.704225352	1.516070346
22452	0.963391137	1.675743611	0.704225352	2.122498484
22453	0.963391137	1.675743611	0.704225352	1.516070346
22454	0.963391137	1.675743611	0.704225352	1.516070346
22455	0.963391137	2.094679514	0.704225352	1.212856277
22456	0.963391137	2.094679514	0.704225352	1.212856277
22457	0.963391137	1.675743611	0.704225352	0.909642207
22458	0.481695568	1.675743611	0.352112676	0.606428138
22480	0.481695568	0.418935903	0.704225352	0.303214069
22484	2.408477842	0.418935903	0.352112676	0.606428138
22485	2.408477842	0.418935903	0.352112676	0.606428138
22488	1.926782274	0.418935903	0.352112676	1.212856277
22489	1.926782274	0.418935903	0.352112676	1.212856277
22490	2.408477842	0.418935903	0.352112676	0.909642207
22491	2.408477842	0.418935903	0.704225352	0.909642207
22492	0.963391137	0.837871806	0.352112676	0.303214069
22493	0.963391137	1.256807708	0.352112676	0.606428138
22494	0.963391137	1.256807708	0.352112676	0.606428138
22495	0.963391137	1.256807708	0.352112676	0.606428138
22496	0.963391137	1.256807708	0.352112676	0.606428138
22497	0.963391137	1.256807708	0.352112676	0.606428138
22498	0.963391137	1.256807708	0.352112676	0.606428138
22517	0.481695568	0.837871806	0.704225352	0.303214069
22518	0.481695568	0.837871806	0.704225352	0.303214069
22519	0.963391137	0.418935903	0.704225352	0.606428138
22531	0.481695568	0.418935903	0.704225352	0.909642207
22532	0.481695568	0.418935903	0.704225352	0.909642207
22533	0.481695568	0.837871806	1.056338028	0.909642207
22534	0.481695568	0.837871806	1.056338028	1.212856277
22535	0.481695568	0.837871806	1.056338028	1.212856277
22536	0.481695568	0.418935903	1.408450704	0.303214069
22537	0.481695568	0.418935903	0.704225352	0.303214069
22538	0.481695568	0.418935903	1.056338028	0.909642207
22539	0.481695568	0.418935903	1.056338028	0.909642207
22540	0.481695568	0.418935903	1.056338028	0.909642207
22541	0.481695568	0.418935903	1.056338028	0.909642207
22547	0.963391137	0.418935903	1.056338028	0.909642207
22548	0.963391137	0.418935903	1.056338028	0.909642207
22549	0.963391137	0.418935903	1.056338028	0.909642207
22550	0.963391137	0.418935903	1.056338028	0.909642207
22551	0.963391137	0.837871806	1.056338028	0.909642207
22552	0.963391137	0.837871806	1.408450704	1.212856277
22553	0.963391137	0.837871806	1.408450704	1.212856277
22554	0.963391137	0.837871806	1.056338028	0.909642207
22560	0.481695568	0.837871806	0.352112676	0.606428138
22602	0.481695568	0.837871806	0.352112676	0.303214069
22603	0.481695568	0.837871806	0.352112676	0.606428138
22604	0.481695568	0.837871806	0.352112676	0.606428138
22605	0.481695568	0.418935903	0.704225352	0.606428138
22606	0.481695568	0.418935903	0.704225352	0.606428138
22607	0.481695568	0.418935903	0.704225352	0.606428138
22626	0.481695568	0.837871806	0.704225352	0.303214069
22627	0.481695568	0.837871806	0.704225352	0.909642207
22628	0.481695568	0.837871806	0.704225352	1.819284415
22629	0.481695568	1.256807708	1.056338028	1.819284415
22630	0.481695568	0.418935903	0.704225352	1.819284415
22631	0.481695568	0.418935903	1.056338028	1.819284415
22632	0.481695568	0.418935903	0.704225352	1.819284415
22633	0.481695568	0.418935903	0.704225352	2.122498484
22635	0.481695568	0.418935903	1.056338028	2.728926622
22636	0.481695568	0.418935903	1.056338028	1.819284415
22639	0.481695568	0.418935903	0.352112676	1.212856277
22640	0.481695568	0.418935903	0.352112676	1.212856277
22641	0.481695568	0.418935903	0.352112676	1.212856277
22642	0.481695568	0.418935903	0.704225352	1.212856277
22646	0.481695568	0.418935903	0.352112676	0.303214069
22683	1.926782274	0.837871806	1.056338028	0.606428138
22684	1.926782274	0.837871806	1.76056338	0.606428138
22685	2.89017341	1.256807708	2.112676056	0.606428138
22686	2.89017341	1.675743611	1.76056338	0.606428138
22687	3.371868979	2.094679514	2.112676056	0.606428138
22688	3.371868979	2.094679514	2.112676056	0.606428138
22689	2.408477842	2.094679514	2.112676056	0.909642207
22690	2.89017341	1.256807708	1.76056338	1.212856277
22691	1.926782274	1.256807708	1.408450704	1.212856277
22692	2.408477842	1.675743611	0.704225352	0.909642207
22693	2.408477842	1.675743611	0.704225352	0.909642207
22694	1.445086705	1.675743611	0.704225352	0.909642207
22695	0.963391137	1.256807708	1.056338028	1.516070346
22696	0.963391137	1.256807708	0.704225352	1.516070346
22697	0.963391137	1.256807708	0.704225352	1.212856277
22698	0.963391137	1.256807708	0.704225352	0.909642207
22699	0.481695568	0.837871806	0.704225352	0.606428138
22712	0.481695568	0.418935903	0.352112676	0.606428138
22713	0.963391137	0.418935903	0.352112676	0.303214069
22714	0.963391137	0.418935903	0.352112676	0.303214069
22715	0.963391137	0.418935903	0.352112676	0.303214069
22716	0.963391137	0.837871806	0.352112676	0.303214069
22717	0.963391137	0.837871806	0.352112676	0.303214069
22718	0.963391137	0.837871806	0.352112676	0.303214069
22719	0.963391137	0.837871806	0.352112676	0.909642207
22720	0.963391137	0.837871806	0.352112676	0.909642207
22756	1.445086705	0.418935903	1.056338028	0.606428138
22757	1.445086705	0.837871806	0.704225352	0.606428138
22758	1.445086705	0.837871806	0.704225352	1.212856277
22759	1.926782274	0.837871806	0.704225352	1.516070346
22760	1.926782274	0.837871806	0.704225352	1.516070346
22761	1.926782274	0.837871806	0.352112676	1.516070346
22762	1.926782274	0.837871806	0.352112676	1.212856277
22767	0.481695568	0.418935903	0.704225352	0.303214069
22768	0.963391137	0.418935903	0.704225352	0.303214069
22769	0.963391137	0.837871806	0.704225352	0.303214069
22774	0.481695568	0.837871806	0.352112676	0.606428138
22775	0.481695568	0.837871806	0.352112676	0.909642207
22776	0.481695568	0.837871806	0.352112676	0.909642207
22778	0.481695568	0.418935903	0.352112676	1.212856277
22779	0.481695568	0.837871806	0.352112676	1.212856277
22780	0.481695568	0.837871806	0.352112676	1.212856277
22781	0.481695568	0.837871806	0.352112676	1.212856277
22782	0.481695568	0.837871806	0.352112676	0.606428138
22783	0.481695568	0.837871806	0.352112676	0.303214069
22784	0.481695568	0.418935903	0.352112676	0.303214069
22799	0.481695568	0.418935903	1.056338028	0.303214069
22800	0.481695568	0.837871806	1.408450704	0.606428138
22801	0.481695568	1.256807708	1.76056338	0.606428138
22802	0.481695568	1.256807708	2.464788732	0.606428138
22803	0.963391137	1.256807708	2.464788732	0.606428138
22804	0.963391137	1.256807708	2.464788732	0.606428138
22805	0.963391137	1.675743611	2.464788732	0.606428138
22806	0.963391137	1.256807708	1.76056338	0.303214069
22807	0.481695568	1.256807708	1.408450704	0.303214069
22823	0.963391137	0.837871806	0.704225352	1.819284415
22824	2.408477842	0.837871806	1.408450704	2.122498484
22825	3.853564547	1.675743611	2.464788732	2.425712553
22826	4.335260116	2.93255132	3.521126761	3.63856883
22827	4.335260116	2.93255132	3.521126761	3.63856883
22828	4.335260116	3.351487222	3.169014085	3.63856883
22829	4.816955684	3.351487222	3.873239437	3.63856883
22830	4.816955684	2.93255132	4.225352113	3.63856883
22831	4.335260116	2.513615417	4.577464789	3.33535476
22832	3.371868979	2.513615417	4.577464789	2.728926622
22833	1.445086705	1.675743611	2.816901408	2.425712553
22834	0.963391137	0.837871806	2.112676056	1.212856277
22835	0.963391137	0.837871806	1.76056338	0.909642207
22836	0.963391137	0.837871806	2.112676056	0.909642207
22837	1.445086705	1.675743611	1.76056338	1.819284415
22838	1.926782274	1.256807708	1.056338028	2.122498484
22839	1.926782274	0.837871806	0.704225352	2.122498484
22840	1.926782274	0.837871806	1.056338028	2.122498484
22841	2.408477842	0.837871806	1.056338028	2.425712553
22842	2.89017341	0.837871806	1.056338028	2.728926622
22843	2.89017341	0.837871806	1.76056338	3.032140691
22844	2.89017341	0.837871806	1.408450704	2.425712553
22845	2.89017341	1.256807708	1.056338028	2.425712553
22846	1.445086705	0.418935903	1.056338028	1.516070346
22847	1.445086705	0.418935903	1.056338028	0.909642207
22848	1.445086705	0.418935903	0.704225352	0.909642207
22849	1.445086705	0.418935903	0.704225352	0.606428138
22850	0.481695568	0.418935903	0.704225352	0.606428138
22908	0.963391137	0.418935903	1.056338028	1.819284415
22909	0.963391137	0.418935903	0.704225352	2.425712553
22910	0.481695568	0.418935903	0.704225352	2.425712553
22911	0.481695568	0.418935903	0.704225352	2.122498484
22912	0.481695568	0.418935903	0.352112676	2.122498484
22930	0.481695568	1.675743611	0.352112676	0.606428138
22931	0.481695568	1.675743611	0.352112676	0.303214069
22932	0.481695568	1.675743611	0.352112676	0.303214069
23023	0.481695568	0.837871806	1.056338028	1.516070346
23024	0.481695568	0.837871806	1.76056338	1.516070346
23025	0.481695568	0.837871806	2.112676056	1.819284415
23026	0.481695568	0.837871806	2.464788732	1.516070346
23027	0.481695568	0.418935903	2.464788732	1.819284415
23028	0.481695568	0.418935903	2.464788732	0.909642207
23102	0.481695568	0.418935903	0.704225352	0.303214069
23103	0.481695568	0.837871806	0.352112676	0.303214069
23104	0.963391137	1.256807708	0.352112676	0.606428138
23105	1.926782274	1.256807708	0.352112676	0.606428138
23106	1.926782274	1.256807708	0.352112676	0.606428138
23107	1.926782274	1.256807708	0.352112676	0.606428138
23147	0.481695568	0.418935903	0.352112676	0.606428138
23159	0.481695568	0.418935903	0.352112676	0.909642207
23160	0.481695568	0.837871806	0.704225352	1.516070346
23161	0.481695568	1.675743611	2.112676056	2.728926622
23162	0.963391137	2.93255132	2.464788732	2.728926622
23163	1.445086705	2.93255132	2.816901408	3.032140691
23164	1.445086705	3.351487222	2.816901408	3.33535476
23165	1.926782274	3.351487222	2.816901408	3.032140691
23166	2.408477842	3.770423125	2.816901408	3.032140691
23167	2.408477842	3.770423125	2.464788732	3.032140691
23168	3.853564547	5.027230834	2.816901408	3.032140691
23169	3.853564547	4.189359028	2.464788732	2.425712553
23170	4.816955684	2.93255132	2.112676056	1.819284415
23171	5.298651252	2.93255132	2.464788732	1.516070346
23172	3.853564547	3.351487222	2.464788732	1.516070346
23173	3.371868979	3.351487222	2.464788732	1.212856277
23174	2.89017341	2.094679514	2.464788732	1.212856277
23175	3.371868979	2.094679514	2.464788732	1.212856277
23176	1.926782274	1.675743611	2.112676056	0.909642207
23177	1.926782274	1.256807708	2.112676056	0.606428138
23178	0.963391137	0.837871806	1.056338028	0.303214069
23179	1.445086705	0.837871806	0.704225352	0.303214069
23182	1.926782274	0.837871806	0.352112676	0.303214069
23183	1.445086705	0.837871806	0.352112676	1.212856277
23184	1.445086705	0.837871806	0.352112676	1.212856277
23185	1.445086705	0.837871806	0.352112676	1.212856277
23186	1.445086705	0.837871806	0.352112676	1.212856277
23228	0.481695568	0.837871806	0.704225352	0.303214069
23229	0.481695568	0.837871806	0.704225352	0.303214069
23230	0.481695568	1.675743611	0.704225352	0.303214069
23231	0.481695568	1.256807708	0.704225352	0.303214069
23232	0.963391137	1.256807708	0.352112676	0.303214069
23233	0.963391137	0.837871806	0.352112676	0.606428138
23234	0.481695568	0.837871806	0.352112676	1.212856277
23313	0.963391137	0.418935903	0.704225352	0.303214069
23314	0.963391137	0.418935903	0.704225352	0.303214069
23315	0.963391137	0.418935903	0.352112676	0.303214069
23330	0.481695568	0.418935903	1.056338028	0.909642207
23331	0.481695568	0.837871806	1.056338028	1.212856277
23332	0.481695568	0.837871806	1.408450704	1.212856277
23333	0.963391137	0.837871806	1.056338028	1.516070346
23334	0.963391137	1.256807708	0.704225352	1.819284415
23335	0.963391137	2.93255132	7.042253521	6.064281383
23336	0.481695568	2.93255132	7.042253521	6.367495452
23337	0.481695568	2.93255132	7.042253521	6.670709521
23338	0.481695568	2.513615417	6.690140845	6.367495452
23339	2.408477842	2.513615417	7.042253521	6.367495452
23340	2.89017341	2.513615417	7.746478873	6.367495452
23341	43.83429672	20.10892333	37.32394366	22.13462705
23342	43.83429672	19.68998743	37.32394366	21.52819891
23343	43.83429672	19.68998743	31.69014085	20.92177077
23344	43.83429672	18.01424382	31.33802817	16.97998787
23345	44.31599229	18.01424382	30.98591549	16.6767738
23346	44.31599229	18.01424382	30.98591549	16.6767738
23347	43.35260116	18.01424382	30.98591549	16.6767738
23348	42.87090559	18.01424382	31.33802817	16.6767738
23349	0.963391137	0.418935903	1.056338028	1.212856277
23363	0.481695568	0.418935903	0.352112676	0.303214069
23364	0.481695568	0.837871806	0.352112676	0.303214069
23365	0.481695568	0.837871806	0.352112676	0.303214069
23366	0.481695568	0.418935903	0.704225352	0.303214069
23367	0.963391137	0.418935903	0.704225352	0.303214069
23368	0.963391137	0.418935903	0.352112676	0.303214069
23369	0.963391137	0.418935903	0.352112676	0.303214069
23370	1.445086705	0.418935903	0.352112676	0.303214069
23371	0.963391137	0.418935903	0.352112676	0.303214069
23372	0.963391137	0.418935903	0.352112676	0.303214069
23386	0.481695568	0.418935903	0.704225352	0.303214069
23387	0.481695568	0.418935903	0.704225352	0.606428138
23388	0.481695568	0.418935903	0.704225352	0.606428138
23389	0.481695568	0.418935903	0.704225352	0.606428138
23390	0.963391137	0.418935903	0.704225352	0.606428138
23391	1.445086705	0.418935903	0.704225352	0.606428138
23399	0.481695568	1.675743611	0.704225352	0.606428138
23400	0.481695568	1.675743611	0.704225352	0.606428138
23401	0.481695568	1.256807708	0.704225352	0.303214069
23402	0.481695568	0.837871806	0.704225352	0.303214069
23416	0.481695568	1.256807708	0.704225352	0.606428138
23417	0.481695568	0.837871806	0.704225352	0.606428138
23418	0.481695568	0.837871806	0.704225352	0.606428138
23419	0.963391137	0.837871806	0.352112676	0.909642207
23420	0.963391137	0.837871806	0.352112676	0.909642207
23421	0.963391137	0.418935903	0.352112676	0.909642207
23422	0.963391137	0.418935903	0.352112676	0.909642207
23483	0.481695568	0.418935903	1.056338028	1.212856277
23484	0.481695568	0.418935903	1.056338028	0.606428138
23485	0.481695568	0.837871806	1.056338028	0.606428138
23486	0.481695568	0.837871806	0.352112676	0.303214069
23487	0.481695568	0.837871806	0.352112676	0.303214069
23638	0.481695568	0.837871806	0.704225352	0.303214069
23639	0.481695568	0.837871806	0.704225352	0.303214069
23675	1.926782274	1.256807708	0.352112676	1.516070346
23676	1.926782274	1.256807708	0.352112676	1.516070346
23677	1.926782274	1.256807708	0.352112676	1.516070346
23678	1.445086705	0.837871806	0.352112676	0.303214069
23679	1.445086705	0.418935903	0.352112676	0.303214069
23711	0.963391137	0.418935903	0.704225352	0.606428138
23712	0.963391137	0.418935903	0.704225352	0.606428138
23713	0.963391137	0.418935903	0.704225352	0.606428138
23714	0.963391137	0.418935903	0.704225352	0.606428138
23715	0.481695568	0.837871806	0.704225352	0.606428138
23716	0.963391137	0.837871806	0.704225352	0.606428138
23717	0.963391137	0.837871806	0.704225352	0.606428138
23718	0.963391137	0.837871806	0.352112676	0.606428138
23730	0.963391137	0.418935903	1.056338028	0.303214069
23731	0.963391137	0.418935903	1.056338028	0.303214069
23732	0.963391137	0.418935903	0.704225352	0.303214069
23733	0.963391137	0.418935903	0.704225352	0.303214069
23734	0.481695568	0.418935903	0.704225352	0.303214069
23735	0.963391137	0.418935903	0.352112676	0.303214069
23736	0.481695568	0.418935903	0.352112676	0.606428138
23737	0.481695568	0.418935903	0.352112676	0.303214069
23749	0.481695568	0.418935903	0.352112676	0.303214069
23764	0.481695568	0.418935903	0.352112676	0.303214069
23765	0.481695568	0.418935903	0.352112676	0.303214069
23766	0.481695568	0.418935903	0.352112676	0.303214069
23784	0.481695568	0.418935903	0.352112676	0.909642207
23785	0.481695568	0.418935903	0.352112676	0.606428138
23786	0.481695568	0.418935903	0.352112676	0.606428138
23803	0.481695568	0.837871806	0.704225352	0.303214069
23807	0.963391137	0.837871806	0.704225352	0.303214069
23808	0.963391137	1.256807708	0.352112676	0.606428138
23809	0.963391137	0.837871806	0.352112676	0.606428138
23810	0.963391137	1.675743611	0.352112676	0.606428138
23820	1.445086705	0.418935903	0.352112676	0.909642207
23821	1.445086705	0.837871806	0.352112676	0.909642207
23822	1.445086705	0.837871806	0.352112676	0.909642207
23823	1.445086705	0.837871806	0.352112676	0.909642207
23824	1.445086705	0.837871806	0.352112676	0.909642207
23825	1.926782274	0.837871806	0.352112676	0.606428138
23826	0.963391137	0.837871806	0.352112676	0.303214069
23832	0.481695568	0.418935903	0.352112676	0.303214069
23833	0.481695568	0.418935903	0.352112676	0.606428138
23834	0.481695568	0.418935903	0.352112676	0.606428138
23835	0.481695568	0.418935903	0.352112676	0.606428138
23836	0.481695568	0.418935903	0.352112676	0.606428138
23837	0.481695568	0.418935903	0.352112676	0.606428138
23838	0.481695568	0.418935903	0.352112676	0.303214069
23839	0.481695568	0.418935903	0.352112676	0.303214069
23842	0.963391137	0.837871806	0.352112676	1.212856277
23843	0.481695568	0.418935903	0.352112676	1.212856277
23844	0.481695568	0.418935903	0.352112676	1.212856277
23845	0.481695568	0.418935903	0.352112676	1.212856277
23846	0.481695568	0.418935903	0.352112676	1.212856277
23847	0.481695568	0.418935903	0.352112676	1.212856277
23848	0.481695568	0.418935903	0.352112676	1.212856277
23880	0.481695568	0.418935903	0.352112676	0.303214069
23881	0.481695568	0.418935903	0.352112676	0.303214069
23882	0.481695568	0.418935903	1.056338028	0.303214069
23883	0.481695568	0.418935903	1.056338028	0.303214069
23884	0.963391137	0.837871806	1.408450704	0.606428138
23885	0.963391137	2.513615417	1.408450704	0.909642207
23886	0.963391137	2.513615417	1.408450704	0.909642207
23887	0.963391137	2.93255132	1.408450704	0.909642207
23888	0.481695568	3.351487222	1.408450704	0.606428138
23889	0.481695568	3.770423125	1.408450704	0.606428138
23890	0.963391137	3.351487222	0.704225352	0.606428138
23891	0.963391137	3.770423125	0.704225352	0.606428138
23892	0.963391137	3.770423125	0.704225352	0.303214069
23893	0.963391137	3.351487222	1.056338028	0.303214069
23894	0.963391137	2.93255132	1.76056338	0.303214069
23895	0.963391137	2.094679514	1.408450704	0.303214069
23896	0.963391137	1.675743611	1.408450704	0.303214069
23897	0.963391137	1.256807708	1.408450704	0.303214069
23898	0.481695568	0.837871806	1.408450704	0.303214069
23899	0.481695568	0.418935903	1.408450704	0.303214069
23900	0.481695568	0.418935903	1.408450704	0.303214069
23901	0.481695568	0.418935903	1.408450704	0.303214069
23918	1.926782274	0.418935903	0.704225352	14.55427532
23919	1.926782274	0.837871806	1.056338028	15.16070346
23920	0.963391137	0.837871806	1.056338028	15.46391753
23921	0.963391137	1.675743611	1.408450704	43.96604002
23922	1.926782274	2.094679514	1.76056338	44.26925409
23923	2.408477842	2.93255132	2.464788732	49.1206792
23924	2.408477842	3.351487222	2.816901408	49.42389327
23925	2.408477842	3.770423125	2.816901408	50.03032141
23926	2.89017341	3.770423125	2.816901408	50.03032141
23927	2.89017341	3.770423125	2.816901408	35.17283202
23928	2.89017341	3.351487222	2.464788732	34.86961795
23929	2.89017341	3.770423125	2.464788732	6.367495452
23930	2.89017341	3.351487222	2.464788732	6.064281383
23931	1.445086705	1.675743611	1.408450704	0.909642207
23932	0.963391137	1.256807708	1.056338028	0.606428138
23933	0.963391137	1.256807708	1.408450704	0.909642207
23934	0.481695568	0.837871806	1.056338028	0.606428138
23935	0.481695568	1.256807708	1.76056338	0.909642207
23936	0.481695568	1.256807708	1.76056338	0.909642207
23938	0.481695568	0.418935903	1.76056338	0.606428138
23939	0.481695568	0.418935903	1.76056338	0.909642207
23940	0.481695568	0.418935903	1.408450704	0.909642207
23941	0.481695568	0.837871806	1.408450704	0.606428138
23942	0.481695568	0.837871806	1.408450704	0.606428138
23943	0.481695568	0.418935903	0.704225352	0.303214069
23944	0.963391137	0.418935903	0.704225352	0.303214069
23945	0.963391137	0.418935903	0.704225352	0.303214069
23946	1.445086705	0.418935903	0.704225352	0.606428138
23947	1.445086705	0.418935903	0.704225352	0.606428138
23948	1.445086705	0.418935903	1.056338028	0.606428138
23949	1.926782274	0.418935903	1.056338028	0.909642207
23950	1.926782274	0.418935903	1.056338028	0.909642207
23951	2.89017341	0.418935903	0.704225352	0.909642207
23952	2.408477842	0.418935903	1.056338028	0.909642207
23953	2.408477842	0.837871806	1.056338028	1.212856277
23954	2.408477842	0.837871806	1.056338028	1.212856277
23955	2.408477842	1.675743611	1.056338028	1.516070346
23956	3.371868979	2.513615417	2.816901408	1.516070346
23957	3.853564547	2.513615417	3.521126761	1.819284415
23958	3.853564547	2.513615417	3.521126761	2.122498484
23959	3.853564547	2.513615417	3.521126761	2.122498484
23960	4.335260116	2.513615417	3.521126761	2.728926622
23961	4.816955684	2.094679514	3.521126761	2.728926622
23962	5.298651252	2.513615417	3.521126761	2.728926622
23963	4.816955684	2.094679514	3.521126761	2.122498484
23964	5.780346821	2.513615417	2.112676056	3.032140691
23965	5.298651252	3.770423125	2.464788732	3.032140691
23966	5.298651252	3.770423125	2.464788732	3.33535476
23967	5.298651252	3.770423125	3.521126761	3.33535476
23968	4.335260116	4.189359028	4.577464789	3.63856883
23969	3.371868979	4.189359028	4.929577465	3.63856883
23970	3.853564547	3.351487222	4.929577465	3.63856883
23971	3.853564547	4.189359028	4.929577465	3.941782899
23972	2.408477842	2.93255132	4.225352113	3.032140691
23973	2.408477842	2.93255132	3.873239437	2.122498484
23974	2.408477842	1.675743611	3.521126761	1.516070346
23975	1.926782274	1.256807708	3.169014085	1.516070346
23976	1.445086705	1.256807708	1.76056338	1.212856277
23977	1.926782274	1.256807708	1.056338028	0.606428138
23978	1.926782274	0.837871806	1.056338028	0.606428138
24014	1.445086705	2.513615417	1.76056338	0.606428138
24015	2.408477842	3.770423125	2.816901408	2.122498484
24016	2.408477842	3.770423125	2.816901408	2.122498484
24017	2.408477842	3.770423125	2.816901408	2.122498484
24018	2.408477842	3.770423125	2.816901408	2.425712553
24019	2.89017341	3.770423125	3.169014085	2.425712553
24020	2.89017341	3.770423125	2.816901408	2.728926622
24021	2.89017341	2.93255132	2.464788732	2.728926622
24022	2.89017341	2.93255132	2.464788732	2.728926622
24023	0.963391137	0.418935903	0.352112676	1.212856277
24024	0.963391137	0.418935903	0.352112676	1.212856277
24025	0.963391137	0.418935903	0.352112676	0.909642207
24026	0.963391137	0.418935903	0.352112676	1.212856277
24055	0.481695568	0.418935903	4.577464789	2.728926622
24153	0.481695568	0.837871806	0.352112676	0.606428138
24158	0.963391137	0.837871806	0.704225352	1.516070346
24159	0.963391137	0.837871806	0.704225352	1.516070346
24160	0.963391137	0.837871806	0.704225352	0.909642207
24161	2.89017341	1.256807708	0.704225352	1.212856277
24162	2.89017341	1.256807708	0.704225352	1.212856277
24163	2.89017341	1.256807708	0.704225352	1.212856277
24164	2.89017341	0.837871806	0.704225352	1.819284415
24167	2.408477842	1.256807708	0.352112676	1.212856277
24168	2.408477842	1.256807708	0.352112676	0.909642207
24169	0.481695568	0.418935903	0.352112676	0.606428138
24244	1.445086705	0.418935903	0.352112676	0.303214069
24246	1.445086705	0.418935903	0.352112676	0.606428138
24247	1.445086705	0.418935903	0.352112676	0.606428138
24248	1.445086705	0.837871806	0.704225352	0.606428138
24249	0.481695568	0.837871806	0.704225352	0.606428138
24250	0.481695568	1.256807708	0.704225352	0.303214069
24251	0.963391137	1.675743611	0.704225352	0.303214069
24252	0.963391137	1.256807708	0.704225352	0.606428138
24253	0.963391137	1.675743611	0.704225352	0.606428138
24254	0.963391137	1.256807708	0.704225352	0.303214069
24255	1.445086705	1.675743611	0.704225352	0.303214069
24257	0.963391137	2.094679514	0.352112676	0.303214069
24258	0.963391137	2.094679514	0.352112676	0.303214069
24259	0.963391137	1.675743611	0.352112676	0.303214069
24299	0.481695568	0.418935903	0.352112676	0.909642207
24300	0.481695568	0.418935903	0.704225352	1.212856277
24301	0.481695568	0.418935903	0.704225352	1.212856277
24302	0.481695568	0.418935903	0.704225352	0.606428138
24303	0.481695568	0.837871806	0.704225352	0.606428138
24304	0.481695568	1.256807708	0.704225352	0.606428138
24305	0.481695568	1.256807708	0.704225352	0.606428138
24306	0.481695568	1.256807708	0.704225352	0.606428138
24307	0.481695568	0.837871806	0.704225352	0.303214069
24312	0.481695568	0.418935903	0.352112676	0.303214069
24313	0.481695568	0.418935903	0.352112676	0.303214069
24318	0.481695568	0.837871806	0.352112676	0.909642207
24319	0.481695568	0.837871806	0.352112676	0.909642207
24353	0.481695568	0.418935903	0.352112676	0.303214069
24354	0.963391137	0.418935903	0.352112676	0.303214069
24355	0.963391137	0.418935903	0.352112676	0.303214069
24360	1.926782274	0.418935903	0.704225352	0.303214069
24361	1.926782274	0.418935903	0.704225352	0.303214069
24362	1.445086705	0.418935903	0.704225352	0.303214069
24363	1.445086705	0.837871806	0.352112676	0.303214069
24364	1.445086705	0.837871806	0.352112676	0.909642207
24367	0.963391137	0.418935903	0.352112676	1.212856277
24368	1.445086705	0.418935903	0.352112676	0.909642207
24369	1.926782274	0.418935903	0.352112676	0.909642207
24370	1.926782274	0.418935903	0.352112676	1.516070346
24371	1.926782274	0.418935903	0.704225352	1.516070346
24374	1.445086705	0.418935903	1.056338028	0.909642207
24375	1.445086705	0.418935903	1.056338028	1.212856277
24376	0.481695568	0.418935903	0.704225352	1.212856277
24377	0.481695568	0.418935903	1.056338028	1.516070346
24378	0.481695568	0.837871806	1.056338028	0.909642207
24379	0.963391137	0.837871806	0.704225352	0.909642207
24380	0.963391137	1.256807708	0.704225352	0.909642207
24381	0.963391137	1.256807708	0.704225352	0.606428138
24382	0.963391137	0.837871806	0.352112676	0.909642207
24383	0.963391137	1.256807708	0.704225352	0.606428138
24384	0.963391137	1.256807708	0.704225352	0.606428138
24385	0.963391137	1.256807708	0.352112676	0.303214069
24386	0.481695568	1.256807708	0.352112676	0.303214069
24388	0.481695568	1.256807708	0.704225352	0.303214069
24389	0.963391137	1.256807708	0.704225352	0.303214069
24390	0.963391137	0.837871806	1.408450704	0.606428138
24391	0.963391137	0.418935903	1.056338028	0.303214069
24392	0.963391137	0.418935903	1.76056338	0.303214069
24393	0.963391137	0.418935903	1.76056338	0.303214069
24394	0.963391137	0.418935903	1.76056338	0.303214069
24479	0.963391137	1.675743611	0.352112676	0.303214069
24480	0.963391137	1.675743611	0.704225352	0.303214069
24481	0.481695568	1.256807708	0.704225352	0.303214069
24482	0.481695568	1.256807708	1.408450704	0.606428138
24483	1.926782274	1.256807708	2.112676056	1.516070346
24484	1.926782274	0.837871806	2.464788732	1.819284415
24485	2.408477842	0.837871806	2.816901408	1.819284415
24486	2.408477842	1.256807708	3.169014085	1.819284415
24487	2.89017341	1.675743611	2.816901408	2.122498484
24488	2.89017341	1.675743611	2.464788732	2.122498484
24489	3.371868979	1.675743611	3.169014085	2.122498484
24490	2.89017341	1.675743611	2.464788732	2.425712553
24491	2.408477842	1.256807708	1.76056338	0.909642207
24492	1.926782274	1.256807708	1.408450704	0.909642207
24493	1.926782274	1.675743611	1.76056338	1.212856277
24494	4.335260116	2.094679514	2.112676056	2.425712553
24495	3.853564547	2.513615417	2.816901408	2.122498484
24496	3.853564547	2.094679514	3.169014085	2.122498484
24497	3.853564547	1.675743611	2.816901408	2.122498484
24498	3.371868979	1.675743611	2.464788732	1.819284415
24499	3.371868979	1.675743611	2.464788732	1.819284415
24500	3.371868979	1.675743611	2.464788732	1.819284415
24501	2.89017341	1.675743611	2.464788732	1.516070346
24502	1.445086705	1.256807708	1.056338028	0.606428138
24559	0.481695568	0.418935903	0.352112676	0.606428138
24560	0.481695568	0.418935903	0.352112676	0.606428138
24561	0.481695568	0.418935903	0.704225352	0.606428138
24562	0.481695568	0.418935903	0.704225352	0.606428138
24575	0.481695568	0.418935903	0.352112676	0.303214069
24576	0.481695568	0.418935903	0.352112676	0.303214069
24587	0.481695568	0.418935903	0.704225352	0.303214069
24588	0.481695568	0.418935903	0.704225352	0.303214069
24589	0.481695568	0.418935903	0.704225352	0.303214069
24590	0.481695568	0.418935903	0.704225352	0.909642207
24591	0.481695568	0.418935903	0.352112676	0.909642207
24592	0.481695568	0.418935903	0.352112676	0.909642207
24593	0.481695568	0.837871806	0.352112676	0.909642207
24594	0.481695568	0.418935903	0.352112676	0.909642207
24595	0.481695568	0.418935903	0.352112676	0.909642207
24596	0.481695568	0.837871806	0.352112676	0.909642207
24597	0.481695568	0.837871806	0.352112676	0.909642207
24598	0.481695568	0.837871806	0.352112676	0.303214069
24599	0.481695568	0.837871806	0.352112676	0.303214069
24600	0.963391137	0.837871806	0.352112676	0.303214069
24607	1.445086705	0.418935903	1.408450704	0.303214069
24608	1.445086705	0.418935903	1.408450704	0.303214069
24609	1.926782274	0.418935903	2.112676056	0.303214069
24642	0.481695568	1.256807708	0.352112676	1.212856277
24647	0.481695568	0.418935903	0.352112676	0.303214069
24648	0.481695568	0.418935903	0.352112676	1.212856277
24677	0.963391137	1.675743611	1.408450704	0.606428138
24678	0.963391137	2.513615417	1.408450704	0.606428138
24679	1.926782274	3.351487222	1.408450704	0.606428138
24680	2.408477842	3.351487222	1.408450704	0.909642207
24681	2.408477842	3.770423125	1.408450704	0.909642207
24682	2.89017341	4.608294931	1.76056338	1.212856277
24683	3.371868979	5.027230834	1.76056338	1.819284415
24684	2.89017341	5.446166736	1.76056338	2.122498484
24685	2.408477842	3.351487222	0.704225352	1.516070346
24686	2.408477842	2.93255132	0.704225352	2.122498484
24687	1.445086705	2.094679514	0.704225352	2.122498484
24688	0.963391137	2.094679514	0.704225352	1.819284415
24689	0.963391137	1.675743611	0.704225352	1.819284415
24690	0.963391137	0.837871806	0.352112676	1.819284415
24691	0.481695568	0.418935903	0.352112676	1.516070346
24747	1.445086705	0.418935903	0.352112676	0.909642207
24748	1.445086705	0.418935903	0.352112676	0.909642207
24749	0.963391137	0.418935903	0.704225352	0.606428138
24750	0.963391137	0.418935903	0.704225352	0.909642207
24751	1.445086705	0.418935903	0.704225352	0.909642207
24779	0.481695568	0.837871806	1.056338028	1.516070346
24780	0.481695568	0.837871806	1.056338028	1.516070346
24781	0.481695568	0.837871806	1.056338028	1.212856277
24782	0.963391137	0.837871806	0.704225352	1.516070346
24783	0.963391137	0.837871806	0.704225352	1.212856277
24784	1.445086705	0.837871806	0.704225352	0.909642207
24785	0.963391137	1.256807708	0.352112676	0.909642207
24786	0.963391137	1.256807708	0.352112676	0.909642207
24793	0.963391137	0.418935903	0.352112676	0.303214069
24794	0.963391137	0.418935903	0.352112676	0.303214069
24795	0.963391137	0.837871806	0.352112676	0.303214069
24796	0.963391137	0.837871806	0.352112676	0.303214069
24797	1.445086705	1.256807708	0.352112676	0.303214069
24798	1.445086705	0.837871806	0.352112676	0.606428138
24799	1.445086705	0.837871806	0.352112676	0.606428138
24800	1.445086705	0.837871806	0.352112676	0.606428138
24801	1.445086705	1.256807708	0.352112676	0.606428138
24802	0.963391137	1.256807708	0.352112676	0.606428138
24813	0.481695568	0.837871806	0.352112676	0.303214069
24814	0.481695568	0.837871806	0.352112676	0.303214069
24815	0.481695568	0.837871806	0.352112676	0.303214069
24816	0.963391137	0.418935903	0.352112676	0.303214069
24817	0.963391137	0.418935903	0.352112676	0.303214069
24819	1.445086705	0.418935903	0.704225352	0.303214069
24820	1.445086705	0.418935903	0.704225352	0.303214069
24821	1.445086705	0.418935903	0.704225352	0.303214069
24822	1.445086705	0.418935903	0.704225352	0.303214069
24852	1.445086705	0.837871806	0.352112676	0.909642207
24853	1.445086705	0.837871806	0.352112676	0.303214069
24879	0.963391137	0.837871806	2.464788732	20.92177077
24880	0.963391137	0.837871806	2.816901408	12.43177683
24881	0.963391137	0.837871806	2.816901408	3.032140691
24882	0.481695568	0.837871806	2.816901408	1.819284415
24883	0.481695568	0.837871806	2.816901408	1.516070346
24884	1.445086705	0.837871806	2.816901408	1.516070346
24885	0.963391137	0.837871806	1.76056338	1.516070346
24886	0.963391137	0.837871806	1.408450704	1.212856277
24889	1.445086705	0.418935903	0.704225352	0.606428138
24890	1.445086705	0.418935903	1.408450704	0.606428138
24891	1.445086705	0.418935903	1.056338028	0.303214069
24892	0.481695568	0.418935903	1.056338028	0.303214069
24893	0.481695568	0.418935903	1.056338028	0.303214069
24894	0.481695568	0.418935903	1.056338028	0.606428138
24895	0.481695568	0.418935903	1.056338028	0.909642207
24896	0.481695568	0.418935903	1.056338028	0.909642207
24897	0.481695568	0.418935903	1.056338028	0.606428138
24917	1.445086705	0.837871806	1.76056338	0.303214069
24963	0.481695568	0.418935903	0.352112676	0.303214069
24964	0.481695568	0.837871806	0.352112676	0.303214069
24965	0.963391137	0.837871806	0.352112676	0.303214069
24966	0.963391137	0.837871806	0.352112676	0.303214069
24967	1.445086705	0.837871806	0.352112676	0.909642207
24968	1.445086705	0.418935903	0.352112676	0.909642207
24969	1.445086705	0.418935903	0.352112676	0.909642207
24970	1.926782274	0.418935903	0.704225352	0.909642207
24971	1.445086705	0.418935903	0.704225352	0.606428138
24972	1.445086705	0.418935903	0.704225352	0.606428138
25021	1.445086705	3.351487222	1.056338028	2.122498484
25022	1.926782274	4.189359028	1.408450704	1.819284415
25023	2.408477842	5.865102639	2.112676056	2.425712553
25024	3.371868979	6.284038542	2.464788732	2.425712553
25025	4.816955684	7.540846251	3.169014085	2.728926622
25026	5.298651252	9.216589862	3.169014085	3.33535476
25027	7.225433526	11.73020528	3.521126761	3.941782899
25028	6.743737958	11.31126938	3.521126761	3.941782899
25029	6.743737958	10.89233347	3.521126761	3.63856883
25030	6.743737958	10.05446167	3.169014085	3.941782899
25031	6.262042389	9.635525765	2.816901408	2.425712553
25032	4.816955684	9.216589862	2.112676056	2.425712553
25033	3.853564547	8.378718056	1.76056338	2.425712553
25034	3.371868979	5.865102639	1.408450704	2.728926622
25035	1.445086705	3.351487222	1.056338028	1.516070346
25036	0.963391137	2.094679514	1.056338028	0.606428138
25037	0.481695568	2.094679514	0.704225352	0.606428138
25087	0.481695568	0.418935903	0.704225352	2.425712553
25088	0.481695568	0.418935903	1.056338028	2.425712553
25093	0.481695568	0.418935903	0.704225352	3.032140691
25094	0.481695568	0.418935903	0.704225352	3.33535476
25095	1.445086705	0.418935903	1.056338028	3.63856883
25096	1.445086705	0.418935903	1.056338028	3.941782899
25097	1.445086705	1.256807708	0.704225352	3.032140691
25098	3.371868979	2.513615417	0.704225352	3.941782899
25099	3.853564547	2.93255132	0.704225352	4.548211037
25100	4.816955684	2.93255132	0.704225352	3.941782899
25101	4.816955684	2.513615417	0.704225352	3.941782899
25102	4.816955684	2.513615417	0.704225352	3.63856883
25103	4.335260116	2.513615417	0.352112676	3.33535476
25104	3.371868979	2.513615417	0.352112676	3.33535476
25105	3.371868979	1.675743611	0.352112676	2.122498484
25106	2.89017341	1.256807708	0.352112676	0.909642207
25138	0.481695568	2.094679514	1.408450704	0.606428138
25139	0.481695568	2.094679514	1.408450704	0.303214069
25140	0.481695568	2.094679514	1.408450704	0.606428138
25141	0.481695568	1.675743611	1.408450704	0.606428138
25142	0.481695568	1.256807708	1.408450704	0.606428138
25143	0.481695568	1.256807708	1.056338028	0.606428138
25144	0.481695568	0.837871806	0.352112676	0.606428138
25145	0.481695568	0.837871806	0.352112676	0.606428138
25164	1.445086705	0.418935903	0.352112676	0.606428138
25165	1.926782274	0.418935903	0.704225352	0.606428138
25166	1.926782274	0.418935903	0.704225352	0.909642207
25167	1.926782274	0.418935903	0.704225352	0.909642207
25168	2.408477842	0.418935903	1.056338028	0.909642207
25169	2.89017341	0.418935903	1.056338028	0.909642207
25170	3.371868979	0.418935903	1.408450704	0.909642207
25171	3.371868979	0.418935903	1.056338028	0.909642207
25224	0.481695568	0.418935903	0.352112676	3.63856883
25269	0.963391137	1.256807708	0.352112676	0.303214069
25323	0.481695568	0.418935903	0.352112676	0.303214069
25324	0.481695568	0.418935903	0.352112676	0.303214069
25325	0.481695568	0.418935903	0.704225352	0.606428138
25326	0.963391137	0.418935903	0.704225352	0.909642207
25327	0.481695568	0.418935903	1.056338028	1.212856277
25352	0.481695568	0.837871806	0.352112676	0.303214069
25353	0.963391137	0.837871806	0.352112676	0.303214069
25372	1.445086705	1.675743611	1.056338028	0.606428138
25373	1.445086705	2.094679514	1.408450704	1.212856277
25374	1.445086705	2.094679514	1.408450704	1.212856277
25375	1.445086705	2.094679514	1.408450704	1.212856277
25376	1.445086705	2.094679514	1.408450704	1.212856277
25377	0.963391137	1.675743611	1.408450704	0.909642207
25378	0.481695568	1.675743611	1.408450704	0.909642207
25379	0.481695568	1.256807708	1.408450704	0.606428138
25380	0.481695568	0.837871806	0.704225352	0.606428138
25397	0.481695568	0.837871806	1.056338028	0.303214069
25398	0.481695568	0.837871806	1.056338028	0.606428138
25399	0.963391137	0.837871806	1.408450704	0.606428138
25400	0.963391137	0.837871806	1.408450704	0.606428138
25401	0.963391137	0.837871806	1.408450704	0.606428138
25402	0.963391137	0.837871806	1.408450704	1.212856277
25403	0.963391137	0.837871806	1.408450704	1.516070346
25404	0.963391137	0.418935903	1.408450704	1.516070346
25407	0.481695568	0.418935903	0.704225352	0.909642207
25431	0.481695568	0.837871806	0.352112676	0.303214069
25432	0.481695568	0.418935903	0.704225352	0.606428138
25433	0.481695568	0.837871806	0.704225352	0.606428138
25434	0.481695568	0.837871806	0.704225352	0.606428138
25435	0.481695568	0.837871806	0.352112676	0.606428138
25436	0.481695568	0.837871806	0.352112676	0.606428138
25437	0.481695568	0.837871806	0.352112676	0.606428138
25438	0.481695568	0.837871806	0.352112676	0.606428138
25439	0.481695568	0.837871806	0.352112676	0.606428138
25448	0.481695568	0.837871806	0.704225352	0.303214069
25449	0.481695568	0.837871806	0.352112676	0.303214069
25450	0.481695568	0.418935903	0.352112676	0.606428138
25451	0.481695568	0.418935903	0.352112676	0.606428138
25452	0.481695568	0.837871806	0.352112676	0.606428138
25453	0.481695568	0.837871806	0.352112676	0.606428138
25467	0.481695568	1.256807708	0.352112676	1.212856277
25468	0.481695568	1.256807708	0.704225352	1.212856277
25469	0.481695568	1.256807708	0.704225352	1.212856277
25470	0.481695568	1.256807708	0.704225352	1.212856277
25471	0.481695568	1.256807708	0.704225352	0.909642207
25551	1.445086705	1.256807708	0.704225352	1.516070346
25552	2.89017341	1.256807708	1.056338028	1.516070346
25553	2.89017341	1.256807708	1.056338028	1.516070346
25554	2.89017341	0.837871806	1.056338028	1.212856277
25555	2.89017341	0.837871806	1.056338028	1.212856277
25556	2.408477842	1.256807708	1.056338028	1.212856277
25557	1.926782274	0.418935903	1.056338028	1.212856277
25558	1.445086705	0.418935903	1.056338028	0.909642207
25559	1.445086705	0.837871806	1.056338028	0.303214069
25582	0.481695568	2.094679514	1.408450704	0.606428138
25583	0.481695568	2.094679514	1.408450704	0.606428138
25584	0.481695568	0.418935903	1.056338028	0.606428138
25585	1.445086705	0.418935903	1.056338028	0.606428138
25586	1.445086705	0.418935903	0.704225352	0.606428138
25587	1.445086705	0.418935903	0.704225352	0.303214069
25593	1.926782274	0.418935903	0.352112676	0.303214069
25594	1.926782274	0.837871806	0.704225352	0.303214069
25595	1.926782274	0.837871806	0.704225352	0.303214069
25596	2.408477842	0.837871806	0.704225352	0.303214069
25597	1.926782274	0.837871806	0.704225352	0.303214069
25598	1.445086705	0.837871806	0.704225352	0.303214069
25600	1.445086705	0.837871806	0.704225352	0.303214069
25601	0.481695568	0.418935903	0.352112676	0.303214069
25642	0.963391137	0.837871806	0.352112676	1.212856277
25643	2.89017341	0.837871806	0.352112676	1.819284415
25644	4.335260116	0.837871806	1.056338028	3.941782899
25645	3.853564547	0.837871806	1.056338028	3.63856883
25646	3.853564547	0.837871806	1.056338028	3.63856883
25647	4.335260116	1.256807708	1.056338028	3.33535476
25648	4.335260116	1.675743611	1.056338028	3.941782899
25649	4.335260116	1.675743611	0.704225352	3.941782899
25650	3.853564547	1.675743611	1.056338028	3.33535476
25651	1.926782274	1.675743611	0.704225352	2.728926622
25652	0.481695568	1.675743611	0.704225352	0.606428138
25653	0.481695568	1.675743611	0.704225352	0.606428138
25654	0.963391137	2.094679514	0.704225352	0.606428138
25655	0.481695568	1.675743611	0.704225352	0.909642207
25656	0.481695568	1.256807708	0.704225352	0.303214069
25657	0.481695568	1.256807708	0.704225352	0.303214069
25658	0.481695568	1.256807708	0.704225352	0.303214069
25659	0.481695568	1.256807708	0.352112676	0.303214069
25697	0.481695568	0.418935903	0.704225352	0.606428138
25699	0.481695568	0.418935903	0.704225352	0.606428138
25700	0.481695568	0.418935903	0.704225352	0.606428138
25701	0.963391137	0.418935903	0.704225352	0.909642207
25702	0.963391137	0.418935903	0.704225352	0.909642207
25703	0.963391137	0.418935903	0.352112676	0.909642207
25704	1.445086705	0.418935903	0.352112676	0.909642207
25710	1.926782274	2.93255132	0.352112676	2.425712553
25711	1.926782274	2.93255132	0.352112676	3.33535476
25712	1.445086705	2.93255132	0.352112676	3.33535476
25713	0.963391137	2.513615417	0.352112676	3.032140691
25714	0.481695568	2.93255132	0.352112676	3.032140691
25715	0.481695568	2.513615417	0.352112676	2.728926622
25724	0.481695568	0.418935903	0.704225352	0.606428138
25725	0.481695568	0.418935903	0.704225352	0.303214069
25742	1.445086705	0.418935903	1.056338028	0.303214069
25744	1.445086705	0.418935903	1.056338028	0.303214069
25745	0.963391137	0.418935903	1.056338028	0.303214069
25746	0.963391137	0.418935903	1.056338028	0.303214069
25747	0.481695568	0.418935903	1.056338028	0.303214069
25748	0.481695568	0.418935903	1.056338028	0.303214069
25749	0.481695568	0.418935903	1.056338028	0.303214069
25750	0.481695568	0.837871806	0.704225352	0.303214069
25751	0.481695568	1.256807708	1.056338028	0.606428138
25752	0.963391137	0.837871806	0.704225352	0.606428138
25753	0.963391137	0.837871806	0.704225352	0.606428138
25754	0.963391137	0.837871806	0.704225352	0.606428138
25755	0.963391137	0.837871806	1.76056338	0.606428138
25756	0.963391137	0.837871806	1.76056338	0.606428138
25757	0.963391137	1.256807708	1.76056338	0.909642207
25758	1.445086705	1.256807708	2.112676056	1.819284415
25759	1.445086705	1.256807708	1.408450704	1.819284415
25760	0.963391137	1.256807708	1.76056338	1.819284415
25761	0.481695568	0.837871806	2.112676056	1.819284415
25762	0.481695568	0.837871806	2.112676056	1.819284415
25763	0.481695568	1.256807708	2.112676056	1.819284415
25764	0.481695568	1.256807708	1.056338028	1.516070346
25765	0.481695568	0.837871806	1.056338028	1.212856277
25766	0.481695568	0.837871806	1.056338028	0.606428138
25767	0.963391137	1.256807708	1.056338028	0.606428138
25768	0.481695568	0.837871806	1.056338028	0.606428138
25769	0.481695568	0.837871806	0.704225352	0.909642207
25770	0.481695568	0.837871806	0.352112676	0.909642207
25771	0.481695568	1.256807708	0.352112676	0.909642207
25772	0.481695568	1.256807708	0.352112676	1.212856277
25773	0.481695568	1.256807708	0.352112676	1.212856277
25774	0.481695568	1.256807708	0.352112676	1.212856277
25823	1.445086705	0.418935903	1.056338028	1.516070346
25824	1.445086705	0.418935903	1.408450704	1.516070346
25825	1.926782274	0.837871806	1.056338028	1.516070346
25826	1.445086705	1.675743611	1.056338028	1.819284415
25827	0.963391137	1.256807708	0.704225352	2.122498484
25828	1.445086705	1.256807708	0.704225352	1.819284415
25829	1.445086705	1.256807708	0.704225352	1.819284415
25830	0.963391137	2.094679514	1.056338028	1.516070346
25831	0.963391137	2.513615417	1.056338028	0.606428138
25832	1.445086705	2.513615417	0.704225352	0.606428138
25833	0.963391137	2.93255132	0.704225352	0.606428138
25834	1.445086705	2.094679514	0.704225352	0.303214069
26002	0.481695568	0.418935903	0.352112676	0.303214069
26003	0.481695568	0.418935903	0.352112676	0.303214069
26004	0.481695568	0.418935903	0.352112676	0.303214069
26065	0.481695568	0.418935903	0.352112676	0.303214069
26066	0.481695568	0.418935903	0.352112676	0.303214069
26067	0.481695568	0.418935903	0.352112676	0.303214069
26092	0.481695568	0.418935903	0.352112676	0.303214069
26094	0.481695568	0.837871806	0.352112676	0.303214069
26095	0.481695568	0.837871806	0.352112676	0.909642207
26096	0.481695568	0.837871806	0.704225352	0.606428138
26097	0.481695568	0.837871806	1.056338028	0.606428138
26098	0.481695568	0.837871806	1.056338028	0.606428138
26099	0.481695568	0.837871806	1.056338028	0.606428138
26100	0.481695568	0.837871806	1.056338028	0.606428138
26101	0.481695568	0.418935903	1.056338028	0.606428138
26124	1.445086705	1.675743611	0.352112676	1.516070346
26125	1.926782274	1.256807708	0.352112676	1.516070346
26126	1.926782274	1.256807708	1.056338028	1.819284415
26127	1.926782274	1.256807708	1.056338028	1.516070346
26128	1.926782274	1.256807708	1.056338028	1.516070346
26129	1.926782274	1.256807708	1.056338028	1.516070346
26130	2.408477842	0.837871806	1.056338028	0.909642207
26131	2.408477842	0.837871806	1.056338028	0.909642207
26132	1.445086705	0.418935903	0.704225352	0.303214069
26133	0.963391137	0.418935903	0.704225352	0.303214069
26175	0.963391137	0.418935903	0.352112676	0.303214069
26176	0.963391137	0.418935903	0.352112676	0.606428138
26177	0.963391137	0.418935903	0.352112676	0.606428138
26178	0.963391137	0.418935903	0.352112676	0.606428138
26179	0.963391137	0.837871806	0.352112676	0.303214069
26180	0.481695568	0.837871806	0.352112676	0.606428138
26181	0.481695568	0.837871806	0.352112676	0.606428138
26299	3.371868979	2.513615417	3.169014085	2.425712553
26300	4.816955684	2.93255132	3.169014085	3.33535476
26301	6.743737958	4.189359028	3.521126761	5.457853244
26302	6.743737958	4.189359028	3.521126761	5.457853244
26303	6.743737958	4.189359028	3.521126761	5.457853244
26304	6.743737958	4.189359028	3.873239437	5.457853244
26305	7.225433526	4.189359028	3.873239437	5.457853244
26306	7.225433526	4.189359028	3.873239437	5.457853244
26307	5.298651252	2.094679514	2.112676056	3.63856883
26308	3.853564547	1.256807708	1.056338028	2.425712553
26432	0.481695568	0.837871806	0.352112676	0.909642207
26433	0.963391137	1.256807708	0.352112676	1.212856277
26434	2.89017341	2.094679514	0.704225352	1.819284415
26435	2.89017341	2.094679514	1.056338028	1.819284415
26436	3.371868979	2.93255132	0.704225352	1.819284415
26437	2.89017341	2.93255132	1.408450704	1.819284415
26438	2.89017341	2.93255132	1.76056338	1.819284415
26439	3.371868979	2.094679514	1.76056338	1.516070346
26440	2.89017341	2.094679514	1.76056338	1.516070346
26441	2.89017341	1.675743611	2.112676056	1.212856277
26442	1.445086705	1.256807708	2.112676056	0.909642207
26443	0.963391137	1.256807708	1.408450704	0.606428138
26444	0.481695568	0.837871806	1.76056338	0.606428138
26445	0.481695568	0.837871806	1.76056338	0.909642207
26446	0.481695568	0.837871806	1.76056338	0.909642207
26484	22.15799615	2.094679514	3.521126761	1.212856277
26485	28.42003854	5.027230834	5.985915493	1.212856277
26486	34.68208092	6.284038542	7.042253521	1.516070346
26487	34.68208092	6.284038542	7.042253521	1.516070346
26488	35.16377649	6.702974445	7.042253521	1.819284415
26489	35.16377649	7.959782153	7.042253521	1.819284415
26490	36.12716763	7.121910348	8.098591549	1.516070346
26491	35.64547206	7.121910348	8.098591549	1.516070346
26492	15.89595376	6.284038542	5.281690141	0.909642207
26493	8.670520231	4.189359028	2.464788732	0.606428138
26494	2.89017341	2.93255132	1.056338028	0.606428138
26495	2.408477842	2.513615417	1.056338028	0.909642207
26496	2.408477842	2.513615417	2.464788732	0.606428138
26497	2.408477842	1.675743611	2.464788732	0.606428138
26498	1.445086705	1.675743611	1.408450704	0.606428138
26499	1.926782274	1.675743611	1.408450704	0.303214069
26500	1.926782274	2.094679514	1.408450704	0.303214069
26501	1.445086705	1.256807708	2.112676056	0.303214069
26506	2.408477842	0.837871806	2.112676056	0.303214069
26507	1.926782274	2.094679514	2.112676056	1.819284415
26508	1.926782274	1.675743611	2.112676056	1.819284415
26509	1.926782274	1.675743611	1.408450704	1.819284415
26510	1.926782274	1.256807708	1.408450704	1.819284415
26511	1.926782274	1.675743611	1.408450704	1.819284415
26512	1.926782274	2.513615417	1.408450704	1.819284415
26513	1.926782274	2.93255132	1.056338028	1.819284415
26514	1.445086705	2.93255132	0.352112676	1.516070346
26562	1.445086705	0.837871806	0.352112676	0.303214069
26570	1.926782274	0.418935903	0.352112676	0.606428138
26571	1.926782274	0.418935903	0.352112676	0.606428138
26572	1.926782274	0.418935903	0.352112676	0.606428138
26573	1.926782274	0.418935903	0.352112676	0.606428138
26574	1.445086705	0.418935903	0.352112676	0.606428138
26602	0.481695568	0.837871806	0.704225352	0.909642207
26603	0.481695568	0.418935903	0.704225352	0.909642207
26604	0.481695568	0.418935903	0.352112676	0.909642207
26605	0.481695568	0.418935903	0.352112676	0.909642207
26606	0.481695568	0.418935903	0.352112676	0.909642207
26607	0.481695568	0.418935903	0.704225352	0.606428138
26608	0.481695568	0.418935903	0.704225352	0.303214069
26609	0.481695568	0.418935903	0.704225352	0.303214069
26617	0.481695568	1.675743611	0.352112676	0.303214069
26618	0.481695568	1.675743611	0.352112676	0.303214069
26622	0.481695568	2.094679514	0.704225352	0.606428138
26623	0.963391137	1.256807708	0.704225352	0.606428138
26624	0.963391137	1.256807708	0.352112676	0.606428138
26625	0.963391137	1.256807708	0.352112676	0.303214069
26626	0.963391137	1.256807708	0.704225352	0.303214069
26627	0.481695568	1.675743611	0.704225352	0.606428138
26628	0.481695568	0.837871806	0.704225352	0.606428138
26629	0.481695568	0.418935903	0.704225352	0.303214069
26647	0.481695568	0.418935903	0.352112676	0.303214069
26652	0.481695568	0.418935903	0.352112676	0.303214069
26653	0.481695568	0.418935903	0.352112676	1.212856277
26654	0.481695568	0.418935903	0.704225352	1.819284415
26657	0.963391137	0.418935903	1.056338028	1.516070346
26658	0.963391137	0.418935903	1.76056338	1.516070346
26659	0.963391137	0.837871806	2.464788732	2.425712553
26660	0.963391137	0.837871806	2.464788732	3.33535476
26661	0.963391137	0.837871806	2.464788732	3.032140691
26662	0.963391137	0.837871806	3.169014085	2.122498484
26663	0.963391137	0.837871806	2.816901408	1.819284415
26664	0.963391137	0.837871806	2.464788732	2.122498484
26665	0.963391137	0.418935903	2.816901408	2.425712553
26666	1.445086705	0.837871806	2.112676056	3.032140691
26667	1.445086705	0.837871806	1.408450704	3.032140691
26668	1.445086705	1.675743611	1.76056338	3.33535476
26669	1.445086705	2.513615417	1.76056338	3.032140691
26670	1.445086705	2.93255132	1.056338028	1.819284415
26671	1.445086705	3.351487222	1.408450704	2.122498484
26672	0.963391137	3.351487222	1.408450704	2.122498484
26673	0.963391137	3.351487222	1.408450704	2.122498484
26674	0.963391137	3.351487222	1.056338028	1.819284415
26675	0.963391137	2.93255132	1.056338028	1.819284415
26676	0.481695568	2.513615417	0.704225352	1.212856277
26677	0.481695568	1.675743611	0.352112676	1.212856277
26678	0.481695568	1.256807708	0.704225352	1.516070346
26679	0.481695568	0.837871806	0.704225352	1.212856277
26680	0.481695568	0.418935903	0.704225352	1.516070346
26681	0.963391137	0.418935903	0.704225352	1.212856277
26710	1.926782274	0.418935903	2.112676056	0.606428138
26711	1.926782274	0.837871806	2.464788732	0.606428138
26712	1.445086705	0.837871806	2.464788732	0.606428138
26713	0.963391137	0.837871806	2.112676056	0.606428138
26714	0.963391137	1.256807708	1.76056338	0.909642207
26715	0.963391137	0.837871806	2.464788732	0.909642207
26716	0.963391137	0.837871806	2.112676056	0.909642207
26717	0.963391137	1.256807708	2.112676056	1.212856277
26718	0.963391137	1.256807708	1.76056338	0.909642207
26720	0.481695568	0.837871806	1.056338028	0.606428138
26721	0.481695568	0.837871806	0.704225352	0.606428138
26722	0.481695568	0.418935903	0.704225352	0.909642207
26723	0.481695568	0.418935903	0.704225352	0.606428138
26724	0.481695568	0.837871806	0.352112676	0.606428138
26725	0.481695568	0.418935903	0.352112676	0.606428138
26726	0.481695568	0.418935903	0.352112676	0.606428138
26727	0.963391137	0.418935903	0.704225352	0.303214069
26728	0.963391137	0.837871806	0.352112676	0.303214069
26729	0.963391137	0.837871806	0.352112676	0.606428138
26730	0.963391137	0.837871806	0.352112676	0.606428138
26731	0.963391137	1.256807708	0.352112676	0.909642207
26732	0.963391137	0.837871806	0.352112676	0.909642207
26733	0.963391137	0.837871806	0.352112676	0.909642207
26734	1.445086705	0.837871806	0.352112676	0.606428138
26811	0.481695568	0.837871806	0.352112676	0.303214069
26812	0.963391137	1.256807708	0.704225352	0.909642207
26813	0.963391137	1.256807708	0.704225352	1.516070346
26814	0.963391137	0.837871806	0.704225352	1.819284415
26815	0.963391137	0.837871806	0.704225352	1.819284415
26816	0.963391137	1.256807708	0.704225352	1.819284415
26817	0.963391137	1.256807708	0.352112676	1.819284415
26818	0.963391137	0.837871806	0.352112676	1.819284415
26819	0.481695568	1.256807708	0.704225352	1.819284415
26847	1.445086705	0.418935903	0.352112676	1.212856277
26848	1.926782274	0.418935903	0.704225352	1.516070346
26849	1.926782274	0.837871806	0.704225352	1.516070346
26850	1.926782274	0.837871806	0.704225352	1.516070346
26851	1.926782274	0.837871806	0.704225352	1.516070346
26852	1.926782274	0.837871806	0.704225352	1.516070346
26853	1.926782274	0.837871806	0.704225352	1.516070346
26854	1.926782274	0.837871806	0.704225352	1.516070346
26855	0.481695568	0.418935903	0.352112676	0.303214069
26869	0.481695568	0.837871806	0.704225352	0.303214069
26870	1.445086705	0.837871806	0.352112676	0.303214069
26871	1.445086705	0.837871806	0.352112676	0.303214069
26872	1.926782274	0.837871806	0.352112676	0.303214069
26873	1.926782274	0.837871806	0.352112676	0.606428138
26924	0.481695568	0.418935903	0.352112676	0.303214069
26925	0.481695568	0.418935903	0.352112676	0.303214069
26926	0.481695568	0.418935903	0.352112676	0.303214069
26927	0.481695568	0.418935903	0.352112676	0.303214069
26928	0.481695568	0.418935903	0.352112676	0.303214069
26929	0.481695568	0.418935903	0.352112676	0.909642207
26930	0.481695568	0.418935903	0.352112676	0.909642207
26931	0.481695568	0.418935903	0.352112676	0.909642207
27004	0.481695568	0.418935903	0.352112676	0.303214069
27005	0.481695568	0.418935903	0.352112676	0.303214069
27006	0.481695568	0.418935903	0.352112676	0.303214069
27007	0.481695568	0.418935903	0.352112676	0.303214069
27021	0.963391137	0.418935903	1.408450704	0.606428138
27022	1.445086705	0.837871806	1.408450704	0.909642207
27023	1.445086705	0.837871806	1.056338028	1.212856277
27024	1.445086705	0.837871806	0.704225352	1.212856277
27025	1.445086705	0.837871806	0.704225352	0.909642207
27026	0.963391137	0.837871806	0.704225352	0.909642207
27027	0.481695568	0.837871806	0.704225352	0.909642207
27127	0.481695568	0.418935903	0.352112676	0.606428138
27128	0.481695568	0.418935903	0.352112676	0.606428138
27129	0.481695568	0.418935903	0.352112676	0.606428138
27130	0.481695568	1.675743611	0.704225352	0.606428138
27131	0.481695568	1.675743611	0.704225352	0.606428138
27132	0.481695568	1.675743611	1.056338028	0.303214069
27133	0.481695568	1.256807708	1.408450704	0.303214069
27134	0.963391137	1.256807708	2.112676056	0.909642207
27135	0.963391137	1.256807708	1.76056338	0.606428138
27136	0.963391137	1.256807708	1.76056338	0.909642207
27137	0.963391137	1.256807708	1.76056338	0.909642207
27138	0.963391137	0.418935903	1.408450704	0.909642207
27139	0.963391137	0.837871806	1.408450704	0.909642207
27140	0.963391137	0.837871806	1.056338028	0.909642207
27141	0.963391137	1.256807708	1.056338028	1.212856277
27148	0.481695568	1.256807708	0.352112676	0.606428138
27149	0.481695568	0.418935903	0.352112676	0.303214069
27150	0.481695568	0.418935903	0.352112676	0.303214069
27163	0.481695568	0.418935903	0.704225352	0.303214069
27164	0.481695568	0.418935903	0.704225352	0.303214069
27165	0.481695568	0.418935903	0.352112676	0.303214069
27166	0.481695568	0.418935903	0.704225352	0.606428138
27167	0.481695568	0.418935903	0.704225352	0.303214069
27168	0.481695568	0.418935903	0.704225352	0.303214069
27180	0.481695568	1.256807708	0.352112676	0.606428138
27200	0.481695568	0.418935903	0.352112676	0.303214069
27201	0.481695568	1.256807708	0.352112676	0.303214069
27202	0.481695568	1.675743611	0.352112676	0.303214069
27203	0.481695568	1.675743611	0.352112676	0.303214069
27204	0.963391137	1.675743611	0.352112676	0.303214069
27235	1.445086705	0.418935903	0.704225352	0.303214069
27236	0.963391137	0.837871806	0.704225352	0.303214069
27247	0.963391137	0.418935903	1.056338028	0.909642207
27248	0.963391137	0.418935903	1.408450704	0.909642207
27249	0.963391137	0.418935903	1.408450704	1.516070346
27250	0.963391137	0.418935903	1.408450704	1.516070346
27251	0.963391137	0.418935903	1.408450704	1.516070346
27252	0.963391137	0.418935903	0.704225352	1.516070346
27253	0.963391137	0.837871806	1.408450704	1.212856277
27254	0.481695568	0.837871806	1.408450704	0.909642207
27256	1.445086705	0.418935903	1.056338028	0.303214069
27258	1.445086705	0.837871806	1.056338028	0.909642207
27259	1.445086705	0.837871806	1.056338028	0.909642207
27260	1.926782274	0.837871806	1.056338028	1.212856277
27261	1.926782274	1.675743611	2.112676056	1.212856277
27262	1.926782274	1.675743611	1.76056338	1.212856277
27263	1.926782274	1.675743611	1.408450704	1.212856277
27264	0.963391137	1.256807708	1.408450704	1.212856277
27265	0.963391137	1.256807708	1.056338028	1.212856277
27266	0.963391137	0.837871806	1.056338028	0.303214069
27267	0.963391137	0.837871806	1.408450704	0.303214069
27268	2.89017341	1.256807708	2.464788732	3.032140691
27269	4.816955684	2.513615417	2.816901408	3.941782899
27270	4.816955684	2.094679514	2.816901408	3.63856883
27271	5.780346821	2.094679514	2.464788732	3.63856883
27272	6.262042389	3.351487222	2.816901408	3.63856883
27273	7.225433526	4.189359028	2.816901408	3.63856883
27274	6.743737958	4.189359028	2.816901408	3.941782899
27275	6.743737958	4.189359028	2.464788732	3.941782899
27276	5.780346821	3.770423125	1.76056338	1.212856277
27277	4.335260116	2.93255132	0.704225352	0.606428138
27278	2.89017341	2.513615417	0.352112676	0.303214069
27279	2.408477842	2.513615417	0.352112676	0.303214069
27281	1.445086705	1.256807708	0.352112676	0.606428138
27282	0.963391137	1.256807708	0.352112676	0.303214069
27283	0.963391137	1.256807708	0.352112676	0.303214069
27284	0.963391137	0.837871806	0.352112676	0.303214069
27285	0.963391137	0.418935903	0.352112676	0.303214069
27286	0.481695568	0.418935903	0.352112676	0.303214069
27287	0.481695568	0.418935903	0.352112676	0.303214069
27304	2.408477842	2.094679514	0.352112676	1.212856277
27305	2.89017341	2.513615417	1.056338028	1.516070346
27306	2.89017341	2.094679514	1.408450704	1.516070346
27307	2.408477842	2.094679514	2.112676056	1.212856277
27308	3.371868979	0.837871806	2.112676056	1.516070346
27309	3.853564547	1.256807708	2.464788732	1.516070346
27310	3.371868979	1.256807708	3.521126761	3.032140691
27311	3.853564547	2.513615417	4.225352113	3.032140691
27312	2.89017341	2.93255132	4.225352113	3.33535476
27313	2.408477842	2.513615417	3.521126761	3.33535476
27314	2.408477842	2.513615417	2.816901408	3.032140691
27315	2.408477842	2.513615417	2.816901408	3.032140691
27316	1.926782274	3.770423125	2.816901408	3.33535476
27317	1.445086705	3.770423125	2.816901408	2.728926622
27318	1.445086705	3.351487222	1.76056338	1.212856277
27319	1.926782274	2.93255132	1.76056338	1.212856277
27320	1.445086705	2.513615417	1.408450704	0.909642207
27321	1.445086705	2.094679514	1.408450704	0.909642207
27322	0.963391137	2.094679514	1.056338028	0.606428138
27337	0.481695568	0.418935903	0.704225352	0.909642207
27338	0.963391137	0.418935903	0.704225352	0.606428138
27341	1.445086705	0.418935903	1.056338028	1.212856277
27342	1.926782274	0.418935903	0.704225352	1.516070346
27343	1.926782274	0.418935903	1.056338028	1.819284415
27344	2.408477842	0.418935903	0.704225352	2.122498484
27345	1.926782274	0.837871806	0.704225352	1.819284415
27346	1.445086705	0.837871806	1.408450704	1.819284415
27347	1.926782274	0.837871806	1.408450704	1.212856277
27348	1.926782274	1.256807708	1.408450704	1.212856277
27349	1.926782274	1.256807708	1.76056338	1.212856277
27350	1.445086705	0.837871806	1.76056338	0.909642207
27351	1.926782274	0.837871806	1.408450704	0.909642207
27352	1.445086705	0.837871806	1.408450704	0.606428138
27353	0.963391137	0.837871806	1.056338028	0.303214069
27354	1.445086705	0.837871806	0.352112676	0.303214069
27355	0.963391137	0.837871806	0.352112676	0.303214069
27400	2.408477842	3.770423125	0.704225352	3.941782899
27401	2.408477842	6.284038542	1.408450704	4.244996968
27402	2.89017341	6.702974445	1.408450704	4.548211037
27403	2.89017341	6.702974445	1.408450704	5.154639175
27404	2.408477842	6.284038542	1.408450704	4.548211037
27405	2.408477842	5.865102639	1.408450704	4.244996968
27406	2.408477842	5.027230834	1.408450704	3.941782899
27407	2.89017341	4.608294931	1.408450704	4.244996968
27408	2.408477842	4.189359028	0.704225352	3.032140691
27409	3.853564547	2.094679514	1.056338028	2.728926622
27410	3.853564547	1.675743611	0.704225352	2.425712553
27411	3.853564547	1.256807708	0.704225352	1.819284415
27412	3.853564547	1.256807708	0.704225352	2.122498484
27413	3.853564547	1.256807708	0.704225352	2.425712553
27414	3.853564547	1.256807708	0.704225352	2.122498484
27415	2.89017341	1.256807708	0.704225352	1.516070346
27416	2.89017341	1.256807708	1.056338028	1.516070346
27417	1.445086705	0.418935903	1.056338028	1.212856277
27470	0.481695568	0.418935903	0.352112676	0.606428138
27471	0.481695568	0.837871806	0.352112676	0.606428138
27479	1.445086705	2.094679514	0.704225352	1.212856277
27480	2.408477842	2.094679514	0.704225352	1.819284415
27481	2.408477842	2.094679514	0.704225352	2.122498484
27482	2.408477842	2.094679514	0.704225352	2.122498484
27483	2.408477842	2.094679514	0.704225352	2.122498484
27484	2.89017341	1.675743611	0.704225352	2.425712553
27485	2.89017341	0.837871806	0.704225352	1.819284415
27550	0.481695568	0.418935903	0.352112676	1.212856277
27551	0.481695568	0.418935903	0.352112676	1.212856277
27557	0.963391137	0.418935903	0.352112676	0.303214069
27558	0.481695568	0.418935903	0.352112676	0.303214069
27588	0.963391137	0.418935903	0.352112676	2.122498484
27589	0.481695568	0.418935903	0.352112676	1.819284415
27590	0.481695568	0.418935903	0.352112676	1.819284415
27643	0.481695568	0.837871806	0.352112676	0.303214069
27644	0.481695568	0.418935903	0.352112676	0.303214069
27645	0.481695568	0.418935903	0.352112676	0.303214069
27646	0.481695568	0.418935903	0.352112676	0.303214069
27647	0.481695568	0.418935903	0.352112676	0.303214069
27648	0.481695568	0.418935903	0.352112676	0.303214069
27649	0.481695568	0.418935903	0.352112676	0.303214069
27657	0.481695568	0.418935903	0.352112676	0.909642207
27661	0.481695568	0.837871806	0.352112676	0.606428138
27685	0.963391137	0.837871806	0.704225352	0.303214069
27686	0.481695568	0.837871806	0.704225352	0.303214069
27687	0.963391137	0.837871806	1.408450704	0.303214069
27688	0.963391137	0.837871806	1.408450704	0.606428138
27689	1.445086705	0.837871806	1.408450704	0.606428138
27690	2.408477842	0.837871806	2.112676056	0.909642207
27691	2.408477842	0.837871806	1.76056338	0.909642207
27692	2.89017341	1.675743611	2.112676056	1.516070346
27693	2.89017341	0.837871806	1.76056338	1.516070346
27694	2.89017341	1.256807708	1.408450704	1.516070346
27695	2.408477842	1.675743611	1.056338028	1.819284415
27696	2.408477842	1.675743611	1.056338028	1.516070346
27697	1.926782274	1.675743611	1.056338028	1.516070346
27698	0.963391137	1.675743611	0.704225352	1.516070346
27699	0.963391137	1.675743611	0.704225352	1.819284415
27700	0.963391137	1.256807708	0.352112676	1.819284415
27721	0.963391137	1.256807708	0.704225352	0.303214069
27722	0.963391137	1.675743611	0.352112676	0.606428138
27723	0.963391137	1.256807708	0.352112676	0.606428138
27724	0.481695568	1.256807708	0.352112676	0.606428138
27725	0.481695568	1.256807708	0.352112676	0.606428138
27726	0.481695568	0.837871806	0.352112676	0.606428138
27727	0.481695568	0.418935903	0.352112676	0.606428138
27728	0.481695568	0.418935903	0.352112676	0.606428138
27743	0.963391137	1.256807708	0.352112676	0.303214069
27744	0.963391137	1.675743611	0.704225352	0.303214069
27745	0.481695568	3.351487222	1.056338028	0.303214069
27746	0.481695568	3.770423125	1.056338028	0.909642207
27747	0.481695568	3.351487222	1.056338028	0.909642207
27748	0.481695568	2.93255132	1.056338028	1.516070346
27749	0.481695568	2.513615417	0.704225352	1.516070346
27750	0.481695568	2.094679514	0.704225352	1.516070346
27751	0.481695568	2.094679514	1.056338028	1.819284415
27752	0.481695568	1.675743611	0.704225352	1.819284415
27753	0.481695568	0.418935903	0.352112676	1.819284415
27754	0.481695568	0.418935903	0.352112676	1.516070346
27758	0.481695568	0.418935903	0.352112676	1.212856277
27761	0.963391137	0.418935903	0.352112676	0.303214069
27778	2.408477842	0.418935903	0.704225352	0.303214069
27784	2.408477842	0.418935903	1.056338028	0.909642207
27785	2.408477842	0.837871806	1.056338028	1.212856277
27786	1.926782274	0.837871806	1.056338028	1.516070346
27787	1.926782274	1.256807708	1.056338028	1.516070346
27788	1.445086705	1.256807708	1.056338028	1.516070346
27789	1.445086705	1.256807708	0.704225352	1.516070346
27790	0.963391137	1.675743611	0.704225352	1.516070346
27791	0.963391137	1.675743611	0.704225352	1.212856277
27792	0.481695568	1.256807708	0.704225352	0.909642207
27803	0.481695568	1.256807708	0.704225352	0.606428138
27806	0.481695568	1.675743611	1.056338028	0.303214069
27807	0.481695568	2.094679514	1.056338028	0.606428138
27808	0.481695568	2.094679514	1.056338028	0.606428138
27809	0.481695568	2.094679514	1.056338028	0.606428138
27811	0.481695568	2.513615417	0.704225352	0.909642207
27812	0.963391137	2.513615417	0.704225352	1.516070346
27813	1.445086705	2.513615417	0.352112676	1.819284415
27814	1.926782274	1.675743611	0.352112676	1.516070346
27815	2.408477842	1.675743611	0.704225352	1.516070346
27816	2.408477842	2.094679514	0.704225352	1.516070346
27817	2.89017341	2.93255132	1.056338028	1.819284415
27818	2.89017341	2.93255132	1.408450704	1.212856277
27819	3.371868979	2.93255132	1.76056338	1.212856277
27820	2.89017341	2.93255132	2.464788732	0.909642207
27821	2.408477842	2.93255132	2.464788732	0.909642207
27822	3.371868979	2.93255132	2.464788732	1.516070346
27823	1.926782274	2.513615417	2.816901408	1.516070346
27824	2.408477842	2.93255132	2.816901408	1.516070346
27825	1.926782274	2.094679514	2.464788732	1.516070346
27826	1.926782274	1.675743611	2.464788732	1.212856277
27827	1.445086705	1.256807708	2.464788732	1.212856277
27828	3.853564547	1.256807708	2.112676056	1.516070346
27829	3.853564547	2.094679514	1.76056338	1.212856277
27830	2.89017341	2.094679514	1.056338028	0.909642207
27831	2.89017341	1.675743611	0.704225352	1.212856277
27832	1.445086705	1.256807708	0.704225352	1.212856277
27833	1.445086705	1.256807708	0.704225352	1.212856277
27834	1.926782274	0.837871806	1.408450704	1.212856277
27835	1.926782274	0.837871806	1.408450704	1.516070346
27836	0.481695568	1.256807708	1.408450704	1.516070346
27837	0.481695568	0.418935903	1.408450704	1.516070346
27838	0.481695568	0.418935903	1.76056338	1.516070346
27839	0.481695568	0.418935903	1.76056338	0.606428138
27840	0.481695568	0.418935903	1.408450704	0.909642207
27841	0.481695568	0.418935903	1.408450704	1.212856277
27869	0.481695568	0.837871806	0.352112676	0.303214069
27870	0.481695568	0.837871806	0.352112676	0.303214069
27871	0.481695568	0.837871806	0.352112676	0.303214069
27872	0.481695568	0.837871806	0.352112676	0.303214069
27895	0.963391137	0.418935903	1.056338028	1.212856277
27896	3.853564547	0.418935903	1.76056338	1.212856277
27897	3.853564547	0.418935903	1.408450704	0.909642207
27898	3.853564547	0.837871806	1.408450704	0.606428138
27899	4.816955684	1.256807708	1.408450704	1.516070346
27900	15.89595376	1.256807708	1.76056338	2.425712553
27901	16.37764933	1.256807708	2.112676056	2.122498484
27902	16.37764933	1.675743611	2.112676056	2.425712553
27903	15.41425819	1.256807708	1.76056338	2.122498484
27904	0.963391137	2.094679514	1.408450704	2.122498484
27905	0.963391137	2.513615417	1.056338028	2.122498484
27906	1.445086705	2.094679514	1.056338028	2.122498484
27907	1.445086705	2.094679514	1.056338028	1.212856277
27908	0.963391137	1.675743611	0.704225352	1.516070346
27909	0.481695568	2.094679514	0.352112676	0.606428138
27910	0.963391137	2.094679514	0.352112676	0.606428138
27911	0.963391137	2.094679514	0.352112676	0.606428138
27912	0.963391137	1.675743611	1.056338028	0.606428138
27913	0.963391137	1.675743611	1.056338028	0.606428138
27914	0.963391137	1.256807708	1.056338028	0.606428138
27915	0.963391137	1.256807708	0.704225352	0.606428138
27916	0.963391137	1.675743611	1.056338028	0.606428138
27917	0.963391137	1.675743611	1.056338028	0.303214069
27932	0.481695568	0.418935903	0.704225352	0.606428138
27933	0.481695568	1.675743611	0.352112676	0.606428138
27934	0.481695568	1.675743611	0.352112676	0.606428138
27935	0.481695568	1.675743611	0.704225352	0.909642207
27936	0.481695568	2.094679514	1.056338028	0.909642207
27937	0.481695568	1.675743611	1.408450704	1.212856277
27938	0.481695568	1.675743611	1.408450704	1.212856277
27939	0.963391137	1.675743611	1.056338028	0.909642207
27940	0.481695568	1.675743611	1.408450704	0.606428138
27941	0.481695568	2.094679514	1.408450704	0.606428138
27942	0.481695568	0.837871806	1.408450704	0.606428138
27943	0.481695568	0.837871806	1.056338028	0.303214069
27944	0.481695568	0.418935903	1.056338028	0.303214069
28018	3.371868979	1.256807708	1.056338028	0.303214069
28019	3.371868979	1.675743611	1.056338028	0.909642207
28020	3.853564547	1.675743611	1.056338028	0.909642207
28021	3.853564547	1.675743611	1.056338028	0.909642207
28022	3.853564547	2.094679514	1.408450704	0.909642207
28023	3.371868979	2.094679514	1.408450704	0.909642207
28024	3.371868979	2.094679514	1.408450704	1.212856277
28025	3.371868979	2.094679514	0.704225352	1.212856277
28026	0.963391137	1.256807708	0.352112676	0.909642207
28027	0.963391137	0.837871806	0.352112676	0.303214069
28028	0.481695568	0.837871806	0.352112676	0.303214069
28029	0.481695568	0.837871806	0.352112676	0.303214069
28056	0.481695568	2.094679514	1.056338028	0.606428138
28057	0.481695568	2.094679514	1.056338028	0.606428138
28058	0.481695568	2.094679514	1.408450704	0.909642207
28059	0.963391137	1.256807708	1.408450704	0.606428138
28060	1.926782274	0.418935903	1.408450704	0.606428138
28061	2.408477842	0.418935903	1.408450704	0.606428138
28062	2.408477842	0.418935903	1.056338028	0.909642207
28063	2.408477842	0.418935903	0.704225352	0.909642207
28140	0.963391137	0.418935903	0.704225352	1.516070346
28141	0.963391137	1.256807708	1.056338028	1.516070346
28142	0.963391137	1.675743611	1.408450704	1.516070346
28143	0.963391137	1.675743611	1.408450704	1.212856277
28144	0.963391137	1.675743611	1.408450704	1.212856277
28145	1.445086705	1.675743611	1.056338028	1.212856277
28146	1.445086705	1.675743611	1.056338028	1.212856277
28147	0.963391137	1.675743611	1.056338028	0.909642207
28148	0.963391137	1.256807708	0.704225352	0.606428138
28149	1.926782274	0.418935903	0.704225352	0.606428138
28153	1.445086705	0.418935903	0.704225352	0.303214069
28154	0.963391137	0.418935903	1.056338028	0.606428138
28155	0.963391137	0.418935903	1.056338028	0.303214069
28156	0.963391137	0.418935903	1.056338028	0.303214069
28157	0.481695568	0.837871806	1.056338028	0.606428138
28158	0.481695568	0.837871806	0.704225352	0.606428138
28159	0.481695568	0.418935903	0.704225352	0.606428138
28160	0.481695568	0.418935903	0.704225352	0.909642207
28161	0.481695568	0.418935903	1.056338028	0.909642207
28162	0.481695568	0.418935903	0.704225352	0.606428138
28163	0.481695568	0.418935903	1.056338028	0.606428138
28164	0.481695568	0.418935903	1.056338028	0.606428138
28218	1.445086705	0.418935903	0.352112676	0.303214069
28219	1.445086705	0.418935903	0.352112676	0.303214069
28220	1.926782274	0.418935903	0.352112676	0.303214069
28247	0.481695568	1.256807708	1.408450704	0.303214069
28248	0.481695568	2.513615417	1.408450704	0.303214069
28249	0.481695568	2.513615417	0.704225352	0.606428138
28250	0.481695568	2.513615417	0.704225352	0.606428138
28251	0.481695568	2.094679514	0.352112676	0.303214069
28252	0.481695568	2.094679514	0.352112676	0.303214069
28253	0.481695568	1.256807708	0.352112676	0.303214069
28254	0.481695568	1.256807708	0.352112676	0.303214069
28255	0.481695568	1.256807708	0.352112676	0.303214069
28267	0.481695568	0.418935903	2.816901408	0.909642207
28268	0.481695568	0.418935903	2.816901408	0.909642207
28271	0.481695568	0.418935903	3.521126761	0.909642207
28272	0.481695568	0.418935903	0.704225352	0.909642207
28273	0.481695568	0.837871806	0.704225352	0.303214069
28274	0.963391137	1.256807708	0.704225352	0.303214069
28275	0.481695568	1.256807708	0.704225352	0.303214069
28276	0.481695568	1.256807708	0.704225352	0.303214069
28277	0.481695568	1.256807708	0.704225352	0.303214069
28278	0.481695568	1.256807708	0.352112676	0.303214069
28589	1.445086705	0.837871806	0.352112676	0.303214069
28590	1.445086705	0.837871806	0.352112676	0.303214069
28600	1.445086705	0.418935903	0.704225352	0.303214069
28601	1.445086705	0.418935903	0.352112676	0.303214069
28602	1.445086705	0.418935903	0.352112676	0.303214069
28603	1.445086705	0.418935903	0.352112676	0.303214069
28617	0.963391137	0.418935903	1.056338028	0.606428138
28618	0.963391137	0.418935903	1.056338028	0.606428138
28619	0.963391137	0.418935903	1.056338028	0.303214069
28620	0.963391137	0.418935903	1.056338028	0.303214069
28621	0.963391137	0.837871806	1.408450704	0.303214069
28622	1.445086705	0.837871806	15.49295775	0.303214069
28623	1.445086705	0.837871806	15.49295775	0.303214069
28624	1.926782274	0.837871806	15.49295775	0.303214069
28800	1.926782274	0.418935903	0.704225352	0.606428138
28801	0.963391137	0.418935903	0.704225352	0.606428138
28802	0.481695568	0.418935903	0.704225352	0.606428138
28854	0.481695568	0.418935903	1.056338028	0.606428138
28855	0.481695568	0.418935903	1.056338028	1.819284415
28856	0.481695568	0.418935903	1.408450704	1.819284415
28857	0.963391137	0.418935903	1.408450704	1.819284415
28858	0.963391137	0.418935903	1.408450704	1.819284415
28859	0.963391137	0.837871806	0.704225352	1.819284415
28860	0.963391137	0.837871806	0.704225352	1.819284415
28861	0.963391137	0.418935903	0.352112676	1.212856277
28862	0.481695568	0.418935903	0.352112676	1.212856277
28921	0.481695568	0.418935903	0.352112676	0.303214069
28922	0.481695568	0.837871806	0.352112676	0.303214069
28923	0.481695568	0.837871806	0.352112676	0.606428138
28924	0.481695568	0.837871806	0.352112676	0.606428138
28925	0.481695568	0.837871806	0.352112676	0.606428138
28926	0.481695568	0.837871806	0.352112676	0.606428138
28927	0.963391137	0.837871806	0.352112676	0.606428138
28969	0.481695568	1.256807708	1.408450704	0.303214069
28970	0.481695568	1.256807708	1.408450704	0.303214069
28971	0.481695568	0.837871806	0.352112676	0.303214069
28972	0.963391137	0.837871806	1.408450704	0.303214069
28973	0.963391137	0.837871806	1.408450704	0.303214069
28974	0.963391137	0.837871806	1.76056338	0.303214069
28987	0.963391137	0.837871806	0.704225352	0.303214069
28988	0.963391137	1.256807708	0.704225352	0.909642207
28989	0.963391137	1.256807708	0.704225352	0.909642207
28990	0.963391137	1.256807708	0.352112676	0.909642207
28991	0.963391137	1.675743611	0.352112676	0.909642207
28992	1.445086705	1.675743611	0.352112676	0.606428138
28993	2.408477842	2.93255132	0.352112676	0.606428138
28994	2.89017341	2.513615417	0.352112676	0.909642207
28995	1.926782274	2.094679514	0.352112676	0.909642207
28996	1.926782274	2.094679514	0.352112676	0.303214069
28997	1.926782274	1.675743611	0.352112676	0.303214069
28998	1.926782274	1.675743611	0.352112676	0.303214069
28999	2.89017341	1.675743611	0.352112676	0.303214069
29000	2.408477842	1.256807708	0.704225352	0.303214069
29001	1.445086705	0.418935903	0.704225352	0.303214069
29015	0.481695568	0.418935903	0.352112676	0.606428138
29016	0.481695568	0.418935903	0.352112676	1.516070346
29035	0.481695568	0.418935903	0.352112676	0.303214069
29036	0.481695568	0.418935903	0.352112676	0.303214069
29037	0.481695568	0.418935903	0.352112676	0.303214069
29038	0.481695568	0.418935903	0.352112676	0.303214069
29115	0.481695568	0.418935903	0.352112676	0.303214069
29116	0.481695568	0.418935903	0.352112676	0.303214069
29117	0.481695568	0.418935903	0.704225352	0.303214069
29118	0.481695568	0.418935903	0.704225352	0.303214069
29119	0.481695568	0.418935903	1.76056338	0.606428138
29120	0.481695568	0.418935903	1.76056338	0.606428138
29121	0.481695568	0.418935903	1.76056338	0.606428138
29122	0.963391137	0.418935903	1.76056338	0.909642207
29136	0.481695568	0.418935903	0.352112676	0.303214069
29158	0.481695568	0.418935903	0.352112676	0.303214069
29159	0.481695568	0.837871806	0.352112676	0.303214069
29160	0.481695568	0.837871806	0.352112676	0.303214069
29298	0.481695568	0.418935903	0.704225352	0.303214069
29299	0.481695568	0.418935903	0.704225352	0.303214069
29300	0.481695568	0.418935903	0.704225352	0.303214069
29301	0.963391137	0.418935903	0.704225352	0.303214069
29302	0.963391137	0.418935903	1.056338028	0.303214069
29303	0.481695568	0.418935903	1.056338028	0.303214069
29304	0.481695568	0.418935903	0.704225352	0.303214069
29313	0.481695568	1.675743611	0.352112676	0.909642207
29314	0.481695568	1.675743611	0.352112676	0.909642207
29315	0.963391137	1.256807708	0.704225352	0.909642207
29316	0.963391137	1.256807708	0.704225352	0.909642207
29317	0.963391137	0.837871806	0.704225352	0.909642207
29318	0.963391137	0.418935903	0.704225352	0.303214069
29319	0.963391137	0.418935903	0.704225352	0.303214069
29357	0.481695568	0.418935903	0.352112676	0.606428138
29358	0.481695568	0.418935903	0.352112676	0.606428138
29359	1.445086705	0.837871806	0.352112676	0.909642207
29360	1.445086705	2.094679514	2.816901408	1.516070346
29361	1.445086705	1.675743611	2.816901408	2.122498484
29362	15.41425819	33.93380813	34.15492958	29.41176471
29363	16.37764933	54.88060327	34.85915493	30.01819284
29364	16.37764933	54.88060327	34.85915493	29.41176471
29365	15.89595376	55.29953917	35.21126761	29.71497878
29366	15.89595376	55.29953917	35.21126761	30.01819284
29367	14.45086705	54.04273146	34.85915493	29.71497878
29368	14.93256262	52.36698785	32.3943662	28.80533657
29369	14.93256262	52.36698785	32.3943662	28.80533657
29370	6.743737958	36.86635945	13.38028169	3.941782899
29371	0.963391137	0.837871806	0.704225352	0.606428138
29372	0.481695568	0.837871806	0.704225352	0.909642207
29373	0.481695568	0.837871806	0.352112676	0.606428138
29381	0.963391137	0.837871806	0.352112676	0.909642207
29382	1.926782274	2.094679514	2.112676056	3.032140691
29383	3.853564547	2.513615417	3.521126761	4.244996968
29384	4.335260116	2.93255132	4.225352113	4.548211037
29385	4.335260116	3.770423125	5.281690141	4.851425106
29386	6.262042389	4.189359028	5.633802817	6.064281383
29387	5.780346821	4.189359028	5.633802817	6.064281383
29388	5.780346821	4.189359028	5.281690141	5.761067314
29389	5.298651252	3.351487222	5.281690141	5.761067314
29390	4.335260116	2.513615417	3.521126761	4.851425106
29391	3.371868979	1.256807708	2.112676056	3.33535476
29392	2.89017341	1.675743611	1.408450704	3.63856883
29393	2.89017341	0.418935903	0.352112676	2.728926622
29394	0.963391137	0.418935903	0.352112676	1.819284415
29428	1.445086705	1.256807708	0.704225352	0.909642207
29429	1.926782274	2.094679514	1.408450704	0.909642207
29430	2.408477842	2.094679514	1.408450704	1.212856277
29431	2.89017341	3.770423125	2.464788732	3.33535476
29432	2.89017341	3.770423125	2.816901408	3.032140691
29433	2.89017341	3.770423125	3.169014085	3.941782899
29434	3.371868979	3.770423125	3.873239437	3.941782899
29435	3.853564547	4.189359028	4.225352113	3.941782899
29436	2.408477842	3.770423125	3.521126761	3.63856883
29437	1.926782274	5.027230834	3.521126761	3.63856883
29438	1.445086705	5.027230834	2.816901408	3.63856883
29439	0.963391137	4.189359028	2.464788732	2.425712553
29440	1.445086705	2.93255132	1.76056338	1.516070346
29441	1.445086705	2.513615417	1.056338028	0.606428138
29442	0.963391137	2.513615417	0.352112676	0.303214069
29453	0.963391137	0.837871806	0.352112676	0.606428138
29454	0.963391137	0.837871806	0.352112676	0.909642207
29455	0.963391137	0.837871806	0.352112676	0.909642207
29456	2.408477842	0.837871806	1.056338028	1.212856277
29457	1.926782274	0.837871806	1.056338028	1.212856277
29458	2.408477842	1.256807708	1.056338028	0.909642207
29459	2.408477842	0.837871806	1.056338028	0.909642207
29460	2.408477842	0.418935903	1.056338028	0.909642207
29461	1.445086705	0.418935903	0.704225352	0.606428138
29462	1.445086705	0.418935903	0.704225352	0.606428138
29463	1.445086705	0.418935903	0.704225352	0.606428138
29480	0.481695568	0.837871806	0.352112676	0.606428138
29481	0.481695568	0.418935903	0.352112676	0.606428138
29482	0.481695568	0.418935903	0.352112676	0.606428138
29483	0.481695568	0.418935903	0.352112676	0.606428138
29488	0.481695568	0.418935903	0.352112676	0.606428138
29548	0.481695568	0.418935903	0.352112676	0.606428138
29549	0.481695568	0.418935903	0.704225352	0.303214069
29550	0.481695568	0.418935903	0.704225352	0.303214069
29551	0.481695568	0.418935903	0.704225352	0.303214069
29689	0.481695568	0.418935903	0.352112676	0.909642207
29690	0.481695568	0.418935903	0.352112676	0.909642207
29691	0.481695568	0.418935903	0.352112676	0.606428138
29692	0.481695568	0.418935903	0.352112676	0.606428138
29708	0.481695568	1.256807708	0.352112676	0.303214069
29709	0.963391137	1.675743611	0.352112676	0.303214069
29710	0.963391137	1.675743611	0.352112676	0.303214069
29711	0.963391137	1.675743611	0.352112676	0.303214069
29712	0.963391137	0.837871806	0.352112676	0.303214069
29713	0.963391137	0.837871806	0.352112676	0.606428138
29714	0.963391137	0.837871806	0.352112676	0.606428138
29715	0.963391137	0.837871806	0.352112676	0.606428138
29716	0.963391137	0.837871806	0.704225352	0.606428138
29717	0.481695568	0.418935903	1.056338028	0.303214069
29808	0.481695568	0.837871806	0.704225352	0.303214069
29809	0.481695568	0.837871806	0.704225352	0.303214069
29810	1.926782274	2.094679514	1.056338028	1.516070346
29811	1.926782274	2.094679514	1.408450704	1.819284415
29812	3.371868979	1.675743611	3.521126761	2.425712553
29813	3.371868979	2.513615417	3.521126761	2.425712553
29814	3.853564547	2.513615417	4.577464789	4.244996968
29815	8.188824663	6.284038542	7.042253521	9.702850212
29816	7.225433526	6.284038542	6.690140845	10.00606428
29817	7.225433526	6.284038542	7.746478873	10.30927835
29818	7.225433526	6.702974445	7.746478873	10.61249242
29819	7.707129094	6.284038542	6.690140845	9.702850212
29820	6.262042389	5.865102639	5.281690141	9.399636143
29821	6.262042389	5.027230834	4.929577465	9.399636143
29822	5.780346821	5.027230834	4.225352113	7.580351728
29823	1.445086705	0.837871806	1.056338028	3.63856883
29824	1.445086705	0.837871806	1.056338028	2.425712553
29825	0.481695568	0.837871806	0.352112676	1.819284415
29839	0.963391137	0.418935903	1.408450704	0.303214069
29840	1.445086705	0.837871806	1.76056338	0.606428138
29841	1.445086705	0.837871806	1.76056338	0.606428138
29842	1.445086705	0.837871806	1.76056338	0.606428138
29843	1.445086705	1.256807708	1.76056338	0.606428138
29844	1.445086705	1.256807708	2.112676056	0.909642207
29845	1.445086705	1.256807708	2.112676056	1.516070346
29846	1.445086705	1.675743611	2.112676056	1.516070346
29847	1.445086705	1.256807708	2.112676056	1.516070346
29848	0.963391137	1.256807708	1.056338028	0.909642207
29849	1.445086705	0.837871806	1.408450704	1.516070346
29850	1.926782274	0.837871806	1.76056338	1.516070346
29851	1.926782274	0.837871806	2.112676056	1.516070346
29852	1.926782274	0.837871806	2.112676056	1.212856277
29853	1.926782274	0.837871806	1.76056338	0.909642207
29854	1.926782274	0.418935903	1.76056338	0.909642207
29855	1.926782274	0.837871806	1.056338028	0.606428138
29856	1.445086705	0.837871806	1.056338028	0.606428138
29857	0.481695568	0.837871806	0.704225352	0.909642207
29867	0.963391137	2.513615417	3.169014085	1.819284415
29868	6.743737958	7.540846251	8.098591549	6.064281383
29869	13.96917148	17.59530792	11.61971831	11.52213463
29870	13.96917148	17.17637202	11.61971831	11.52213463
29871	13.96917148	17.17637202	11.97183099	11.21892056
29872	13.96917148	17.17637202	11.97183099	10.30927835
29873	13.96917148	17.59530792	11.61971831	10.61249242
29874	13.00578035	17.17637202	10.56338028	10.61249242
29875	12.52408478	15.91956431	10.21126761	10.00606428
29876	11.56069364	15.5006284	8.450704225	9.702850212
