center	Human
1	0
2	0
3	0
4	0
5	0
6	0
7	0
8	0
9	0
10	0
11	0
12	0
13	0.303
14	0
15	0
16	0
17	0
18	0
19	0
20	0
21	0
22	0.303
23	0.303
24	0.303
25	0.606
26	2.122
27	2.122
28	2.122
29	2.729
30	2.425
31	2.425
32	2.425
33	2.122
34	0.606
35	0.606
36	0.606
37	0
38	0
39	0
40	0
41	0
42	0
43	0
44	0
45	0
46	0
47	0
48	0
49	0
50	0
51	0
52	0.303
53	0.303
54	0.303
55	0.303
56	0.303
57	0.303
58	0.303
59	0.303
60	0
61	0
62	0
63	0
64	0
65	0
66	0
67	0.303
68	0.303
69	0.303
70	0.303
71	0.303
72	0.303
73	0.303
74	0.303
75	0
76	0
77	0
78	0.303
79	0.303
80	0.303
81	0.303
82	0
83	0
84	0
85	0
86	0
87	0
88	0
89	0
90	0
91	0
92	0
93	0
94	0
95	0
96	0
97	0
98	0
99	0
100	0
101	0
102	0
103	0
104	0
105	0
106	0
107	0
108	0
109	0
110	0
111	0
112	0
113	0
114	0
115	0
116	0
117	0
118	0
119	0
120	0
121	0
122	0
123	0
124	0
125	0
126	0.303
127	1.213
128	1.213
129	1.213
130	2.425
131	3.638
132	3.638
133	5.457
134	5.457
135	5.154
136	5.154
137	4.851
138	3.941
139	2.729
140	3.032
141	1.213
142	1.213
143	0.91
144	0.91
145	0.303
146	0.303
147	0.303
148	0.303
149	0
150	0
151	0
152	0
153	0
154	0
155	0
156	0
157	0
158	0
159	0
160	0
161	0
162	0
163	0
164	0
165	0
166	0
167	0
168	0
169	0
170	0
171	0
172	0
173	0.303
174	0.303
175	0.303
176	0.303
177	0.303
178	0.303
179	0.303
180	0.606
181	0.303
182	0.303
183	0.303
184	0.303
185	0.303
186	0.303
187	0.303
188	0
189	0
190	0
191	0
192	0
193	0
194	0
195	0
196	0
197	0
198	0
199	0
200	0
201	0
202	0
203	0
204	0
205	0
206	0
207	0
208	0
209	0
210	0
211	0
212	0
213	0
214	0
215	0
216	0
217	0
218	0
219	0
220	0
221	0
222	0
223	0.303
224	0.303
225	0.303
226	0.303
227	0.303
228	0.303
229	0.303
230	0.303
231	0.303
232	0
233	0
234	0
235	0
236	0
237	0
238	0
239	0
240	0
241	0
242	0
243	0
244	0
245	0
246	0
247	0
248	0
249	0
250	0
251	0
252	0
253	0
254	0
255	0.303
256	0.303
257	0.303
258	0.303
259	0.303
260	0.303
261	0.606
262	0.606
263	0.303
264	0.303
265	0.303
266	0.303
267	0.303
268	0.303
269	0
270	0
271	0
272	0
273	0
274	0
275	0.303
276	0.606
277	0.606
278	0.606
279	0.606
280	0.606
281	0.606
282	0.606
283	0.606
284	0.303
285	0
286	0
287	0
288	0
289	0
290	0
291	0
292	0
293	0
294	0
295	0
296	0
297	0
298	0
299	0
300	0
301	0
302	0
303	0
304	0
305	0
306	0
307	0
308	0
309	0
310	0
311	0
312	0
313	0
314	0
315	0.303
316	0.303
317	0.303
318	0.303
319	0.303
320	0.303
321	0.303
322	0.303
323	0
324	0
325	0.303
326	0.303
327	0.303
328	0.303
329	0.303
330	0.303
331	0.303
332	0.303
333	0
334	0
335	0
336	0
337	0
338	0
339	0
340	0
341	0
342	0
343	0
344	0
345	0
346	0
347	0
348	0
349	0
350	0
351	0
352	0
353	0
354	0
355	0
356	0
357	0
358	0
359	0
360	0
361	0
362	0
363	0.303
364	0.303
365	0.303
366	0.303
367	0.303
368	0.606
369	0.606
370	0.606
371	0.303
372	0.303
373	0.303
374	0.303
375	0.303
376	0
377	0
378	0
379	0
380	0
381	0
382	0
383	0
384	0
385	0
386	0
387	0
388	0
389	0
390	0.303
391	0.303
392	0.303
393	0.303
394	0.303
395	0.303
396	0.303
397	0.303
398	0
399	0
400	0
401	0
402	0
403	0
404	0
405	0
406	0
407	0
408	0
409	0
410	0
411	0
412	0
413	0
414	0.606
415	0.606
416	0.606
417	0.606
418	0.606
419	0.606
420	0.606
421	0.606
422	0.303
423	0.303
424	0.303
425	0
426	0.303
427	0.303
428	0.303
429	0.303
430	0.303
431	0.303
432	0.303
433	0.303
434	0
435	0
436	0
437	0
438	0
439	0
440	0
441	0
442	0
443	0
444	0
445	0
446	0
447	0
448	0
449	0
450	0
451	0
452	0
453	0
454	0
455	0
456	0
457	0
458	0
459	0
460	0
461	0
462	0
463	0
464	0
465	0
466	0
467	0
468	0
469	0
470	0
471	0
472	0
473	0
474	0
475	0
476	0
477	0
478	0
479	0
480	0
481	0
482	0
483	0
484	0
485	0
486	0
487	0
488	0
489	0
490	0
491	0
492	0
493	0
494	0
495	0
496	0
497	0
498	0
499	0
500	0
501	0
502	0
503	0
504	0
505	0
506	0
507	0
508	0
509	0
510	0
511	0
512	0
513	0
514	0
515	0
516	0
517	0
518	0
519	0
520	0
521	0
522	0
523	0
524	0
525	0
526	0
527	0
528	0.303
529	0.606
530	0.606
531	0.606
532	0.606
533	0.606
534	0.606
535	0.606
536	0.303
537	0.303
538	0
539	0
540	0
541	0
542	0
543	0
544	0
545	0
546	0
547	0
548	0
549	0
550	0
551	0
552	0
553	0
554	0
555	0
556	0
557	0
558	0
559	0
560	0
561	0
562	0
563	0
564	0
565	0
566	0
567	0
568	0
569	0
570	0
571	0
572	0
573	0
574	0
575	0
576	0
577	0
578	0
579	0
580	0
581	0
582	0
583	0
584	0
585	0
586	0
587	0
588	0
589	0
590	0
591	0
592	0
593	0
594	0
595	0
596	0
597	0
598	0
599	0
600	0
601	0
602	0
603	0
604	0
605	0
606	0
607	0
608	0
609	0
610	0
611	0
612	0
613	0
614	0
615	0
616	0
617	0
618	0
619	0
620	0
621	0
622	0
623	0
624	0
625	0
626	0
627	0
628	0
629	0
630	0
631	0
632	0
633	0
634	0
635	0
636	0
637	0
638	0
639	0
640	0
641	0.303
642	0.303
643	0.303
644	0.303
645	0.303
646	0.303
647	0.303
648	0.303
649	0
650	0
651	0
652	0
653	0
654	0
655	0
656	0
657	0
658	0
659	0
660	0
661	0
662	0
663	0
664	0
665	0.606
666	0.606
667	0.606
668	0.606
669	0.606
670	0.606
671	0.606
672	0.606
673	0
674	0
675	0
676	0
677	0
678	0
679	0
680	0
681	0
682	0
683	0
684	0
685	0
686	0
687	0
688	0
689	0
690	0
691	0
692	0
693	0
694	0
695	0
696	0
697	0
698	0
699	0
700	0
701	0
702	0
703	0
704	0
705	0
706	0
707	0
708	0
709	0
710	0
711	0
712	0
713	0
714	0
715	0
716	0
717	0
718	0.303
719	0.303
720	0.303
721	0.303
722	0.303
723	0.303
724	0.303
725	0.303
726	0
727	0
728	0
729	0
730	0
731	0.303
732	0.303
733	0.303
734	0.303
735	0.303
736	0.303
737	0.606
738	0.606
739	1.213
740	1.213
741	1.213
742	1.213
743	1.213
744	1.213
745	0.91
746	0.91
747	0.303
748	2.425
749	2.122
750	2.122
751	2.122
752	2.122
753	2.122
754	2.122
755	2.122
756	0
757	0
758	0.303
759	0.303
760	0.303
761	0.303
762	0.303
763	0.303
764	0.303
765	0.303
766	0
767	0
768	0
769	0
770	0
771	0
772	0
773	0
774	0
775	0
776	0
777	0
778	0
779	0
780	0
781	0
782	0
783	0
784	0
785	0
786	0
787	0
788	0
789	0
790	0
791	0
792	0
793	0
794	0
795	0
796	0
797	0
798	0
799	0
800	0
801	0
802	0
803	0
804	0
805	0
806	0
807	0
808	0
809	0
810	0
811	0
812	0
813	0
814	0
815	0
816	0
817	0
818	0
819	0
820	0
821	0
822	0
823	0
824	0
825	0
826	0
827	0
828	0
829	0
830	0.303
831	0.303
832	0.303
833	0.303
834	0.303
835	0.303
836	0.303
837	0.303
838	0.303
839	0.303
840	0.303
841	0.303
842	0.303
843	0.303
844	0.303
845	0.303
846	0
847	0
848	0
849	0
850	0
851	0
852	0
853	0
854	0
855	0
856	0
857	0
858	0
859	0
860	0
861	0
862	0
863	0
864	0.303
865	0.303
866	0.303
867	0.303
868	0.303
869	0.303
870	0.303
871	0.303
872	0
873	0
874	0
875	0
876	0
877	0
878	0
879	0
880	0
881	0
882	0
883	0
884	0
885	0
886	0
887	0
888	0
889	0
890	0
891	0
892	0
893	0
894	0
895	0
896	0
897	0
898	0
899	0
900	0
901	0
902	0
903	0
904	0
905	0
906	0
907	0
908	0
909	0
910	0
911	0
912	0
913	0
914	0
915	0
916	0
917	0
918	0
919	0
920	0
921	0
922	0
923	0
924	0
925	0
926	0
927	0
928	0
929	0
930	0
931	0
932	0
933	0
934	0
935	0
936	0
937	0
938	0
939	0
940	0
941	0.606
942	0.606
943	0.606
944	0.606
945	0.606
946	0.606
947	0.606
948	0.606
949	0.303
950	0
951	0
952	0
953	0
954	0
955	0
956	0
957	0
958	0
959	0
960	0
961	0
962	0
963	0
964	0
965	0
966	0
967	0
968	0.303
969	0.303
970	0.303
971	0.303
972	0.303
973	0.303
974	0.303
975	0.303
976	0
977	0
978	0
979	0
980	0
981	0.303
982	0.303
983	0.303
984	0.303
985	0.303
986	0.303
987	0.303
988	0.303
989	0
990	0
991	0
992	0
993	0
994	0
995	0
996	0
997	0
998	0
999	0
1000	0
1001	0
1002	0
1003	0
1004	0
1005	0
1006	0
1007	0
1008	0
1009	0
1010	0
1011	0
1012	0
1013	0
1014	0
1015	0
1016	0
1017	0
1018	0
1019	0
1020	0
1021	0
1022	0
1023	0
1024	0
1025	0
1026	0
1027	0
1028	0
1029	0
1030	0
1031	0
1032	0
1033	0
1034	0
1035	0
1036	0
1037	0
1038	0
1039	0.303
1040	0.303
1041	0.303
1042	0.303
1043	0.303
1044	1.213
1045	1.213
1046	1.213
1047	0.91
1048	0.91
1049	0.91
1050	0.91
1051	0.606
1052	0.91
1053	0.91
1054	0.606
1055	0.606
1056	0.606
1057	0.606
1058	0.606
1059	0.606
1060	0.606
1061	0.303
1062	0.303
1063	0
1064	0
1065	0
1066	0
1067	0
1068	0
1069	0
1070	0
1071	0
1072	0
1073	0
1074	0
1075	0
1076	0
1077	0.303
1078	0.303
1079	0.303
1080	0.91
1081	0.91
1082	1.213
1083	1.213
1084	1.213
1085	0.91
1086	0.91
1087	0.91
1088	0.303
1089	0.303
1090	0
1091	0
1092	0
1093	0
1094	0
1095	0
1096	0
1097	0.606
1098	5.457
1099	8.792
1100	8.792
1101	8.792
1102	8.792
1103	8.792
1104	9.095
1105	9.398
1106	4.244
1107	4.244
1108	3.941
1109	0.91
1110	1.213
1111	0.91
1112	0.606
1113	0.606
1114	0.303
1115	0.303
1116	0.303
1117	0.303
1118	0
1119	0
1120	0
1121	0
1122	0
1123	0
1124	0
1125	0
1126	0
1127	0
1128	0
1129	0.303
1130	0.91
1131	0.91
1132	1.516
1133	1.516
1134	3.032
1135	4.548
1136	4.851
1137	4.548
1138	3.941
1139	3.941
1140	3.032
1141	3.032
1142	1.516
1143	0.303
1144	0.303
1145	0
1146	0
1147	0
1148	0
1149	0
1150	0
1151	0
1152	0
1153	0
1154	0
1155	0
1156	0
1157	0
1158	0
1159	0
1160	0
1161	0
1162	0
1163	0
1164	0
1165	0
1166	0
1167	0
1168	0
1169	0
1170	0
1171	0
1172	0
1173	0
1174	0
1175	0
1176	0
1177	0
1178	0
1179	0
1180	0
1181	0
1182	0.303
1183	0.303
1184	0.303
1185	0.303
1186	0.303
1187	0.303
1188	0.303
1189	0.303
1190	0
1191	0
1192	0
1193	0
1194	0
1195	0
1196	0
1197	0
1198	0
1199	0
1200	0
1201	0
1202	0
1203	0
1204	0
1205	0
1206	0
1207	0
1208	0
1209	0
1210	0
1211	0
1212	0
1213	0
1214	0
1215	0
1216	0
1217	0
1218	0
1219	0
1220	0
1221	0.303
1222	0.303
1223	0.303
1224	0.303
1225	0.606
1226	0.91
1227	0.91
1228	1.213
1229	0.91
1230	1.213
1231	1.213
1232	1.213
1233	0.91
1234	0.606
1235	0.606
1236	0.606
1237	0.303
1238	0
1239	0
1240	0.303
1241	0.303
1242	0.303
1243	0.303
1244	0.303
1245	0.303
1246	0.303
1247	0.303
1248	0.303
1249	0.303
1250	0.303
1251	0.303
1252	0.303
1253	0.303
1254	0.303
1255	0.303
1256	0
1257	0
1258	0
1259	0
1260	0
1261	0
1262	0
1263	0
1264	0
1265	0
1266	0
1267	0
1268	0
1269	0
1270	0
1271	0
1272	0.303
1273	0.303
1274	0.606
1275	0.91
1276	1.213
1277	1.213
1278	1.516
1279	1.516
1280	1.516
1281	1.516
1282	1.213
1283	0.91
1284	0.91
1285	0.606
1286	0.303
1287	0.303
1288	0.303
1289	0
1290	0
1291	0
1292	0
1293	0
1294	0
1295	0
1296	0.303
1297	0.303
1298	2.729
1299	2.729
1300	2.729
1301	2.729
1302	2.729
1303	2.425
1304	2.122
1305	2.122
1306	1.213
1307	0
1308	0
1309	0.303
1310	0.303
1311	0.303
1312	0.303
1313	0.303
1314	0.606
1315	0.606
1316	0.606
1317	0.303
1318	0.606
1319	0.606
1320	0.606
1321	0.91
1322	0.606
1323	0.606
1324	0.606
1325	0.606
1326	0.303
1327	0.303
1328	0.303
1329	0.303
1330	0.303
1331	0.303
1332	0.303
1333	0.303
1334	0.303
1335	0.303
1336	0.303
1337	0.303
1338	0
1339	0
1340	0
1341	0
1342	0
1343	0
1344	0
1345	0
1346	0
1347	0
1348	0
1349	0
1350	0
1351	0
1352	0
1353	0
1354	0
1355	0
1356	0
1357	0
1358	0
1359	0
1360	0
1361	0
1362	0.303
1363	0.303
1364	0.303
1365	0.303
1366	0.303
1367	0.303
1368	0.303
1369	0.303
1370	0
1371	0
1372	0
1373	0
1374	0
1375	0
1376	0
1377	0
1378	0
1379	0
1380	0
1381	0
1382	0
1383	0
1384	0
1385	0.303
1386	0.303
1387	0.606
1388	0.606
1389	0.606
1390	0.606
1391	0.606
1392	0.606
1393	0.606
1394	0.606
1395	0.303
1396	0.303
1397	0.606
1398	0.606
1399	0.606
1400	0.606
1401	0.606
1402	0.303
1403	0.303
1404	0.303
1405	0
1406	0
1407	0.91
1408	0.91
1409	1.213
1410	1.213
1411	1.213
1412	1.213
1413	1.213
1414	1.213
1415	0.303
1416	0.606
1417	0.606
1418	0.606
1419	0.606
1420	0.606
1421	0.606
1422	0.606
1423	0.606
1424	0.606
1425	0.303
1426	0
1427	0
1428	0
1429	0
1430	0
1431	0
1432	0
1433	0
1434	0
1435	0
1436	0
1437	0
1438	0
1439	0
1440	0
1441	0
1442	0
1443	0
1444	0
1445	0
1446	0
1447	0
1448	0
1449	0
1450	0
1451	0
1452	0
1453	0
1454	0
1455	0
1456	0
1457	0
1458	0
1459	0
1460	0
1461	0
1462	0
1463	0
1464	0
1465	0
1466	0
1467	0
1468	0
1469	0
1470	0
1471	0
1472	0
1473	0
1474	0
1475	0
1476	0
1477	0
1478	0
1479	0.303
1480	0.303
1481	0.303
1482	0.303
1483	0.303
1484	0.606
1485	1.516
1486	2.122
1487	1.819
1488	1.819
1489	1.819
1490	1.819
1491	1.819
1492	1.516
1493	0.606
1494	0.606
1495	0.606
1496	0.606
1497	0.606
1498	0.606
1499	0.606
1500	0.606
1501	0.606
1502	0
1503	0
1504	0
1505	0
1506	0
1507	0
1508	0.303
1509	0.303
1510	0.303
1511	0.303
1512	0.303
1513	0.303
1514	0.303
1515	0.303
1516	0
1517	0
1518	0
1519	0
1520	0
1521	0
1522	0
1523	0
1524	0
1525	0
1526	0
1527	0
1528	0.303
1529	0.303
1530	0.303
1531	0.303
1532	0.303
1533	0.303
1534	0.303
1535	0.303
1536	0
1537	0
1538	0
1539	0
1540	0
1541	0
1542	0
1543	0
1544	0
1545	0
1546	0
1547	0
1548	0
1549	0
1550	0
1551	0
1552	0
1553	0.303
1554	0.303
1555	0.303
1556	0.303
1557	0.303
1558	0.303
1559	0.303
1560	0.303
1561	0
1562	0
1563	0
1564	0
1565	0
1566	0.303
1567	0.303
1568	0.303
1569	0.303
1570	0.303
1571	0.303
1572	0.303
1573	0.303
1574	0
1575	0
1576	0
1577	0
1578	0
1579	0
1580	0
1581	0
1582	0
1583	0.303
1584	0.606
1585	0.91
1586	0.91
1587	0.91
1588	1.213
1589	1.213
1590	1.213
1591	1.213
1592	0.91
1593	0.303
1594	0.303
1595	0.303
1596	0.303
1597	0
1598	0
1599	0
1600	0
1601	0
1602	0
1603	0
1604	0
1605	0
1606	0
1607	0
1608	0
1609	0
1610	0
1611	0
1612	0
1613	0
1614	0.303
1615	1.819
1616	1.819
1617	1.819
1618	1.819
1619	1.819
1620	1.819
1621	1.819
1622	1.819
1623	0
1624	0
1625	0
1626	0
1627	0
1628	0
1629	0
1630	0
1631	0
1632	0
1633	0
1634	0
1635	0
1636	0
1637	0
1638	0
1639	0
1640	0
1641	0
1642	0
1643	0.606
1644	0.91
1645	0.91
1646	0.91
1647	0.91
1648	0.91
1649	0.91
1650	0.91
1651	0.303
1652	0
1653	0
1654	0
1655	0
1656	0
1657	0
1658	0
1659	0
1660	0
1661	0
1662	0
1663	0
1664	0
1665	0.606
1666	0.91
1667	0.91
1668	0.91
1669	0.91
1670	0.91
1671	0.91
1672	0.91
1673	0.303
1674	0
1675	0
1676	0
1677	0
1678	0
1679	0
1680	0
1681	0
1682	0
1683	0
1684	0
1685	0
1686	0
1687	0
1688	0.303
1689	0.303
1690	0.303
1691	0.606
1692	0.606
1693	0.606
1694	0.606
1695	0.606
1696	0.91
1697	1.213
1698	0.91
1699	0.91
1700	1.213
1701	1.213
1702	1.213
1703	1.213
1704	0.91
1705	0.91
1706	0.91
1707	1.213
1708	0.91
1709	0.606
1710	0.606
1711	0.606
1712	0.606
1713	0.303
1714	0.303
1715	0.303
1716	0.303
1717	0.303
1718	0.303
1719	0.303
1720	0.303
1721	0.303
1722	0.303
1723	0.303
1724	0
1725	0
1726	0
1727	0
1728	0
1729	0
1730	0
1731	0
1732	0
1733	0
1734	0
1735	0
1736	0
1737	0
1738	0
1739	0
1740	0
1741	0
1742	0
1743	0
1744	0
1745	0
1746	0
1747	0
1748	0
1749	0
1750	0
1751	0.303
1752	0.606
1753	0.606
1754	0.606
1755	0.606
1756	0.606
1757	0.606
1758	0.606
1759	0.303
1760	0
1761	0
1762	0
1763	0
1764	0
1765	0
1766	0
1767	0
1768	0
1769	0
1770	0
1771	0
1772	0
1773	0
1774	0
1775	0
1776	0
1777	0
1778	0
1779	0
1780	0
1781	0
1782	0
1783	0
1784	0
1785	0
1786	0
1787	0
1788	0.606
1789	0.606
1790	0.606
1791	0.606
1792	0.606
1793	0.606
1794	0.606
1795	0.606
1796	0
1797	0.303
1798	0.303
1799	0.303
1800	0.303
1801	0.303
1802	0.303
1803	0.303
1804	0.303
1805	0
1806	0
1807	0
1808	0
1809	0
1810	0
1811	0
1812	0
1813	0
1814	0
1815	0
1816	0
1817	0
1818	0
1819	0
1820	0
1821	0
1822	0
1823	0
1824	0
1825	0.303
1826	0.303
1827	0.303
1828	0.606
1829	0.606
1830	0.606
1831	0.606
1832	0.303
1833	0.303
1834	0
1835	0
1836	0
1837	0
1838	0
1839	0
1840	0
1841	0.303
1842	0.91
1843	0.91
1844	0.91
1845	0.91
1846	0.91
1847	0.91
1848	0.91
1849	0.91
1850	0.303
1851	0.303
1852	0.606
1853	0.606
1854	0.606
1855	0.606
1856	0.606
1857	0.606
1858	0.303
1859	0.303
1860	0
1861	0
1862	0
1863	0
1864	0.303
1865	0.606
1866	0.606
1867	0.606
1868	0.606
1869	0.606
1870	0.606
1871	0.606
1872	0.606
1873	1.213
1874	0.91
1875	0.91
1876	0.606
1877	0.91
1878	1.213
1879	1.213
1880	1.213
1881	0.606
1882	0.606
1883	0.606
1884	0.606
1885	0.303
1886	0.303
1887	0
1888	0
1889	0
1890	0
1891	0
1892	0
1893	0.303
1894	0.303
1895	0.303
1896	0.303
1897	0.303
1898	0.606
1899	0.606
1900	0.606
1901	0.606
1902	0.303
1903	0.303
1904	0.303
1905	0.303
1906	0
1907	0
1908	0
1909	0
1910	0
1911	0
1912	0
1913	0
1914	0
1915	0
1916	0
1917	0
1918	0
1919	0
1920	0
1921	0
1922	0
1923	0
1924	0
1925	0
1926	0
1927	0
1928	0
1929	0
1930	0
1931	0
1932	0
1933	0
1934	0
1935	0
1936	0
1937	0
1938	0
1939	0.303
1940	0.91
1941	0.91
1942	0.91
1943	0.91
1944	0.91
1945	0.91
1946	0.91
1947	0.606
1948	0.606
1949	0.606
1950	0.606
1951	0.91
1952	0.91
1953	0.91
1954	0.91
1955	0.91
1956	0.91
1957	0.91
1958	0.606
1959	0.303
1960	0
1961	0
1962	0
1963	0.303
1964	0.303
1965	0.303
1966	0.303
1967	0.303
1968	0.303
1969	0.303
1970	0.303
1971	0.303
1972	0.606
1973	0.606
1974	0.303
1975	0.303
1976	0.303
1977	0.303
1978	0.303
1979	0.303
1980	0
1981	0
1982	0
1983	0.303
1984	1.516
1985	2.122
1986	2.122
1987	2.122
1988	2.122
1989	2.122
1990	2.122
1991	1.819
1992	0.606
1993	0
1994	0
1995	0
1996	0
1997	0
1998	0
1999	0
2000	0
2001	0
2002	0
2003	0
2004	0
2005	0
2006	0
2007	0
2008	0
2009	0
2010	0
2011	0
2012	0
2013	0
2014	0
2015	0
2016	0
2017	0
2018	0
2019	0
2020	0
2021	0
2022	0
2023	0.303
2024	0.303
2025	0.303
2026	0.303
2027	0.303
2028	0.303
2029	0.303
2030	0.303
2031	0
2032	0.303
2033	0.303
2034	0.303
2035	0.303
2036	0.303
2037	0.303
2038	0.303
2039	0.606
2040	0.606
2041	0.606
2042	0.606
2043	0.606
2044	0.606
2045	0.606
2046	0.606
2047	0.303
2048	0.303
2049	0.303
2050	0.303
2051	0.303
2052	0.303
2053	0.303
2054	0.303
2055	0.303
2056	0.303
2057	0
2058	0
2059	0
2060	0.606
2061	0.606
2062	0.606
2063	0.606
2064	0.606
2065	0.606
2066	0.606
2067	0.91
2068	0.303
2069	0.303
2070	0.303
2071	0.303
2072	0.303
2073	0.303
2074	0.303
2075	0
2076	0
2077	0
2078	0
2079	0
2080	0
2081	0
2082	0
2083	0
2084	0
2085	0
2086	0
2087	0.91
2088	4.548
2089	4.548
2090	4.548
2091	4.548
2092	4.548
2093	4.548
2094	4.548
2095	4.851
2096	0.303
2097	0.303
2098	0.303
2099	0.303
2100	0.303
2101	0.303
2102	0.303
2103	0
2104	0.606
2105	0.606
2106	0.606
2107	0.606
2108	0.606
2109	0.606
2110	0.606
2111	0.606
2112	0
2113	0
2114	0
2115	0
2116	0
2117	0
2118	0
2119	0
2120	0
2121	0
2122	0
2123	0
2124	0
2125	0
2126	0
2127	0
2128	0.303
2129	0.303
2130	0.303
2131	0.303
2132	0.303
2133	0.303
2134	0.91
2135	0.91
2136	0.91
2137	0.606
2138	0.606
2139	0.606
2140	0.606
2141	0.606
2142	0
2143	0
2144	0
2145	0
2146	0
2147	0
2148	0
2149	0
2150	0
2151	0
2152	0
2153	0
2154	0
2155	0
2156	0
2157	0
2158	0
2159	0
2160	0
2161	0
2162	0
2163	0
2164	0
2165	0
2166	0
2167	0
2168	0
2169	0
2170	0.303
2171	0.303
2172	0.303
2173	0.303
2174	0.303
2175	0.303
2176	0.606
2177	0.606
2178	0.606
2179	0.303
2180	0.606
2181	0.606
2182	0.606
2183	0.606
2184	0.606
2185	0.606
2186	0.91
2187	0.91
2188	0.606
2189	0.606
2190	0.606
2191	0.606
2192	0.303
2193	0.606
2194	0.303
2195	0.303
2196	0.303
2197	0.303
2198	0.303
2199	0.303
2200	0.303
2201	0
2202	0
2203	0
2204	0
2205	0
2206	0
2207	0
2208	0
2209	0
2210	0
2211	0.303
2212	1.516
2213	1.516
2214	1.516
2215	1.516
2216	1.516
2217	1.516
2218	1.516
2219	0.91
2220	0.303
2221	0
2222	0
2223	0.303
2224	0.303
2225	0.303
2226	0.303
2227	0.303
2228	0.303
2229	0.303
2230	0.303
2231	0
2232	0
2233	0
2234	0
2235	0
2236	0
2237	0
2238	0
2239	0
2240	0
2241	0
2242	0
2243	0
2244	0
2245	0
2246	0
2247	0
2248	0
2249	0
2250	0
2251	0
2252	0
2253	0
2254	0
2255	0
2256	0
2257	0
2258	0
2259	0
2260	0
2261	0
2262	0
2263	0
2264	0
2265	0
2266	0
2267	0
2268	0
2269	0
2270	0
2271	0
2272	0
2273	0
2274	0
2275	0
2276	0
2277	0
2278	0
2279	0
2280	0
2281	0
2282	0
2283	0
2284	0
2285	0.606
2286	0.606
2287	0.606
2288	0.606
2289	0.91
2290	0.91
2291	1.516
2292	1.516
2293	0.91
2294	0.91
2295	1.213
2296	1.213
2297	0.91
2298	0.91
2299	0.303
2300	0.303
2301	0.303
2302	0.606
2303	0.606
2304	0.606
2305	0.606
2306	0.606
2307	0.606
2308	1.819
2309	1.819
2310	1.516
2311	1.213
2312	1.213
2313	1.213
2314	1.213
2315	1.213
2316	0
2317	0
2318	0
2319	0
2320	0
2321	0
2322	0
2323	0
2324	0
2325	0
2326	0
2327	0
2328	0
2329	0
2330	0
2331	0.303
2332	0.606
2333	0.606
2334	0.606
2335	0.606
2336	0.606
2337	0.606
2338	0.606
2339	0.606
2340	0
2341	0
2342	0
2343	0
2344	0
2345	0
2346	0
2347	0
2348	0
2349	0
2350	0
2351	0
2352	0
2353	0
2354	0
2355	0
2356	0
2357	0
2358	0
2359	0
2360	0
2361	0
2362	0
2363	0
2364	0
2365	0
2366	0
2367	0
2368	0
2369	0
2370	0
2371	0
2372	0
2373	0
2374	0
2375	0
2376	0
2377	0
2378	0.303
2379	0.303
2380	0.303
2381	0.303
2382	0.303
2383	0.303
2384	0.303
2385	0.303
2386	0.303
2387	0
2388	0
2389	0
2390	0
2391	0
2392	0
2393	0
2394	0
2395	0
2396	0
2397	0
2398	0
2399	0
2400	0
2401	0
2402	0
2403	0
2404	0
2405	0
2406	0
2407	0
2408	0
2409	0
2410	0
2411	0
2412	0
2413	0
2414	0
2415	0
2416	0
2417	0
2418	0
2419	0
2420	0
2421	0
2422	0
2423	0
2424	0
2425	0
2426	0
2427	0
2428	0
2429	0
2430	0
2431	0
2432	0
2433	0
2434	0
2435	0
2436	0
2437	0.303
2438	0.303
2439	0.303
2440	0.303
2441	0.303
2442	0.303
2443	0.303
2444	0.303
2445	0
2446	0
2447	0
2448	0
2449	0
2450	0
2451	0
2452	0
2453	0
2454	0
2455	0
2456	0
2457	0
2458	0
2459	0
2460	0
2461	0
2462	0
2463	0
2464	0
2465	0
2466	0
2467	0
2468	0
2469	0
2470	0.303
2471	0.303
2472	0.606
2473	0.606
2474	0.606
2475	0.606
2476	0.606
2477	0.606
2478	0.303
2479	0.303
2480	0
2481	0
2482	0
2483	0.303
2484	0.303
2485	0.303
2486	0.303
2487	0.606
2488	0.606
2489	0.606
2490	0.606
2491	0.606
2492	0.303
2493	0.303
2494	0.303
2495	0
2496	0
2497	0
2498	0
2499	0
2500	0
2501	0
2502	0
2503	0
2504	0
2505	0
2506	0
2507	0
2508	0
2509	0
2510	0
2511	0
2512	0
2513	0
2514	0
2515	0
2516	0.303
2517	0.303
2518	0.303
2519	0.303
2520	0.303
2521	0.606
2522	0.606
2523	0.606
2524	0.606
2525	0.303
2526	0.606
2527	0.606
2528	0.606
2529	0.303
2530	0.303
2531	0.303
2532	0.303
2533	0.303
2534	0.303
2535	0
2536	0
2537	0
2538	0
2539	0
2540	0
2541	0
2542	0
2543	0
2544	0
2545	0
2546	0
2547	0
2548	0
2549	0
2550	0
2551	0
2552	0
2553	0
2554	0
2555	0
2556	0
2557	0
2558	0
2559	0
2560	0
2561	0
2562	0
2563	0
2564	0
2565	0
2566	0
2567	0
2568	0
2569	0
2570	0
2571	0
2572	0
2573	0
2574	0
2575	0
2576	0
2577	0
2578	0
2579	0
2580	0
2581	0.303
2582	0.303
2583	0.303
2584	0.303
2585	0.606
2586	0.606
2587	0.606
2588	0.606
2589	0.303
2590	0.303
2591	0.303
2592	0.303
2593	0.303
2594	0
2595	0
2596	0
2597	0
2598	0
2599	0
2600	0
2601	0
2602	0
2603	0
2604	0
2605	0.303
2606	0.303
2607	0.303
2608	0.303
2609	0.303
2610	0.303
2611	0.303
2612	0.303
2613	0
2614	0
2615	0
2616	0
2617	0
2618	0
2619	0
2620	0
2621	0
2622	0
2623	0
2624	0.303
2625	0.303
2626	0.303
2627	0.303
2628	0.303
2629	0.303
2630	0.303
2631	0.303
2632	0.303
2633	0.303
2634	0.303
2635	0.303
2636	0.303
2637	0.303
2638	0.303
2639	0.303
2640	0.303
2641	0.303
2642	0.303
2643	0.303
2644	0.303
2645	0.303
2646	0.303
2647	0.303
2648	0.303
2649	0
2650	0
2651	0
2652	0
2653	0
2654	0
2655	0
2656	0
2657	0
2658	0
2659	0
2660	0
2661	0
2662	0
2663	0
2664	0.303
2665	0.303
2666	0.303
2667	0.303
2668	0.303
2669	0.303
2670	0.303
2671	0.606
2672	0.606
2673	0.303
2674	0.303
2675	0.303
2676	0.606
2677	0.606
2678	0.606
2679	0.303
2680	0.303
2681	0.303
2682	0.303
2683	0.303
2684	0
2685	0
2686	0.303
2687	0.303
2688	0.606
2689	0.606
2690	0.606
2691	0.606
2692	0.606
2693	0.606
2694	0.303
2695	0.303
2696	0.303
2697	0.303
2698	0.303
2699	0.303
2700	0.303
2701	0.303
2702	0.303
2703	0.303
2704	0.303
2705	0.303
2706	0.303
2707	0.303
2708	0
2709	0
2710	0
2711	0
2712	0.303
2713	0.303
2714	0.303
2715	0.303
2716	0
2717	0
2718	0
2719	0
2720	0
2721	0
2722	0
2723	0
2724	0
2725	0
2726	0
2727	0
2728	0
2729	0
2730	0
2731	0
2732	0
2733	0
2734	0
2735	0
2736	0
2737	0
2738	0
2739	0
2740	0
2741	0
2742	0
2743	0
2744	0
2745	0
2746	0
2747	0
2748	0
2749	0
2750	0
2751	0
2752	0.303
2753	0.303
2754	0.303
2755	0.303
2756	0.606
2757	0.606
2758	0.606
2759	0.606
2760	0.303
2761	0.303
2762	0.606
2763	0.606
2764	0.606
2765	1.516
2766	1.516
2767	1.516
2768	1.516
2769	1.516
2770	1.213
2771	1.213
2772	0.91
2773	0
2774	0
2775	0
2776	0
2777	0
2778	0
2779	0
2780	0
2781	0.303
2782	0.303
2783	0.303
2784	0.606
2785	1.213
2786	1.516
2787	1.516
2788	1.516
2789	1.213
2790	1.213
2791	1.213
2792	0.91
2793	0.91
2794	0.303
2795	0.303
2796	0.303
2797	0.303
2798	0.303
2799	0.303
2800	0.303
2801	0.303
2802	0.303
2803	0.303
2804	0
2805	0
2806	0
2807	0
2808	0
2809	0.303
2810	0.303
2811	0.303
2812	0.303
2813	0.303
2814	0.303
2815	0.303
2816	0.303
2817	0
2818	0
2819	0
2820	0
2821	0
2822	0.606
2823	0.606
2824	0.606
2825	0.606
2826	0.606
2827	0.606
2828	0.606
2829	0.606
2830	0.606
2831	0
2832	0
2833	0
2834	0
2835	0.303
2836	0.606
2837	0.606
2838	0.606
2839	0.606
2840	0.606
2841	0.606
2842	0.606
2843	0.303
2844	0
2845	0
2846	0
2847	0
2848	0
2849	0
2850	0
2851	0
2852	0
2853	0
2854	0
2855	0
2856	0
2857	0
2858	0
2859	0
2860	0
2861	0
2862	0
2863	0
2864	0
2865	0
2866	0
2867	0
2868	0
2869	0
2870	0
2871	0
2872	0.303
2873	0.303
2874	0.303
2875	0.303
2876	0.303
2877	0.303
2878	0.606
2879	0.606
2880	0.303
2881	0.303
2882	0.303
2883	0.303
2884	0.303
2885	0.303
2886	0
2887	0
2888	0
2889	0
2890	0.606
2891	0.91
2892	0.91
2893	1.819
2894	1.819
2895	1.819
2896	1.819
2897	1.819
2898	1.213
2899	0.91
2900	1.819
2901	1.516
2902	1.819
2903	1.819
2904	1.819
2905	2.122
2906	2.122
2907	2.425
2908	1.516
2909	1.213
2910	0.606
2911	0.606
2912	0.606
2913	0.606
2914	0.303
2915	0
2916	0
2917	0
2918	0.303
2919	0.303
2920	0.303
2921	0.303
2922	0.303
2923	0.303
2924	0.303
2925	0.303
2926	0.303
2927	0.606
2928	0.606
2929	0.91
2930	0.91
2931	0.91
2932	0.91
2933	0.91
2934	0.606
2935	0.303
2936	0.303
2937	0
2938	0
2939	0
2940	0.606
2941	0.606
2942	0.606
2943	0.606
2944	0.606
2945	0.606
2946	0.606
2947	0.606
2948	0.606
2949	0
2950	0
2951	0
2952	0
2953	0
2954	0
2955	0
2956	0
2957	0
2958	0
2959	0
2960	0.303
2961	0.303
2962	0.303
2963	0.303
2964	0.303
2965	0.303
2966	0.303
2967	0.303
2968	0
2969	0
2970	0
2971	0.303
2972	0.303
2973	0.303
2974	0.303
2975	0.303
2976	0.303
2977	0.303
2978	0.303
2979	0.303
2980	0
2981	0.303
2982	0.303
2983	0.303
2984	0.303
2985	0.303
2986	0.303
2987	0.303
2988	0.303
2989	0
2990	0
2991	0.606
2992	0.606
2993	0.606
2994	0.91
2995	0.91
2996	1.516
2997	1.516
2998	1.516
2999	1.516
3000	1.213
3001	0.91
3002	0.91
3003	0.91
3004	0.91
3005	0.606
3006	0
3007	0
3008	0.606
3009	0.606
3010	0.606
3011	0.606
3012	0.606
3013	0.606
3014	0.606
3015	0.606
3016	0.606
3017	0
3018	0
3019	0
3020	0
3021	0
3022	0
3023	0
3024	0
3025	0
3026	0
3027	0
3028	0
3029	0
3030	0
3031	0
3032	0
3033	0.606
3034	0.606
3035	0.606
3036	0.606
3037	0.606
3038	0.606
3039	0.606
3040	0.606
3041	0
3042	0
3043	0.303
3044	0.303
3045	0.606
3046	0.606
3047	0.606
3048	0.606
3049	0.606
3050	0.606
3051	0.606
3052	1.213
3053	4.851
3054	4.851
3055	4.851
3056	4.851
3057	4.548
3058	4.548
3059	4.548
3060	4.244
3061	0.606
3062	0.303
3063	0
3064	0
3065	0
3066	0
3067	0
3068	0
3069	0
3070	0
3071	0
3072	0
3073	0
3074	0
3075	0
3076	0.303
3077	0.606
3078	0.606
3079	1.213
3080	1.213
3081	1.516
3082	1.516
3083	1.516
3084	1.213
3085	0.91
3086	1.516
3087	1.213
3088	1.516
3089	1.213
3090	1.213
3091	1.213
3092	1.516
3093	1.516
3094	0.91
3095	0.91
3096	0.606
3097	0.91
3098	0.91
3099	0.606
3100	0.606
3101	0.91
3102	0.91
3103	0.91
3104	0.91
3105	0.91
3106	0.91
3107	0.606
3108	0.303
3109	0
3110	0
3111	0
3112	0
3113	0
3114	0
3115	0
3116	0
3117	0
3118	0
3119	0
3120	0
3121	0
3122	0
3123	0
3124	0
3125	0
3126	0
3127	0
3128	0
3129	0
3130	0
3131	0
3132	0
3133	0
3134	0
3135	0
3136	0
3137	0
3138	0
3139	0
3140	0
3141	0.303
3142	0.303
3143	0.303
3144	0.303
3145	0.303
3146	0.303
3147	0.303
3148	0.303
3149	0
3150	0
3151	0
3152	0
3153	0
3154	0
3155	0
3156	0
3157	0
3158	0
3159	0
3160	0
3161	0
3162	0
3163	0
3164	0
3165	0.303
3166	0.606
3167	0.606
3168	0.606
3169	0.606
3170	0.606
3171	0.606
3172	0.606
3173	0.303
3174	0
3175	0
3176	0
3177	0
3178	0
3179	0
3180	0
3181	0
3182	0
3183	0
3184	0
3185	0.91
3186	0.91
3187	0.91
3188	3.941
3189	72.156
3190	84.283
3191	90.952
3192	92.468
3193	92.771
3194	92.771
3195	92.771
3196	90.346
3197	83.07
3198	76.703
3199	1.516
3200	0.303
3201	0.606
3202	0.91
3203	0.606
3204	0.606
3205	0.606
3206	0.606
3207	0.606
3208	0.606
3209	0.303
3210	0
3211	0
3212	0
3213	0
3214	0
3215	0
3216	0
3217	0
3218	0
3219	0
3220	0
3221	0
3222	0
3223	0
3224	0.303
3225	0.303
3226	0.303
3227	0.303
3228	0.303
3229	0.303
3230	0.303
3231	0.303
3232	0.303
3233	0
3234	0
3235	0
3236	0
3237	0
3238	0
3239	0
3240	0.606
3241	0.91
3242	0.91
3243	1.213
3244	1.819
3245	2.122
3246	2.122
3247	2.122
3248	1.516
3249	1.516
3250	1.213
3251	0.91
3252	0.606
3253	0
3254	0
3255	0
3256	0
3257	0
3258	0
3259	0
3260	0
3261	0
3262	0
3263	0
3264	0
3265	0
3266	0.303
3267	0.303
3268	0.303
3269	0.303
3270	0.303
3271	0.303
3272	0.303
3273	0.303
3274	0
3275	0
3276	0
3277	0
3278	0
3279	0
3280	0.606
3281	0.606
3282	0.91
3283	0.91
3284	0.91
3285	0.91
3286	0.91
3287	1.213
3288	0.606
3289	0.606
3290	0.606
3291	0.606
3292	0.606
3293	0.91
3294	0.91
3295	1.213
3296	0.91
3297	0.91
3298	0.606
3299	0.606
3300	0.606
3301	0.303
3302	0.303
3303	0
3304	0
3305	0
3306	0
3307	0
3308	0
3309	0
3310	0
3311	0
3312	0
3313	0
3314	0
3315	0
3316	0.303
3317	0.303
3318	0.303
3319	0.303
3320	0.606
3321	0.606
3322	0.606
3323	0.606
3324	0.606
3325	0.303
3326	0.303
3327	0.303
3328	0.303
3329	0
3330	0
3331	0
3332	0
3333	0
3334	0
3335	0
3336	0
3337	0
3338	0
3339	0.303
3340	0.606
3341	0.606
3342	0.606
3343	0.606
3344	0.606
3345	0.606
3346	0.606
3347	0.606
3348	0.606
3349	0
3350	0
3351	0.303
3352	0.303
3353	0.303
3354	0.303
3355	0.303
3356	0.303
3357	0.303
3358	0.303
3359	0
3360	0
3361	0
3362	0
3363	0
3364	0
3365	0
3366	0
3367	0
3368	0
3369	0.303
3370	0.303
3371	0.303
3372	0.303
3373	0.303
3374	0.606
3375	0.606
3376	0.606
3377	0.303
3378	0.303
3379	0.303
3380	0.303
3381	0.303
3382	0.303
3383	0
3384	0
3385	0
3386	0
3387	0
3388	0
3389	0
3390	0
3391	0
3392	0
3393	0
3394	0
3395	0
3396	0
3397	0
3398	0
3399	0
3400	0
3401	0
3402	0
3403	0
3404	0
3405	0
3406	0
3407	0
3408	0.303
3409	0.303
3410	0.303
3411	0.91
3412	0.91
3413	0.91
3414	0.91
3415	0.91
3416	0.606
3417	0.606
3418	0.606
3419	0.606
3420	0
3421	0
3422	0
3423	0
3424	0
3425	0
3426	0
3427	0
3428	0
3429	0
3430	0
3431	0
3432	0
3433	0
3434	0
3435	0
3436	0
3437	0
3438	0
3439	0
3440	0
3441	0.91
3442	0.91
3443	0.91
3444	0.91
3445	0.91
3446	0.91
3447	0.91
3448	0.91
3449	0.303
3450	0.606
3451	0.303
3452	0.303
3453	0.303
3454	0.303
3455	0.303
3456	0.303
3457	0.303
3458	0
3459	0
3460	0
3461	0
3462	0
3463	0
3464	0
3465	0
3466	0
3467	0.303
3468	0.303
3469	0.303
3470	0.303
3471	0.303
3472	0.303
3473	0.303
3474	0.303
3475	0.303
3476	0.303
3477	0
3478	0
3479	0
3480	0
3481	0
3482	0
3483	0
3484	0
3485	0
3486	0
3487	0.303
3488	0.303
3489	0.303
3490	0.606
3491	0.606
3492	0.606
3493	0.606
3494	0.606
3495	0.303
3496	0.303
3497	0.303
3498	0
3499	0
3500	0
3501	0.303
3502	0.303
3503	0.303
3504	0.606
3505	0.606
3506	0.606
3507	1.213
3508	1.213
3509	0.91
3510	0.91
3511	0.606
3512	0.606
3513	0.303
3514	0.303
3515	0
3516	0
3517	0
3518	0
3519	0
3520	0
3521	0
3522	0
3523	0
3524	0
3525	0
3526	0
3527	0
3528	0
3529	0
3530	0
3531	0
3532	0
3533	0
3534	0
3535	0
3536	0
3537	0
3538	0
3539	0
3540	0
3541	0
3542	0
3543	0
3544	0
3545	0
3546	0
3547	0
3548	0
3549	0
3550	0
3551	0
3552	0
3553	0
3554	0
3555	0
3556	0
3557	0
3558	0
3559	0
3560	0
3561	0
3562	0
3563	0
3564	0
3565	0
3566	0
3567	0
3568	0
3569	0
3570	0
3571	0
3572	0
3573	0
3574	0.303
3575	0.303
3576	0.303
3577	0.303
3578	0.303
3579	0.303
3580	0.303
3581	0.303
3582	0
3583	0.303
3584	0.303
3585	0.303
3586	0.303
3587	0.303
3588	0.303
3589	0.303
3590	0.303
3591	0.303
3592	0.303
3593	1.516
3594	1.516
3595	1.819
3596	1.819
3597	2.122
3598	2.122
3599	2.122
3600	2.122
3601	2.122
3602	2.122
3603	1.213
3604	1.213
3605	0.91
3606	0.91
3607	0.91
3608	0.303
3609	0.303
3610	0.303
3611	0.303
3612	0.303
3613	0
3614	0
3615	0
3616	0
3617	0.303
3618	0.303
3619	0.303
3620	0.606
3621	0.606
3622	0.606
3623	0.606
3624	0.606
3625	0.303
3626	0.303
3627	0.303
3628	0.303
3629	0
3630	0
3631	0
3632	0
3633	0
3634	0
3635	0
3636	0
3637	0
3638	0
3639	0
3640	0
3641	0
3642	0
3643	0
3644	0
3645	0
3646	0
3647	0
3648	0
3649	0
3650	0
3651	0.303
3652	0.303
3653	0.303
3654	0.303
3655	0.303
3656	0.303
3657	0.606
3658	0.606
3659	0.303
3660	0.303
3661	0.303
3662	0.303
3663	0.303
3664	0.303
3665	0
3666	0
3667	0
3668	0
3669	0
3670	0
3671	0
3672	0
3673	0
3674	0
3675	0
3676	0
3677	0
3678	0.303
3679	0.303
3680	0.303
3681	0.303
3682	0.303
3683	0.303
3684	0.303
3685	0.303
3686	0
3687	0
3688	0
3689	0
3690	0
3691	0
3692	0
3693	0
3694	0
3695	0
3696	0
3697	0
3698	0
3699	0
3700	0
3701	0
3702	0
3703	0
3704	0
3705	0
3706	0
3707	0
3708	0
3709	0
3710	0
3711	0
3712	0
3713	0
3714	0
3715	0
3716	0
3717	0
3718	0
3719	0
3720	0
3721	0
3722	0
3723	0
3724	0
3725	0
3726	0
3727	0
3728	0
3729	0
3730	0
3731	0
3732	0
3733	0
3734	0
3735	0
3736	0
3737	0
3738	0
3739	0
3740	0
3741	0.303
3742	0.303
3743	0.303
3744	0.303
3745	0.303
3746	0.303
3747	0.303
3748	0.303
3749	0.303
3750	0
3751	0
3752	0
3753	0
3754	0
3755	0
3756	0
3757	0
3758	0
3759	0
3760	0
3761	0
3762	0
3763	0
3764	4.851
3765	4.851
3766	4.851
3767	5.154
3768	5.154
3769	5.154
3770	5.154
3771	4.851
3772	0
3773	0
3774	0
3775	0
3776	0
3777	0
3778	0
3779	0
3780	0
3781	0
3782	0
3783	0
3784	0
3785	0
3786	0
3787	0
3788	0
3789	0
3790	0
3791	0
3792	0
3793	0
3794	0
3795	0
3796	0.303
3797	0.303
3798	0.303
3799	0.303
3800	0.303
3801	0.303
3802	0.303
3803	0.303
3804	0
3805	0.303
3806	0.303
3807	0.303
3808	0.303
3809	0.303
3810	0.303
3811	0.303
3812	0.303
3813	0
3814	0.303
3815	0.303
3816	0.303
3817	0.303
3818	0.303
3819	0.303
3820	0.606
3821	0.303
3822	0.303
3823	0.303
3824	0.303
3825	0.303
3826	0.606
3827	0.91
3828	0.606
3829	0.606
3830	0.606
3831	0.606
3832	0.606
3833	0.606
3834	0.303
3835	0.303
3836	0.606
3837	0.91
3838	1.516
3839	1.819
3840	1.819
3841	1.819
3842	1.819
3843	1.819
3844	1.516
3845	0.91
3846	0.303
3847	0
3848	0
3849	0
3850	0
3851	0
3852	0
3853	0
3854	0
3855	0
3856	0
3857	0
3858	0
3859	0
3860	0
3861	0
3862	0
3863	0
3864	0
3865	0
3866	0
3867	0
3868	0
3869	0
3870	0
3871	0
3872	0
3873	0
3874	0
3875	0
3876	0
3877	0
3878	0
3879	0
3880	0
3881	0
3882	0
3883	0
3884	0
3885	0
3886	0
3887	0
3888	0
3889	0
3890	0
3891	0
3892	0
3893	0
3894	0
3895	0
3896	0
3897	0
3898	0
3899	0
3900	0
3901	0
3902	0
3903	0
3904	0
3905	0
3906	0
3907	0
3908	0
3909	0
3910	0
3911	0
3912	0
3913	0
3914	0
3915	0
3916	0
3917	0.303
3918	0.606
3919	0.606
3920	0.606
3921	0.606
3922	0.606
3923	0.606
3924	0.606
3925	1.213
3926	0.606
3927	0.91
3928	1.213
3929	1.213
3930	1.213
3931	1.213
3932	1.213
3933	0.606
3934	0.606
3935	0.303
3936	0
3937	0
3938	0
3939	0.303
3940	0.303
3941	0.303
3942	0.606
3943	0.91
3944	0.91
3945	0.91
3946	0.91
3947	0.606
3948	0.606
3949	0.606
3950	0.606
3951	0.303
3952	0.303
3953	0.606
3954	0.606
3955	0.606
3956	0.606
3957	0.606
3958	0.303
3959	0.303
3960	0.303
3961	0
3962	0
3963	0
3964	0
3965	0
3966	0
3967	0
3968	0
3969	0
3970	0
3971	0
3972	0
3973	0
3974	0
3975	0
3976	0
3977	0
3978	0
3979	0
3980	0
3981	0
3982	0
3983	0.303
3984	0.303
3985	0.303
3986	0.303
3987	0.303
3988	0.303
3989	0.303
3990	0.303
3991	0.303
3992	0.303
3993	0.303
3994	0.303
3995	0.303
3996	0.303
3997	0.303
3998	0.303
3999	0.303
4000	0
4001	0
4002	0
4003	0
4004	0
4005	0
4006	0
4007	0
4008	0
4009	0.303
4010	0.303
4011	0.303
4012	0.303
4013	0.303
4014	0.303
4015	0.303
4016	0.606
4017	0.303
4018	0.303
4019	0.303
4020	0.303
4021	0.606
4022	0.91
4023	0.91
4024	0.606
4025	1.213
4026	1.213
4027	1.516
4028	1.516
4029	1.516
4030	2.122
4031	1.819
4032	1.819
4033	0.91
4034	0.91
4035	0.606
4036	0.606
4037	0.606
4038	0.606
4039	0
4040	0
4041	0
4042	0
4043	0
4044	0
4045	0
4046	0.303
4047	0.303
4048	0.303
4049	0.303
4050	0.303
4051	0.303
4052	0.303
4053	0.303
4054	0
4055	0
4056	0
4057	0
4058	0
4059	0
4060	0
4061	0
4062	0
4063	0
4064	0
4065	0
4066	0
4067	0
4068	0
4069	0
4070	0
4071	0
4072	0
4073	0
4074	0
4075	0
4076	0
4077	0
4078	0
4079	0
4080	0
4081	0.303
4082	0.606
4083	0.606
4084	0.606
4085	0.606
4086	0.606
4087	0.606
4088	0.606
4089	0.606
4090	0.303
4091	0
4092	0
4093	0.303
4094	0.303
4095	0.303
4096	0.606
4097	0.606
4098	0.91
4099	1.516
4100	1.819
4101	1.819
4102	1.516
4103	1.819
4104	1.819
4105	1.819
4106	1.516
4107	0.606
4108	0.303
4109	0.303
4110	0.303
4111	0
4112	0
4113	0
4114	0.303
4115	0.303
4116	0.303
4117	0.303
4118	0.606
4119	0.606
4120	0.606
4121	0.606
4122	0.303
4123	0.303
4124	0.303
4125	0.303
4126	0
4127	0.303
4128	0.303
4129	0.303
4130	0.303
4131	0.303
4132	0.303
4133	0.303
4134	0.303
4135	0
4136	0
4137	0
4138	0.303
4139	0.303
4140	0.303
4141	1.213
4142	1.213
4143	1.819
4144	1.819
4145	1.819
4146	1.516
4147	1.516
4148	1.516
4149	0.91
4150	0.606
4151	0.303
4152	0
4153	0
4154	0
4155	0
4156	0.303
4157	0.303
4158	0.303
4159	0.303
4160	0.303
4161	0.303
4162	0.303
4163	0.303
4164	0.303
4165	0
4166	0
4167	0
4168	0
4169	0
4170	0
4171	0
4172	0
4173	0
4174	0
4175	0
4176	0
4177	0
4178	0
4179	0
4180	0
4181	0
4182	0
4183	0
4184	0
4185	0
4186	0
4187	0
4188	0
4189	0
4190	0
4191	0
4192	0
4193	0
4194	0
4195	0
4196	0
4197	0
4198	0
4199	0
4200	0
4201	0
4202	0
4203	0
4204	0
4205	0
4206	0
4207	0
4208	0
4209	0
4210	0
4211	0.303
4212	0.303
4213	0.303
4214	0.303
4215	0.303
4216	0.303
4217	0.303
4218	0.303
4219	0.303
4220	0
4221	0
4222	0
4223	0.303
4224	0.303
4225	0.303
4226	0.303
4227	0.606
4228	0.606
4229	0.606
4230	0.606
4231	0.606
4232	0.606
4233	1.213
4234	1.516
4235	1.213
4236	1.213
4237	1.213
4238	1.213
4239	1.516
4240	1.213
4241	0.606
4242	0.91
4243	0.91
4244	0.91
4245	2.122
4246	2.122
4247	1.819
4248	1.819
4249	1.819
4250	1.213
4251	1.213
4252	1.213
4253	0
4254	0
4255	0
4256	0
4257	0
4258	0
4259	0
4260	0
4261	0
4262	0
4263	0
4264	0
4265	0
4266	0
4267	0
4268	0
4269	0
4270	0
4271	0
4272	0
4273	0
4274	0
4275	0
4276	0
4277	0.606
4278	0.606
4279	0.606
4280	0.606
4281	0.606
4282	0.606
4283	0.606
4284	0.606
4285	0
4286	0
4287	0.303
4288	0.303
4289	0.303
4290	0.303
4291	0
4292	0
4293	0
4294	0
4295	0
4296	0
4297	0
4298	0
4299	0
4300	0
4301	0
4302	0
4303	0
4304	0
4305	0
4306	0.303
4307	0.303
4308	0.303
4309	0.303
4310	0.303
4311	0
4312	0
4313	0
4314	0.303
4315	0.303
4316	0.303
4317	0.303
4318	0.606
4319	0.606
4320	0.606
4321	1.213
4322	0.91
4323	0.91
4324	1.213
4325	1.516
4326	1.213
4327	1.213
4328	1.213
4329	0.606
4330	0.91
4331	0.91
4332	0.606
4333	0.303
4334	0.303
4335	0.303
4336	0.303
4337	0.606
4338	0.303
4339	0.606
4340	0.606
4341	0.91
4342	0.91
4343	1.213
4344	1.213
4345	1.516
4346	1.213
4347	0.91
4348	1.213
4349	1.213
4350	1.213
4351	1.213
4352	1.213
4353	1.213
4354	0.91
4355	1.213
4356	1.213
4357	0.91
4358	0.91
4359	0.91
4360	0.606
4361	0.606
4362	0.606
4363	0.303
4364	0.303
4365	0.303
4366	0.303
4367	0.303
4368	0.303
4369	0.303
4370	0
4371	0
4372	0.303
4373	0.303
4374	0.303
4375	0.303
4376	0.303
4377	0.303
4378	0.303
4379	0.303
4380	0.303
4381	0.303
4382	0
4383	0
4384	0
4385	0
4386	0
4387	0
4388	0
4389	0
4390	0
4391	0
4392	0
4393	0
4394	0
4395	0
4396	0
4397	0
4398	0
4399	0
4400	0
4401	0
4402	0
4403	0
4404	0.303
4405	0.303
4406	0.303
4407	0.303
4408	0.303
4409	0.303
4410	0.606
4411	1.819
4412	2.425
4413	2.425
4414	2.425
4415	2.425
4416	2.729
4417	2.729
4418	3.638
4419	3.638
4420	2.425
4421	2.425
4422	2.122
4423	2.122
4424	1.516
4425	1.516
4426	0.303
4427	0.303
4428	0
4429	0
4430	0
4431	0
4432	0
4433	0
4434	0
4435	0
4436	0
4437	0
4438	0
4439	0
4440	0
4441	0
4442	0
4443	0
4444	0
4445	0
4446	0
4447	0
4448	0
4449	0
4450	0
4451	0
4452	0
4453	0
4454	0
4455	0
4456	0
4457	0
4458	0
4459	0.606
4460	0.606
4461	0.91
4462	0.91
4463	0.91
4464	1.213
4465	0.91
4466	0.91
4467	0.303
4468	0.303
4469	0.303
4470	0.303
4471	0.303
4472	0.303
4473	0.303
4474	0.303
4475	0.303
4476	0.303
4477	0.606
4478	0.91
4479	0.91
4480	0.606
4481	0.606
4482	0.606
4483	0.606
4484	0.606
4485	0.303
4486	0
4487	0
4488	0
4489	0
4490	0
4491	0
4492	0
4493	0
4494	0
4495	0
4496	0
4497	0
4498	0
4499	0
4500	0
4501	0
4502	0
4503	0
4504	0
4505	0
4506	0
4507	0
4508	0
4509	0
4510	0
4511	0
4512	0
4513	0
4514	0
4515	0
4516	0
4517	0
4518	0
4519	0
4520	0
4521	0
4522	0
4523	0
4524	0
4525	0
4526	0
4527	0
4528	0
4529	0
4530	0
4531	0
4532	0
4533	0
4534	0
4535	0
4536	0
4537	0.303
4538	0.303
4539	0.303
4540	0.303
4541	0.303
4542	0.303
4543	0.303
4544	0.303
4545	0
4546	0
4547	0
4548	0
4549	0
4550	0.303
4551	0.303
4552	0.303
4553	0.303
4554	0.303
4555	0.91
4556	0.91
4557	0.91
4558	0.91
4559	0.303
4560	0.303
4561	0.303
4562	0.91
4563	0.91
4564	0.606
4565	0.606
4566	0.606
4567	0.606
4568	0.606
4569	0.606
4570	0
4571	0
4572	0
4573	0
4574	0.303
4575	0.303
4576	0.303
4577	0.303
4578	0.303
4579	0.303
4580	0.303
4581	0.303
4582	0
4583	0
4584	0
4585	0
4586	0
4587	0
4588	0
4589	0
4590	0
4591	0
4592	0
4593	0
4594	0
4595	0
4596	0
4597	0
4598	0
4599	0
4600	0
4601	0
4602	0
4603	0
4604	0
4605	0
4606	0
4607	0
4608	0
4609	0
4610	0
4611	0
4612	0
4613	0
4614	0
4615	0
4616	0
4617	0.303
4618	0.303
4619	0.303
4620	0.303
4621	0.303
4622	0.303
4623	0.303
4624	0.303
4625	0
4626	0
4627	0
4628	0
4629	0
4630	0
4631	0
4632	0
4633	0
4634	0.303
4635	0.303
4636	0.303
4637	0.303
4638	0.303
4639	0.303
4640	0.303
4641	0.303
4642	0
4643	0.303
4644	0.303
4645	0.303
4646	0.303
4647	0.303
4648	0.303
4649	0.303
4650	0.303
4651	0.303
4652	0
4653	0
4654	0
4655	0
4656	0
4657	0
4658	0
4659	0
4660	0
4661	0
4662	0
4663	0
4664	0
4665	0.303
4666	0.303
4667	0.303
4668	0.303
4669	0.303
4670	0.303
4671	0.303
4672	0.303
4673	0.303
4674	0
4675	0
4676	0
4677	0
4678	0
4679	0.303
4680	0.303
4681	0.303
4682	0.606
4683	0.91
4684	0.91
4685	0.91
4686	0.91
4687	0.606
4688	1.213
4689	1.213
4690	0.91
4691	0.91
4692	1.213
4693	1.213
4694	1.516
4695	1.819
4696	1.213
4697	1.516
4698	2.122
4699	2.122
4700	1.516
4701	1.516
4702	1.516
4703	1.516
4704	0.91
4705	0.606
4706	0.303
4707	0
4708	0
4709	0
4710	0.606
4711	0.606
4712	0.606
4713	0.606
4714	0.606
4715	0.606
4716	0.606
4717	0.606
4718	0
4719	0
4720	0
4721	0
4722	0
4723	0
4724	0
4725	0
4726	0
4727	0
4728	0
4729	0
4730	0
4731	0
4732	0
4733	0
4734	0
4735	0
4736	0
4737	0
4738	0
4739	0
4740	0
4741	0
4742	0
4743	0
4744	0
4745	0
4746	0
4747	0
4748	0
4749	0
4750	0
4751	0
4752	0
4753	0
4754	0
4755	0
4756	0
4757	0
4758	0
4759	0
4760	0.303
4761	0.303
4762	0.303
4763	0.303
4764	0.303
4765	0.303
4766	0.303
4767	0.303
4768	0.303
4769	0
4770	0
4771	0
4772	0
4773	0
4774	0
4775	0
4776	0
4777	0
4778	0
4779	0
4780	0
4781	0
4782	0
4783	0
4784	0
4785	0
4786	0
4787	0
4788	0
4789	0
4790	0
4791	0
4792	0
4793	0
4794	0
4795	0
4796	0
4797	0
4798	0
4799	0
4800	0
4801	0
4802	0
4803	0.303
4804	0.606
4805	0.606
4806	0.606
4807	0.606
4808	0.606
4809	0.606
4810	0.606
4811	0.303
4812	0
4813	0
4814	0
4815	0
4816	0
4817	0
4818	0
4819	0
4820	0
4821	0
4822	0
4823	0
4824	0
4825	0
4826	0
4827	0
4828	0
4829	0
4830	0
4831	0
4832	0
4833	0
4834	0
4835	0
4836	0
4837	0
4838	0.303
4839	0.303
4840	0.303
4841	0.303
4842	0.303
4843	0.303
4844	0.303
4845	0.303
4846	0.303
4847	0
4848	0
4849	0
4850	0
4851	0
4852	0.303
4853	0.303
4854	0.303
4855	0.303
4856	0.606
4857	0.606
4858	0.606
4859	0.606
4860	0.91
4861	0.606
4862	0.606
4863	0.606
4864	0.303
4865	0.303
4866	0.303
4867	0.303
4868	0
4869	0
4870	0
4871	0
4872	0
4873	0
4874	0
4875	0
4876	0
4877	0
4878	0
4879	0
4880	0
4881	0
4882	0
4883	0
4884	0
4885	0
4886	0
4887	0
4888	0
4889	0.303
4890	0.303
4891	0.606
4892	0.606
4893	0.606
4894	0.91
4895	0.91
4896	0.91
4897	0.606
4898	0.606
4899	0.303
4900	0.606
4901	0.606
4902	0.303
4903	0.606
4904	0.606
4905	0.606
4906	0.606
4907	1.213
4908	0.91
4909	0.91
4910	0.91
4911	1.213
4912	1.213
4913	0.91
4914	0.91
4915	0.303
4916	0.303
4917	0.303
4918	0.303
4919	0
4920	0
4921	0
4922	0
4923	0
4924	0
4925	0
4926	0
4927	0
4928	0
4929	0.303
4930	0.303
4931	0.303
4932	0.303
4933	0.303
4934	0.303
4935	0.303
4936	0.303
4937	0
4938	0
4939	0
4940	0
4941	0.606
4942	0.606
4943	0.606
4944	0.606
4945	0.606
4946	0.606
4947	0.606
4948	0.606
4949	0
4950	0
4951	0
4952	0
4953	0
4954	0.606
4955	0.606
4956	0.606
4957	0.606
4958	0.606
4959	0.606
4960	0.606
4961	0.606
4962	0.606
4963	0
4964	0
4965	0
4966	0
4967	0
4968	0.303
4969	0.303
4970	0.303
4971	0.303
4972	0.303
4973	0.303
4974	0.303
4975	0.303
4976	0
4977	0
4978	0
4979	0
4980	0
4981	0
4982	0
4983	0
4984	0
4985	0
4986	0
4987	0
4988	0
4989	0
4990	0
4991	0
4992	0
4993	0
4994	0
4995	0
4996	0
4997	0
4998	0
4999	0
5000	0
5001	0
5002	0
5003	0
5004	0
5005	0.303
5006	0.303
5007	0.303
5008	0.91
5009	0.91
5010	0.91
5011	1.213
5012	1.213
5013	1.213
5014	1.213
5015	1.819
5016	1.819
5017	1.819
5018	2.122
5019	2.122
5020	2.122
5021	2.122
5022	1.819
5023	1.516
5024	1.213
5025	0.91
5026	0.606
5027	0
5028	0
5029	0
5030	0
5031	0
5032	0
5033	0
5034	0
5035	0
5036	0
5037	0
5038	0
5039	0
5040	0
5041	0
5042	0
5043	0
5044	0
5045	0.303
5046	0.303
5047	0.303
5048	0.303
5049	0.303
5050	0.303
5051	0
5052	0
5053	0
5054	0
5055	0
5056	0
5057	0
5058	0
5059	0
5060	0.303
5061	0.303
5062	0.303
5063	0.303
5064	0.303
5065	0.303
5066	0.303
5067	0.303
5068	0
5069	0
5070	0
5071	0
5072	0
5073	0
5074	0
5075	0
5076	0
5077	0
5078	0
5079	0
5080	0
5081	0
5082	0
5083	0
5084	0
5085	0
5086	0
5087	0
5088	0
5089	0
5090	0
5091	0
5092	0
5093	0
5094	0
5095	0
5096	0
5097	0
5098	0
5099	0
5100	0
5101	0
5102	0
5103	0
5104	0
5105	0
5106	0
5107	0
5108	0
5109	0
5110	0
5111	0
5112	0
5113	0
5114	0
5115	0
5116	0
5117	0
5118	0
5119	0
5120	0.303
5121	0.303
5122	0.303
5123	0.303
5124	0.303
5125	0.303
5126	0.303
5127	0.303
5128	0
5129	0
5130	0
5131	0
5132	0
5133	0
5134	0
5135	0
5136	0
5137	0.303
5138	0.303
5139	0.303
5140	0.303
5141	0.303
5142	0.303
5143	0.303
5144	0.91
5145	0.606
5146	0.606
5147	0.606
5148	0.606
5149	0.606
5150	0.91
5151	1.213
5152	0.606
5153	0.606
5154	2.729
5155	6.367
5156	7.883
5157	9.095
5158	8.792
5159	9.095
5160	9.095
5161	9.095
5162	7.883
5163	4.851
5164	3.335
5165	1.819
5166	2.122
5167	1.819
5168	1.819
5169	1.819
5170	1.213
5171	0.91
5172	0.91
5173	0.91
5174	0.303
5175	0
5176	0
5177	0.606
5178	0.606
5179	0.606
5180	0.91
5181	0.91
5182	0.91
5183	0.91
5184	0.91
5185	0.303
5186	0.606
5187	0.606
5188	0.303
5189	0.303
5190	0.303
5191	0.303
5192	0.303
5193	0.303
5194	0
5195	0.303
5196	0.303
5197	0.303
5198	0.303
5199	0.303
5200	0.303
5201	0.606
5202	0.606
5203	0.606
5204	0.606
5205	0.606
5206	0.606
5207	0.606
5208	0.606
5209	0.606
5210	0.91
5211	0.91
5212	0.91
5213	0.606
5214	0.303
5215	0.303
5216	0.606
5217	0.606
5218	0.303
5219	0.303
5220	0.606
5221	0.606
5222	0.606
5223	0.606
5224	0.303
5225	0.303
5226	0.303
5227	0.303
5228	0.303
5229	0
5230	0
5231	0
5232	0
5233	0
5234	0
5235	0
5236	0
5237	0.303
5238	0.303
5239	0.303
5240	0.606
5241	0.606
5242	0.606
5243	0.606
5244	0.606
5245	0.303
5246	0.303
5247	0.303
5248	0.303
5249	0.606
5250	0.606
5251	0.606
5252	0.606
5253	0.606
5254	0.606
5255	0.606
5256	0.606
5257	0.606
5258	0.606
5259	0.606
5260	0.606
5261	0.606
5262	0.606
5263	0.606
5264	0.303
5265	0.303
5266	0.303
5267	0
5268	0
5269	0
5270	0
5271	0
5272	0
5273	0
5274	0
5275	0
5276	0.91
5277	11.824
5278	11.824
5279	11.824
5280	11.824
5281	11.824
5282	11.824
5283	11.824
5284	11.217
5285	0.606
5286	0.303
5287	0
5288	0
5289	0
5290	0
5291	0
5292	0
5293	0
5294	0
5295	0
5296	0
5297	0
5298	0
5299	0
5300	0
5301	0
5302	0.303
5303	0.303
5304	0.303
5305	0.606
5306	0.606
5307	0.606
5308	0.91
5309	0.91
5310	1.213
5311	0.91
5312	0.91
5313	0.606
5314	0.606
5315	0.606
5316	0.91
5317	0.91
5318	0.606
5319	0.606
5320	0.606
5321	0.606
5322	0.606
5323	0.606
5324	0.303
5325	0
5326	0.303
5327	0.303
5328	0.303
5329	0.303
5330	0.303
5331	0.303
5332	0.303
5333	0.303
5334	0
5335	0
5336	0
5337	0
5338	0
5339	0
5340	0
5341	0
5342	0
5343	0
5344	0
5345	0
5346	0
5347	0
5348	0.303
5349	0.303
5350	0.606
5351	0.606
5352	0.606
5353	0.606
5354	0.606
5355	0.606
5356	0.606
5357	0.606
5358	0
5359	0
5360	0
5361	0
5362	0
5363	0
5364	0.303
5365	0.303
5366	0.303
5367	0.303
5368	0.303
5369	0.303
5370	0.303
5371	0.303
5372	0.303
5373	0
5374	0.303
5375	0.303
5376	0.303
5377	0.303
5378	0.606
5379	0.606
5380	0.606
5381	0.606
5382	0.606
5383	0.303
5384	0.303
5385	0.303
5386	0
5387	0
5388	0
5389	0
5390	0
5391	0
5392	0
5393	0
5394	0
5395	0
5396	0
5397	0
5398	0
5399	0
5400	0
5401	0
5402	0
5403	0
5404	0
5405	0
5406	0
5407	0
5408	0
5409	0
5410	0
5411	0
5412	0
5413	0
5414	0
5415	0
5416	0
5417	0
5418	0
5419	0
5420	0.303
5421	0.303
5422	0.303
5423	0.303
5424	0.303
5425	0.303
5426	0.303
5427	0.303
5428	0.303
5429	0
5430	0
5431	0
5432	0
5433	0
5434	0
5435	0
5436	0
5437	0
5438	0
5439	0.303
5440	0.303
5441	0.303
5442	0.303
5443	0.303
5444	0.606
5445	0.606
5446	0.91
5447	0.606
5448	0.606
5449	0.606
5450	0.606
5451	0.606
5452	0.303
5453	0.303
5454	0
5455	0
5456	0
5457	0
5458	2.122
5459	2.122
5460	2.729
5461	2.729
5462	2.729
5463	2.729
5464	2.729
5465	2.729
5466	1.213
5467	0.606
5468	0
5469	0
5470	0
5471	0
5472	0
5473	0
5474	0
5475	0
5476	0
5477	0
5478	0
5479	0
5480	0
5481	0
5482	0
5483	0
5484	0
5485	0
5486	0
5487	0
5488	0
5489	0
5490	0
5491	0
5492	0
5493	0
5494	0
5495	0
5496	0
5497	0
5498	0.303
5499	0.303
5500	0.303
5501	0.303
5502	0.303
5503	0.303
5504	0.303
5505	0.303
5506	0
5507	0
5508	0
5509	0
5510	0
5511	0
5512	0
5513	0
5514	0
5515	0
5516	0
5517	0
5518	0
5519	0
5520	0
5521	0.303
5522	0.303
5523	0.303
5524	0.606
5525	0.606
5526	0.606
5527	0.606
5528	0.606
5529	0.303
5530	0.303
5531	0.303
5532	0
5533	0
5534	0
5535	0
5536	0
5537	0.303
5538	0.303
5539	0.303
5540	0.303
5541	0.303
5542	0.303
5543	0.303
5544	0.303
5545	0.303
5546	0
5547	0
5548	0
5549	0
5550	0.606
5551	1.516
5552	1.516
5553	1.516
5554	0.91
5555	0.91
5556	0.91
5557	0.91
5558	0.91
5559	0
5560	0
5561	0
5562	0
5563	0
5564	0
5565	0
5566	0
5567	0
5568	0
5569	0
5570	0
5571	0
5572	0
5573	0
5574	0
5575	0
5576	0
5577	0
5578	0
5579	0
5580	0.303
5581	0.303
5582	0.303
5583	0.303
5584	0.303
5585	0.303
5586	0.303
5587	0.303
5588	0
5589	0
5590	0
5591	0
5592	0
5593	0
5594	0
5595	0
5596	0.303
5597	0.303
5598	0.303
5599	0.606
5600	0.606
5601	0.606
5602	0.606
5603	0.606
5604	0.303
5605	0.303
5606	0.303
5607	0
5608	0.606
5609	0.606
5610	0.606
5611	0.91
5612	0.91
5613	0.91
5614	0.91
5615	0.91
5616	0.606
5617	0.606
5618	0.606
5619	0.303
5620	0.303
5621	0.303
5622	0.303
5623	0.303
5624	0.303
5625	0.303
5626	0.303
5627	0
5628	0
5629	0
5630	0
5631	0
5632	0
5633	0
5634	0
5635	0
5636	0
5637	0
5638	0
5639	0
5640	0
5641	0
5642	0
5643	0.303
5644	0.303
5645	0.303
5646	0.303
5647	0.303
5648	0.303
5649	0.303
5650	0.606
5651	0.606
5652	0.303
5653	0.303
5654	0.303
5655	0.303
5656	0.303
5657	0.303
5658	0
5659	0
5660	0
5661	0
5662	0
5663	0
5664	0
5665	0
5666	0
5667	0
5668	0
5669	0
5670	0
5671	0
5672	0.303
5673	0.303
5674	0.303
5675	0.303
5676	0.303
5677	0.303
5678	0.303
5679	0.303
5680	0
5681	0
5682	0
5683	0
5684	0
5685	0
5686	0
5687	0
5688	0
5689	0
5690	0
5691	0
5692	0
5693	0
5694	0
5695	0
5696	0
5697	0
5698	0
5699	0
5700	0
5701	0
5702	0.303
5703	0.303
5704	0.303
5705	0.606
5706	0.606
5707	0.606
5708	0.606
5709	0.606
5710	0.303
5711	0.303
5712	0.303
5713	0.303
5714	0
5715	0
5716	0
5717	0
5718	0.303
5719	0.606
5720	0.91
5721	0.91
5722	0.91
5723	0.91
5724	0.91
5725	0.91
5726	0.606
5727	0.303
5728	0.303
5729	0
5730	0
5731	0
5732	0
5733	0
5734	0
5735	0
5736	0
5737	0
5738	0
5739	0
5740	0
5741	0
5742	0
5743	0
5744	0
5745	0
5746	0
5747	0.303
5748	0.303
5749	0.303
5750	0.303
5751	0.303
5752	0.303
5753	0.303
5754	0.303
5755	0.303
5756	0
5757	0
5758	0
5759	0
5760	0.303
5761	0.303
5762	0.91
5763	1.213
5764	1.213
5765	1.213
5766	1.213
5767	1.213
5768	1.213
5769	1.213
5770	0.606
5771	0
5772	0
5773	0
5774	0
5775	0
5776	0
5777	0
5778	0
5779	0
5780	0
5781	0
5782	0
5783	0
5784	0
5785	0
5786	0
5787	0
5788	0.606
5789	0.606
5790	0.91
5791	0.91
5792	0.91
5793	0.91
5794	1.516
5795	1.516
5796	0.91
5797	1.516
5798	1.516
5799	1.213
5800	1.213
5801	1.516
5802	0.91
5803	0.91
5804	0.91
5805	0.303
5806	0.303
5807	0.303
5808	0.606
5809	0.606
5810	0.606
5811	0.606
5812	0.606
5813	0.606
5814	0.606
5815	0.606
5816	0.303
5817	0
5818	0
5819	0
5820	0
5821	0
5822	0
5823	0
5824	0
5825	0
5826	0
5827	0
5828	0
5829	0
5830	0
5831	0
5832	0
5833	0
5834	0
5835	0
5836	0
5837	0
5838	0
5839	0
5840	0
5841	0
5842	0
5843	0
5844	0
5845	0
5846	0
5847	0
5848	0
5849	0
5850	0
5851	0
5852	0
5853	0
5854	0
5855	0
5856	0.303
5857	0.303
5858	0.303
5859	0.303
5860	0.303
5861	0.303
5862	0.606
5863	0.303
5864	0.303
5865	0.303
5866	0.303
5867	0.303
5868	0.303
5869	0.303
5870	0
5871	0
5872	0
5873	0
5874	0
5875	0
5876	0
5877	0
5878	0.303
5879	0.303
5880	0.303
5881	0.303
5882	0.606
5883	0.606
5884	0.606
5885	0.606
5886	0.303
5887	0.303
5888	0.303
5889	0.606
5890	0.303
5891	0.606
5892	0.606
5893	0.606
5894	0.91
5895	1.516
5896	1.819
5897	1.516
5898	1.819
5899	1.516
5900	1.516
5901	1.819
5902	1.819
5903	1.213
5904	0.91
5905	0.606
5906	0.606
5907	0.303
5908	0.303
5909	0.303
5910	0.303
5911	0.303
5912	0.303
5913	0.303
5914	0.303
5915	0.303
5916	0.303
5917	0.303
5918	0
5919	0
5920	0
5921	0
5922	0
5923	0
5924	0
5925	0
5926	0
5927	0
5928	0
5929	0
5930	0
5931	0
5932	0
5933	0
5934	0
5935	0
5936	0
5937	0
5938	0
5939	0
5940	0
5941	0
5942	0
5943	0
5944	0
5945	0
5946	0
5947	0
5948	0
5949	0
5950	0
5951	0
5952	0
5953	0
5954	0
5955	0
5956	0
5957	0
5958	0
5959	0
5960	0
5961	0
5962	0
5963	0
5964	0
5965	0
5966	0
5967	0
5968	0
5969	0
5970	0.606
5971	0.606
5972	1.213
5973	1.213
5974	1.213
5975	1.213
5976	1.516
5977	1.516
5978	0.91
5979	0.91
5980	0.606
5981	0.303
5982	0.606
5983	0.606
5984	0.606
5985	0.606
5986	0.606
5987	0.606
5988	0.606
5989	0.606
5990	0.303
5991	0.606
5992	0.303
5993	0.303
5994	0.303
5995	0.303
5996	0.303
5997	0.303
5998	0.303
5999	0
6000	0
6001	0
6002	0
6003	0
6004	0
6005	0
6006	0
6007	0
6008	0
6009	0.91
6010	0.91
6011	0.91
6012	0.91
6013	1.516
6014	1.516
6015	1.516
6016	1.819
6017	1.213
6018	0.91
6019	1.213
6020	1.213
6021	0.606
6022	0.606
6023	0.606
6024	0.303
6025	0.303
6026	0.303
6027	0
6028	0
6029	0
6030	0
6031	0
6032	0
6033	0
6034	0
6035	0
6036	0
6037	0
6038	0.303
6039	0.303
6040	0.606
6041	0.606
6042	0.606
6043	0.606
6044	0.606
6045	0.606
6046	0.303
6047	0.303
6048	0
6049	0
6050	0
6051	0
6052	0
6053	0
6054	0
6055	0
6056	0
6057	0
6058	0
6059	0
6060	0
6061	0
6062	0
6063	0
6064	0
6065	0
6066	0
6067	0.303
6068	0.303
6069	0.606
6070	0.606
6071	0.606
6072	0.606
6073	0.606
6074	0.91
6075	0.91
6076	0.91
6077	0.606
6078	0.303
6079	0.303
6080	0.303
6081	0.303
6082	0
6083	0
6084	0
6085	0
6086	0
6087	0
6088	0
6089	0
6090	0
6091	0
6092	0
6093	0
6094	0
6095	0
6096	0
6097	0
6098	0
6099	0
6100	0
6101	0
6102	0
6103	0.303
6104	0.303
6105	0.303
6106	0.606
6107	0.606
6108	0.606
6109	0.91
6110	0.91
6111	0.91
6112	0.606
6113	0.606
6114	0.303
6115	0.303
6116	0.303
6117	0.303
6118	0
6119	0
6120	0
6121	0
6122	0
6123	0
6124	0
6125	0.303
6126	0.303
6127	0.303
6128	0.303
6129	0.303
6130	0.303
6131	0.303
6132	0.303
6133	0
6134	1.213
6135	1.516
6136	1.516
6137	1.516
6138	1.819
6139	1.819
6140	1.819
6141	1.819
6142	0.91
6143	0.303
6144	0.303
6145	0.303
6146	0.303
6147	0
6148	0
6149	0
6150	0
6151	0.303
6152	0.303
6153	0.606
6154	0.606
6155	0.606
6156	0.606
6157	0.606
6158	0.606
6159	0.303
6160	0.303
6161	0
6162	0.303
6163	0.606
6164	0.606
6165	0.606
6166	0.606
6167	0.606
6168	0.606
6169	0.606
6170	0.606
6171	0.303
6172	0
6173	0
6174	0
6175	0
6176	0
6177	0
6178	0
6179	0
6180	0
6181	0.303
6182	0.303
6183	0.303
6184	0.303
6185	0.303
6186	0.303
6187	0.303
6188	0.303
6189	0
6190	0
6191	0
6192	0
6193	0
6194	0
6195	0
6196	0
6197	0
6198	0
6199	0
6200	0
6201	0
6202	0
6203	0
6204	0
6205	0.303
6206	6.367
6207	6.973
6208	6.973
6209	6.973
6210	6.973
6211	6.973
6212	6.973
6213	6.67
6214	0.606
6215	0
6216	0
6217	0
6218	0
6219	0
6220	0
6221	0
6222	0
6223	0
6224	0
6225	0
6226	0
6227	0.303
6228	0.303
6229	0.303
6230	0.303
6231	0.303
6232	0.303
6233	0.303
6234	0.303
6235	0.303
6236	0
6237	0
6238	0
6239	0
6240	0
6241	0
6242	0
6243	0
6244	0
6245	0
6246	0
6247	0.303
6248	0.303
6249	0.303
6250	0.303
6251	0.303
6252	0.303
6253	0.303
6254	0.303
6255	0
6256	0.303
6257	0.303
6258	0.606
6259	0.91
6260	1.213
6261	1.819
6262	2.122
6263	2.122
6264	2.122
6265	4.244
6266	4.244
6267	3.941
6268	3.941
6269	3.335
6270	3.032
6271	3.335
6272	3.032
6273	3.032
6274	0.91
6275	0.91
6276	0.606
6277	0.606
6278	0.606
6279	0.303
6280	0.606
6281	0.606
6282	0.303
6283	0.303
6284	0.303
6285	0.303
6286	0.303
6287	0.606
6288	0.303
6289	1.213
6290	1.516
6291	2.425
6292	2.425
6293	2.729
6294	2.729
6295	2.425
6296	2.425
6297	1.516
6298	1.516
6299	0.303
6300	0
6301	0.303
6302	0.303
6303	0.303
6304	0.303
6305	0.303
6306	0.303
6307	0.303
6308	0.303
6309	0
6310	0
6311	0
6312	0.303
6313	0.303
6314	0.303
6315	0.606
6316	0.606
6317	0.606
6318	0.606
6319	0.606
6320	0.303
6321	0.303
6322	0.303
6323	0.303
6324	0
6325	0.303
6326	0.303
6327	0.303
6328	0.303
6329	0.303
6330	0.303
6331	0.303
6332	0.303
6333	0.303
6334	0
6335	0
6336	0
6337	0
6338	0
6339	0
6340	0
6341	0
6342	0
6343	0
6344	0
6345	0
6346	0
6347	0
6348	0
6349	0
6350	0
6351	0
6352	0
6353	0
6354	0
6355	0
6356	0
6357	0
6358	0
6359	0.303
6360	0.303
6361	0.303
6362	0.303
6363	0.303
6364	0.303
6365	0.303
6366	0.606
6367	0.303
6368	0.303
6369	0.303
6370	0.303
6371	0.606
6372	0.606
6373	0.606
6374	0.606
6375	0
6376	0
6377	0
6378	0
6379	0
6380	0
6381	0
6382	0
6383	0
6384	0
6385	0
6386	0
6387	0
6388	0
6389	0
6390	0
6391	0
6392	0
6393	0
6394	0
6395	0
6396	0
6397	0
6398	0
6399	0
6400	0
6401	0
6402	0
6403	0
6404	0
6405	0
6406	0
6407	0
6408	0.303
6409	0.303
6410	0.303
6411	0.303
6412	0.303
6413	0.303
6414	0.303
6415	0.303
6416	0
6417	0.303
6418	0.303
6419	0.303
6420	0.303
6421	0.303
6422	0.303
6423	0.303
6424	0.303
6425	0
6426	0
6427	0
6428	0
6429	0
6430	0
6431	0
6432	0
6433	0
6434	0
6435	0
6436	0
6437	0.303
6438	0.303
6439	0.303
6440	0.303
6441	0.303
6442	0.303
6443	0.303
6444	0.303
6445	0.303
6446	0.303
6447	0
6448	0
6449	0
6450	0
6451	0
6452	0
6453	0
6454	0
6455	0
6456	0
6457	0
6458	0
6459	0
6460	0
6461	0
6462	0
6463	0
6464	0
6465	0
6466	0
6467	0
6468	0
6469	0
6470	0
6471	0
6472	0
6473	0
6474	0
6475	0
6476	0
6477	0
6478	0
6479	0
6480	0
6481	0
6482	0
6483	0
6484	0
6485	0
6486	0
6487	0
6488	0
6489	0
6490	0
6491	0.303
6492	0.303
6493	0.91
6494	0.91
6495	0.91
6496	0.91
6497	0.91
6498	0.91
6499	0.91
6500	0.606
6501	0
6502	0
6503	0
6504	0
6505	0
6506	0
6507	0
6508	0
6509	0
6510	0
6511	0
6512	0
6513	0
6514	0
6515	0
6516	0
6517	0
6518	0
6519	0.303
6520	0.303
6521	0.303
6522	0.606
6523	0.606
6524	0.606
6525	0.606
6526	0.606
6527	0.606
6528	0.303
6529	0.303
6530	0
6531	0
6532	0
6533	0
6534	0
6535	0
6536	0
6537	0
6538	0
6539	0
6540	0
6541	0
6542	0
6543	0
6544	0
6545	0
6546	0
6547	0
6548	0.303
6549	1.213
6550	1.213
6551	1.516
6552	1.516
6553	1.516
6554	1.819
6555	1.819
6556	1.819
6557	0.606
6558	0.91
6559	0.606
6560	0.606
6561	0.606
6562	0.303
6563	0.303
6564	0.303
6565	0.303
6566	0
6567	0
6568	0
6569	0
6570	0
6571	0
6572	0
6573	0
6574	0
6575	0
6576	0
6577	0
6578	0
6579	0.303
6580	0.303
6581	0.303
6582	0.303
6583	0.606
6584	0.606
6585	0.606
6586	0.606
6587	0.303
6588	0.303
6589	0.606
6590	0.91
6591	0.91
6592	0.91
6593	0.91
6594	0.91
6595	1.213
6596	1.213
6597	1.213
6598	1.213
6599	0.91
6600	1.516
6601	1.516
6602	1.516
6603	0.91
6604	0.606
6605	0.606
6606	0.91
6607	0.91
6608	0.606
6609	0.91
6610	0.91
6611	0.91
6612	0.91
6613	0.91
6614	0.606
6615	0.606
6616	0.606
6617	0.303
6618	0
6619	0
6620	0
6621	0.303
6622	0.303
6623	0.303
6624	0.303
6625	0.303
6626	0.303
6627	0.303
6628	0.303
6629	0
6630	0
6631	0
6632	0
6633	0
6634	0
6635	0
6636	0.303
6637	0.303
6638	0.303
6639	0.303
6640	0.303
6641	0.303
6642	0.303
6643	0.606
6644	0.303
6645	0.303
6646	0.303
6647	0.303
6648	0
6649	0
6650	0
6651	0
6652	0
6653	0
6654	0
6655	0
6656	0
6657	0
6658	0
6659	0
6660	0
6661	0
6662	0
6663	0
6664	0
6665	0
6666	0
6667	0
6668	0
6669	0
6670	0
6671	0
6672	0
6673	0
6674	0
6675	0
6676	0
6677	0
6678	0
6679	0
6680	0
6681	0
6682	0
6683	0
6684	0
6685	0
6686	0
6687	0
6688	0
6689	0.91
6690	0.91
6691	0.91
6692	0.91
6693	0.91
6694	0.91
6695	0.91
6696	0.91
6697	0
6698	0
6699	0
6700	0
6701	0
6702	0
6703	0
6704	0
6705	0
6706	0
6707	0
6708	0.303
6709	0.303
6710	0.303
6711	0.303
6712	0.303
6713	0.303
6714	0.303
6715	0.303
6716	0.606
6717	0.606
6718	0.91
6719	0.91
6720	0.91
6721	0.91
6722	0.91
6723	0.91
6724	0.91
6725	0.606
6726	0.303
6727	0
6728	0
6729	0.303
6730	0.303
6731	0.303
6732	0.303
6733	0.303
6734	0.303
6735	0.303
6736	0.91
6737	0.91
6738	0.606
6739	0.606
6740	0.303
6741	0.303
6742	0.303
6743	0.303
6744	0
6745	0
6746	0
6747	0
6748	0
6749	0
6750	0
6751	0
6752	0
6753	0
6754	0
6755	0
6756	0
6757	0
6758	0
6759	0
6760	0
6761	0
6762	0.303
6763	0.303
6764	0.303
6765	0.303
6766	0.303
6767	0.303
6768	0.303
6769	0.303
6770	0
6771	0
6772	0
6773	0
6774	0
6775	0
6776	0
6777	0
6778	0
6779	0
6780	0
6781	0
6782	0
6783	0
6784	0
6785	0
6786	0
6787	0
6788	0.303
6789	0.303
6790	0.303
6791	0.606
6792	1.819
6793	1.819
6794	1.819
6795	1.819
6796	0.91
6797	0.91
6798	0.91
6799	0.606
6800	0.303
6801	0.303
6802	0.606
6803	0.606
6804	0.606
6805	0.303
6806	0.303
6807	0.303
6808	0.303
6809	0.303
6810	0
6811	0
6812	0
6813	0
6814	0
6815	0.606
6816	0.606
6817	0.606
6818	0.91
6819	0.91
6820	0.91
6821	0.91
6822	0.91
6823	0.303
6824	0.303
6825	0.303
6826	0
6827	0
6828	0
6829	0
6830	0
6831	0
6832	0
6833	0
6834	0
6835	0
6836	0
6837	0
6838	0
6839	0
6840	0
6841	0
6842	0
6843	0
6844	0
6845	0
6846	0
6847	0
6848	0
6849	0.303
6850	0.303
6851	0.303
6852	0.303
6853	0.303
6854	0.303
6855	0.606
6856	0.606
6857	0.303
6858	0.303
6859	0.303
6860	0.303
6861	0.606
6862	0.91
6863	0.91
6864	1.213
6865	1.516
6866	1.819
6867	2.122
6868	2.425
6869	2.122
6870	1.819
6871	1.516
6872	1.213
6873	1.213
6874	0.91
6875	0.606
6876	0.606
6877	0
6878	0
6879	0
6880	0
6881	0
6882	0
6883	0
6884	0
6885	0
6886	0
6887	0
6888	0.303
6889	0.303
6890	0.303
6891	1.213
6892	1.213
6893	1.213
6894	1.213
6895	1.213
6896	1.516
6897	1.516
6898	2.122
6899	1.213
6900	1.516
6901	1.516
6902	1.516
6903	1.516
6904	0.91
6905	0.91
6906	0.303
6907	0.303
6908	0.303
6909	0.303
6910	0.303
6911	0.303
6912	0.303
6913	0.303
6914	0.303
6915	0.303
6916	0.303
6917	0.303
6918	0.303
6919	0
6920	0
6921	0
6922	0
6923	0
6924	0
6925	0
6926	0
6927	0
6928	0
6929	0
6930	0.303
6931	0.606
6932	0.606
6933	0.606
6934	0.606
6935	0.606
6936	0.606
6937	0.606
6938	0.303
6939	0.606
6940	0.303
6941	0.303
6942	0.303
6943	0.606
6944	0.606
6945	0.606
6946	0.606
6947	0.303
6948	0.303
6949	0.303
6950	0.303
6951	0
6952	0
6953	0
6954	0
6955	0.303
6956	0.303
6957	0.303
6958	0.303
6959	0.303
6960	0.303
6961	0.303
6962	0.303
6963	0
6964	0
6965	0
6966	0
6967	0.303
6968	0.303
6969	0.303
6970	0.303
6971	0.303
6972	0.303
6973	0.303
6974	0.303
6975	0
6976	0
6977	0
6978	0
6979	0
6980	0
6981	0
6982	0
6983	0
6984	0
6985	0
6986	0
6987	0
6988	0
6989	0
6990	0
6991	0
6992	0
6993	0
6994	0
6995	0
6996	0.303
6997	0.303
6998	0.303
6999	0.303
7000	0.303
7001	0.303
7002	0.303
7003	0.303
7004	0
7005	0
7006	0
7007	0
7008	0
7009	0
7010	0
7011	0
7012	0
7013	0
7014	0
7015	0
7016	0
7017	0
7018	0
7019	0
7020	0
7021	0
7022	0
7023	0
7024	0
7025	0
7026	0
7027	0
7028	0
7029	0
7030	0
7031	0
7032	0
7033	0
7034	0
7035	0
7036	0
7037	0
7038	0
7039	0
7040	0
7041	0
7042	0
7043	0
7044	0
7045	0
7046	0.303
7047	0.303
7048	0.606
7049	0.606
7050	0.606
7051	0.606
7052	0.606
7053	0.606
7054	0.606
7055	0.303
7056	0
7057	0
7058	0
7059	0.303
7060	0.303
7061	0.303
7062	0.303
7063	0
7064	0
7065	0
7066	0
7067	0
7068	0
7069	0
7070	0
7071	0
7072	0
7073	0
7074	0
7075	0
7076	0.606
7077	0.606
7078	0.606
7079	0.606
7080	0.606
7081	0.606
7082	0.606
7083	0.606
7084	0
7085	0
7086	0.303
7087	0.303
7088	0.606
7089	0.606
7090	0.606
7091	0.606
7092	0.606
7093	0.606
7094	0.606
7095	0.303
7096	0.303
7097	0
7098	0
7099	0
7100	0
7101	0
7102	0
7103	0
7104	0
7105	0
7106	0
7107	0
7108	0.303
7109	0.303
7110	0.303
7111	0.303
7112	0.303
7113	0.303
7114	0.303
7115	0.303
7116	0
7117	0
7118	0
7119	0
7120	0
7121	0
7122	0
7123	0
7124	0
7125	0
7126	0
7127	0
7128	0
7129	0
7130	0
7131	0
7132	0
7133	0
7134	0
7135	0
7136	0
7137	0
7138	0
7139	0
7140	0
7141	0
7142	0
7143	0
7144	0
7145	0
7146	0.303
7147	0.303
7148	0.303
7149	0.303
7150	0.303
7151	0.303
7152	1.213
7153	1.213
7154	0.91
7155	0.91
7156	0.91
7157	0.91
7158	0.91
7159	0.91
7160	0
7161	0
7162	0
7163	0
7164	0
7165	0
7166	0
7167	0
7168	0
7169	0
7170	0
7171	0
7172	0
7173	0
7174	0
7175	0
7176	0
7177	0
7178	0
7179	0
7180	0
7181	0
7182	0
7183	0
7184	0
7185	0
7186	0
7187	0
7188	0
7189	0.303
7190	0.606
7191	0.606
7192	0.606
7193	0.606
7194	0.606
7195	0.606
7196	0.606
7197	0.91
7198	0.606
7199	0.303
7200	0.303
7201	0.303
7202	0.91
7203	1.213
7204	1.516
7205	6.973
7206	7.276
7207	7.579
7208	7.579
7209	8.186
7210	7.579
7211	7.883
7212	8.186
7213	2.729
7214	2.425
7215	2.122
7216	2.122
7217	1.819
7218	1.819
7219	1.516
7220	0.91
7221	0.606
7222	0.303
7223	0.303
7224	0.303
7225	0.303
7226	0.303
7227	0.303
7228	1.213
7229	1.213
7230	1.213
7231	0.91
7232	0.91
7233	0.91
7234	0.91
7235	0.91
7236	0.91
7237	0
7238	0
7239	0
7240	0.303
7241	0.303
7242	0.303
7243	0.303
7244	0.303
7245	0.303
7246	0.91
7247	0.91
7248	0.606
7249	0.606
7250	0.606
7251	0.606
7252	0.606
7253	0.606
7254	0.303
7255	0.606
7256	0.303
7257	0.606
7258	0.91
7259	0.91
7260	1.516
7261	1.516
7262	1.516
7263	1.516
7264	1.213
7265	1.213
7266	0.606
7267	0.606
7268	0.606
7269	0.303
7270	0.303
7271	0.303
7272	0.303
7273	0
7274	0
7275	0
7276	0
7277	0
7278	0
7279	0
7280	0.91
7281	0.91
7282	0.91
7283	1.213
7284	1.213
7285	1.516
7286	1.516
7287	1.516
7288	0.606
7289	0.606
7290	0.606
7291	0.303
7292	0.303
7293	0
7294	0
7295	0
7296	0
7297	0
7298	0
7299	0
7300	0
7301	0
7302	0
7303	0
7304	0
7305	0
7306	0
7307	0
7308	0.303
7309	0.303
7310	0.303
7311	0.303
7312	0.303
7313	0.303
7314	0.303
7315	0.303
7316	0
7317	0
7318	0
7319	0
7320	0
7321	0
7322	0
7323	0
7324	0
7325	0
7326	0
7327	0
7328	0
7329	0
7330	0
7331	0.303
7332	0.303
7333	0.303
7334	0.303
7335	0.303
7336	0.303
7337	0.303
7338	0.303
7339	0
7340	0
7341	0
7342	0.303
7343	0.303
7344	0.303
7345	0.303
7346	0.303
7347	0.303
7348	0.303
7349	0.606
7350	0.606
7351	0.606
7352	0.91
7353	0.606
7354	1.213
7355	1.819
7356	1.819
7357	1.819
7358	1.819
7359	2.122
7360	2.122
7361	2.122
7362	0.91
7363	0.303
7364	0.303
7365	0.303
7366	0.303
7367	0
7368	0
7369	0
7370	0
7371	0
7372	0
7373	0
7374	0
7375	0
7376	0
7377	0
7378	0
7379	0
7380	0
7381	0
7382	0
7383	0
7384	0
7385	0
7386	0
7387	0
7388	0
7389	0
7390	0
7391	0
7392	0
7393	0
7394	0
7395	0
7396	0
7397	0
7398	0
7399	0
7400	0
7401	0
7402	0
7403	0
7404	0
7405	0
7406	0
7407	0
7408	0
7409	0
7410	0
7411	0
7412	0
7413	0
7414	0
7415	0
7416	0
7417	0
7418	0
7419	0
7420	0.303
7421	0.303
7422	0.303
7423	0.303
7424	0.303
7425	0.303
7426	0.303
7427	0.303
7428	0
7429	0
7430	0
7431	0
7432	0
7433	0
7434	0
7435	0
7436	0
7437	0
7438	0
7439	0
7440	0
7441	0
7442	0
7443	0
7444	0
7445	0
7446	0
7447	0
7448	0
7449	0
7450	0
7451	0
7452	0
7453	0
7454	0
7455	0
7456	0
7457	0
7458	0
7459	0
7460	0
7461	0
7462	0
7463	0
7464	0
7465	0
7466	0
7467	0
7468	0
7469	0
7470	0
7471	0
7472	0
7473	0
7474	0
7475	0
7476	0.303
7477	0.303
7478	0.303
7479	0.303
7480	0.303
7481	0.303
7482	0.303
7483	0.303
7484	0.303
7485	0
7486	0
7487	0
7488	0.606
7489	0.91
7490	0.91
7491	0.91
7492	0.91
7493	0.91
7494	1.213
7495	1.213
7496	0.606
7497	0.606
7498	0.303
7499	0.303
7500	0.606
7501	0.606
7502	0.303
7503	0.91
7504	0.91
7505	0.91
7506	0.91
7507	0.91
7508	0.606
7509	0.606
7510	0.606
7511	0
7512	0
7513	0
7514	0
7515	0
7516	0
7517	0
7518	0
7519	0
7520	0
7521	0
7522	0
7523	0
7524	0
7525	0
7526	0
7527	0
7528	0
7529	0
7530	0
7531	0
7532	0
7533	0
7534	0
7535	0
7536	0
7537	0
7538	0
7539	0
7540	0
7541	0
7542	0
7543	0.303
7544	0.303
7545	0.606
7546	0.606
7547	0.606
7548	0.606
7549	0.606
7550	0.606
7551	0.606
7552	0.606
7553	0.303
7554	0.303
7555	0.303
7556	0.303
7557	0.303
7558	0.303
7559	0.303
7560	0
7561	0
7562	0
7563	0
7564	0
7565	0
7566	0
7567	0
7568	0
7569	0
7570	0
7571	0
7572	0
7573	0
7574	0
7575	0.303
7576	0.303
7577	0.303
7578	0.606
7579	0.606
7580	0.606
7581	0.606
7582	0.606
7583	0.606
7584	0.91
7585	0.91
7586	0.91
7587	0.606
7588	0.606
7589	0.606
7590	0.606
7591	0.606
7592	0.303
7593	0.303
7594	0.303
7595	0
7596	0
7597	0
7598	0
7599	0
7600	0
7601	0
7602	0
7603	0
7604	0
7605	0
7606	0
7607	0
7608	0
7609	0
7610	0
7611	0
7612	0
7613	0
7614	0
7615	0
7616	0
7617	0
7618	0
7619	0
7620	0
7621	0
7622	0
7623	0.303
7624	0.606
7625	0.91
7626	0.91
7627	0.91
7628	0.91
7629	0.91
7630	0.91
7631	0.606
7632	0.303
7633	0.303
7634	0
7635	0
7636	0
7637	0
7638	0
7639	0
7640	0
7641	0
7642	0
7643	0
7644	0
7645	0
7646	0
7647	0
7648	0
7649	0
7650	0
7651	0
7652	0
7653	0
7654	0
7655	0
7656	0
7657	0
7658	0
7659	0
7660	0
7661	0.303
7662	0.303
7663	0.303
7664	0.606
7665	0.606
7666	0.606
7667	0.606
7668	0.606
7669	0.606
7670	0.606
7671	0.606
7672	0.91
7673	1.213
7674	0.91
7675	0.91
7676	0.91
7677	1.516
7678	1.516
7679	1.516
7680	1.213
7681	0.91
7682	0.91
7683	0.91
7684	0.91
7685	0.303
7686	0
7687	0
7688	0
7689	0
7690	0
7691	0
7692	0
7693	0
7694	0
7695	0
7696	0
7697	0
7698	0
7699	0
7700	0
7701	0
7702	0
7703	0
7704	0
7705	0
7706	0
7707	0
7708	0
7709	0
7710	0
7711	0
7712	0
7713	0
7714	0
7715	0
7716	0
7717	0
7718	0
7719	0.303
7720	0.303
7721	0.303
7722	0.303
7723	0.303
7724	0.303
7725	0.303
7726	0.303
7727	0.303
7728	0.303
7729	0.303
7730	0.303
7731	0.303
7732	0.303
7733	0.303
7734	0.303
7735	0.303
7736	0
7737	0
7738	0
7739	0
7740	0
7741	0
7742	0
7743	0
7744	0
7745	0
7746	0
7747	0
7748	0
7749	0
7750	0
7751	0
7752	0
7753	0
7754	0.303
7755	0.606
7756	0.606
7757	0.91
7758	0.91
7759	0.91
7760	0.91
7761	0.606
7762	0.606
7763	0.303
7764	0
7765	0
7766	0
7767	0
7768	0
7769	0
7770	0
7771	0
7772	0
7773	0
7774	0
7775	0
7776	0
7777	0
7778	0
7779	0
7780	0
7781	0
7782	0
7783	0
7784	0
7785	0
7786	0
7787	0.303
7788	0.303
7789	0.303
7790	0.303
7791	0.303
7792	0.303
7793	0.303
7794	0.303
7795	0
7796	0
7797	0
7798	0
7799	0
7800	0
7801	0
7802	0.303
7803	0.303
7804	0.303
7805	0.303
7806	0.303
7807	0.303
7808	0.303
7809	0.303
7810	0
7811	0
7812	0
7813	0
7814	0
7815	0.303
7816	0.303
7817	0.303
7818	0.303
7819	0.303
7820	0.303
7821	0.303
7822	0.303
7823	0.606
7824	0.303
7825	0.303
7826	0.303
7827	0.303
7828	0.303
7829	0.303
7830	0.303
7831	0
7832	0
7833	0
7834	0
7835	0
7836	0
7837	0
7838	0
7839	0
7840	0
7841	0
7842	0
7843	0
7844	0
7845	0
7846	0
7847	0
7848	0
7849	0.303
7850	0.303
7851	0.303
7852	0.303
7853	0.303
7854	0.91
7855	0.91
7856	0.91
7857	1.516
7858	1.516
7859	2.122
7860	2.122
7861	2.122
7862	1.516
7863	1.516
7864	1.516
7865	0.91
7866	1.213
7867	0.606
7868	0.606
7869	0.606
7870	0.606
7871	0.606
7872	0.606
7873	0.303
7874	0
7875	0
7876	0
7877	0
7878	0
7879	0
7880	0
7881	0
7882	0
7883	0
7884	0
7885	0
7886	0
7887	0
7888	0
7889	0
7890	0
7891	0
7892	0
7893	0
7894	0
7895	0
7896	0
7897	0.606
7898	1.819
7899	1.819
7900	1.819
7901	1.819
7902	1.819
7903	1.819
7904	1.819
7905	1.516
7906	0.606
7907	0.606
7908	0.606
7909	0.606
7910	0.606
7911	0.91
7912	0.91
7913	0.606
7914	0.303
7915	0.606
7916	0.303
7917	0.303
7918	0.303
7919	0
7920	0
7921	0
7922	0
7923	0
7924	0
7925	0
7926	0
7927	0
7928	0
7929	0
7930	0
7931	0
7932	0
7933	0
7934	0
7935	0
7936	0
7937	0
7938	0
7939	0
7940	0
7941	0
7942	0
7943	0
7944	0
7945	0
7946	0
7947	0
7948	0
7949	0
7950	0
7951	0
7952	0
7953	0
7954	0
7955	0
7956	0
7957	0
7958	0
7959	0
7960	0
7961	0
7962	0.303
7963	0.303
7964	0.303
7965	0.303
7966	0.606
7967	0.606
7968	0.606
7969	0.606
7970	0.303
7971	0.303
7972	0.303
7973	0.303
7974	0.303
7975	0
7976	0
7977	0
7978	0
7979	0
7980	0
7981	0
7982	0
7983	0
7984	0
7985	0
7986	0
7987	0
7988	0
7989	0
7990	0
7991	0
7992	0
7993	0
7994	0
7995	0
7996	0
7997	6.973
7998	7.276
7999	7.276
8000	7.276
8001	7.276
8002	7.276
8003	7.276
8004	7.276
8005	7.276
8006	0.303
8007	0.303
8008	0.303
8009	0.303
8010	0.303
8011	0.606
8012	0.606
8013	0.606
8014	0.303
8015	0.303
8016	0.303
8017	0.303
8018	0.303
8019	0
8020	0
8021	0
8022	0
8023	0
8024	0
8025	0
8026	0.303
8027	0.303
8028	0.303
8029	0.303
8030	0.303
8031	0.303
8032	0.303
8033	0.303
8034	0.303
8035	0
8036	0
8037	0
8038	0
8039	0
8040	0
8041	0
8042	0
8043	0
8044	0
8045	0
8046	0
8047	0
8048	0
8049	0
8050	0
8051	0
8052	0
8053	0
8054	0
8055	0
8056	0
8057	0
8058	0
8059	0
8060	0
8061	0
8062	0
8063	0
8064	0
8065	0.303
8066	0.303
8067	0.303
8068	0.303
8069	0.303
8070	0.303
8071	0.303
8072	0.303
8073	0
8074	0.303
8075	0.303
8076	0.303
8077	0.606
8078	0.91
8079	0.91
8080	0.91
8081	0.91
8082	0.606
8083	0.606
8084	0.606
8085	0.303
8086	0.303
8087	0.303
8088	0
8089	0
8090	0
8091	0
8092	0
8093	0
8094	0
8095	0
8096	0
8097	0
8098	0
8099	0
8100	0
8101	0
8102	0
8103	0
8104	0
8105	0
8106	0
8107	0
8108	0
8109	0
8110	0
8111	0
8112	0
8113	0
8114	0
8115	0.303
8116	0.303
8117	0.303
8118	0.303
8119	0.303
8120	0.303
8121	0.303
8122	0.303
8123	0
8124	0
8125	0
8126	0
8127	0
8128	0
8129	0
8130	0
8131	0
8132	0
8133	0
8134	0
8135	0
8136	0.303
8137	0.303
8138	0.303
8139	0.303
8140	0.303
8141	0.303
8142	0.303
8143	0.303
8144	0.303
8145	0.303
8146	0.303
8147	0.303
8148	0.303
8149	0.606
8150	0.606
8151	0.606
8152	0.303
8153	0.303
8154	0.303
8155	0.303
8156	0.303
8157	0
8158	0
8159	0
8160	0
8161	0
8162	0.303
8163	0.606
8164	0.606
8165	0.606
8166	0.91
8167	0.91
8168	0.91
8169	0.91
8170	0.606
8171	0.606
8172	0.606
8173	0.606
8174	0.303
8175	0.303
8176	0.303
8177	0.303
8178	0.303
8179	0
8180	0
8181	0.303
8182	0.303
8183	0.303
8184	0.303
8185	0.303
8186	0.303
8187	0.91
8188	0.91
8189	0.606
8190	0.91
8191	0.91
8192	0.91
8193	0.91
8194	0.91
8195	0.606
8196	0.303
8197	0.303
8198	0
8199	0
8200	0
8201	0
8202	0
8203	0.303
8204	0.303
8205	0.303
8206	0.303
8207	0.303
8208	0.303
8209	0.606
8210	0.606
8211	0.303
8212	0.303
8213	0.303
8214	0.606
8215	0.606
8216	0.606
8217	0.303
8218	0.303
8219	0.303
8220	0.303
8221	0.303
8222	0
8223	0
8224	0
8225	0
8226	0
8227	0
8228	0
8229	0
8230	0.303
8231	0.606
8232	0.91
8233	0.91
8234	0.91
8235	0.91
8236	0.91
8237	0.91
8238	0.606
8239	0.303
8240	0
8241	0
8242	0
8243	0
8244	0
8245	0
8246	0
8247	0
8248	0
8249	0.303
8250	0.303
8251	0.303
8252	0.303
8253	0.303
8254	0.303
8255	0.303
8256	0.303
8257	0
8258	0
8259	0
8260	0
8261	0
8262	0
8263	0
8264	0
8265	0
8266	0
8267	0
8268	0.303
8269	0.303
8270	0.606
8271	0.606
8272	0.606
8273	0.606
8274	0.606
8275	0.606
8276	0.303
8277	0.303
8278	0.303
8279	0.303
8280	0.303
8281	0.303
8282	0
8283	0
8284	0
8285	0.303
8286	0.303
8287	0.303
8288	0.303
8289	0.303
8290	0.303
8291	0.303
8292	0.303
8293	0
8294	0
8295	0
8296	0
8297	0
8298	0
8299	0
8300	0
8301	0
8302	0.303
8303	0.303
8304	0.303
8305	0.303
8306	0.303
8307	0.303
8308	0.303
8309	0.91
8310	0.91
8311	0.606
8312	0.606
8313	0.91
8314	0.91
8315	0.91
8316	0.91
8317	0.606
8318	0.303
8319	0.303
8320	0.303
8321	0
8322	0
8323	0
8324	0
8325	0.303
8326	0.303
8327	0.606
8328	0.606
8329	0.606
8330	0.606
8331	0.91
8332	1.213
8333	0.91
8334	1.213
8335	1.213
8336	0.91
8337	0.91
8338	0.91
8339	0.606
8340	0.91
8341	0.91
8342	0.303
8343	0.303
8344	0.303
8345	0.303
8346	0.303
8347	0.303
8348	0.303
8349	0
8350	0
8351	0
8352	0
8353	0
8354	0
8355	0
8356	0
8357	0
8358	0
8359	0
8360	0
8361	0
8362	0
8363	0
8364	0
8365	0
8366	0
8367	0
8368	0
8369	0
8370	0
8371	0
8372	0
8373	0
8374	0
8375	0
8376	0
8377	0
8378	0
8379	0
8380	0
8381	0
8382	0
8383	0
8384	0
8385	0
8386	0
8387	0
8388	0
8389	0
8390	0
8391	0
8392	0.303
8393	0.303
8394	0.303
8395	0.303
8396	0.606
8397	0.606
8398	0.606
8399	0.606
8400	0.606
8401	0.303
8402	0.303
8403	0.303
8404	0
8405	0
8406	0
8407	0
8408	0
8409	0
8410	0
8411	0
8412	0
8413	0
8414	0
8415	0
8416	0
8417	0
8418	0
8419	0
8420	0
8421	0.303
8422	0.303
8423	0.303
8424	0.303
8425	0.303
8426	0.303
8427	0.303
8428	0.303
8429	0
8430	0
8431	0
8432	0
8433	0
8434	0
8435	0
8436	0
8437	0
8438	0
8439	0
8440	0
8441	0
8442	0
8443	0
8444	0
8445	0
8446	0
8447	0
8448	0
8449	0
8450	0
8451	0
8452	0
8453	0
8454	0
8455	0
8456	0
8457	0
8458	0
8459	0
8460	0
8461	0.303
8462	0.606
8463	0.606
8464	0.606
8465	0.606
8466	0.606
8467	0.606
8468	0.606
8469	0.303
8470	0
8471	0
8472	0.303
8473	0.303
8474	0.303
8475	1.213
8476	1.213
8477	1.213
8478	1.213
8479	0.303
8480	0
8481	0
8482	0
8483	0
8484	0
8485	0
8486	0
8487	0
8488	0
8489	0
8490	0
8491	0
8492	0
8493	0
8494	0
8495	0
8496	0
8497	0
8498	0
8499	0
8500	0
8501	0
8502	0
8503	0
8504	0
8505	0
8506	0
8507	0
8508	0
8509	0
8510	0.303
8511	0.303
8512	0.606
8513	0.606
8514	0.606
8515	0.606
8516	0.606
8517	0.606
8518	0.303
8519	0.303
8520	0
8521	0
8522	0
8523	0
8524	0
8525	0
8526	0
8527	0
8528	0
8529	0.303
8530	0.303
8531	0.303
8532	0.303
8533	0.303
8534	0.303
8535	0.303
8536	0.303
8537	0
8538	0
8539	0
8540	0
8541	0
8542	0
8543	0
8544	0
8545	0
8546	0
8547	0
8548	0
8549	0
8550	0
8551	0
8552	0
8553	0
8554	0
8555	0
8556	0
8557	0
8558	0
8559	0
8560	0
8561	0
8562	0
8563	0
8564	0
8565	0
8566	0
8567	0
8568	0
8569	0
8570	0
8571	0
8572	0
8573	0
8574	0
8575	0.303
8576	0.303
8577	0.303
8578	0.303
8579	0.303
8580	0.303
8581	0.303
8582	0.303
8583	0.303
8584	0.303
8585	0.303
8586	0.303
8587	0.606
8588	0.606
8589	0.606
8590	0.606
8591	0.606
8592	0.303
8593	0.606
8594	0.606
8595	0.303
8596	0.303
8597	0.303
8598	0.303
8599	0.606
8600	0.606
8601	0.303
8602	0.303
8603	1.213
8604	1.213
8605	1.213
8606	1.213
8607	1.213
8608	1.213
8609	1.213
8610	0.91
8611	0.303
8612	0.303
8613	0.606
8614	0.606
8615	0.606
8616	0.303
8617	0.303
8618	0.303
8619	0.303
8620	0.606
8621	0.303
8622	0.303
8623	0.303
8624	0.303
8625	0.606
8626	0.606
8627	0.91
8628	0.91
8629	0.606
8630	0.606
8631	0.606
8632	0.606
8633	0.303
8634	0.606
8635	0.606
8636	0.606
8637	0.606
8638	0.606
8639	0.606
8640	0.606
8641	0.606
8642	0.606
8643	0
8644	0
8645	0
8646	0
8647	0
8648	0
8649	0
8650	0
8651	0
8652	0
8653	0
8654	0
8655	0
8656	0
8657	0.303
8658	0.303
8659	0.606
8660	0.606
8661	0.606
8662	0.606
8663	0.606
8664	0.606
8665	0.303
8666	0.303
8667	0
8668	0
8669	0
8670	0.303
8671	0.606
8672	0.606
8673	0.606
8674	0.606
8675	1.516
8676	1.819
8677	1.819
8678	2.122
8679	2.122
8680	2.425
8681	2.425
8682	2.425
8683	1.516
8684	1.516
8685	1.819
8686	1.516
8687	0.91
8688	0.606
8689	1.213
8690	1.213
8691	1.213
8692	0.91
8693	0.606
8694	0.606
8695	0.606
8696	0.606
8697	0
8698	0
8699	0
8700	0
8701	0
8702	0
8703	0
8704	0
8705	0
8706	0
8707	0
8708	0
8709	0
8710	0
8711	0
8712	0.91
8713	0.91
8714	0.91
8715	0.91
8716	0.91
8717	0.91
8718	0.91
8719	0.91
8720	0.303
8721	0.303
8722	0.303
8723	0.606
8724	0.303
8725	0.606
8726	0.606
8727	0.606
8728	0.91
8729	1.213
8730	1.516
8731	2.425
8732	2.729
8733	2.122
8734	2.425
8735	2.425
8736	2.729
8737	2.425
8738	2.425
8739	1.819
8740	1.516
8741	1.516
8742	1.213
8743	1.213
8744	0.303
8745	0.303
8746	0.303
8747	0
8748	0
8749	0
8750	0
8751	0
8752	0
8753	0
8754	0
8755	0
8756	0
8757	0
8758	0.303
8759	0.91
8760	0.91
8761	0.91
8762	0.91
8763	1.213
8764	1.213
8765	1.213
8766	0.91
8767	0.606
8768	0.606
8769	0.303
8770	0.303
8771	0
8772	0
8773	0
8774	0
8775	0
8776	0
8777	0
8778	0
8779	0
8780	0
8781	0
8782	0.303
8783	0.303
8784	0.303
8785	0.303
8786	0.303
8787	0.303
8788	0.303
8789	0.606
8790	0.303
8791	0.303
8792	0.303
8793	0.303
8794	0.303
8795	0.303
8796	0.303
8797	0.303
8798	0
8799	0
8800	0
8801	0
8802	0
8803	0
8804	0
8805	0
8806	0
8807	0
8808	0
8809	0
8810	0
8811	0
8812	0
8813	0
8814	0
8815	0.303
8816	0.303
8817	0.303
8818	0.303
8819	0.303
8820	0.303
8821	0.303
8822	0.303
8823	0.303
8824	0
8825	0
8826	0
8827	0
8828	0
8829	0
8830	0
8831	0.303
8832	0.303
8833	0.303
8834	0.303
8835	0.303
8836	0.303
8837	0.606
8838	0.606
8839	0.303
8840	0.303
8841	0.606
8842	0.606
8843	0.606
8844	0.606
8845	0.303
8846	0.606
8847	0.606
8848	0.606
8849	0.303
8850	0.303
8851	0.303
8852	0.606
8853	0.606
8854	0.606
8855	0.606
8856	0.606
8857	0.303
8858	0.303
8859	0.303
8860	0
8861	0
8862	0
8863	0
8864	0.303
8865	0.303
8866	0.303
8867	0.303
8868	0.303
8869	0.303
8870	0.303
8871	0.606
8872	0.303
8873	0.303
8874	0.303
8875	0.303
8876	0.303
8877	0.303
8878	0.303
8879	0
8880	0.303
8881	0.303
8882	0.303
8883	0.303
8884	0.303
8885	0.303
8886	0.303
8887	0.303
8888	0
8889	0
8890	0.303
8891	0.303
8892	0.303
8893	0.303
8894	0.303
8895	0.303
8896	0.303
8897	0.303
8898	0
8899	0
8900	0
8901	0
8902	0
8903	0
8904	0
8905	0
8906	0
8907	0
8908	0
8909	0
8910	0.606
8911	0.606
8912	0.606
8913	0.606
8914	0.606
8915	0.606
8916	0.606
8917	0.606
8918	0.303
8919	0
8920	0
8921	0
8922	0
8923	0
8924	0
8925	0
8926	0
8927	0
8928	0
8929	0
8930	0
8931	0
8932	0
8933	0
8934	0
8935	0
8936	0
8937	0
8938	0
8939	0
8940	0
8941	0
8942	0
8943	0
8944	0
8945	0
8946	0
8947	0
8948	0
8949	0
8950	0
8951	0.303
8952	0.303
8953	0.303
8954	0.606
8955	0.606
8956	0.606
8957	0.606
8958	0.606
8959	0.303
8960	0.303
8961	0.303
8962	0.303
8963	0.303
8964	0.303
8965	0.303
8966	0.303
8967	0.303
8968	0.303
8969	0.303
8970	0
8971	0
8972	0
8973	0
8974	0
8975	0
8976	0
8977	0
8978	0
8979	0
8980	0
8981	0
8982	0
8983	0
8984	0
8985	0
8986	0.303
8987	0.606
8988	0.606
8989	0.606
8990	0.606
8991	0.606
8992	0.606
8993	0.606
8994	0.606
8995	0.303
8996	0.303
8997	0.303
8998	0.303
8999	0.303
9000	0.303
9001	0.303
9002	0
9003	0
9004	0
9005	0.303
9006	0.303
9007	0.303
9008	0.303
9009	0.303
9010	0.303
9011	0.303
9012	1.819
9013	1.516
9014	1.516
9015	1.516
9016	1.516
9017	1.516
9018	1.516
9019	1.516
9020	0.303
9021	0
9022	0
9023	0.303
9024	0.303
9025	0.303
9026	0.303
9027	0.303
9028	0.303
9029	0.303
9030	0.303
9031	0
9032	0
9033	0
9034	0
9035	0
9036	0
9037	0
9038	0
9039	0
9040	0
9041	0
9042	0
9043	0
9044	0
9045	0
9046	0
9047	0
9048	0
9049	0
9050	0
9051	0
9052	0
9053	0
9054	0
9055	0
9056	0
9057	0
9058	0
9059	0
9060	0
9061	0
9062	0
9063	0
9064	0
9065	0
9066	0
9067	0.303
9068	0.606
9069	0.606
9070	0.606
9071	0.606
9072	0.303
9073	0.303
9074	0.303
9075	0
9076	0
9077	0
9078	0
9079	0
9080	0
9081	0
9082	0.303
9083	0.303
9084	0.606
9085	0.606
9086	0.91
9087	0.91
9088	0.91
9089	0.91
9090	0.606
9091	0.606
9092	0.606
9093	0.606
9094	0.606
9095	0.606
9096	0.606
9097	0.606
9098	0.606
9099	0.606
9100	0.606
9101	0.606
9102	0.303
9103	0.606
9104	0.606
9105	0.606
9106	0.606
9107	0.606
9108	0.606
9109	0.606
9110	0.606
9111	0.303
9112	0
9113	0
9114	0
9115	0
9116	0
9117	0
9118	0
9119	0
9120	0
9121	0
9122	0
9123	0
9124	0.303
9125	0.303
9126	0.303
9127	0.303
9128	0.606
9129	0.606
9130	0.606
9131	0.91
9132	0.606
9133	0.606
9134	0.606
9135	0.606
9136	0.303
9137	0.303
9138	0.303
9139	0
9140	0
9141	0
9142	0
9143	0.303
9144	0.303
9145	0.303
9146	0.303
9147	0.303
9148	0.303
9149	0
9150	0
9151	0
9152	0
9153	0
9154	0
9155	0
9156	0
9157	0
9158	0
9159	0
9160	0
9161	0
9162	0
9163	0
9164	0
9165	0
9166	0
9167	0
9168	0
9169	0
9170	0
9171	0
9172	0
9173	0
9174	0
9175	0
9176	0
9177	0
9178	0
9179	0.303
9180	0.303
9181	0.303
9182	0.303
9183	0.303
9184	0.303
9185	0.303
9186	0.303
9187	0
9188	0
9189	0
9190	0
9191	0
9192	0
9193	0
9194	0
9195	0
9196	0
9197	0.303
9198	0.303
9199	0.303
9200	0.303
9201	0.303
9202	0.303
9203	0.303
9204	0.303
9205	0
9206	0
9207	0
9208	0
9209	0
9210	0
9211	0
9212	0
9213	0
9214	0
9215	0
9216	0
9217	0
9218	0
9219	0
9220	0
9221	0
9222	0
9223	0
9224	0
9225	0
9226	0
9227	0
9228	0
9229	0
9230	0
9231	0
9232	0
9233	0
9234	0
9235	0
9236	0
9237	0
9238	0
9239	0
9240	0
9241	0
9242	0
9243	0
9244	0
9245	0
9246	0.303
9247	0.303
9248	0.303
9249	0.606
9250	0.606
9251	0.606
9252	0.606
9253	0.606
9254	0.303
9255	0.303
9256	0.303
9257	0
9258	0
9259	0
9260	0
9261	0
9262	0
9263	0
9264	0
9265	0
9266	0
9267	0
9268	0
9269	0
9270	0
9271	0
9272	0
9273	0
9274	0
9275	0
9276	0
9277	0
9278	0.606
9279	0.606
9280	0.606
9281	0.606
9282	0.606
9283	0.606
9284	0.606
9285	0.91
9286	0.303
9287	0.303
9288	0.303
9289	0.303
9290	0.303
9291	0.303
9292	0.303
9293	0
9294	0.303
9295	0.303
9296	0.303
9297	0.303
9298	0.303
9299	0.303
9300	0.303
9301	0.303
9302	0.303
9303	0.303
9304	0.303
9305	0.303
9306	0.303
9307	0.303
9308	0.303
9309	0.303
9310	0
9311	0
9312	0
9313	0
9314	0
9315	0
9316	0
9317	0
9318	0
9319	0
9320	0
9321	0
9322	0
9323	0
9324	0
9325	0
9326	0
9327	0
9328	0
9329	0
9330	0.303
9331	0.303
9332	0.303
9333	0.303
9334	0.303
9335	0.303
9336	0.303
9337	0.303
9338	0
9339	0
9340	0
9341	0.303
9342	0.303
9343	0.303
9344	0.303
9345	0.303
9346	0.303
9347	0.303
9348	0.303
9349	0
9350	0.303
9351	0.303
9352	0.303
9353	0.91
9354	0.91
9355	0.91
9356	0.91
9357	0.91
9358	0.606
9359	0.606
9360	0.606
9361	0.303
9362	0
9363	0
9364	0
9365	0
9366	0
9367	0
9368	0
9369	0
9370	0
9371	0
9372	0
9373	0
9374	0
9375	0
9376	0
9377	0
9378	0
9379	0
9380	0
9381	0
9382	0
9383	0
9384	0
9385	0.606
9386	0.606
9387	0.91
9388	0.91
9389	0.91
9390	0.91
9391	0.91
9392	0.91
9393	0.303
9394	0.303
9395	0
9396	0
9397	0
9398	0.303
9399	0.303
9400	0.303
9401	0.303
9402	0.303
9403	0.303
9404	0.303
9405	0.303
9406	0.303
9407	0
9408	0
9409	0
9410	0
9411	0
9412	0.303
9413	0.303
9414	0.303
9415	0.303
9416	0.303
9417	0.303
9418	0.303
9419	0.303
9420	0.606
9421	0.303
9422	0.303
9423	0.303
9424	0.303
9425	0.303
9426	0.303
9427	0.303
9428	0.303
9429	0.303
9430	0.303
9431	0.303
9432	0.303
9433	0.303
9434	0.303
9435	0.303
9436	0
9437	0
9438	0
9439	0.303
9440	1.213
9441	1.516
9442	1.516
9443	1.516
9444	1.516
9445	1.516
9446	1.516
9447	1.516
9448	1.819
9449	2.122
9450	1.819
9451	1.819
9452	1.819
9453	1.819
9454	1.819
9455	1.516
9456	1.213
9457	0.303
9458	0
9459	0
9460	0.303
9461	0.303
9462	0.303
9463	0.606
9464	0.606
9465	0.606
9466	0.606
9467	0.606
9468	0.303
9469	0.303
9470	0.303
9471	0
9472	0
9473	0
9474	0
9475	0
9476	0
9477	0
9478	0
9479	0
9480	0
9481	0
9482	0
9483	0
9484	0
9485	0
9486	0
9487	0
9488	0
9489	0
9490	0
9491	0
9492	0
9493	0
9494	0
9495	0
9496	0
9497	0
9498	0
9499	0
9500	0
9501	0
9502	0
9503	0
9504	0
9505	0
9506	0
9507	0
9508	0
9509	0
9510	0
9511	0
9512	0
9513	0
9514	0
9515	0
9516	0
9517	0
9518	0.303
9519	0.303
9520	0.91
9521	0.91
9522	0.91
9523	0.91
9524	0.91
9525	0.91
9526	0.606
9527	0.606
9528	0
9529	0
9530	0
9531	0
9532	0
9533	0
9534	0
9535	0
9536	0
9537	0
9538	0
9539	0
9540	0.303
9541	0.303
9542	0.303
9543	0.303
9544	0.303
9545	0.303
9546	0.303
9547	0.303
9548	0
9549	0
9550	0
9551	0
9552	0.303
9553	0.606
9554	0.606
9555	0.606
9556	0.606
9557	0.606
9558	0.606
9559	0.606
9560	0.303
9561	0
9562	0
9563	0
9564	0
9565	0
9566	0
9567	0
9568	0
9569	0
9570	0
9571	0
9572	0.303
9573	0.303
9574	0.303
9575	0.303
9576	0.303
9577	0.303
9578	0.303
9579	0.303
9580	0.303
9581	0.303
9582	0.303
9583	0.606
9584	0.606
9585	0.91
9586	0.91
9587	0.91
9588	0.606
9589	0.606
9590	0.606
9591	0.303
9592	0.606
9593	0.303
9594	0.303
9595	0.303
9596	0
9597	0.303
9598	0.606
9599	0.606
9600	0.606
9601	0.606
9602	0.606
9603	0.606
9604	0.606
9605	0.91
9606	0.303
9607	0.606
9608	0.606
9609	0.91
9610	0.91
9611	0.91
9612	0.91
9613	0.91
9614	0.606
9615	0.303
9616	0.303
9617	0
9618	0
9619	0
9620	0
9621	0
9622	0
9623	0
9624	0
9625	0
9626	0.303
9627	0.303
9628	0.606
9629	0.606
9630	1.516
9631	2.122
9632	2.425
9633	2.729
9634	3.335
9635	3.335
9636	3.335
9637	3.941
9638	3.032
9639	2.729
9640	2.122
9641	2.122
9642	2.122
9643	1.516
9644	1.213
9645	0.91
9646	0.606
9647	0.606
9648	0.606
9649	0.303
9650	0
9651	0
9652	0
9653	0
9654	0.303
9655	0.303
9656	0.303
9657	0.303
9658	0.303
9659	0.303
9660	0.303
9661	0.303
9662	0.303
9663	0.303
9664	0
9665	0
9666	0.303
9667	0.303
9668	0.303
9669	0.303
9670	0.606
9671	0.606
9672	0.606
9673	0.606
9674	0.303
9675	0.303
9676	0.606
9677	0.606
9678	0.606
9679	0.303
9680	0.303
9681	0.303
9682	0.303
9683	0.303
9684	0
9685	0.303
9686	0.606
9687	0.91
9688	1.516
9689	1.819
9690	1.819
9691	1.819
9692	1.819
9693	1.819
9694	1.819
9695	1.213
9696	0.606
9697	0.303
9698	0.91
9699	0.91
9700	0.91
9701	0.91
9702	0.91
9703	0.606
9704	0.606
9705	0.606
9706	0.303
9707	0.303
9708	0.303
9709	0.303
9710	0.303
9711	0.303
9712	0.303
9713	0.303
9714	0.303
9715	0
9716	0
9717	0
9718	0
9719	0
9720	0
9721	0
9722	0
9723	0
9724	0.303
9725	0.303
9726	0.606
9727	0.606
9728	0.606
9729	0.606
9730	1.516
9731	1.516
9732	1.213
9733	1.213
9734	0.91
9735	0.91
9736	0.91
9737	1.213
9738	0.303
9739	0.303
9740	0.303
9741	0.303
9742	0.606
9743	0.91
9744	0.91
9745	0.91
9746	0.606
9747	0.606
9748	0.606
9749	0.606
9750	0.606
9751	0.303
9752	0.303
9753	0.303
9754	0.303
9755	0.303
9756	0.303
9757	0.303
9758	0.606
9759	0.606
9760	0.606
9761	0.606
9762	0.606
9763	0.606
9764	0.606
9765	0.606
9766	0.303
9767	0
9768	0
9769	0
9770	0
9771	0
9772	0
9773	0
9774	0
9775	0
9776	0
9777	0
9778	0
9779	0
9780	0
9781	0
9782	0
9783	0
9784	0
9785	0
9786	0
9787	0
9788	0
9789	0
9790	0
9791	0.303
9792	0.303
9793	0.303
9794	0.303
9795	0.303
9796	0.303
9797	0.303
9798	0.303
9799	0.606
9800	0.606
9801	0.303
9802	0.303
9803	0.303
9804	0.303
9805	0.303
9806	0.303
9807	0
9808	0
9809	0
9810	0
9811	0
9812	0
9813	0
9814	0
9815	0
9816	0
9817	0.303
9818	0.303
9819	0.303
9820	0.303
9821	0.303
9822	0.303
9823	0.303
9824	0.303
9825	0
9826	0
9827	0
9828	0
9829	0
9830	0
9831	0
9832	0
9833	0
9834	0.303
9835	0.303
9836	0.303
9837	0.606
9838	0.606
9839	0.606
9840	0.606
9841	0.606
9842	0.303
9843	0.303
9844	0.303
9845	0.303
9846	0.303
9847	0.606
9848	0.606
9849	0.91
9850	0.91
9851	0.606
9852	0.606
9853	0.606
9854	0.303
9855	0.303
9856	0.303
9857	0.303
9858	0
9859	0
9860	0
9861	0
9862	0
9863	0
9864	0
9865	0
9866	0
9867	0
9868	0
9869	0
9870	0
9871	0
9872	0
9873	0
9874	0
9875	0
9876	0
9877	0
9878	0
9879	0
9880	0
9881	0
9882	0
9883	0
9884	0
9885	0
9886	0
9887	0
9888	0
9889	0
9890	0
9891	0.303
9892	0.303
9893	0.303
9894	0.303
9895	0.303
9896	0.303
9897	0.303
9898	0.303
9899	0
9900	0
9901	0
9902	0
9903	0
9904	0
9905	0
9906	0
9907	0
9908	0.303
9909	0.303
9910	0.606
9911	0.606
9912	0.606
9913	0.606
9914	0.606
9915	0.606
9916	0.606
9917	0.606
9918	0.606
9919	0.303
9920	0.303
9921	0.303
9922	0.303
9923	0.303
9924	0
9925	0
9926	0
9927	0
9928	0
9929	0.303
9930	0.303
9931	0.303
9932	0.303
9933	0.303
9934	0.303
9935	0.303
9936	0.303
9937	0
9938	0
9939	0
9940	0
9941	0
9942	0
9943	0
9944	0
9945	0.606
9946	0.606
9947	0.606
9948	0.606
9949	0.606
9950	0.91
9951	0.91
9952	0.91
9953	0.303
9954	0.303
9955	0.303
9956	0.303
9957	0.303
9958	0
9959	0
9960	0
9961	0
9962	0
9963	0.303
9964	0.303
9965	0.303
9966	0.303
9967	0
9968	0
9969	0.303
9970	0.303
9971	0.606
9972	0.91
9973	1.213
9974	1.213
9975	1.213
9976	1.213
9977	0.91
9978	0.91
9979	0.91
9980	0.606
9981	0.606
9982	0.303
9983	0.303
9984	0.303
9985	0.303
9986	0.303
9987	0.303
9988	0.303
9989	0.303
9990	0.91
9991	0.91
9992	0.91
9993	0.91
9994	0.91
9995	1.213
9996	0.91
9997	0.91
9998	0.303
9999	0.303
10000	0.303
10001	0.303
10002	0.303
10003	0
10004	0
10005	0
10006	0
10007	0
10008	0
10009	0
10010	0
10011	0
10012	0
10013	0
10014	0
10015	0
10016	0
10017	0
10018	0
10019	0
10020	0.303
10021	0.303
10022	0.303
10023	0.303
10024	0.303
10025	0.303
10026	0.303
10027	0.303
10028	0.606
10029	0.303
10030	0.303
10031	0.303
10032	0.303
10033	0.303
10034	0.303
10035	0.303
10036	0.303
10037	0
10038	0
10039	0
10040	0
10041	0
10042	0
10043	0
10044	0
10045	0
10046	0
10047	0
10048	0
10049	0
10050	0
10051	0
10052	0
10053	0
10054	0
10055	0
10056	0
10057	0
10058	0
10059	0
10060	0
10061	0
10062	0
10063	0.303
10064	0.303
10065	0.303
10066	0.303
10067	0.303
10068	0.303
10069	0.303
10070	0.303
10071	0.303
10072	0
10073	0
10074	0
10075	0
10076	0.303
10077	0.303
10078	0.303
10079	0.303
10080	0.303
10081	0.303
10082	0.303
10083	0.303
10084	0
10085	0
10086	0
10087	0
10088	0
10089	0
10090	0
10091	0
10092	0
10093	0
10094	0
10095	0
10096	0
10097	0
10098	0
10099	0.303
10100	0.303
10101	0.303
10102	0.303
10103	0.303
10104	0.303
10105	0.606
10106	0.606
10107	0.606
10108	0.303
10109	0.303
10110	3.032
10111	3.032
10112	3.335
10113	3.032
10114	3.032
10115	3.638
10116	3.638
10117	3.941
10118	1.213
10119	1.213
10120	0.91
10121	1.213
10122	1.213
10123	0.606
10124	0.91
10125	0.606
10126	0.606
10127	0.606
10128	0.606
10129	0.303
10130	0.303
10131	0.303
10132	0
10133	0
10134	0
10135	0
10136	0
10137	0
10138	0
10139	0
10140	0
10141	0
10142	0
10143	0
10144	0
10145	0
10146	0
10147	0
10148	0
10149	0
10150	0.303
10151	0.303
10152	0.303
10153	0.303
10154	0.303
10155	0.303
10156	0.303
10157	0.303
10158	0.303
10159	0
10160	0
10161	0
10162	0
10163	0
10164	0
10165	0
10166	0
10167	0
10168	0
10169	0
10170	0.303
10171	0.303
10172	0.303
10173	0.303
10174	0.303
10175	0.303
10176	0.303
10177	0.303
10178	0.303
10179	0.303
10180	0.303
10181	0
10182	0.303
10183	0.606
10184	0.606
10185	0.606
10186	0.606
10187	0.91
10188	0.91
10189	0.91
10190	0.606
10191	0.606
10192	0.606
10193	0.303
10194	0.303
10195	0.606
10196	0.303
10197	0.303
10198	0.303
10199	0.303
10200	0.303
10201	0.303
10202	0.303
10203	0.303
10204	0
10205	0
10206	0
10207	0
10208	0
10209	0
10210	0
10211	0
10212	0
10213	0
10214	0
10215	0
10216	0
10217	0
10218	0
10219	0
10220	0
10221	0
10222	0
10223	0
10224	0
10225	0
10226	0
10227	0
10228	0
10229	0
10230	0.303
10231	0.303
10232	0.303
10233	1.213
10234	1.516
10235	1.516
10236	1.516
10237	1.516
10238	1.516
10239	1.516
10240	1.516
10241	0.606
10242	0.303
10243	0.303
10244	0.303
10245	0.606
10246	0.303
10247	0.303
10248	0.303
10249	0.303
10250	0.303
10251	0.303
10252	0.303
10253	0.303
10254	0.303
10255	0.303
10256	0.303
10257	0.303
10258	0
10259	0
10260	0
10261	0
10262	0
10263	0
10264	0.303
10265	0.303
10266	0.303
10267	0.303
10268	0.303
10269	0.303
10270	0.303
10271	0.303
10272	0
10273	0
10274	0
10275	0
10276	0
10277	0
10278	0.303
10279	0.303
10280	0.303
10281	0.303
10282	0.303
10283	0.303
10284	0.303
10285	0.303
10286	0.303
10287	0
10288	0
10289	0
10290	0
10291	0
10292	0
10293	0
10294	0
10295	0
10296	0
10297	0
10298	0
10299	0
10300	0
10301	0
10302	0
10303	0
10304	0
10305	0
10306	0
10307	0
10308	0
10309	0
10310	0
10311	0
10312	0
10313	0
10314	0
10315	0
10316	0
10317	0.303
10318	0.303
10319	0.303
10320	0.303
10321	0.303
10322	0.303
10323	0.303
10324	0.606
10325	0.606
10326	0.606
10327	0.606
10328	0.606
10329	0.606
10330	0.606
10331	0.606
10332	0.606
10333	0.606
10334	0
10335	0
10336	0
10337	0
10338	0
10339	0
10340	0
10341	0.303
10342	0.303
10343	0.303
10344	0.303
10345	0.303
10346	0.303
10347	0.303
10348	0.303
10349	0
10350	0
10351	0
10352	0
10353	0
10354	0
10355	0
10356	0.303
10357	0.303
10358	0.303
10359	0.303
10360	0.91
10361	0.91
10362	0.91
10363	0.91
10364	0.91
10365	0.606
10366	0.606
10367	0.606
10368	0.303
10369	0
10370	0
10371	0
10372	0
10373	0
10374	0
10375	0
10376	0
10377	0
10378	0
10379	0
10380	0
10381	0
10382	0
10383	0
10384	0.303
10385	0.303
10386	0.303
10387	0.303
10388	0.303
10389	0.303
10390	0.303
10391	0.303
10392	0
10393	0
10394	0
10395	0
10396	0
10397	0
10398	0
10399	0
10400	0
10401	0.303
10402	0.303
10403	0.606
10404	0.606
10405	0.606
10406	0.606
10407	0.606
10408	0.606
10409	0.303
10410	0.303
10411	0.606
10412	0.303
10413	0.303
10414	0.303
10415	0.303
10416	0.303
10417	0.303
10418	0.303
10419	0
10420	0
10421	0
10422	0
10423	0
10424	0
10425	0
10426	0
10427	0
10428	0.303
10429	0.303
10430	0.303
10431	0.303
10432	0.303
10433	0.303
10434	0.303
10435	0.303
10436	0.303
10437	0.303
10438	0.606
10439	0.606
10440	0.606
10441	0.606
10442	0.606
10443	0.606
10444	0.303
10445	0.303
10446	0
10447	0
10448	0
10449	0
10450	0
10451	0
10452	0
10453	0
10454	0
10455	0
10456	0
10457	0
10458	0
10459	0
10460	0
10461	0
10462	0
10463	0
10464	0
10465	0
10466	0
10467	0
10468	0
10469	0
10470	0
10471	0.303
10472	0.303
10473	0.303
10474	0.303
10475	0.606
10476	0.606
10477	0.606
10478	0.606
10479	0.303
10480	0.303
10481	0.303
10482	0.606
10483	0.606
10484	0.606
10485	0.606
10486	0.606
10487	0.303
10488	0.303
10489	0.303
10490	0
10491	0
10492	0
10493	0
10494	0
10495	0
10496	0
10497	0
10498	0
10499	0
10500	0
10501	0
10502	0
10503	0
10504	0
10505	0
10506	0
10507	0
10508	0
10509	0
10510	0
10511	0.606
10512	0.606
10513	0.606
10514	0.606
10515	0.606
10516	0.606
10517	0.606
10518	0.606
10519	0.606
10520	0.91
10521	0.303
10522	0.303
10523	0.303
10524	0.303
10525	0.303
10526	0.303
10527	0.606
10528	0.606
10529	0.606
10530	0.303
10531	0.303
10532	0.303
10533	0.303
10534	0.303
10535	0
10536	0
10537	0
10538	0.606
10539	0.606
10540	0.606
10541	0.606
10542	0.91
10543	0.91
10544	0.91
10545	0.91
10546	0.606
10547	0.606
10548	0.303
10549	0.303
10550	0
10551	0
10552	0
10553	0.303
10554	0.303
10555	0.303
10556	0.303
10557	0.303
10558	0.606
10559	0.606
10560	0.606
10561	0.303
10562	0.303
10563	0.606
10564	0.606
10565	0.606
10566	0.606
10567	0.606
10568	0.606
10569	0.606
10570	0.606
10571	0.606
10572	0.303
10573	0.303
10574	0.606
10575	0.606
10576	0.606
10577	0.606
10578	0.606
10579	0.606
10580	1.213
10581	1.213
10582	0.91
10583	0.606
10584	0.606
10585	0.606
10586	0.91
10587	1.516
10588	1.213
10589	1.213
10590	1.213
10591	1.213
10592	1.516
10593	1.516
10594	1.516
10595	0.606
10596	0.303
10597	0.303
10598	0.303
10599	0.303
10600	0.303
10601	0.303
10602	0
10603	0
10604	0
10605	0
10606	0
10607	0
10608	0
10609	0
10610	0
10611	0
10612	0
10613	0
10614	0
10615	0
10616	2.122
10617	2.122
10618	2.122
10619	2.122
10620	2.122
10621	2.122
10622	2.122
10623	2.122
10624	0
10625	0
10626	0
10627	0
10628	0
10629	0
10630	0
10631	0
10632	0
10633	0
10634	0
10635	0
10636	0
10637	0
10638	0
10639	0
10640	0
10641	0.303
10642	0.303
10643	0.303
10644	0.606
10645	0.606
10646	0.606
10647	0.606
10648	0.606
10649	0.606
10650	0.303
10651	0.303
10652	0
10653	0
10654	0
10655	0
10656	0
10657	0
10658	0
10659	0
10660	0
10661	0
10662	0.303
10663	0.303
10664	0.303
10665	0.303
10666	0.303
10667	0.303
10668	0.303
10669	0.303
10670	0
10671	0
10672	0.303
10673	0.303
10674	0.303
10675	0.303
10676	0.303
10677	0.303
10678	0.303
10679	0.303
10680	0.606
10681	0.303
10682	0.303
10683	0.303
10684	0.303
10685	0.303
10686	0.303
10687	0.303
10688	0
10689	0
10690	0
10691	0.303
10692	0.303
10693	0.303
10694	0.606
10695	0.606
10696	0.606
10697	0.606
10698	0.606
10699	0.606
10700	0.303
10701	0.303
10702	0
10703	0
10704	0
10705	0
10706	0
10707	0
10708	0
10709	0
10710	0
10711	0
10712	0
10713	0
10714	0.606
10715	0.606
10716	0.606
10717	0.606
10718	0.606
10719	0.606
10720	0.606
10721	0.606
10722	0.303
10723	0
10724	0
10725	0
10726	0
10727	0
10728	0
10729	0
10730	0
10731	0.303
10732	0.303
10733	0.303
10734	0.303
10735	0.303
10736	0.303
10737	0.303
10738	0.303
10739	0
10740	0.606
10741	0.606
10742	0.606
10743	0.606
10744	0.606
10745	0.606
10746	0.606
10747	0.606
10748	0.606
10749	0
10750	0
10751	0
10752	0
10753	0
10754	0
10755	0
10756	0
10757	0
10758	0
10759	0
10760	0
10761	0
10762	0
10763	0.303
10764	0.303
10765	0.303
10766	0.303
10767	0.303
10768	0.303
10769	0.303
10770	0.303
10771	0
10772	0
10773	0
10774	0
10775	0
10776	0
10777	0
10778	0
10779	0.303
10780	0.303
10781	0.303
10782	0.303
10783	0.303
10784	0.303
10785	0.303
10786	0.606
10787	0.606
10788	0.606
10789	0.606
10790	0.606
10791	0.606
10792	1.213
10793	1.213
10794	1.213
10795	0.606
10796	0.606
10797	0.606
10798	0.606
10799	0.606
10800	0
10801	0
10802	0.303
10803	0.303
10804	0.303
10805	0.303
10806	0.303
10807	0.303
10808	0.303
10809	0.303
10810	0.303
10811	0.303
10812	0
10813	0
10814	0
10815	0
10816	0
10817	0
10818	0
10819	0
10820	0
10821	0
10822	0
10823	0
10824	0
10825	0
10826	0
10827	0
10828	0
10829	0
10830	0
10831	0
10832	0
10833	0
10834	0
10835	0
10836	0
10837	0
10838	0
10839	0
10840	0
10841	0
10842	0
10843	0
10844	0.303
10845	0.606
10846	0.606
10847	0.606
10848	0.606
10849	0.606
10850	0.606
10851	0.606
10852	0.303
10853	0
10854	0
10855	0
10856	0
10857	0
10858	0
10859	0.303
10860	0.91
10861	0.91
10862	0.91
10863	0.91
10864	0.606
10865	0.606
10866	0.606
10867	0.303
10868	0
10869	0
10870	0
10871	0
10872	0
10873	0
10874	0
10875	0
10876	0
10877	0.303
10878	0.303
10879	0.303
10880	0.303
10881	0.303
10882	0.303
10883	0.303
10884	0.303
10885	0.303
10886	0
10887	0
10888	0
10889	0
10890	0
10891	0
10892	0
10893	0
10894	0
10895	0
10896	0
10897	0
10898	0
10899	0
10900	0
10901	0
10902	0
10903	0
10904	0
10905	0
10906	0
10907	0
10908	0.303
10909	0.303
10910	0.606
10911	0.91
10912	0.91
10913	1.213
10914	1.213
10915	1.213
10916	0.91
10917	1.516
10918	1.213
10919	1.213
10920	0.91
10921	0.606
10922	0.606
10923	0.606
10924	0.606
10925	0.303
10926	0
10927	0
10928	0
10929	0
10930	0
10931	0
10932	0
10933	0
10934	0
10935	0
10936	0
10937	0.303
10938	0.303
10939	0.303
10940	0.303
10941	0.303
10942	0.303
10943	0.91
10944	0.91
10945	0.91
10946	0.91
10947	0.91
10948	0.91
10949	0.91
10950	1.819
10951	2.122
10952	2.122
10953	2.122
10954	1.819
10955	1.819
10956	1.819
10957	1.819
10958	1.213
10959	0.303
10960	0
10961	0.303
10962	0.303
10963	0.303
10964	0.303
10965	0.303
10966	0.303
10967	0.303
10968	0.303
10969	0
10970	0
10971	0
10972	0
10973	0
10974	0
10975	0
10976	0
10977	0
10978	0
10979	0
10980	0
10981	0
10982	0
10983	0
10984	0
10985	0
10986	0
10987	0
10988	0
10989	0
10990	0.303
10991	0.303
10992	0.303
10993	0.606
10994	0.606
10995	0.606
10996	0.606
10997	0.606
10998	0.91
10999	0.606
11000	0.91
11001	0.606
11002	0.606
11003	1.213
11004	1.516
11005	1.516
11006	1.516
11007	1.516
11008	1.213
11009	1.213
11010	0.91
11011	0.303
11012	0
11013	0
11014	0
11015	0
11016	0
11017	0
11018	0
11019	0
11020	0
11021	0
11022	0
11023	0.303
11024	0.303
11025	0.303
11026	0.606
11027	0.606
11028	0.606
11029	0.91
11030	0.91
11031	0.606
11032	0.606
11033	0.606
11034	0.303
11035	0.303
11036	0.303
11037	0.606
11038	0.91
11039	1.213
11040	1.213
11041	1.213
11042	1.213
11043	1.213
11044	1.213
11045	0.91
11046	0.91
11047	0.303
11048	0
11049	0
11050	0
11051	0
11052	0
11053	0
11054	0
11055	0
11056	0
11057	0
11058	0
11059	0
11060	0
11061	0
11062	0
11063	0
11064	0.303
11065	0.303
11066	0.303
11067	0.303
11068	0.303
11069	0.303
11070	0.303
11071	0.303
11072	0
11073	0
11074	0
11075	0
11076	0.303
11077	0.303
11078	0.303
11079	0.303
11080	0.303
11081	0.303
11082	0.303
11083	0.303
11084	0
11085	0
11086	0
11087	0
11088	0
11089	0
11090	0
11091	0
11092	0
11093	0
11094	0
11095	0
11096	0
11097	0
11098	0
11099	0
11100	0
11101	1.213
11102	1.213
11103	1.516
11104	1.516
11105	1.516
11106	1.516
11107	1.516
11108	1.516
11109	0.91
11110	0.303
11111	0.303
11112	0.303
11113	0.303
11114	0.303
11115	0.606
11116	1.213
11117	1.213
11118	1.213
11119	0.91
11120	0.91
11121	0.91
11122	0.91
11123	0.606
11124	0
11125	0
11126	0
11127	0
11128	0
11129	0
11130	0
11131	0
11132	0
11133	0
11134	0
11135	0.303
11136	0.303
11137	0.303
11138	0.303
11139	0.303
11140	0.606
11141	0.606
11142	0.606
11143	0.606
11144	0.606
11145	0.606
11146	0.606
11147	0.606
11148	0.606
11149	0.303
11150	0.303
11151	0.303
11152	0
11153	0
11154	0
11155	0
11156	0
11157	0
11158	0.303
11159	0.303
11160	0.303
11161	0.303
11162	0.303
11163	0.303
11164	0.303
11165	0.303
11166	0.303
11167	0
11168	0
11169	0
11170	0
11171	0
11172	0
11173	0
11174	0
11175	0
11176	0
11177	0
11178	0
11179	0
11180	0
11181	0
11182	0
11183	0
11184	0
11185	0
11186	0
11187	0
11188	0
11189	0.303
11190	0.303
11191	0.303
11192	0.303
11193	0.303
11194	0.303
11195	0.303
11196	0.303
11197	0
11198	0
11199	0
11200	0
11201	0
11202	0
11203	0.303
11204	0.303
11205	0.303
11206	0.303
11207	0.303
11208	0.303
11209	0.303
11210	0.303
11211	0
11212	0
11213	0
11214	0.91
11215	1.213
11216	1.213
11217	1.213
11218	1.213
11219	1.213
11220	1.213
11221	1.213
11222	0.303
11223	0
11224	0
11225	0
11226	0
11227	0
11228	0
11229	0
11230	0
11231	0
11232	0.303
11233	0.303
11234	0.303
11235	0.303
11236	0.606
11237	0.91
11238	0.91
11239	0.91
11240	0.606
11241	0.606
11242	0.606
11243	0.606
11244	0.303
11245	0.303
11246	0.303
11247	0.303
11248	0.303
11249	0.303
11250	0
11251	0
11252	0
11253	0
11254	0
11255	0.303
11256	0.303
11257	5.457
11258	5.76
11259	5.76
11260	5.76
11261	6.063
11262	6.063
11263	6.063
11264	6.973
11265	7.579
11266	3.335
11267	3.032
11268	3.032
11269	3.032
11270	2.729
11271	2.729
11272	1.819
11273	1.819
11274	1.516
11275	1.516
11276	0.91
11277	0.91
11278	0.91
11279	0.606
11280	0.606
11281	0.303
11282	0.303
11283	0
11284	0
11285	0
11286	0
11287	0
11288	0
11289	0
11290	0
11291	0
11292	0
11293	0
11294	0.303
11295	0.303
11296	0.303
11297	0.303
11298	0.303
11299	0.303
11300	0.303
11301	0.303
11302	0
11303	0
11304	0
11305	0
11306	0
11307	0
11308	0
11309	0
11310	0
11311	0
11312	0.303
11313	0.303
11314	0.303
11315	0.303
11316	0.303
11317	0.303
11318	0.303
11319	0.606
11320	0.606
11321	0.303
11322	0.303
11323	0.303
11324	0.303
11325	0.303
11326	0.303
11327	0
11328	0
11329	0.303
11330	0.606
11331	0.606
11332	0.606
11333	0.303
11334	0.606
11335	0.606
11336	0.606
11337	1.213
11338	1.213
11339	1.213
11340	1.213
11341	1.516
11342	1.516
11343	1.213
11344	1.516
11345	1.819
11346	0.91
11347	0.91
11348	0.91
11349	0.606
11350	0.91
11351	0.91
11352	0.606
11353	0.303
11354	0.303
11355	0.303
11356	0.303
11357	0.303
11358	0
11359	0
11360	0
11361	0
11362	0
11363	0.303
11364	0.303
11365	0.303
11366	0.606
11367	0.606
11368	0.606
11369	0.606
11370	0.606
11371	0.303
11372	0.303
11373	0.303
11374	0
11375	0
11376	0
11377	0
11378	0
11379	0
11380	0
11381	0
11382	0
11383	0
11384	0
11385	0
11386	0
11387	0
11388	0
11389	0
11390	0
11391	0
11392	0
11393	0
11394	0
11395	0
11396	0
11397	0
11398	0
11399	0
11400	0
11401	0
11402	0
11403	0
11404	0
11405	0.303
11406	0.303
11407	0.606
11408	0.606
11409	0.606
11410	0.606
11411	0.91
11412	0.91
11413	0.606
11414	0.606
11415	0.303
11416	0.303
11417	0.303
11418	0.606
11419	0.303
11420	0.303
11421	0.303
11422	0.303
11423	0.303
11424	0.303
11425	0.303
11426	0
11427	0
11428	0
11429	0
11430	0
11431	0
11432	0
11433	0
11434	0
11435	0
11436	0
11437	0
11438	0
11439	0
11440	0
11441	0
11442	0
11443	0
11444	0
11445	0
11446	0
11447	0
11448	0
11449	0
11450	0
11451	0
11452	0
11453	0
11454	0
11455	0
11456	0
11457	0
11458	0
11459	0
11460	0
11461	0
11462	0
11463	0
11464	0
11465	0
11466	0
11467	0
11468	0
11469	0
11470	0
11471	2.425
11472	2.729
11473	2.729
11474	2.729
11475	3.941
11476	3.941
11477	3.941
11478	4.548
11479	2.122
11480	2.122
11481	1.819
11482	1.819
11483	0.91
11484	0.606
11485	0.91
11486	0.303
11487	0.303
11488	0.303
11489	0.303
11490	0.303
11491	0.303
11492	0.303
11493	0
11494	0
11495	0
11496	0.303
11497	0.303
11498	0.303
11499	0.606
11500	0.606
11501	0.91
11502	0.91
11503	0.91
11504	0.606
11505	0.606
11506	1.213
11507	1.213
11508	0.91
11509	0.606
11510	0.606
11511	0.606
11512	0.606
11513	0.606
11514	0
11515	0
11516	0
11517	0
11518	0
11519	0
11520	0
11521	0
11522	0
11523	0
11524	0
11525	0
11526	0
11527	0
11528	0
11529	0.303
11530	0.303
11531	0.303
11532	0.303
11533	0.303
11534	0.303
11535	0.606
11536	0.606
11537	0.91
11538	0.91
11539	0.91
11540	1.213
11541	1.213
11542	1.516
11543	1.819
11544	1.819
11545	2.122
11546	2.425
11547	2.122
11548	1.516
11549	1.516
11550	1.213
11551	1.213
11552	1.213
11553	0.91
11554	0.91
11555	0.606
11556	0.606
11557	0.606
11558	0.606
11559	0.606
11560	2.122
11561	2.425
11562	2.729
11563	3.335
11564	3.335
11565	3.335
11566	3.335
11567	3.335
11568	2.425
11569	1.819
11570	1.819
11571	0.606
11572	0.606
11573	0.606
11574	0.606
11575	0.606
11576	0.606
11577	0.606
11578	0.606
11579	0.91
11580	0.91
11581	0.91
11582	0.91
11583	0.606
11584	0.606
11585	0.606
11586	0.606
11587	0.606
11588	0.606
11589	0.606
11590	0.606
11591	0.606
11592	0.606
11593	0.303
11594	0.303
11595	0
11596	0
11597	0
11598	0
11599	0
11600	0
11601	0
11602	0
11603	0
11604	0
11605	0.303
11606	0.303
11607	0.303
11608	0.303
11609	0.303
11610	0.303
11611	0.303
11612	0.303
11613	0.606
11614	0.91
11615	0.606
11616	0.606
11617	0.606
11618	0.606
11619	0.606
11620	0.91
11621	0.606
11622	0.303
11623	0.303
11624	0.303
11625	0.303
11626	0.303
11627	0.303
11628	0
11629	0
11630	0
11631	0
11632	0
11633	0
11634	0
11635	0
11636	0.303
11637	0.303
11638	0.303
11639	0.303
11640	0.606
11641	0.606
11642	0.606
11643	0.606
11644	0.303
11645	0.303
11646	0.606
11647	0.606
11648	0.303
11649	0.303
11650	0.303
11651	0.303
11652	0.303
11653	0.303
11654	0
11655	0
11656	0
11657	0.303
11658	0.303
11659	0.303
11660	0.303
11661	0.303
11662	0.303
11663	0.303
11664	0.303
11665	0
11666	0
11667	0
11668	0
11669	0
11670	0
11671	0
11672	0
11673	0
11674	0
11675	0
11676	0.91
11677	0.91
11678	0.91
11679	0.91
11680	0.91
11681	0.91
11682	0.91
11683	0.91
11684	0.303
11685	0.606
11686	0.303
11687	0.303
11688	0.303
11689	0.303
11690	0.303
11691	0.303
11692	0.303
11693	0
11694	0
11695	0
11696	0
11697	0
11698	0
11699	0
11700	0
11701	0
11702	0
11703	0
11704	0
11705	0.303
11706	0.303
11707	0.303
11708	0.606
11709	0.606
11710	0.606
11711	0.606
11712	0.606
11713	0.606
11714	0.606
11715	0.303
11716	0
11717	0.303
11718	0.303
11719	0.303
11720	0.303
11721	0.303
11722	0.303
11723	0.303
11724	0.303
11725	0
11726	0
11727	0
11728	0
11729	0
11730	0
11731	0
11732	0
11733	0
11734	0
11735	0
11736	0
11737	0
11738	0
11739	0
11740	0
11741	0
11742	0
11743	0
11744	0
11745	0
11746	0
11747	0
11748	0
11749	0
11750	0
11751	0
11752	0
11753	0
11754	0
11755	0
11756	0
11757	0
11758	0
11759	0
11760	0
11761	0
11762	0
11763	0
11764	0
11765	0
11766	0
11767	0
11768	0
11769	0.303
11770	0.303
11771	0.303
11772	0.303
11773	0.303
11774	0.303
11775	0.303
11776	0.303
11777	0
11778	0
11779	0
11780	0
11781	0
11782	0
11783	0
11784	0
11785	0
11786	0
11787	0
11788	0
11789	0
11790	0
11791	0
11792	0
11793	0
11794	0
11795	0
11796	0
11797	0
11798	0
11799	0
11800	0
11801	0
11802	0
11803	0.91
11804	0.91
11805	0.91
11806	0.91
11807	0.91
11808	0.91
11809	0.91
11810	0.91
11811	0
11812	0
11813	0
11814	0
11815	0
11816	0.303
11817	0.303
11818	0.303
11819	0.303
11820	0.303
11821	0.303
11822	0.303
11823	0.303
11824	0
11825	0.303
11826	0.303
11827	0.303
11828	0.303
11829	0.303
11830	0.303
11831	0.303
11832	0.303
11833	0.303
11834	0
11835	0
11836	0
11837	0
11838	0
11839	0
11840	0
11841	0
11842	0
11843	0
11844	0
11845	0
11846	0.303
11847	0.303
11848	0.303
11849	0.303
11850	0.303
11851	0.303
11852	0.303
11853	0.303
11854	0
11855	0
11856	0
11857	0
11858	0
11859	0
11860	0
11861	0
11862	0
11863	0
11864	0
11865	0
11866	0
11867	0.303
11868	0.303
11869	0.303
11870	0.303
11871	0.303
11872	0.303
11873	0.303
11874	0.303
11875	0
11876	0
11877	0
11878	0
11879	0
11880	0
11881	0
11882	0
11883	0
11884	0
11885	0
11886	0
11887	0.303
11888	0.303
11889	0.303
11890	0.303
11891	0.91
11892	0.91
11893	1.516
11894	1.516
11895	1.516
11896	1.516
11897	1.213
11898	1.213
11899	1.819
11900	1.819
11901	1.213
11902	1.213
11903	1.213
11904	1.213
11905	1.213
11906	1.213
11907	1.213
11908	0
11909	0
11910	0
11911	0
11912	0
11913	0
11914	0
11915	0
11916	0
11917	0
11918	0
11919	0
11920	0
11921	0
11922	0
11923	0
11924	0
11925	0.606
11926	0.606
11927	0.606
11928	0.606
11929	0.91
11930	0.91
11931	0.91
11932	1.213
11933	0.91
11934	1.213
11935	2.425
11936	2.425
11937	3.032
11938	3.032
11939	3.335
11940	3.941
11941	4.244
11942	3.941
11943	3.638
11944	3.032
11945	1.819
11946	1.819
11947	1.213
11948	0.606
11949	0.303
11950	0.303
11951	0.303
11952	0
11953	0
11954	0
11955	0
11956	0
11957	0
11958	0
11959	0
11960	0
11961	0
11962	0
11963	0
11964	0
11965	0
11966	0
11967	0
11968	0
11969	0
11970	0
11971	0
11972	0
11973	0
11974	0
11975	0
11976	0
11977	0
11978	0
11979	0
11980	0
11981	0
11982	0
11983	0
11984	0
11985	0
11986	0
11987	0
11988	0
11989	0
11990	0
11991	0
11992	0
11993	0
11994	0
11995	0
11996	0
11997	0
11998	0
11999	0
12000	0
12001	0
12002	0
12003	0
12004	0
12005	0
12006	0
12007	0
12008	0
12009	0
12010	0
12011	0
12012	0
12013	0
12014	0.303
12015	0.303
12016	0.303
12017	0.303
12018	0.303
12019	0.303
12020	0.303
12021	0.303
12022	1.516
12023	15.765
12024	15.765
12025	15.765
12026	16.068
12027	16.068
12028	16.068
12029	16.371
12030	16.978
12031	1.516
12032	1.213
12033	1.213
12034	0.91
12035	1.516
12036	1.516
12037	1.213
12038	0.91
12039	1.213
12040	1.213
12041	1.213
12042	1.213
12043	0.606
12044	0.606
12045	0.606
12046	0.606
12047	0.303
12048	0.303
12049	0
12050	0
12051	0
12052	0
12053	0
12054	0
12055	0
12056	0
12057	0
12058	0
12059	0
12060	0
12061	0
12062	0
12063	0
12064	0
12065	0
12066	0
12067	0
12068	0
12069	0
12070	0
12071	0
12072	0.303
12073	0.303
12074	0.606
12075	0.606
12076	0.606
12077	0.606
12078	0.606
12079	0.91
12080	0.91
12081	0.606
12082	0.303
12083	0.303
12084	0.303
12085	0.303
12086	0.303
12087	0
12088	0
12089	0
12090	0
12091	0
12092	0
12093	0
12094	0
12095	0
12096	0
12097	0
12098	0
12099	0
12100	0
12101	0
12102	0
12103	0
12104	0
12105	0
12106	0
12107	0
12108	0
12109	0
12110	0
12111	0
12112	0
12113	0
12114	0
12115	0
12116	0
12117	0
12118	0
12119	0
12120	0
12121	0
12122	0
12123	0
12124	0
12125	0
12126	0
12127	2.729
12128	3.638
12129	4.851
12130	9.095
12131	9.095
12132	9.398
12133	9.702
12134	10.308
12135	8.186
12136	7.276
12137	6.367
12138	2.122
12139	1.516
12140	1.819
12141	1.213
12142	0.606
12143	0.303
12144	0.303
12145	0.303
12146	0.303
12147	0.303
12148	0
12149	0
12150	0
12151	0
12152	0
12153	0
12154	0
12155	0.303
12156	0.303
12157	0.606
12158	0.606
12159	0.606
12160	0.606
12161	0.606
12162	0.606
12163	0.303
12164	0.303
12165	0.303
12166	0
12167	0
12168	0
12169	0
12170	0
12171	0
12172	0
12173	0
12174	0
12175	0
12176	0
12177	0
12178	0
12179	0
12180	0
12181	0
12182	0
12183	0
12184	0
12185	0
12186	0
12187	0
12188	0
12189	0
12190	0
12191	0
12192	0
12193	0
12194	0
12195	0
12196	0
12197	0
12198	0
12199	0
12200	0
12201	0
12202	0
12203	0
12204	0.91
12205	0.91
12206	0.91
12207	0.91
12208	0.91
12209	0.91
12210	1.516
12211	1.516
12212	0.606
12213	0.606
12214	0.606
12215	0.606
12216	0.606
12217	0.606
12218	0
12219	0
12220	0
12221	0
12222	0
12223	0
12224	0
12225	0
12226	0
12227	0
12228	0
12229	0
12230	0.303
12231	0.303
12232	0.303
12233	0.303
12234	0.303
12235	0.303
12236	0.303
12237	0.303
12238	0.303
12239	0.303
12240	0.606
12241	0.606
12242	1.213
12243	1.213
12244	1.213
12245	1.213
12246	0.91
12247	0.91
12248	0.91
12249	0.91
12250	0.606
12251	0.91
12252	0.91
12253	0.91
12254	1.819
12255	2.122
12256	2.122
12257	1.819
12258	1.516
12259	1.213
12260	1.213
12261	1.213
12262	0.303
12263	0.303
12264	0
12265	0
12266	0
12267	0
12268	0
12269	0.303
12270	0.606
12271	0.606
12272	0.606
12273	0.606
12274	0.606
12275	0.606
12276	0.606
12277	0.606
12278	0
12279	0
12280	0
12281	0
12282	0
12283	0
12284	0
12285	0
12286	0
12287	0
12288	0
12289	0
12290	0
12291	0
12292	0
12293	0.303
12294	0.303
12295	0.303
12296	0.303
12297	0.303
12298	0.303
12299	0.303
12300	0.303
12301	0
12302	0
12303	0
12304	0
12305	0.303
12306	0.303
12307	0.303
12308	0.303
12309	0.303
12310	0.303
12311	0.303
12312	0.606
12313	0.303
12314	0.303
12315	0.303
12316	0.303
12317	0.303
12318	0.303
12319	0.303
12320	0
12321	0
12322	0
12323	0
12324	0
12325	0
12326	0
12327	0
12328	0.303
12329	0.606
12330	0.606
12331	0.606
12332	1.213
12333	1.213
12334	1.213
12335	1.819
12336	1.819
12337	1.213
12338	1.213
12339	1.213
12340	0.606
12341	0.606
12342	0.91
12343	0.303
12344	0.303
12345	0.303
12346	0
12347	0
12348	0
12349	0
12350	0
12351	0
12352	0
12353	0
12354	0
12355	0
12356	0
12357	0
12358	0.606
12359	0.606
12360	0.606
12361	0.606
12362	0.606
12363	0.606
12364	0.606
12365	0.606
12366	0.606
12367	0
12368	0
12369	0
12370	0
12371	0
12372	0
12373	0
12374	0
12375	0
12376	0
12377	0
12378	0.303
12379	0.606
12380	0.606
12381	0.606
12382	0.606
12383	0.606
12384	0.606
12385	0.606
12386	0.606
12387	0
12388	0
12389	0
12390	0
12391	0
12392	0
12393	0
12394	0
12395	0
12396	0
12397	0
12398	0
12399	0
12400	0.303
12401	0.303
12402	0.303
12403	0.303
12404	0.303
12405	0.303
12406	0.303
12407	0.303
12408	0.303
12409	0
12410	0
12411	0
12412	0
12413	0
12414	0
12415	0
12416	0
12417	0
12418	0
12419	0
12420	0
12421	0
12422	0
12423	0
12424	0
12425	0
12426	0
12427	0
12428	0.303
12429	0.303
12430	0.303
12431	0.303
12432	0.303
12433	0.303
12434	0.303
12435	0.303
12436	0
12437	0
12438	0.303
12439	0.303
12440	0.303
12441	0.303
12442	0.303
12443	0.303
12444	0.303
12445	0.303
12446	0
12447	0
12448	0
12449	0
12450	0
12451	0
12452	0
12453	0
12454	0
12455	0
12456	0
12457	0
12458	0
12459	0
12460	0
12461	0
12462	0
12463	0
12464	0
12465	0
12466	0
12467	0
12468	0
12469	0
12470	0
12471	0
12472	0
12473	0
12474	0
12475	0.303
12476	0.303
12477	0.303
12478	0.606
12479	0.606
12480	0.606
12481	0.606
12482	0.606
12483	0.303
12484	0.303
12485	0.303
12486	0
12487	0
12488	0
12489	0
12490	0
12491	0
12492	0
12493	0
12494	0
12495	0
12496	0
12497	0
12498	0
12499	0
12500	0
12501	0
12502	0
12503	0
12504	0
12505	0
12506	0
12507	0
12508	0
12509	0
12510	0
12511	0
12512	0
12513	0
12514	0
12515	0
12516	0
12517	0
12518	0
12519	0.303
12520	0.303
12521	0.303
12522	0.303
12523	0.606
12524	0.606
12525	0.606
12526	0.606
12527	0.303
12528	0.303
12529	0.303
12530	0.303
12531	0.303
12532	0
12533	0
12534	0
12535	0
12536	0
12537	0.303
12538	0.303
12539	0.303
12540	0.303
12541	0.303
12542	0.303
12543	0.303
12544	0.303
12545	0
12546	0
12547	0
12548	0
12549	0
12550	0
12551	0
12552	0.303
12553	0.303
12554	0.606
12555	0.606
12556	0.606
12557	0.606
12558	0.606
12559	0.606
12560	0.303
12561	0.303
12562	0
12563	0.303
12564	0.303
12565	0.303
12566	0.303
12567	0.303
12568	0.303
12569	0.303
12570	0.606
12571	0.303
12572	0.303
12573	0.303
12574	0.303
12575	0.303
12576	0.303
12577	0.303
12578	0.303
12579	0.303
12580	0.303
12581	0.606
12582	0.606
12583	0.606
12584	0.606
12585	0.606
12586	0.606
12587	0.303
12588	0.303
12589	0
12590	0
12591	0
12592	0
12593	0
12594	0
12595	0
12596	0
12597	0
12598	0
12599	0
12600	0
12601	0
12602	0.303
12603	0.606
12604	0.606
12605	0.606
12606	0.606
12607	0.91
12608	1.213
12609	1.213
12610	1.819
12611	1.516
12612	1.819
12613	1.819
12614	1.819
12615	1.819
12616	1.516
12617	2.122
12618	1.819
12619	1.819
12620	1.516
12621	1.516
12622	1.213
12623	1.213
12624	1.213
12625	0.606
12626	0.606
12627	0.606
12628	0.606
12629	0.303
12630	0.303
12631	0.303
12632	0
12633	0
12634	0
12635	0
12636	0
12637	0
12638	0
12639	0
12640	0
12641	0
12642	0
12643	0
12644	0
12645	0
12646	0
12647	0
12648	0
12649	0
12650	0
12651	0
12652	0
12653	0
12654	0
12655	0
12656	0
12657	0
12658	0
12659	0
12660	0
12661	0
12662	0
12663	0
12664	0
12665	0
12666	0
12667	0.303
12668	0.303
12669	0.303
12670	0.303
12671	0.303
12672	0.303
12673	0.91
12674	0.91
12675	0.606
12676	0.91
12677	0.91
12678	0.91
12679	0.91
12680	0.91
12681	1.213
12682	1.213
12683	0.606
12684	0.303
12685	0.303
12686	0.303
12687	0.303
12688	0.303
12689	0
12690	0.303
12691	0.303
12692	0.303
12693	0.303
12694	0
12695	0.303
12696	0.303
12697	0.303
12698	0.303
12699	0.303
12700	0.303
12701	0.303
12702	0.303
12703	0
12704	0
12705	0
12706	0
12707	0
12708	0
12709	0
12710	0
12711	0
12712	0
12713	0
12714	0
12715	0
12716	0
12717	0
12718	0
12719	0
12720	0
12721	0
12722	0
12723	0
12724	0
12725	0
12726	0
12727	0
12728	0
12729	0
12730	0
12731	0
12732	0
12733	0
12734	0
12735	0
12736	0
12737	0.303
12738	0.303
12739	0.303
12740	0.303
12741	0.303
12742	0.303
12743	0.303
12744	0.303
12745	0
12746	0
12747	0
12748	0.303
12749	0.303
12750	0.303
12751	0.303
12752	0.303
12753	0.303
12754	0.303
12755	0.303
12756	0.303
12757	0.303
12758	0
12759	0
12760	0
12761	0
12762	0
12763	0
12764	0
12765	0
12766	0
12767	0
12768	0.303
12769	0.303
12770	0.303
12771	0.303
12772	0.303
12773	0.303
12774	0.303
12775	0.303
12776	0.303
12777	0.303
12778	0.303
12779	0
12780	0
12781	0
12782	0
12783	0
12784	0
12785	0
12786	0
12787	0
12788	0
12789	0
12790	0
12791	0
12792	0
12793	0
12794	0
12795	0
12796	0
12797	0
12798	0
12799	0.606
12800	0.606
12801	0.606
12802	0.606
12803	0.606
12804	0.606
12805	0.606
12806	0.606
12807	0.606
12808	0.303
12809	0.303
12810	0.303
12811	0.303
12812	0.303
12813	0.303
12814	0.303
12815	0
12816	0
12817	0.303
12818	0.303
12819	0.303
12820	0.303
12821	0.303
12822	0.303
12823	0.303
12824	0.303
12825	0
12826	0
12827	0
12828	0
12829	0
12830	0
12831	0.303
12832	0.303
12833	0.606
12834	0.606
12835	0.606
12836	0.606
12837	0.91
12838	0.91
12839	0.91
12840	0.91
12841	0.91
12842	0.606
12843	0.606
12844	0.606
12845	0.606
12846	0.606
12847	0.606
12848	0.606
12849	0.606
12850	0.606
12851	0.91
12852	0.91
12853	0.91
12854	0.606
12855	0.303
12856	0.303
12857	0.606
12858	0.606
12859	0.303
12860	0.303
12861	0.303
12862	0.606
12863	0.91
12864	0.91
12865	0.606
12866	0.606
12867	0.606
12868	0.91
12869	0.91
12870	0.91
12871	0.606
12872	0.606
12873	0.606
12874	0.606
12875	0.606
12876	0.303
12877	0.303
12878	0.303
12879	0.303
12880	0.303
12881	0.303
12882	0.303
12883	0.303
12884	0.303
12885	0.303
12886	0.303
12887	0
12888	0
12889	0.606
12890	0.606
12891	0.606
12892	0.606
12893	0.606
12894	0.606
12895	0.606
12896	0.606
12897	0.303
12898	0.606
12899	0.606
12900	0.606
12901	0.606
12902	0.606
12903	0.606
12904	0.606
12905	0.303
12906	0.606
12907	0.303
12908	0.303
12909	0.303
12910	0.303
12911	0.303
12912	0.303
12913	0.303
12914	0
12915	0
12916	0
12917	0
12918	0
12919	0
12920	0
12921	0
12922	0
12923	0
12924	0
12925	0.303
12926	0.303
12927	0.303
12928	0.303
12929	0.303
12930	0.303
12931	0.303
12932	0.303
12933	0
12934	0
12935	0
12936	0
12937	0
12938	0
12939	0
12940	0
12941	0
12942	0
12943	0
12944	0
12945	0
12946	0
12947	0
12948	0
12949	0
12950	0
12951	0
12952	0.303
12953	0.303
12954	0.303
12955	0.303
12956	0.303
12957	0.303
12958	0.303
12959	0.303
12960	0
12961	0
12962	0
12963	0.303
12964	0.303
12965	0.303
12966	0.303
12967	0.303
12968	0.303
12969	0.303
12970	0.303
12971	0
12972	0
12973	0
12974	0
12975	0
12976	0.303
12977	0.303
12978	0.303
12979	0.303
12980	0.303
12981	0.303
12982	0.303
12983	0.606
12984	0.303
12985	0.303
12986	0.303
12987	0.303
12988	0.303
12989	0.606
12990	0.606
12991	0.606
12992	0.91
12993	0.606
12994	0.606
12995	0.606
12996	0.606
12997	0.303
12998	0.303
12999	0.303
13000	0
13001	0
13002	0
13003	0
13004	0
13005	0
13006	0
13007	0
13008	0
13009	0
13010	0
13011	0
13012	0
13013	0
13014	0
13015	0
13016	0
13017	0
13018	0
13019	0
13020	0
13021	0
13022	0
13023	0
13024	0
13025	0
13026	0
13027	0
13028	0
13029	0
13030	0
13031	0
13032	0
13033	0
13034	0
13035	0
13036	0
13037	0
13038	0
13039	0
13040	0.303
13041	0.303
13042	0.303
13043	0.303
13044	0.303
13045	0.303
13046	0.303
13047	0.303
13048	0
13049	0
13050	0.303
13051	0.303
13052	0.303
13053	0.303
13054	0.303
13055	0.303
13056	0.303
13057	0.303
13058	0
13059	0
13060	0
13061	0
13062	0
13063	0
13064	0
13065	0.303
13066	0.303
13067	0.303
13068	0.303
13069	0.606
13070	0.606
13071	0.606
13072	0.606
13073	0.303
13074	0.303
13075	0.303
13076	0.606
13077	0.303
13078	0.303
13079	0.303
13080	0.606
13081	0.606
13082	0.606
13083	1.213
13084	0.91
13085	1.213
13086	1.213
13087	1.213
13088	1.213
13089	0.91
13090	0.91
13091	0.303
13092	0.303
13093	0
13094	0
13095	0.303
13096	0.303
13097	0.303
13098	0.303
13099	0.303
13100	0.303
13101	0.303
13102	0.303
13103	0
13104	0.303
13105	0.303
13106	0.303
13107	0.303
13108	0.303
13109	0.303
13110	0.303
13111	0.303
13112	0
13113	0
13114	0.303
13115	0.303
13116	0.303
13117	0.303
13118	0.303
13119	0.303
13120	0.303
13121	0.303
13122	0
13123	0
13124	0
13125	0
13126	0
13127	0
13128	0
13129	0
13130	0
13131	0
13132	0
13133	0
13134	0
13135	0
13136	0
13137	0
13138	0
13139	0.303
13140	0.303
13141	0.303
13142	0.303
13143	0.303
13144	0.303
13145	0.303
13146	0.303
13147	0
13148	0.303
13149	0.303
13150	0.606
13151	0.606
13152	0.606
13153	1.213
13154	1.213
13155	1.213
13156	0.91
13157	1.213
13158	0.91
13159	1.213
13160	1.213
13161	0.606
13162	0.606
13163	0.606
13164	0.606
13165	0.303
13166	0.303
13167	0.303
13168	0
13169	0
13170	0
13171	0
13172	0
13173	0
13174	0
13175	0
13176	0
13177	0.303
13178	0.606
13179	0.606
13180	0.606
13181	0.606
13182	0.606
13183	0.606
13184	0.606
13185	0.303
13186	0.303
13187	0.303
13188	0.303
13189	0.303
13190	0.303
13191	0.303
13192	0.303
13193	0.303
13194	0.303
13195	0
13196	0
13197	0
13198	0
13199	0
13200	0
13201	0
13202	0
13203	0
13204	0
13205	0
13206	0
13207	0
13208	0
13209	0
13210	0
13211	0
13212	0
13213	0
13214	0
13215	0.303
13216	0.303
13217	0.303
13218	0.303
13219	0
13220	0
13221	0
13222	0
13223	0
13224	0
13225	0
13226	0
13227	0
13228	0
13229	0
13230	0
13231	0
13232	0
13233	0
13234	0
13235	0
13236	0
13237	0
13238	0
13239	0
13240	0.303
13241	0.303
13242	0.303
13243	0.303
13244	0.303
13245	0.303
13246	0.303
13247	0.303
13248	0
13249	0
13250	0
13251	0
13252	0
13253	0
13254	0
13255	0
13256	0
13257	0
13258	0
13259	0
13260	0
13261	0
13262	0
13263	0
13264	0
13265	0
13266	0
13267	0
13268	0
13269	0
13270	0
13271	0
13272	0
13273	0.303
13274	0.606
13275	0.606
13276	0.606
13277	0.606
13278	1.213
13279	1.213
13280	1.213
13281	1.516
13282	1.516
13283	1.516
13284	1.516
13285	1.516
13286	0.91
13287	1.213
13288	1.516
13289	0.91
13290	0.606
13291	0.303
13292	0.303
13293	0.303
13294	0.303
13295	0.303
13296	0
13297	0
13298	0
13299	0
13300	0
13301	0
13302	0
13303	0
13304	0
13305	0
13306	0
13307	0
13308	0
13309	0
13310	0
13311	0
13312	0
13313	0
13314	0
13315	0
13316	0
13317	0
13318	0
13319	0
13320	0
13321	0
13322	0
13323	0
13324	0
13325	0
13326	0
13327	0
13328	0
13329	0
13330	0
13331	0
13332	0
13333	0
13334	0
13335	0.303
13336	0.303
13337	0.303
13338	0.303
13339	0.303
13340	0.303
13341	0.303
13342	0.303
13343	0
13344	0
13345	0
13346	0
13347	0
13348	0
13349	0
13350	0
13351	0
13352	0
13353	0
13354	0
13355	0
13356	0
13357	0
13358	0
13359	0
13360	0
13361	0
13362	0
13363	0
13364	0
13365	0
13366	0
13367	0
13368	0
13369	0
13370	0
13371	0
13372	0
13373	0
13374	0
13375	0
13376	0
13377	0
13378	0
13379	0
13380	0
13381	0
13382	0
13383	0
13384	0
13385	0
13386	0
13387	0
13388	0
13389	0
13390	0
13391	0
13392	0
13393	0
13394	0
13395	0
13396	0
13397	0
13398	0
13399	0
13400	0
13401	0
13402	0
13403	0
13404	0
13405	0
13406	0
13407	0
13408	0
13409	0
13410	0
13411	0
13412	0
13413	0
13414	0
13415	0
13416	0
13417	0
13418	0
13419	0
13420	0
13421	0
13422	0
13423	0
13424	0
13425	0
13426	0
13427	0
13428	0
13429	0
13430	0
13431	0
13432	0
13433	0
13434	0
13435	0
13436	0
13437	0
13438	0
13439	0
13440	0
13441	0
13442	0
13443	0
13444	0.303
13445	0.303
13446	0.303
13447	0.303
13448	0.303
13449	0.303
13450	0.303
13451	0.303
13452	0
13453	0
13454	0
13455	0
13456	0
13457	0
13458	0
13459	0
13460	0
13461	0
13462	0
13463	0
13464	0
13465	0
13466	0.303
13467	0.303
13468	0.303
13469	0.606
13470	0.606
13471	0.606
13472	0.91
13473	0.91
13474	1.213
13475	1.516
13476	1.213
13477	0.91
13478	0.91
13479	0.91
13480	0.606
13481	0.606
13482	0.303
13483	0.606
13484	0.303
13485	0.303
13486	0.303
13487	0.303
13488	0.303
13489	0.303
13490	0.303
13491	0
13492	0
13493	0
13494	2.425
13495	2.729
13496	2.729
13497	3.032
13498	3.335
13499	3.335
13500	3.335
13501	3.638
13502	3.638
13503	2.729
13504	1.213
13505	1.213
13506	0.91
13507	0.91
13508	1.213
13509	0.91
13510	1.213
13511	1.213
13512	1.213
13513	1.213
13514	0.91
13515	0.91
13516	0.606
13517	0.606
13518	0.303
13519	0.303
13520	0.303
13521	0
13522	0
13523	0
13524	0
13525	0
13526	0
13527	0
13528	0
13529	0
13530	0
13531	0
13532	0
13533	0
13534	0
13535	0
13536	0
13537	0
13538	0
13539	0
13540	0
13541	0.303
13542	0.303
13543	0.91
13544	1.213
13545	1.516
13546	2.122
13547	2.122
13548	2.122
13549	2.122
13550	1.819
13551	1.213
13552	0.91
13553	0.606
13554	0.606
13555	0.606
13556	0.606
13557	0.606
13558	0.303
13559	0.303
13560	0.303
13561	0.303
13562	0.303
13563	0
13564	0
13565	0
13566	0.303
13567	0.303
13568	0.303
13569	0.303
13570	0.303
13571	0.303
13572	0.303
13573	0.303
13574	0.303
13575	0.303
13576	0.303
13577	0.303
13578	0.303
13579	0.303
13580	0.303
13581	0.303
13582	0
13583	0
13584	0
13585	0
13586	0
13587	0
13588	0
13589	0
13590	0
13591	0
13592	0
13593	0
13594	0
13595	0
13596	0
13597	0
13598	0
13599	0
13600	0
13601	0
13602	0
13603	0
13604	0
13605	0
13606	0
13607	0
13608	0
13609	0
13610	0.303
13611	0.303
13612	0.303
13613	0.606
13614	0.606
13615	0.606
13616	0.606
13617	0.606
13618	0.303
13619	0.303
13620	0.606
13621	0.303
13622	0.303
13623	0.303
13624	0.303
13625	0.303
13626	0.303
13627	0.303
13628	0
13629	0
13630	0
13631	0
13632	0
13633	0
13634	0
13635	0
13636	0
13637	0
13638	0
13639	0
13640	0
13641	0
13642	0
13643	0
13644	0
13645	0
13646	0
13647	0
13648	0
13649	0
13650	0
13651	0
13652	0
13653	0
13654	0
13655	0
13656	0
13657	0
13658	0
13659	0
13660	0
13661	0
13662	0
13663	0
13664	0
13665	0
13666	0
13667	0
13668	0.303
13669	0.303
13670	0.606
13671	0.91
13672	0.91
13673	0.91
13674	0.91
13675	1.516
13676	1.516
13677	1.213
13678	0.91
13679	0.606
13680	0.606
13681	0.606
13682	0.606
13683	0
13684	0
13685	0
13686	0
13687	0.303
13688	0.303
13689	0.303
13690	0.303
13691	0.303
13692	0.303
13693	0.303
13694	0.303
13695	0
13696	0
13697	0
13698	0
13699	0
13700	0
13701	0.303
13702	0.303
13703	0.303
13704	0.303
13705	0.303
13706	0.303
13707	0.303
13708	0.303
13709	0
13710	0
13711	0
13712	0
13713	0
13714	0
13715	0
13716	0
13717	0
13718	0
13719	0
13720	0
13721	0
13722	0
13723	0
13724	0
13725	0
13726	0
13727	0
13728	0
13729	0
13730	0
13731	0
13732	0.303
13733	0.303
13734	0.303
13735	0.303
13736	0.303
13737	0.303
13738	0.303
13739	0.303
13740	0.303
13741	0
13742	0
13743	0
13744	0
13745	0
13746	0.303
13747	0.303
13748	0.303
13749	0.606
13750	0.606
13751	0.606
13752	0.606
13753	0.606
13754	0.303
13755	0.303
13756	0.303
13757	0.303
13758	0.303
13759	0
13760	0
13761	0
13762	0
13763	0
13764	0
13765	0
13766	0
13767	0
13768	0
13769	0
13770	0.303
13771	0.606
13772	0.606
13773	0.91
13774	0.91
13775	0.91
13776	0.91
13777	0.91
13778	0.91
13779	0.606
13780	0.606
13781	0.303
13782	0.606
13783	0.606
13784	0.606
13785	0.606
13786	0.606
13787	0.303
13788	0.303
13789	0.303
13790	0.303
13791	0
13792	0
13793	0.606
13794	1.516
13795	1.516
13796	1.516
13797	1.516
13798	1.516
13799	1.516
13800	1.516
13801	0.91
13802	0.606
13803	0
13804	0
13805	0
13806	0
13807	0
13808	0
13809	0
13810	0
13811	0
13812	0
13813	0
13814	0.303
13815	0.303
13816	0.303
13817	0.303
13818	0.303
13819	0.303
13820	0.303
13821	0.606
13822	0.303
13823	0.303
13824	0.606
13825	0.91
13826	1.213
13827	1.819
13828	2.122
13829	1.819
13830	2.122
13831	2.425
13832	2.425
13833	2.122
13834	2.425
13835	1.516
13836	1.213
13837	1.213
13838	1.516
13839	1.213
13840	1.213
13841	1.213
13842	0.91
13843	0.91
13844	0.606
13845	0.606
13846	0.303
13847	0.303
13848	0.303
13849	0
13850	0
13851	0
13852	0
13853	0
13854	0
13855	0.303
13856	0.303
13857	0.303
13858	0.303
13859	0.303
13860	0.303
13861	0.303
13862	0.303
13863	0
13864	0
13865	0
13866	0
13867	0
13868	0
13869	0
13870	0
13871	0
13872	0
13873	0
13874	0
13875	0
13876	0
13877	0
13878	0
13879	0
13880	0
13881	0
13882	0
13883	0
13884	0
13885	0
13886	0
13887	0
13888	0.303
13889	0.303
13890	0.303
13891	0.303
13892	0.303
13893	0.303
13894	0.303
13895	0.303
13896	0.303
13897	0
13898	0
13899	0
13900	0
13901	0
13902	0
13903	0
13904	0
13905	0
13906	0
13907	0
13908	0
13909	0
13910	0
13911	0
13912	0
13913	0
13914	0
13915	0
13916	0
13917	0
13918	0
13919	0
13920	0
13921	0
13922	0
13923	0
13924	0
13925	0
13926	0
13927	0
13928	0
13929	0
13930	0
13931	0
13932	0
13933	0
13934	0
13935	0
13936	0
13937	0
13938	0
13939	0
13940	0
13941	0
13942	0
13943	0
13944	0
13945	0
13946	0
13947	0
13948	0
13949	0
13950	0
13951	0
13952	0
13953	0
13954	0
13955	0
13956	0
13957	0
13958	0
13959	0
13960	0
13961	0
13962	0
13963	0
13964	0
13965	0
13966	0
13967	0
13968	0
13969	0
13970	0
13971	0
13972	0
13973	0
13974	0
13975	0
13976	0
13977	0
13978	0
13979	0
13980	0
13981	0
13982	0
13983	0
13984	0
13985	0
13986	0
13987	0
13988	0.303
13989	0.303
13990	0.303
13991	0.303
13992	0.303
13993	0.303
13994	0.303
13995	0.303
13996	0
13997	0
13998	0
13999	0
14000	0
14001	0
14002	0
14003	0
14004	0
14005	0
14006	0
14007	0
14008	0
14009	0
14010	0
14011	0
14012	0
14013	0
14014	0
14015	0
14016	0
14017	0
14018	0
14019	0
14020	0
14021	0
14022	0
14023	0
14024	0
14025	0
14026	0
14027	0
14028	0
14029	0
14030	0
14031	0
14032	0
14033	0
14034	0
14035	0
14036	0
14037	0
14038	0
14039	0
14040	0
14041	0
14042	0
14043	0
14044	0
14045	0
14046	0
14047	0
14048	0
14049	0
14050	0
14051	0
14052	0
14053	0.303
14054	0.303
14055	0.303
14056	0.303
14057	0.303
14058	0.303
14059	0.303
14060	0.303
14061	0
14062	0
14063	0
14064	0
14065	0
14066	0
14067	0
14068	0
14069	0
14070	0
14071	0
14072	0
14073	0
14074	0
14075	0
14076	0
14077	0
14078	0.303
14079	0.303
14080	0.303
14081	0.606
14082	0.91
14083	0.91
14084	0.91
14085	0.91
14086	0.91
14087	1.213
14088	0.91
14089	0.91
14090	0.303
14091	0.303
14092	0.303
14093	0.303
14094	0.303
14095	0.91
14096	0.606
14097	0.606
14098	0.606
14099	0.606
14100	0.606
14101	0.606
14102	0.606
14103	0
14104	0
14105	0
14106	0
14107	0
14108	0
14109	0
14110	0
14111	0
14112	0
14113	0
14114	0
14115	0
14116	0
14117	0
14118	0
14119	0
14120	0.303
14121	0.303
14122	0.303
14123	0.303
14124	0.303
14125	0.303
14126	0.303
14127	0.303
14128	0
14129	0
14130	0
14131	0
14132	0
14133	0
14134	0
14135	0
14136	0
14137	0
14138	0
14139	0
14140	0
14141	0
14142	0
14143	0
14144	0
14145	0
14146	0
14147	0
14148	0
14149	0
14150	0
14151	0
14152	0
14153	0
14154	0
14155	0
14156	0
14157	0
14158	0
14159	0.303
14160	0.303
14161	0.303
14162	0.303
14163	0.303
14164	0.303
14165	0.606
14166	0.606
14167	0.606
14168	0.303
14169	0.303
14170	0.303
14171	0.606
14172	0.606
14173	0.606
14174	0.303
14175	0.303
14176	0.303
14177	0.303
14178	0.606
14179	0.303
14180	0.303
14181	0.303
14182	0.303
14183	0.303
14184	0.303
14185	0.303
14186	0
14187	0
14188	0
14189	0
14190	0
14191	0
14192	0
14193	0
14194	0
14195	0
14196	0
14197	0
14198	0
14199	0
14200	0.303
14201	0.303
14202	0.303
14203	0.606
14204	0.606
14205	1.213
14206	2.122
14207	2.122
14208	1.819
14209	1.819
14210	1.819
14211	1.516
14212	1.516
14213	0.91
14214	0
14215	0
14216	0
14217	0
14218	0
14219	0
14220	0
14221	0
14222	0
14223	0
14224	0
14225	0
14226	0
14227	0
14228	0
14229	0
14230	0.91
14231	0.91
14232	0.91
14233	1.213
14234	1.213
14235	1.213
14236	1.213
14237	1.213
14238	0.303
14239	0.303
14240	0.303
14241	0
14242	0
14243	0
14244	0
14245	0
14246	0
14247	0
14248	0
14249	0
14250	0
14251	0
14252	0
14253	0
14254	0
14255	0
14256	0
14257	0
14258	0
14259	0
14260	0
14261	0
14262	0
14263	0
14264	0
14265	0
14266	0
14267	0
14268	0
14269	0
14270	0
14271	0
14272	0
14273	0
14274	0.606
14275	0.606
14276	0.606
14277	0.606
14278	0.606
14279	0.606
14280	0.606
14281	0.606
14282	0.303
14283	0
14284	0
14285	0
14286	0
14287	0
14288	0
14289	0
14290	0
14291	0
14292	0
14293	0
14294	0
14295	0
14296	0
14297	0
14298	0
14299	0
14300	0
14301	0
14302	0
14303	0
14304	0
14305	0
14306	0
14307	0
14308	0.303
14309	0.606
14310	0.91
14311	0.91
14312	2.122
14313	2.729
14314	2.729
14315	3.032
14316	3.032
14317	2.729
14318	2.122
14319	2.425
14320	1.213
14321	0.91
14322	1.516
14323	1.516
14324	1.516
14325	1.516
14326	1.516
14327	1.213
14328	1.213
14329	0.91
14330	0.303
14331	0
14332	0
14333	0
14334	0
14335	0
14336	0.303
14337	0.303
14338	0.303
14339	0.303
14340	0.303
14341	0.303
14342	0.303
14343	0.303
14344	0
14345	0
14346	0
14347	0
14348	0.303
14349	0.303
14350	0.303
14351	0.303
14352	0.303
14353	0.303
14354	0.606
14355	0.606
14356	0.606
14357	0.606
14358	0.303
14359	0.606
14360	1.213
14361	1.516
14362	1.516
14363	1.516
14364	1.819
14365	2.729
14366	3.335
14367	3.638
14368	2.729
14369	2.729
14370	2.425
14371	2.729
14372	2.425
14373	1.516
14374	1.516
14375	1.213
14376	1.213
14377	0.91
14378	0.606
14379	0.303
14380	0
14381	0
14382	0
14383	0.606
14384	0.606
14385	0.91
14386	1.213
14387	1.213
14388	1.213
14389	1.213
14390	1.213
14391	1.213
14392	0.606
14393	0.303
14394	0.303
14395	0.303
14396	0.303
14397	0.303
14398	0.303
14399	0.303
14400	0.606
14401	0.606
14402	0.303
14403	0.606
14404	0.606
14405	0.606
14406	0.606
14407	0.606
14408	0.606
14409	0.303
14410	0.303
14411	0
14412	0
14413	0
14414	0
14415	0
14416	0
14417	0
14418	0
14419	0
14420	0
14421	0
14422	0
14423	0
14424	0
14425	0
14426	0
14427	0
14428	0
14429	0
14430	0
14431	0
14432	0
14433	0
14434	0
14435	0
14436	0
14437	0
14438	0
14439	0
14440	0.303
14441	0.606
14442	0.606
14443	0.91
14444	0.91
14445	0.91
14446	0.91
14447	0.91
14448	0.91
14449	0.303
14450	0.303
14451	0
14452	0
14453	0
14454	0
14455	0
14456	0
14457	0
14458	0
14459	0
14460	0
14461	0
14462	0
14463	0
14464	0
14465	0
14466	0
14467	0
14468	0
14469	0
14470	0
14471	0
14472	0.303
14473	0.303
14474	0.606
14475	0.606
14476	0.606
14477	0.606
14478	0.91
14479	0.91
14480	0.91
14481	0.606
14482	0.303
14483	0.303
14484	0.303
14485	0.303
14486	0
14487	0
14488	0
14489	0.303
14490	0.303
14491	0.303
14492	0.303
14493	0.303
14494	0.303
14495	0.303
14496	0.303
14497	0
14498	2.729
14499	3.032
14500	3.032
14501	3.032
14502	3.032
14503	3.032
14504	3.032
14505	3.032
14506	3.032
14507	0
14508	0
14509	0
14510	0
14511	0
14512	0
14513	0
14514	0
14515	0
14516	0
14517	0
14518	0.303
14519	0.303
14520	0.606
14521	0.606
14522	0.606
14523	0.606
14524	0.606
14525	0.606
14526	0.303
14527	0.303
14528	0.303
14529	0
14530	0.303
14531	0.303
14532	0.303
14533	0.303
14534	0.303
14535	0.303
14536	0.303
14537	0.303
14538	0
14539	0
14540	0
14541	0
14542	0
14543	0
14544	0
14545	0
14546	0
14547	0
14548	0
14549	0
14550	0
14551	0
14552	0
14553	0
14554	0
14555	0
14556	0
14557	0
14558	0.303
14559	0.303
14560	0.303
14561	0.303
14562	0.303
14563	0.303
14564	0.303
14565	0.303
14566	0
14567	0
14568	0.303
14569	0.606
14570	0.91
14571	0.91
14572	1.213
14573	1.213
14574	1.213
14575	1.213
14576	1.213
14577	0.606
14578	0.606
14579	0.606
14580	0.303
14581	0.303
14582	0.303
14583	0.303
14584	0.303
14585	0.606
14586	0.606
14587	0.91
14588	0.91
14589	0.91
14590	0.91
14591	0.606
14592	0.606
14593	0.606
14594	0.91
14595	0.303
14596	0.303
14597	0.303
14598	0.303
14599	0.303
14600	0.606
14601	0.606
14602	0.303
14603	0.303
14604	0.303
14605	0.303
14606	0.303
14607	0.303
14608	0
14609	0
14610	0
14611	0
14612	0
14613	0.303
14614	0.606
14615	0.91
14616	1.213
14617	2.122
14618	2.425
14619	2.425
14620	2.425
14621	2.122
14622	2.122
14623	2.122
14624	1.516
14625	0.606
14626	0.606
14627	0.606
14628	0.303
14629	0.606
14630	0.91
14631	0.91
14632	0.606
14633	0.606
14634	0.606
14635	0.606
14636	0.606
14637	0.303
14638	0
14639	0
14640	0
14641	0
14642	0
14643	0
14644	0
14645	0
14646	0
14647	0
14648	0
14649	0
14650	0
14651	0.303
14652	0.606
14653	0.91
14654	0.91
14655	0.91
14656	0.91
14657	0.91
14658	0.91
14659	0.606
14660	0.91
14661	0.91
14662	0.91
14663	0.606
14664	0.606
14665	0.606
14666	0.606
14667	0.606
14668	0
14669	0
14670	0
14671	0
14672	0
14673	0
14674	0.303
14675	0.303
14676	0.303
14677	0.303
14678	0.303
14679	0.303
14680	0.91
14681	0.91
14682	0.606
14683	0.606
14684	0.606
14685	0.606
14686	0.606
14687	0.606
14688	0
14689	0
14690	0
14691	0
14692	0
14693	0.303
14694	0.303
14695	0.303
14696	0.303
14697	0.303
14698	0.303
14699	0.303
14700	0.303
14701	0
14702	0
14703	0
14704	0
14705	0
14706	0
14707	0
14708	0
14709	0
14710	0
14711	0
14712	0
14713	0
14714	0
14715	0
14716	0
14717	0
14718	0
14719	0
14720	0
14721	0
14722	0
14723	0
14724	0
14725	0
14726	0
14727	0
14728	0
14729	0
14730	0
14731	0
14732	0
14733	0
14734	0
14735	0
14736	0.303
14737	0.303
14738	0.303
14739	0.303
14740	0.303
14741	0.303
14742	0.303
14743	0.303
14744	0
14745	0
14746	0.303
14747	0.606
14748	0.606
14749	0.606
14750	0.606
14751	0.606
14752	0.606
14753	0.606
14754	0.303
14755	0
14756	0
14757	0
14758	0
14759	0
14760	0
14761	0
14762	0
14763	0
14764	0
14765	0
14766	0
14767	0
14768	0
14769	0
14770	0
14771	0
14772	0
14773	0
14774	0
14775	0
14776	0
14777	0
14778	0
14779	0
14780	0
14781	0
14782	0
14783	0
14784	0
14785	0
14786	0
14787	0
14788	0
14789	0
14790	0
14791	0
14792	0
14793	0.303
14794	0.303
14795	0.303
14796	0.303
14797	0.303
14798	0.303
14799	0.606
14800	0.606
14801	0.606
14802	0.91
14803	0.91
14804	0.91
14805	0.606
14806	0.91
14807	0.91
14808	0.606
14809	0.606
14810	0.303
14811	0.303
14812	0.303
14813	0.303
14814	0.303
14815	0
14816	0
14817	0
14818	0
14819	0
14820	0
14821	0
14822	0
14823	0
14824	0
14825	0
14826	0
14827	0
14828	0.606
14829	0.606
14830	0.606
14831	0.606
14832	0.606
14833	0.606
14834	0.606
14835	0.606
14836	0
14837	0
14838	0
14839	0
14840	0
14841	0
14842	0
14843	0
14844	0
14845	0
14846	0
14847	0
14848	0
14849	0
14850	0
14851	0
14852	0
14853	0
14854	0
14855	0
14856	0
14857	0
14858	0.303
14859	0.303
14860	0.91
14861	0.91
14862	1.213
14863	1.213
14864	1.213
14865	1.213
14866	0.91
14867	0.91
14868	0.606
14869	0.606
14870	0.303
14871	0.303
14872	0.303
14873	0.303
14874	0.303
14875	0.303
14876	0.606
14877	0.303
14878	0.303
14879	0.303
14880	0.303
14881	0.303
14882	0.606
14883	1.213
14884	2.425
14885	4.548
14886	4.851
14887	4.851
14888	4.851
14889	4.851
14890	4.548
14891	3.941
14892	3.335
14893	0.606
14894	0
14895	0.303
14896	0.303
14897	0.303
14898	0.303
14899	0.303
14900	0.303
14901	0.303
14902	0.303
14903	0
14904	0
14905	0
14906	0
14907	0
14908	0
14909	0
14910	0
14911	0
14912	0
14913	0.303
14914	0.303
14915	0.303
14916	0.303
14917	0.303
14918	0.303
14919	0.303
14920	0.303
14921	0.606
14922	0.606
14923	0.303
14924	0.303
14925	0.303
14926	0.606
14927	0.606
14928	0.606
14929	0.606
14930	0.606
14931	0.303
14932	0.303
14933	0.303
14934	0.303
14935	0.303
14936	0.303
14937	0.303
14938	0.303
14939	0.303
14940	0.303
14941	0.303
14942	0.303
14943	0
14944	0
14945	0
14946	0
14947	0
14948	0
14949	0
14950	0
14951	0
14952	0
14953	0
14954	0
14955	0
14956	0
14957	0
14958	0
14959	0
14960	0
14961	0
14962	0
14963	0
14964	0
14965	0
14966	0
14967	0
14968	0
14969	0
14970	0
14971	0
14972	0
14973	0
14974	0
14975	0
14976	0
14977	0
14978	0
14979	0
14980	0
14981	0
14982	0
14983	0
14984	0
14985	0
14986	0
14987	0
14988	0
14989	0
14990	0.606
14991	0.606
14992	0.606
14993	0.606
14994	0.606
14995	0.606
14996	0.606
14997	1.213
14998	0.606
14999	0.606
15000	0.606
15001	0.606
15002	0.606
15003	0.606
15004	0.606
15005	0.303
15006	0
15007	0
15008	0
15009	0
15010	0
15011	0.303
15012	0.303
15013	0.303
15014	0.303
15015	0.303
15016	0.303
15017	0.303
15018	0.303
15019	0.303
15020	0
15021	0
15022	0
15023	0
15024	0
15025	0
15026	0
15027	0
15028	0
15029	0
15030	0
15031	0
15032	0
15033	0
15034	0
15035	0
15036	0
15037	0
15038	0
15039	0
15040	0.303
15041	0.303
15042	0.303
15043	0.303
15044	0.303
15045	0.303
15046	0.303
15047	0.303
15048	0
15049	0.606
15050	0.606
15051	0.606
15052	0.606
15053	0.606
15054	0.606
15055	0.606
15056	0.606
15057	0
15058	0
15059	0
15060	0.303
15061	0.303
15062	0.303
15063	0.303
15064	0.303
15065	0.606
15066	0.606
15067	0.606
15068	0.303
15069	0.303
15070	0.303
15071	0.303
15072	0.303
15073	0
15074	0
15075	0
15076	0.303
15077	0.606
15078	0.606
15079	0.606
15080	0.606
15081	0.606
15082	0.606
15083	0.606
15084	0.606
15085	0.606
15086	0.606
15087	0.606
15088	0.91
15089	0.91
15090	0.91
15091	0.91
15092	0.91
15093	1.516
15094	1.516
15095	1.516
15096	0.606
15097	0.606
15098	0.606
15099	0.606
15100	0.606
15101	0
15102	0
15103	0
15104	0
15105	0
15106	0
15107	0
15108	0
15109	0
15110	0
15111	0
15112	0
15113	0
15114	0
15115	0
15116	0
15117	0
15118	0.303
15119	0.303
15120	0.303
15121	0.303
15122	0.303
15123	0.303
15124	0.303
15125	0.303
15126	0
15127	0
15128	0
15129	0
15130	0
15131	0
15132	0
15133	0
15134	0
15135	0
15136	0
15137	0
15138	0
15139	0
15140	0
15141	0
15142	0
15143	0
15144	0
15145	0
15146	0
15147	0
15148	0
15149	0
15150	0
15151	0
15152	0
15153	0
15154	0
15155	0
15156	0
15157	0
15158	0
15159	0
15160	0
15161	0
15162	0
15163	0
15164	0
15165	0
15166	0
15167	0.91
15168	0.91
15169	0.91
15170	0.91
15171	1.516
15172	1.516
15173	2.122
15174	2.425
15175	1.819
15176	2.122
15177	2.122
15178	2.122
15179	1.516
15180	1.516
15181	0.91
15182	0.91
15183	0.606
15184	0.91
15185	0.303
15186	0.303
15187	0.303
15188	0.303
15189	0.303
15190	0.606
15191	0.606
15192	0.303
15193	0.303
15194	0.606
15195	0.606
15196	0.91
15197	0.91
15198	0.606
15199	0.606
15200	0.606
15201	0.606
15202	0.606
15203	0.303
15204	0
15205	0
15206	0
15207	0
15208	0
15209	0
15210	0
15211	0
15212	0
15213	0
15214	0
15215	0
15216	0
15217	0
15218	0
15219	0
15220	0
15221	0
15222	0
15223	0
15224	0
15225	0
15226	0
15227	0
15228	0.303
15229	0.303
15230	0.303
15231	0.303
15232	0.303
15233	0.606
15234	0.606
15235	0.606
15236	0.91
15237	0.606
15238	0.606
15239	0.91
15240	1.213
15241	1.213
15242	1.213
15243	1.213
15244	0.606
15245	0.606
15246	0.606
15247	0.606
15248	0.303
15249	0.303
15250	0.303
15251	0.303
15252	0.303
15253	0.303
15254	0.303
15255	0
15256	0.606
15257	0.606
15258	0.606
15259	0.606
15260	1.516
15261	0
15262	0
15263	0
15264	0
15265	0
15266	0
15267	0
15268	0
15269	0
15270	0
15271	1.516
15272	0.303
15273	0.606
15274	0.606
15275	0.606
15276	0.606
15277	0.606
15278	0.91
15279	0.606
15280	0.606
15281	0.303
15282	0.303
15283	0.303
15284	0.303
15285	0.303
15286	0.303
15287	0
15288	0
15289	0
15290	0
15291	0
15292	0
15293	0
15294	0
15295	0
15296	0
15297	0
15298	0
15299	0
15300	0.303
15301	0.303
15302	0.303
15303	0.303
15304	0.303
15305	0.303
15306	0.303
15307	0.303
15308	0
15309	0
15310	0
15311	0
15312	0
15313	0
15314	0
15315	0
15316	0
15317	0
15318	0
15319	0
15320	0
15321	0
15322	0
15323	0
15324	0
15325	0
15326	0
15327	0
15328	0
15329	0
15330	0
15331	0
15332	0
15333	0
15334	0
15335	0
15336	0
15337	0
15338	0
15339	0
15340	0
15341	0
15342	0
15343	0
15344	0
15345	0
15346	0
15347	0
15348	0
15349	0
15350	0
15351	0
15352	0
15353	0
15354	0
15355	0
15356	0.303
15357	0.303
15358	0.303
15359	0.303
15360	0.303
15361	0.606
15362	0.606
15363	0.606
15364	0.606
15365	0.606
15366	0.303
15367	0.303
15368	0.303
15369	0
15370	0
15371	0
15372	0
15373	0
15374	0
15375	0
15376	0
15377	0
15378	0
15379	0
15380	0
15381	0
15382	0
15383	0
15384	0
15385	0
15386	0
15387	0
15388	0
15389	0
15390	0
15391	0
15392	0
15393	0
15394	0
15395	0
15396	0
15397	0
15398	0
15399	0
15400	0
15401	0
15402	0
15403	0
15404	0
15405	0
15406	0
15407	0
15408	0
15409	0
15410	0
15411	0
15412	0
15413	0
15414	0
15415	0
15416	0
15417	0
15418	0
15419	0
15420	0
15421	0
15422	0
15423	0
15424	0
15425	0
15426	0
15427	0.303
15428	0.303
15429	0.303
15430	0.303
15431	0.303
15432	0.303
15433	0.303
15434	0.303
15435	0
15436	0.303
15437	0.303
15438	0.303
15439	0.303
15440	0.606
15441	0.606
15442	0.606
15443	0.606
15444	0.606
15445	0.606
15446	0.91
15447	0.91
15448	0.606
15449	0.606
15450	0.606
15451	0.606
15452	0.303
15453	0.303
15454	0.303
15455	0.303
15456	0.606
15457	0.606
15458	0.606
15459	0.606
15460	0.606
15461	0.606
15462	0.606
15463	0.303
15464	0
15465	0
15466	0
15467	0
15468	0
15469	0.303
15470	0.303
15471	0.303
15472	0.303
15473	0.303
15474	0.303
15475	0.303
15476	0.303
15477	0
15478	0
15479	0
15480	0
15481	0
15482	0.303
15483	0.606
15484	0.606
15485	0.91
15486	1.213
15487	1.213
15488	1.516
15489	1.516
15490	1.213
15491	0.91
15492	0.91
15493	0.606
15494	0.303
15495	0.303
15496	0
15497	0.303
15498	0.303
15499	0.303
15500	0.303
15501	0.303
15502	0.303
15503	0.91
15504	0.91
15505	0.91
15506	0.606
15507	0.606
15508	0.606
15509	0.91
15510	0.91
15511	0.606
15512	0.303
15513	0.303
15514	0.303
15515	0.303
15516	0.303
15517	0.303
15518	0
15519	0
15520	0
15521	0
15522	0
15523	0
15524	0
15525	0
15526	0
15527	0
15528	0
15529	0
15530	0
15531	0
15532	0
15533	0
15534	0
15535	0
15536	0
15537	0
15538	0
15539	0
15540	0
15541	0
15542	0
15543	0
15544	0
15545	0
15546	0
15547	0
15548	0
15549	0
15550	0
15551	0
15552	0
15553	0
15554	0
15555	0.303
15556	0.303
15557	0.303
15558	0.303
15559	0.303
15560	0.303
15561	0.303
15562	0.606
15563	0.303
15564	0.303
15565	0.303
15566	0.303
15567	0.606
15568	0.606
15569	0.606
15570	0.606
15571	0.303
15572	0.303
15573	0.303
15574	0.303
15575	0
15576	0
15577	0
15578	0
15579	0
15580	0
15581	0
15582	0
15583	0
15584	0
15585	0
15586	0
15587	0
15588	0
15589	0
15590	0
15591	0
15592	0
15593	0
15594	0
15595	0
15596	0
15597	0
15598	0
15599	0
15600	0
15601	0
15602	0
15603	0
15604	0
15605	0
15606	0.303
15607	0.303
15608	0.303
15609	0.303
15610	0.303
15611	0.303
15612	0.303
15613	0.303
15614	0
15615	0
15616	0
15617	0
15618	0
15619	0
15620	0
15621	0
15622	0
15623	0
15624	0
15625	0
15626	0
15627	0.303
15628	0.303
15629	0.303
15630	0.303
15631	0.606
15632	0.91
15633	0.91
15634	1.516
15635	1.516
15636	1.516
15637	1.213
15638	1.213
15639	1.213
15640	1.213
15641	1.213
15642	0.91
15643	0.303
15644	0.303
15645	0.303
15646	0.303
15647	0
15648	0
15649	0
15650	0.606
15651	0.606
15652	0.606
15653	0.606
15654	0.606
15655	0.606
15656	0.606
15657	0.606
15658	0
15659	0
15660	0
15661	0
15662	0
15663	0
15664	0
15665	0
15666	0
15667	0
15668	0.303
15669	0.303
15670	0.303
15671	0.303
15672	0.303
15673	0.303
15674	0.303
15675	0.303
15676	0
15677	0
15678	0
15679	0
15680	0
15681	0
15682	0
15683	0
15684	0
15685	0
15686	0
15687	0
15688	0
15689	0
15690	0
15691	0
15692	0
15693	0
15694	0
15695	0
15696	0.303
15697	0.303
15698	0.303
15699	0.303
15700	0.303
15701	0.303
15702	0.303
15703	0.303
15704	0.303
15705	0
15706	0
15707	0.606
15708	0.606
15709	0.606
15710	0.606
15711	0.606
15712	0.606
15713	0.606
15714	0.91
15715	0.303
15716	0.303
15717	0.303
15718	0.303
15719	0.91
15720	0.91
15721	0.91
15722	0.91
15723	0.606
15724	0.606
15725	0.91
15726	0.91
15727	0.303
15728	0.303
15729	0.606
15730	0.606
15731	0.91
15732	1.516
15733	1.819
15734	1.819
15735	2.122
15736	2.122
15737	1.819
15738	1.819
15739	1.516
15740	1.213
15741	0.91
15742	0.91
15743	1.213
15744	0.91
15745	0.91
15746	1.213
15747	0.91
15748	0.606
15749	0.303
15750	0.303
15751	0.303
15752	0.303
15753	0.303
15754	0
15755	0.303
15756	0.303
15757	0.303
15758	0.303
15759	0.303
15760	0.303
15761	0.91
15762	0.91
15763	0.606
15764	0.606
15765	0.606
15766	0.606
15767	0.606
15768	0.606
15769	0
15770	0
15771	0
15772	0
15773	0
15774	0
15775	0
15776	0
15777	0
15778	0
15779	0
15780	0
15781	0
15782	0
15783	0
15784	0
15785	0
15786	0
15787	0
15788	0
15789	0
15790	0
15791	0
15792	0
15793	0
15794	0
15795	0
15796	0
15797	0.303
15798	0.303
15799	0.303
15800	0.303
15801	0.303
15802	0.303
15803	0.303
15804	0.303
15805	0.303
15806	0.303
15807	0
15808	0
15809	0
15810	0.303
15811	0.303
15812	0.303
15813	0.303
15814	0.606
15815	0.606
15816	0.606
15817	0.606
15818	0.303
15819	0.303
15820	0.303
15821	0.303
15822	0
15823	0
15824	0
15825	0
15826	0
15827	0
15828	0
15829	0
15830	0
15831	0
15832	0
15833	0
15834	0
15835	0
15836	0
15837	0
15838	0
15839	0
15840	0
15841	0
15842	0
15843	0
15844	0
15845	0
15846	0
15847	0
15848	0
15849	0
15850	0
15851	0
15852	0
15853	0
15854	0
15855	0
15856	0
15857	0
15858	0
15859	0.303
15860	0.303
15861	0.303
15862	0.303
15863	0.303
15864	0.303
15865	0.303
15866	0.303
15867	0
15868	0
15869	0
15870	0
15871	0
15872	0
15873	0
15874	0
15875	0
15876	0
15877	0
15878	0
15879	0
15880	0
15881	0
15882	0
15883	0
15884	0
15885	0
15886	0
15887	0
15888	0
15889	0
15890	0
15891	0
15892	0
15893	0
15894	0
15895	0
15896	0
15897	0
15898	0
15899	0.303
15900	0.303
15901	0.303
15902	0.303
15903	0.303
15904	0.303
15905	0.303
15906	0.303
15907	0
15908	0
15909	0.91
15910	1.213
15911	1.213
15912	1.213
15913	1.213
15914	1.213
15915	1.213
15916	1.213
15917	0.303
15918	0
15919	0
15920	0
15921	0
15922	0
15923	0
15924	0
15925	0
15926	0
15927	0
15928	0
15929	0
15930	0
15931	0
15932	0
15933	0
15934	0.303
15935	0.303
15936	0.303
15937	0.303
15938	0.303
15939	0.303
15940	0.303
15941	0.303
15942	0
15943	0
15944	0
15945	0
15946	0
15947	0
15948	0
15949	0
15950	0
15951	0
15952	0
15953	0
15954	0
15955	0
15956	0
15957	0
15958	0
15959	0
15960	0.303
15961	0.303
15962	0.303
15963	0.303
15964	0.303
15965	0.303
15966	0.303
15967	0.303
15968	0
15969	0
15970	0
15971	0
15972	0
15973	0
15974	0
15975	0
15976	0
15977	0
15978	0
15979	0
15980	0
15981	0
15982	0
15983	0
15984	0
15985	0.303
15986	0.303
15987	0.303
15988	0.303
15989	0.303
15990	0.303
15991	0.303
15992	0.303
15993	0
15994	0
15995	0
15996	0
15997	0
15998	0
15999	0
16000	0
16001	0
16002	0
16003	0
16004	0
16005	0
16006	0
16007	0.303
16008	0.303
16009	0.303
16010	0.303
16011	0.303
16012	0.606
16013	0.606
16014	0.91
16015	0.91
16016	0.606
16017	0.606
16018	0.606
16019	0.606
16020	0.303
16021	0.606
16022	0.606
16023	1.213
16024	1.213
16025	1.213
16026	1.213
16027	1.213
16028	1.516
16029	1.516
16030	2.425
16031	1.819
16032	1.819
16033	1.819
16034	1.819
16035	1.819
16036	1.819
16037	1.516
16038	0
16039	0
16040	0
16041	0
16042	0
16043	0
16044	0
16045	0
16046	0.303
16047	0.303
16048	0.303
16049	0.303
16050	0.303
16051	0.303
16052	0.303
16053	0.303
16054	0
16055	0
16056	0
16057	0
16058	0
16059	0
16060	0
16061	0
16062	0
16063	0
16064	0.303
16065	0.303
16066	0.303
16067	0.303
16068	0.303
16069	0.303
16070	0.303
16071	0.303
16072	0
16073	0
16074	0
16075	0
16076	0
16077	0
16078	0
16079	0
16080	0
16081	0
16082	0
16083	0
16084	0
16085	0
16086	0
16087	0
16088	0
16089	0
16090	0.303
16091	0.303
16092	0.303
16093	0.303
16094	0.303
16095	0.303
16096	0.303
16097	0.606
16098	0.303
16099	0.303
16100	0.303
16101	0.303
16102	0.303
16103	0.303
16104	0.303
16105	0
16106	0
16107	0
16108	0
16109	0
16110	0
16111	0
16112	0
16113	0
16114	0
16115	0
16116	0
16117	0
16118	0
16119	0
16120	0
16121	0
16122	0
16123	0.303
16124	0.303
16125	0.303
16126	0.303
16127	0.303
16128	0.303
16129	0.303
16130	0.303
16131	0
16132	0
16133	0
16134	0
16135	0
16136	0
16137	0
16138	0
16139	0
16140	0
16141	0
16142	0
16143	0
16144	0
16145	0.303
16146	0.303
16147	0.303
16148	0.303
16149	0.303
16150	0.303
16151	0.303
16152	0.303
16153	0
16154	0.303
16155	0.606
16156	0.606
16157	0.606
16158	0.91
16159	0.91
16160	0.91
16161	0.91
16162	0.606
16163	0.303
16164	0.303
16165	0.303
16166	0.303
16167	0
16168	0
16169	0
16170	0
16171	0
16172	0
16173	0
16174	0
16175	0
16176	0
16177	0
16178	0
16179	0
16180	0
16181	0.303
16182	0.303
16183	0.303
16184	0.303
16185	0
16186	0
16187	0
16188	0
16189	0
16190	0
16191	0
16192	0
16193	0
16194	0
16195	0
16196	0
16197	0
16198	0
16199	0
16200	0
16201	0
16202	0
16203	0
16204	0
16205	0
16206	0
16207	0
16208	0
16209	0
16210	0
16211	0
16212	0
16213	0
16214	0
16215	0
16216	0
16217	0
16218	0
16219	0
16220	0
16221	0
16222	0.303
16223	0.303
16224	0.303
16225	0.303
16226	0.303
16227	0.303
16228	0.303
16229	0.303
16230	0
16231	0
16232	0
16233	0
16234	0
16235	0
16236	0
16237	0
16238	0
16239	0
16240	0
16241	0.303
16242	0.303
16243	0.303
16244	0.303
16245	0.303
16246	0.606
16247	1.516
16248	1.516
16249	1.213
16250	1.213
16251	1.213
16252	1.213
16253	1.213
16254	1.819
16255	0.91
16256	0.91
16257	0.91
16258	0.91
16259	0.91
16260	1.213
16261	1.213
16262	0.606
16263	0.606
16264	0.606
16265	0.606
16266	0.606
16267	0.606
16268	0.606
16269	0.606
16270	0.303
16271	0
16272	0
16273	0
16274	0
16275	0
16276	0.303
16277	0.303
16278	0.303
16279	0.303
16280	0.303
16281	0.303
16282	0.303
16283	0.303
16284	0.303
16285	0
16286	0
16287	0
16288	0.303
16289	0.91
16290	0.91
16291	0.91
16292	0.91
16293	0.91
16294	0.91
16295	0.91
16296	0.91
16297	0
16298	0
16299	0
16300	0
16301	0
16302	0
16303	0
16304	0
16305	0
16306	0
16307	0
16308	0
16309	0
16310	0
16311	0
16312	0
16313	0.303
16314	0.303
16315	0.303
16316	0.303
16317	0.303
16318	0.303
16319	0.303
16320	0.303
16321	0.303
16322	0
16323	0
16324	0
16325	0
16326	0
16327	0
16328	0
16329	0
16330	0
16331	0
16332	0
16333	0
16334	0.303
16335	0.303
16336	0.303
16337	0.303
16338	0.303
16339	0.303
16340	0.606
16341	0.606
16342	0.303
16343	0.303
16344	0.606
16345	0.91
16346	0.91
16347	0.91
16348	0.606
16349	0.91
16350	0.91
16351	0.91
16352	0.606
16353	0.606
16354	0.303
16355	0.303
16356	0.303
16357	0
16358	0
16359	0
16360	0
16361	0
16362	0
16363	0
16364	0
16365	0
16366	0
16367	0
16368	0
16369	0
16370	0
16371	0
16372	0
16373	0
16374	0
16375	0.303
16376	0.303
16377	0.303
16378	0.303
16379	0.303
16380	0.606
16381	0.91
16382	1.516
16383	1.213
16384	1.213
16385	1.516
16386	1.516
16387	1.516
16388	1.516
16389	0.91
16390	0.303
16391	0.303
16392	0.303
16393	0
16394	0
16395	0
16396	0
16397	0
16398	0
16399	0
16400	0
16401	0
16402	0
16403	0
16404	0
16405	0
16406	0
16407	0.303
16408	0.303
16409	0.303
16410	0.303
16411	0.303
16412	0.303
16413	0.91
16414	0.91
16415	0.606
16416	0.606
16417	0.606
16418	0.606
16419	0.91
16420	1.213
16421	0.91
16422	0.606
16423	0.606
16424	0.91
16425	0.91
16426	0.91
16427	0.606
16428	0.606
16429	0.606
16430	0.606
16431	0.606
16432	1.213
16433	0.91
16434	1.516
16435	1.516
16436	1.213
16437	0.91
16438	0.91
16439	1.516
16440	1.213
16441	1.213
16442	0.91
16443	1.213
16444	1.516
16445	1.819
16446	1.819
16447	2.122
16448	1.516
16449	1.516
16450	1.819
16451	1.213
16452	1.213
16453	0.91
16454	0.91
16455	0.606
16456	0.606
16457	0.606
16458	0.303
16459	0.303
16460	0.303
16461	0
16462	0.303
16463	0.303
16464	0.303
16465	0.303
16466	0.303
16467	0.303
16468	0
16469	0
16470	0
16471	0.303
16472	0.303
16473	0.606
16474	0.606
16475	0.606
16476	0.606
16477	0.606
16478	0.606
16479	0.303
16480	0.303
16481	0.303
16482	0
16483	0
16484	0
16485	0
16486	0
16487	0
16488	0
16489	0
16490	0
16491	0
16492	0
16493	0
16494	0
16495	0
16496	0
16497	0
16498	0
16499	0
16500	0
16501	0
16502	0
16503	0
16504	0
16505	0
16506	0
16507	0
16508	0
16509	0
16510	0
16511	0
16512	0
16513	0
16514	0
16515	0
16516	0
16517	0
16518	0
16519	0
16520	0
16521	0
16522	0
16523	0
16524	0
16525	0.303
16526	0.303
16527	0.303
16528	0.606
16529	3.335
16530	7.579
16531	7.883
16532	7.883
16533	7.579
16534	7.579
16535	7.579
16536	7.579
16537	7.276
16538	5.76
16539	3.032
16540	0.303
16541	0
16542	0
16543	0
16544	0
16545	0
16546	0
16547	0
16548	0
16549	0
16550	0
16551	0
16552	0
16553	0
16554	0
16555	0
16556	0
16557	0
16558	0
16559	0
16560	0
16561	0
16562	0
16563	0
16564	0
16565	0
16566	0
16567	0
16568	0
16569	0
16570	0
16571	0
16572	0
16573	0
16574	0
16575	0
16576	0
16577	0
16578	0
16579	0
16580	0
16581	0
16582	0.303
16583	0.606
16584	0.606
16585	0.91
16586	1.213
16587	1.213
16588	1.213
16589	1.213
16590	1.516
16591	1.213
16592	1.213
16593	0.91
16594	0.606
16595	1.516
16596	1.819
16597	1.819
16598	1.819
16599	1.516
16600	1.213
16601	1.213
16602	2.122
16603	1.213
16604	0.91
16605	0.91
16606	0.91
16607	0.91
16608	0.91
16609	0.91
16610	0
16611	0
16612	0
16613	0
16614	0
16615	0
16616	0
16617	0
16618	0
16619	0
16620	0
16621	0
16622	0
16623	0
16624	0
16625	0
16626	0
16627	0
16628	0
16629	0
16630	0
16631	0
16632	0
16633	0
16634	0
16635	0
16636	0
16637	0
16638	0.303
16639	0.303
16640	0.303
16641	0.303
16642	0.606
16643	0.606
16644	0.606
16645	0.606
16646	0.303
16647	0.303
16648	0.303
16649	0.303
16650	0
16651	0.303
16652	0.303
16653	0.303
16654	0.303
16655	0.303
16656	0.303
16657	0.303
16658	0.303
16659	0
16660	0
16661	0
16662	0
16663	0
16664	0
16665	0.303
16666	0.303
16667	0.303
16668	0.303
16669	0.303
16670	0.303
16671	0.303
16672	0.606
16673	0.303
16674	0.303
16675	0.303
16676	0.303
16677	0.303
16678	0.303
16679	0.303
16680	0
16681	0
16682	0
16683	0
16684	0
16685	0
16686	0
16687	0
16688	0
16689	0
16690	0
16691	0
16692	0
16693	0.303
16694	0.303
16695	0.303
16696	0.606
16697	0.606
16698	0.606
16699	1.213
16700	1.516
16701	1.213
16702	1.213
16703	1.213
16704	1.213
16705	1.213
16706	1.516
16707	1.516
16708	0.91
16709	0.91
16710	0.91
16711	0.91
16712	0.606
16713	0.606
16714	0.606
16715	0
16716	0
16717	0
16718	0
16719	0
16720	0
16721	0
16722	0
16723	0
16724	0
16725	0
16726	0
16727	0
16728	0
16729	0
16730	0
16731	0
16732	0.303
16733	0.303
16734	0.303
16735	0.606
16736	0.303
16737	1.213
16738	1.213
16739	1.213
16740	1.213
16741	1.213
16742	1.213
16743	0.91
16744	0.91
16745	0
16746	0
16747	0
16748	0
16749	0
16750	0
16751	0
16752	0
16753	0
16754	0
16755	0
16756	0
16757	0
16758	0
16759	0
16760	0
16761	0
16762	0.303
16763	0.303
16764	0.303
16765	0.606
16766	0.606
16767	0.606
16768	0.606
16769	0.91
16770	0.91
16771	0.91
16772	0.606
16773	0.303
16774	0.303
16775	0.303
16776	0.303
16777	0
16778	0
16779	0
16780	0
16781	0
16782	0
16783	0
16784	0
16785	0
16786	0
16787	0.303
16788	0.303
16789	0.303
16790	0.303
16791	0.303
16792	0.606
16793	0.606
16794	0.606
16795	0.303
16796	0.303
16797	0.303
16798	0.303
16799	0.303
16800	0
16801	0
16802	0
16803	0
16804	0
16805	0
16806	0
16807	0
16808	0
16809	0
16810	0
16811	0
16812	0
16813	0
16814	0
16815	0
16816	0
16817	0
16818	0
16819	0
16820	0
16821	0
16822	0
16823	0
16824	0
16825	0
16826	0
16827	0
16828	0
16829	0
16830	0
16831	0.303
16832	0.303
16833	0.303
16834	0.606
16835	0.606
16836	0.606
16837	0.606
16838	0.606
16839	0.303
16840	0.606
16841	0.606
16842	0.303
16843	0.303
16844	0.303
16845	0.303
16846	0.303
16847	0.303
16848	0
16849	0
16850	0
16851	0
16852	0
16853	0
16854	0.303
16855	0.303
16856	0.303
16857	0.303
16858	0.303
16859	0.303
16860	0.303
16861	0.303
16862	0.303
16863	0
16864	0
16865	0
16866	0
16867	0
16868	0
16869	0
16870	0
16871	0
16872	0
16873	0
16874	0
16875	0
16876	0
16877	0
16878	0
16879	0
16880	0
16881	0
16882	0
16883	0
16884	0
16885	0
16886	0
16887	0
16888	0
16889	0
16890	0
16891	0
16892	0
16893	0
16894	0
16895	0
16896	0
16897	0
16898	0
16899	0
16900	0
16901	0
16902	0
16903	0
16904	0
16905	0
16906	0
16907	0
16908	0
16909	0
16910	0
16911	0
16912	0
16913	0
16914	0
16915	0
16916	0
16917	0
16918	0
16919	0
16920	0
16921	0
16922	0
16923	0
16924	0
16925	0
16926	0.303
16927	0.303
16928	0.303
16929	0.303
16930	0.303
16931	0.303
16932	0.303
16933	0.303
16934	0
16935	0.303
16936	0.303
16937	0.303
16938	0.303
16939	0.606
16940	1.213
16941	1.213
16942	1.516
16943	1.213
16944	1.516
16945	1.516
16946	1.516
16947	1.213
16948	0.91
16949	0.606
16950	0.303
16951	0.606
16952	0.303
16953	0.303
16954	0.606
16955	0.91
16956	0.91
16957	1.213
16958	1.213
16959	1.516
16960	1.516
16961	1.516
16962	1.516
16963	1.213
16964	0.91
16965	0.606
16966	1.213
16967	1.213
16968	0.606
16969	0.606
16970	0.606
16971	0.606
16972	0.91
16973	0.91
16974	0.303
16975	0.303
16976	0.303
16977	0.303
16978	0.303
16979	0.303
16980	0
16981	0
16982	0
16983	0
16984	0
16985	0
16986	0
16987	0
16988	0.303
16989	0.303
16990	0.303
16991	0.606
16992	0.606
16993	0.606
16994	0.606
16995	0.606
16996	0.303
16997	0.303
16998	0.606
16999	0.303
17000	0.303
17001	0.303
17002	0.303
17003	0.303
17004	0.303
17005	0.303
17006	0.303
17007	0
17008	0
17009	0
17010	0
17011	0
17012	0
17013	0
17014	0
17015	0
17016	0
17017	0
17018	0
17019	0
17020	0
17021	0
17022	0
17023	0
17024	0
17025	0
17026	0
17027	0
17028	0
17029	0
17030	0
17031	0
17032	0
17033	0
17034	0
17035	0
17036	0
17037	0
17038	0
17039	0
17040	0
17041	0
17042	0
17043	0
17044	0
17045	0
17046	0
17047	0
17048	0
17049	0
17050	0
17051	0
17052	0
17053	0
17054	0
17055	0
17056	0
17057	0
17058	0
17059	0
17060	0
17061	0
17062	0
17063	0
17064	0
17065	0
17066	0
17067	0
17068	0
17069	0
17070	0
17071	0
17072	0
17073	0
17074	0
17075	0
17076	0
17077	0
17078	0
17079	0
17080	0
17081	0
17082	0
17083	0
17084	0
17085	0
17086	0
17087	0
17088	0
17089	0
17090	0
17091	0
17092	0
17093	0
17094	0.303
17095	0.303
17096	0.303
17097	0.303
17098	0.303
17099	0.303
17100	0.303
17101	0.303
17102	0
17103	0
17104	0
17105	0
17106	0
17107	0
17108	0
17109	0
17110	0
17111	0
17112	0
17113	0
17114	0
17115	0
17116	0
17117	0
17118	0
17119	0
17120	0
17121	0
17122	0.303
17123	0.606
17124	0.606
17125	1.213
17126	1.213
17127	2.425
17128	2.425
17129	2.729
17130	3.032
17131	3.638
17132	3.638
17133	3.638
17134	3.638
17135	3.335
17136	2.425
17137	2.425
17138	2.122
17139	2.122
17140	1.819
17141	1.819
17142	1.516
17143	1.819
17144	1.516
17145	0.91
17146	0.91
17147	0.303
17148	0.303
17149	0.303
17150	0.303
17151	0
17152	0
17153	0
17154	0.303
17155	0.303
17156	0.606
17157	0.606
17158	0.606
17159	0.606
17160	0.606
17161	0.606
17162	0.303
17163	0.303
17164	0
17165	0
17166	0
17167	0
17168	0
17169	0
17170	0
17171	0
17172	0
17173	0
17174	0
17175	0
17176	0
17177	0
17178	0
17179	0
17180	0
17181	0
17182	0
17183	0
17184	0
17185	0
17186	0
17187	0
17188	0
17189	0
17190	0.303
17191	0.303
17192	0.303
17193	0.606
17194	0.606
17195	0.91
17196	1.213
17197	1.213
17198	0.91
17199	0.91
17200	1.213
17201	0.91
17202	0.91
17203	0.606
17204	0.606
17205	0.606
17206	0.303
17207	0.606
17208	0.303
17209	0.303
17210	0.606
17211	0.606
17212	0.606
17213	0.606
17214	0.606
17215	0.303
17216	0.606
17217	0.91
17218	0.91
17219	0.91
17220	0.606
17221	0.606
17222	0.606
17223	0.91
17224	0.606
17225	0.303
17226	0.303
17227	0.606
17228	0.606
17229	0.91
17230	0.91
17231	0.606
17232	0.606
17233	0.606
17234	0.606
17235	0.303
17236	0.606
17237	0.606
17238	0.303
17239	0.303
17240	0.303
17241	0.303
17242	0.303
17243	0.303
17244	0.303
17245	0
17246	0
17247	0
17248	0.303
17249	0.303
17250	0.91
17251	0.91
17252	0.606
17253	0.606
17254	0.606
17255	0.91
17256	0.91
17257	0.91
17258	0.303
17259	0.606
17260	0.606
17261	0.606
17262	0.91
17263	0.91
17264	0.91
17265	0.606
17266	0.606
17267	0.606
17268	0.303
17269	0.303
17270	0.303
17271	0.303
17272	0.606
17273	0.606
17274	0.91
17275	0.91
17276	0.606
17277	0.606
17278	0.606
17279	0.606
17280	0.606
17281	0.303
17282	0.606
17283	0.606
17284	0.606
17285	0.606
17286	0.606
17287	0.606
17288	0.606
17289	0.606
17290	0
17291	0
17292	0
17293	0
17294	0
17295	0
17296	0
17297	0
17298	0.303
17299	0.303
17300	0.303
17301	0.303
17302	0.303
17303	0.303
17304	0.303
17305	0.303
17306	0
17307	0
17308	0
17309	0
17310	0
17311	0
17312	0
17313	0
17314	0
17315	0
17316	0
17317	0
17318	0
17319	0
17320	0
17321	0
17322	0
17323	0
17324	0
17325	0
17326	0
17327	0
17328	0
17329	0
17330	0
17331	0
17332	0
17333	0
17334	0
17335	0
17336	0
17337	0
17338	0
17339	0
17340	0
17341	0
17342	0
17343	0
17344	0
17345	0
17346	0
17347	0
17348	0
17349	0
17350	0
17351	0
17352	0
17353	0
17354	0
17355	0
17356	0
17357	0
17358	0
17359	0
17360	0
17361	0
17362	0
17363	0
17364	0
17365	0
17366	0
17367	0
17368	0
17369	0
17370	0
17371	0
17372	0
17373	0
17374	0
17375	0
17376	0
17377	0
17378	0
17379	0
17380	0
17381	0
17382	0
17383	0
17384	0
17385	0
17386	0
17387	0
17388	0
17389	0
17390	0
17391	0
17392	0
17393	0
17394	0
17395	0
17396	0
17397	0
17398	0.303
17399	0.303
17400	0.303
17401	0.303
17402	0.303
17403	0.303
17404	0.303
17405	0.303
17406	0
17407	0
17408	0
17409	0
17410	0
17411	0.303
17412	0.303
17413	0.303
17414	0.606
17415	0.606
17416	0.606
17417	0.606
17418	0.606
17419	0.606
17420	0.606
17421	0.91
17422	0.91
17423	0.606
17424	1.516
17425	1.819
17426	2.122
17427	2.122
17428	2.425
17429	2.122
17430	2.122
17431	2.122
17432	1.213
17433	0.91
17434	0.606
17435	0.606
17436	0
17437	0.303
17438	0.606
17439	0.606
17440	0.606
17441	0.606
17442	0.606
17443	0.606
17444	0.91
17445	0.91
17446	0.303
17447	0.303
17448	0.303
17449	0.303
17450	0.91
17451	0.91
17452	0.606
17453	0.606
17454	0.91
17455	0.91
17456	0.91
17457	0.91
17458	0.303
17459	0.303
17460	0.303
17461	0.303
17462	0
17463	0
17464	0
17465	0
17466	0
17467	0
17468	0
17469	0
17470	0
17471	0
17472	0
17473	0
17474	0
17475	0
17476	0
17477	0
17478	0
17479	0
17480	0
17481	0
17482	0
17483	0
17484	0
17485	0
17486	0
17487	0
17488	0
17489	0
17490	0
17491	0
17492	0
17493	0
17494	0
17495	0
17496	0
17497	0
17498	0
17499	0.303
17500	0.303
17501	0.303
17502	0.303
17503	0.303
17504	0.303
17505	0.303
17506	0.303
17507	0
17508	0
17509	0
17510	0
17511	0
17512	0
17513	0
17514	0
17515	0
17516	0
17517	0
17518	0
17519	0.303
17520	0.303
17521	0.303
17522	0.303
17523	0.303
17524	0.303
17525	0.606
17526	0.606
17527	0.303
17528	0.303
17529	0.303
17530	0.303
17531	0.303
17532	0.606
17533	1.819
17534	1.516
17535	1.516
17536	1.819
17537	1.819
17538	2.122
17539	2.122
17540	2.122
17541	0.91
17542	0.606
17543	0.606
17544	0.303
17545	0.606
17546	0.303
17547	0.303
17548	0.303
17549	0.303
17550	0.303
17551	0.303
17552	0.303
17553	0.303
17554	0.303
17555	0.303
17556	0.303
17557	0.303
17558	0.303
17559	0.303
17560	0.303
17561	0
17562	0
17563	0
17564	0
17565	0
17566	0
17567	0
17568	0.303
17569	0.303
17570	0.303
17571	0.303
17572	0.303
17573	0.303
17574	0.303
17575	0.303
17576	0
17577	0
17578	0.303
17579	0.303
17580	0.303
17581	0.606
17582	0.606
17583	0.606
17584	0.606
17585	0.91
17586	0.606
17587	0.606
17588	0.606
17589	0.303
17590	0
17591	0
17592	0.303
17593	0.303
17594	0.303
17595	0.606
17596	0.606
17597	0.606
17598	0.606
17599	0.606
17600	0.606
17601	0.606
17602	0.303
17603	0
17604	0
17605	0.303
17606	0.303
17607	0.606
17608	0.606
17609	0.606
17610	0.606
17611	0.606
17612	0.303
17613	0.303
17614	0.606
17615	0.606
17616	0.606
17617	0.91
17618	1.213
17619	1.213
17620	1.213
17621	1.213
17622	0.91
17623	0.91
17624	0.606
17625	0.303
17626	0.303
17627	0.303
17628	0
17629	0
17630	0
17631	0
17632	0
17633	0
17634	0
17635	0.303
17636	0.303
17637	0.303
17638	0.303
17639	0.303
17640	0.303
17641	0.303
17642	0.303
17643	0.303
17644	0
17645	0
17646	0
17647	0
17648	0
17649	0
17650	0
17651	0
17652	0
17653	0
17654	0.303
17655	0.303
17656	0.303
17657	0.303
17658	0.303
17659	0.303
17660	0.303
17661	0.303
17662	0
17663	0
17664	0
17665	0
17666	0
17667	0
17668	0
17669	0
17670	0
17671	0
17672	0
17673	0
17674	0
17675	0
17676	0
17677	0
17678	0
17679	0
17680	0
17681	0.303
17682	0.606
17683	0.606
17684	0.606
17685	1.516
17686	1.819
17687	2.122
17688	2.425
17689	3.032
17690	2.729
17691	2.425
17692	2.425
17693	1.819
17694	1.516
17695	0.91
17696	0.606
17697	0.606
17698	0.606
17699	0.303
17700	0.606
17701	0.606
17702	0.606
17703	0.91
17704	0.91
17705	0.91
17706	0.91
17707	0.91
17708	0.606
17709	0.606
17710	0.606
17711	0.303
17712	0.303
17713	0
17714	0
17715	0
17716	0
17717	0
17718	0
17719	0
17720	0
17721	0
17722	0
17723	0
17724	0
17725	0
17726	0
17727	0
17728	0
17729	0
17730	0
17731	0
17732	0
17733	0
17734	0
17735	0
17736	0
17737	0
17738	0
17739	0.303
17740	0.303
17741	0.303
17742	0.303
17743	0.303
17744	0.303
17745	0.303
17746	0.303
17747	0
17748	0
17749	0
17750	0
17751	0
17752	0
17753	0
17754	0
17755	0
17756	0
17757	0
17758	0
17759	0
17760	0
17761	0
17762	0
17763	0
17764	0
17765	0
17766	0
17767	0
17768	0
17769	0
17770	0
17771	0
17772	0
17773	0
17774	0
17775	0.303
17776	0.303
17777	0.606
17778	0.91
17779	0.91
17780	0.91
17781	0.91
17782	0.91
17783	0.91
17784	0.606
17785	1.516
17786	1.516
17787	1.213
17788	1.213
17789	1.213
17790	1.213
17791	1.516
17792	1.516
17793	1.213
17794	0.91
17795	1.213
17796	1.213
17797	1.213
17798	1.213
17799	0.91
17800	0.91
17801	1.213
17802	0.91
17803	0.606
17804	0.606
17805	0.303
17806	0.303
17807	0.303
17808	0.606
17809	0.606
17810	1.516
17811	1.516
17812	1.516
17813	1.516
17814	1.516
17815	1.516
17816	1.213
17817	0.91
17818	0.606
17819	0
17820	0
17821	0
17822	0
17823	0
17824	0
17825	0
17826	0
17827	0
17828	0
17829	0
17830	0
17831	0
17832	0
17833	0
17834	0
17835	0
17836	0
17837	0
17838	0
17839	0
17840	0
17841	0
17842	0
17843	0
17844	0
17845	0
17846	0
17847	0
17848	0
17849	0
17850	0
17851	0
17852	0
17853	0
17854	0
17855	0
17856	0
17857	0
17858	0.303
17859	0.303
17860	0.303
17861	0.303
17862	6.973
17863	7.276
17864	7.276
17865	7.276
17866	6.973
17867	7.276
17868	7.276
17869	7.276
17870	0.606
17871	0.303
17872	0.606
17873	0.606
17874	0.91
17875	1.213
17876	1.213
17877	1.213
17878	1.213
17879	0.91
17880	0.606
17881	0.606
17882	0.303
17883	0
17884	0
17885	0
17886	0
17887	0
17888	0
17889	0
17890	0
17891	0
17892	0
17893	0
17894	0
17895	0
17896	0
17897	0
17898	0
17899	0
17900	0
17901	0
17902	0.303
17903	0.303
17904	0.303
17905	0.303
17906	0.606
17907	0.606
17908	0.606
17909	0.606
17910	0.303
17911	0.303
17912	0.303
17913	0.303
17914	0.303
17915	0.606
17916	0.606
17917	0.606
17918	0.606
17919	0.606
17920	0.606
17921	0.91
17922	0.91
17923	0.91
17924	0.606
17925	0.606
17926	0.606
17927	0.606
17928	0.606
17929	0.303
17930	0.91
17931	0.606
17932	0.606
17933	0.606
17934	0.606
17935	0.606
17936	0.606
17937	0.606
17938	0
17939	0
17940	0
17941	0
17942	0
17943	0
17944	0
17945	0
17946	0
17947	0
17948	0
17949	0
17950	0
17951	0
17952	0
17953	0
17954	0
17955	0
17956	0
17957	0.303
17958	0.303
17959	0.303
17960	0.303
17961	0.303
17962	0.303
17963	0.303
17964	0.303
17965	0.303
17966	0.303
17967	0.303
17968	0.303
17969	0.91
17970	0.91
17971	0.91
17972	0.91
17973	0.606
17974	0.606
17975	0.606
17976	0.606
17977	0
17978	0
17979	0
17980	0.303
17981	0.606
17982	0.606
17983	0.606
17984	0.606
17985	0.606
17986	0.606
17987	0.606
17988	0.606
17989	0.303
17990	0
17991	0
17992	0
17993	0.303
17994	0.303
17995	0.303
17996	0.303
17997	0.303
17998	0.303
17999	0.303
18000	0.303
18001	0
18002	0
18003	0
18004	0
18005	0
18006	0
18007	0
18008	0
18009	0
18010	0
18011	0
18012	0
18013	0
18014	0
18015	0
18016	0.303
18017	0.303
18018	0.606
18019	0.606
18020	0.606
18021	0.606
18022	0.606
18023	0.606
18024	0.303
18025	0.303
18026	0
18027	0
18028	0
18029	0
18030	0
18031	0
18032	0
18033	0
18034	0.606
18035	1.516
18036	1.516
18037	1.516
18038	1.516
18039	1.516
18040	1.516
18041	1.516
18042	1.516
18043	0
18044	0
18045	0
18046	0
18047	0
18048	0
18049	0
18050	0
18051	0
18052	0
18053	0
18054	0
18055	0
18056	0
18057	0
18058	0
18059	0
18060	0
18061	0
18062	0
18063	0
18064	0.303
18065	0.303
18066	0.303
18067	0.303
18068	0.303
18069	0.303
18070	0.303
18071	0.303
18072	0.303
18073	0.303
18074	0.606
18075	0.606
18076	0.606
18077	0.606
18078	0.606
18079	0.91
18080	0.91
18081	0.91
18082	0.606
18083	0.303
18084	0.606
18085	0.606
18086	0.606
18087	0.606
18088	0.606
18089	0.606
18090	0.303
18091	0.303
18092	0.303
18093	0
18094	0
18095	0
18096	0
18097	0.303
18098	0.303
18099	0.303
18100	0.303
18101	0.303
18102	0.303
18103	0.303
18104	0.303
18105	0
18106	0
18107	0
18108	0
18109	0.303
18110	0.303
18111	0.303
18112	0.303
18113	0.303
18114	0.303
18115	0.303
18116	0.303
18117	0
18118	0
18119	0
18120	0
18121	0
18122	0
18123	0
18124	0
18125	0
18126	0
18127	0
18128	0
18129	0.303
18130	0.303
18131	0.303
18132	0.303
18133	0.303
18134	0.303
18135	0.303
18136	0.303
18137	0.303
18138	0
18139	0
18140	0
18141	0
18142	0
18143	0.303
18144	0.303
18145	0.303
18146	0.303
18147	0.303
18148	0.606
18149	0.606
18150	0.91
18151	0.606
18152	0.606
18153	0.91
18154	1.516
18155	1.819
18156	1.819
18157	1.819
18158	1.819
18159	1.819
18160	1.516
18161	1.516
18162	0.91
18163	0.606
18164	0.303
18165	0.303
18166	0.303
18167	0.303
18168	0.303
18169	0
18170	0
18171	0
18172	0
18173	0
18174	0
18175	0
18176	0
18177	0
18178	0
18179	0
18180	0
18181	0.303
18182	0.303
18183	0.303
18184	0.303
18185	0.303
18186	0.303
18187	0.303
18188	0.303
18189	0
18190	0
18191	0
18192	0
18193	0
18194	0
18195	0
18196	0
18197	0
18198	0
18199	0
18200	0
18201	0
18202	0
18203	0
18204	0
18205	0
18206	0
18207	0
18208	0
18209	0
18210	0
18211	0
18212	0
18213	0
18214	0
18215	0
18216	0
18217	0
18218	0
18219	0
18220	0
18221	0
18222	0
18223	0
18224	0
18225	0
18226	0
18227	0
18228	0
18229	0
18230	0
18231	0
18232	0
18233	0
18234	0.303
18235	0.303
18236	0.303
18237	0.303
18238	0.303
18239	0.303
18240	0.303
18241	0.303
18242	0.303
18243	0
18244	0
18245	0
18246	0
18247	0
18248	0
18249	0
18250	0
18251	0
18252	0
18253	0
18254	0
18255	0.303
18256	0.303
18257	0.606
18258	0.606
18259	0.606
18260	0.606
18261	0.91
18262	0.91
18263	0.606
18264	0.606
18265	0.303
18266	0.303
18267	0.303
18268	0.303
18269	0.303
18270	0
18271	0
18272	0
18273	0
18274	0
18275	0
18276	0
18277	0
18278	0
18279	0
18280	0
18281	0
18282	0
18283	0
18284	0
18285	0
18286	0
18287	0
18288	0
18289	0
18290	0
18291	0
18292	0
18293	0
18294	0
18295	0
18296	0
18297	0
18298	0
18299	0
18300	0
18301	0
18302	0
18303	0
18304	0
18305	0
18306	0
18307	0
18308	0
18309	0
18310	0
18311	0
18312	0
18313	0
18314	0.303
18315	0.303
18316	0.303
18317	0.303
18318	0
18319	0
18320	0
18321	0
18322	0
18323	0
18324	0
18325	0
18326	0
18327	0
18328	0
18329	0
18330	0
18331	0
18332	0
18333	0
18334	0
18335	0
18336	0
18337	0
18338	0
18339	0
18340	0
18341	0
18342	0.303
18343	0.303
18344	0.606
18345	1.213
18346	1.516
18347	1.516
18348	1.819
18349	2.122
18350	2.425
18351	2.425
18352	2.425
18353	0.91
18354	0.91
18355	1.516
18356	1.213
18357	1.516
18358	1.213
18359	1.516
18360	2.122
18361	2.122
18362	2.122
18363	1.819
18364	1.819
18365	1.516
18366	1.516
18367	1.213
18368	0.606
18369	0.606
18370	0.606
18371	0
18372	0
18373	0
18374	0.303
18375	0.303
18376	0.606
18377	0.606
18378	0.606
18379	0.606
18380	0.606
18381	0.606
18382	0.303
18383	0.606
18384	0.606
18385	0.606
18386	0.303
18387	0.606
18388	0.606
18389	0.606
18390	0.606
18391	0.606
18392	0.606
18393	0.606
18394	0.606
18395	0.303
18396	0.303
18397	0.303
18398	0.303
18399	0.606
18400	0.303
18401	0.303
18402	0.303
18403	0.303
18404	0.303
18405	0.303
18406	0.303
18407	0.606
18408	0.606
18409	0.303
18410	0.606
18411	0.606
18412	0.606
18413	0.606
18414	0.606
18415	0.606
18416	0.303
18417	0.303
18418	0
18419	0
18420	0
18421	0
18422	0
18423	0
18424	0
18425	0
18426	0
18427	0
18428	0
18429	0
18430	0
18431	0
18432	0
18433	0
18434	0.606
18435	0.606
18436	0.606
18437	0.606
18438	0.606
18439	0.606
18440	0.91
18441	0.91
18442	0.303
18443	0.606
18444	0.606
18445	0.606
18446	0.606
18447	0.606
18448	0.303
18449	0.303
18450	0.303
18451	0
18452	0
18453	0.303
18454	0.303
18455	0.303
18456	0.303
18457	0.303
18458	0.303
18459	0.303
18460	0.303
18461	0.303
18462	0
18463	0
18464	0
18465	0
18466	0
18467	0
18468	0
18469	0.303
18470	0.303
18471	0.303
18472	0.303
18473	0.303
18474	0.303
18475	0.303
18476	0.303
18477	0.303
18478	0.303
18479	0
18480	0
18481	0
18482	0
18483	0
18484	0
18485	0
18486	0
18487	0
18488	0
18489	0
18490	0
18491	0
18492	0
18493	0
18494	0
18495	0
18496	0
18497	0
18498	0
18499	0
18500	0
18501	0
18502	0
18503	0
18504	0
18505	0
18506	0
18507	0
18508	0
18509	0
18510	0
18511	0
18512	0
18513	0
18514	0
18515	0
18516	0
18517	0
18518	0
18519	0
18520	0
18521	0
18522	0
18523	0
18524	0
18525	0
18526	0
18527	0
18528	0
18529	0
18530	0
18531	0
18532	0
18533	0
18534	0
18535	0
18536	0
18537	0
18538	0
18539	0.303
18540	0.303
18541	0.303
18542	0.303
18543	0.303
18544	0
18545	0
18546	0
18547	0
18548	0
18549	0.303
18550	0.303
18551	0.303
18552	0.303
18553	0.303
18554	0.303
18555	0.303
18556	0.91
18557	0.606
18558	0.606
18559	0.606
18560	0.606
18561	0.606
18562	0.606
18563	0.606
18564	0
18565	0
18566	0
18567	0
18568	0
18569	0
18570	0
18571	0
18572	0
18573	0.303
18574	0.303
18575	0.303
18576	0.303
18577	0.303
18578	0.303
18579	0.303
18580	0.303
18581	0
18582	0
18583	0
18584	0
18585	0
18586	0
18587	0
18588	0
18589	0
18590	0
18591	0
18592	0
18593	0
18594	0
18595	0
18596	0
18597	0
18598	0
18599	0.606
18600	0.606
18601	0.606
18602	0.606
18603	0.606
18604	0.606
18605	0.606
18606	0.606
18607	0
18608	0
18609	0
18610	0
18611	0
18612	0
18613	0
18614	0
18615	0.303
18616	0.606
18617	0.606
18618	0.91
18619	1.516
18620	1.819
18621	1.819
18622	1.819
18623	1.516
18624	1.213
18625	1.213
18626	0.91
18627	0.303
18628	0.303
18629	0.303
18630	0.303
18631	0.303
18632	0.303
18633	0.303
18634	0.303
18635	0.303
18636	0
18637	0
18638	0
18639	0
18640	0
18641	0
18642	0
18643	0
18644	0.303
18645	0.303
18646	0.303
18647	0.303
18648	0.303
18649	0.303
18650	0.606
18651	0.606
18652	1.213
18653	1.516
18654	1.516
18655	1.516
18656	1.819
18657	1.516
18658	1.516
18659	22.132
18660	22.435
18661	22.435
18662	23.041
18663	22.738
18664	22.435
18665	22.435
18666	22.435
18667	1.819
18668	1.516
18669	0.91
18670	0.91
18671	0.606
18672	0.303
18673	0.303
18674	0.303
18675	0.303
18676	0.303
18677	0.303
18678	0
18679	0
18680	0
18681	0.303
18682	0.303
18683	0.606
18684	0.606
18685	0.606
18686	0.606
18687	0.606
18688	0.606
18689	0.303
18690	0.303
18691	0
18692	0
18693	0
18694	0
18695	0
18696	0
18697	0
18698	0
18699	0
18700	0
18701	0
18702	0
18703	0
18704	0
18705	0
18706	0
18707	0
18708	0
18709	0
18710	0
18711	0
18712	0
18713	0
18714	0
18715	0
18716	0
18717	0
18718	0
18719	0
18720	0
18721	0
18722	0
18723	0
18724	0
18725	0
18726	0
18727	0.303
18728	0.303
18729	0.303
18730	0.303
18731	0.303
18732	0.303
18733	0.303
18734	0.303
18735	0
18736	0
18737	0
18738	0
18739	0
18740	0
18741	0
18742	0
18743	0
18744	0
18745	0
18746	0
18747	0
18748	0
18749	0
18750	0
18751	0
18752	0
18753	0
18754	0
18755	0.303
18756	0.606
18757	0.606
18758	0.606
18759	0.606
18760	0.606
18761	0.606
18762	0.606
18763	0.303
18764	0.303
18765	0
18766	0
18767	0
18768	0
18769	0
18770	0
18771	0
18772	0
18773	0
18774	0
18775	0
18776	0
18777	0
18778	0
18779	0
18780	0
18781	0
18782	0
18783	0
18784	0
18785	0
18786	0
18787	0
18788	0
18789	0
18790	0
18791	0
18792	0
18793	0
18794	0
18795	0
18796	0
18797	0
18798	0
18799	0
18800	0
18801	0
18802	0
18803	0
18804	0
18805	0
18806	0
18807	0
18808	0
18809	0
18810	0
18811	0
18812	0
18813	0
18814	0
18815	0
18816	0
18817	0
18818	0
18819	0
18820	0
18821	0
18822	0
18823	0
18824	0
18825	0
18826	0
18827	0
18828	0
18829	0
18830	0
18831	0
18832	0
18833	0
18834	0
18835	0
18836	0
18837	0
18838	0
18839	0
18840	0
18841	0
18842	0
18843	0
18844	0.303
18845	0.303
18846	0.303
18847	0.303
18848	0.303
18849	0.303
18850	0.303
18851	0.303
18852	0
18853	0
18854	0
18855	0
18856	0
18857	0
18858	0
18859	0
18860	0
18861	0
18862	0
18863	0
18864	0
18865	0
18866	0
18867	0.303
18868	0.303
18869	0.303
18870	0.303
18871	0.303
18872	0.303
18873	0.303
18874	0.303
18875	0
18876	0
18877	0
18878	0
18879	0
18880	0
18881	0
18882	0
18883	0
18884	0
18885	0
18886	0
18887	0
18888	0
18889	0
18890	0
18891	0.303
18892	0.303
18893	0.303
18894	0.303
18895	0.303
18896	0.303
18897	0.303
18898	0.303
18899	0
18900	0
18901	0
18902	0.303
18903	0.303
18904	0.606
18905	0.606
18906	0.606
18907	0.606
18908	0.606
18909	0.606
18910	0.303
18911	0.303
18912	0
18913	0
18914	0
18915	0
18916	0
18917	0.303
18918	0.303
18919	0.303
18920	0.303
18921	0.303
18922	0.303
18923	0.606
18924	0.606
18925	0.303
18926	0.303
18927	0.303
18928	0.303
18929	0.303
18930	0.303
18931	0.303
18932	0
18933	0
18934	0
18935	0
18936	0
18937	0
18938	0
18939	0
18940	0
18941	0.303
18942	0.303
18943	0.303
18944	0.303
18945	0.606
18946	0.606
18947	0.91
18948	0.91
18949	0.606
18950	0.606
18951	0.606
18952	0.606
18953	0.606
18954	0.303
18955	0
18956	0
18957	0
18958	0
18959	0
18960	0
18961	0
18962	0
18963	0
18964	0.303
18965	0.303
18966	0.303
18967	0.303
18968	0.303
18969	0.303
18970	0.303
18971	0.303
18972	0.303
18973	0.303
18974	0
18975	0
18976	0
18977	0
18978	0
18979	0
18980	0
18981	0
18982	0
18983	0
18984	0
18985	0
18986	0
18987	0
18988	0
18989	0.303
18990	0.303
18991	0.303
18992	0.303
18993	0.303
18994	0.91
18995	0.91
18996	0.91
18997	0.91
18998	0.91
18999	0.91
19000	0.91
19001	1.819
19002	1.213
19003	1.213
19004	1.213
19005	1.213
19006	1.213
19007	1.213
19008	1.213
19009	0.303
19010	0.303
19011	0.303
19012	0.303
19013	0.303
19014	0
19015	0
19016	0
19017	0
19018	0
19019	0
19020	0
19021	0
19022	0
19023	0
19024	0
19025	0
19026	0
19027	0
19028	0
19029	0
19030	0
19031	0
19032	0
19033	0.303
19034	0.303
19035	0.303
19036	0.303
19037	0.303
19038	0.303
19039	0.303
19040	0.303
19041	0.303
19042	0.303
19043	0.303
19044	0.303
19045	0.91
19046	0.91
19047	0.91
19048	0.91
19049	0.91
19050	0.91
19051	1.213
19052	1.213
19053	1.213
19054	0.91
19055	0.91
19056	1.213
19057	1.213
19058	1.213
19059	1.213
19060	0.91
19061	0.91
19062	0.606
19063	0.91
19064	0.606
19065	0.303
19066	0.303
19067	0.606
19068	0.606
19069	0.606
19070	0.606
19071	0.606
19072	0.606
19073	0.606
19074	0.606
19075	0.303
19076	0.303
19077	0.303
19078	0.303
19079	0
19080	0
19081	0
19082	0
19083	0
19084	0
19085	0
19086	0
19087	0
19088	0
19089	0
19090	0
19091	0
19092	0
19093	0
19094	0
19095	0
19096	0
19097	0
19098	0
19099	0
19100	0
19101	0
19102	0
19103	0
19104	0
19105	0
19106	0
19107	0.606
19108	0.606
19109	2.425
19110	4.244
19111	9.398
19112	9.702
19113	12.43
19114	29.105
19115	29.408
19116	30.014
19117	27.892
19118	25.77
19119	20.919
19120	20.616
19121	18.494
19122	3.638
19123	1.819
19124	0.303
19125	0
19126	0
19127	0
19128	0
19129	0
19130	0
19131	0
19132	0
19133	0
19134	0
19135	0
19136	0
19137	0
19138	0
19139	0
19140	0
19141	0
19142	0
19143	0
19144	0
19145	0
19146	0
19147	0
19148	0
19149	0.303
19150	0.303
19151	0.303
19152	0.606
19153	0.606
19154	0.606
19155	0.606
19156	0.606
19157	0.606
19158	0.606
19159	0.303
19160	0
19161	0
19162	0.303
19163	0.303
19164	0.303
19165	0.303
19166	0.303
19167	0.303
19168	0.303
19169	0.303
19170	0
19171	0
19172	0
19173	0
19174	0
19175	0.91
19176	0.91
19177	1.213
19178	1.213
19179	1.213
19180	1.213
19181	1.213
19182	1.213
19183	0.606
19184	0.303
19185	0
19186	0
19187	0
19188	0
19189	0
19190	0
19191	0
19192	0
19193	0
19194	0
19195	0
19196	0
19197	0
19198	0
19199	0
19200	0
19201	0
19202	0
19203	0
19204	0
19205	0
19206	0
19207	0.303
19208	0.606
19209	0.606
19210	0.91
19211	1.213
19212	1.213
19213	1.213
19214	1.213
19215	1.213
19216	1.213
19217	0.91
19218	0.91
19219	0.91
19220	0.606
19221	0.606
19222	0.91
19223	0.91
19224	0.91
19225	0.606
19226	0.606
19227	0.303
19228	0.303
19229	0.303
19230	0.303
19231	0
19232	0.303
19233	0.303
19234	0.303
19235	0.303
19236	0.303
19237	0.303
19238	0.303
19239	0.303
19240	0
19241	0
19242	0
19243	0
19244	0.303
19245	0.303
19246	2.122
19247	2.122
19248	2.122
19249	2.425
19250	2.425
19251	2.425
19252	2.122
19253	2.122
19254	0.303
19255	0.303
19256	0.303
19257	0.303
19258	0
19259	0
19260	0
19261	0
19262	0
19263	0
19264	0
19265	0
19266	0
19267	0
19268	0
19269	0.303
19270	0.303
19271	0.303
19272	0.303
19273	0.606
19274	0.606
19275	0.606
19276	0.606
19277	0.606
19278	0.606
19279	0.91
19280	1.213
19281	1.213
19282	0.91
19283	0.91
19284	1.213
19285	0.91
19286	0.91
19287	0.606
19288	0.91
19289	1.213
19290	1.213
19291	1.516
19292	1.516
19293	1.516
19294	1.516
19295	1.516
19296	1.516
19297	1.213
19298	0.91
19299	0.91
19300	0.303
19301	0.91
19302	0.91
19303	0.91
19304	0.606
19305	0.606
19306	0.606
19307	0.606
19308	0.606
19309	0
19310	0
19311	0
19312	0
19313	0
19314	0
19315	0
19316	0
19317	0
19318	0
19319	0
19320	0
19321	0
19322	0
19323	0
19324	0
19325	0
19326	0
19327	0
19328	0
19329	0
19330	0
19331	0
19332	0
19333	0
19334	0
19335	0
19336	0
19337	0
19338	0
19339	0
19340	0
19341	0
19342	0
19343	0
19344	0
19345	0
19346	0
19347	0
19348	0
19349	0
19350	0
19351	0
19352	0
19353	0
19354	0
19355	0
19356	0
19357	0.303
19358	0.303
19359	0.303
19360	0.303
19361	0.303
19362	0.303
19363	0.303
19364	0.303
19365	0
19366	0
19367	0
19368	0
19369	0
19370	0
19371	0
19372	0
19373	0
19374	0
19375	0
19376	0
19377	0
19378	0
19379	0
19380	0
19381	0
19382	0
19383	0
19384	0
19385	0
19386	0
19387	0
19388	0
19389	0
19390	0
19391	0
19392	0
19393	0
19394	0
19395	0
19396	0
19397	0
19398	0
19399	0
19400	0
19401	0
19402	0
19403	0
19404	0
19405	0.303
19406	0.303
19407	0.303
19408	0.606
19409	0.606
19410	0.606
19411	0.606
19412	0.606
19413	0.303
19414	0.303
19415	0.303
19416	0
19417	0
19418	0
19419	0.303
19420	0.606
19421	0.606
19422	0.606
19423	0.91
19424	0.91
19425	0.91
19426	0.91
19427	0.606
19428	0.606
19429	0.303
19430	0.303
19431	0
19432	0
19433	0
19434	0
19435	0
19436	0
19437	0
19438	0
19439	0
19440	0
19441	0
19442	0
19443	0
19444	0
19445	0
19446	0
19447	0
19448	0
19449	0
19450	0
19451	0
19452	0
19453	0
19454	0
19455	0
19456	0.606
19457	0.606
19458	0.606
19459	0.606
19460	0.606
19461	1.516
19462	1.516
19463	1.516
19464	0.91
19465	1.213
19466	1.213
19467	1.516
19468	1.516
19469	0.91
19470	0.91
19471	0.303
19472	0.303
19473	0
19474	0
19475	0.303
19476	0.303
19477	0.303
19478	0.303
19479	0.303
19480	0.303
19481	0.303
19482	0.303
19483	0.303
19484	1.213
19485	1.516
19486	1.516
19487	1.516
19488	1.819
19489	1.819
19490	1.819
19491	1.819
19492	0.606
19493	0.303
19494	0.303
19495	0.303
19496	0
19497	0
19498	0
19499	0.606
19500	0.606
19501	0.606
19502	0.606
19503	0.606
19504	0.606
19505	0.606
19506	0.91
19507	0.303
19508	0.303
19509	0.303
19510	0.303
19511	0.303
19512	0.606
19513	0.606
19514	0.303
19515	0.303
19516	0.303
19517	0.303
19518	0.303
19519	0.303
19520	0.303
19521	0.303
19522	0.303
19523	0.303
19524	0.303
19525	0.303
19526	0.303
19527	0.303
19528	0.303
19529	0
19530	0
19531	0.303
19532	0.303
19533	0.303
19534	0.303
19535	0.303
19536	0.303
19537	0.303
19538	0.303
19539	0.303
19540	0
19541	0
19542	0
19543	0
19544	0
19545	0
19546	0
19547	0.303
19548	0.303
19549	0.303
19550	0.303
19551	0.303
19552	1.213
19553	1.819
19554	1.819
19555	1.819
19556	1.516
19557	1.819
19558	1.819
19559	2.425
19560	2.122
19561	1.213
19562	1.516
19563	1.819
19564	2.122
19565	1.819
19566	2.122
19567	2.122
19568	1.516
19569	1.213
19570	0.91
19571	0.91
19572	0.303
19573	0.303
19574	0
19575	0.303
19576	0.303
19577	0.606
19578	0.606
19579	0.606
19580	0.606
19581	0.606
19582	0.606
19583	0.303
19584	0.303
19585	0
19586	0
19587	0
19588	0
19589	0
19590	0
19591	0
19592	0
19593	0
19594	0
19595	0
19596	0
19597	0
19598	0
19599	0
19600	0
19601	0
19602	0
19603	0
19604	0
19605	0
19606	0
19607	0
19608	0
19609	0
19610	0
19611	0
19612	0
19613	0
19614	0
19615	0
19616	0
19617	0.303
19618	0.303
19619	0.606
19620	0.606
19621	0.606
19622	0.606
19623	0.606
19624	1.516
19625	1.213
19626	1.213
19627	0.91
19628	1.213
19629	1.213
19630	1.213
19631	1.516
19632	0.91
19633	0.606
19634	0.606
19635	0.606
19636	0.303
19637	0.303
19638	0.606
19639	0.303
19640	0.303
19641	0.303
19642	0.303
19643	0.303
19644	0.303
19645	0.303
19646	0.303
19647	0.303
19648	0.303
19649	0.303
19650	0.303
19651	0.303
19652	0.303
19653	0.303
19654	0.303
19655	0.303
19656	0.303
19657	0
19658	0
19659	0
19660	0
19661	0
19662	0
19663	0
19664	0
19665	0
19666	0
19667	0
19668	0
19669	0
19670	0
19671	0
19672	0.303
19673	0.303
19674	0.606
19675	0.91
19676	0.91
19677	0.91
19678	1.213
19679	1.213
19680	1.516
19681	1.516
19682	2.425
19683	2.425
19684	3.335
19685	3.638
19686	3.638
19687	3.335
19688	2.729
19689	2.729
19690	1.516
19691	1.516
19692	0.303
19693	0
19694	0
19695	0
19696	0
19697	0
19698	0
19699	0.303
19700	0.303
19701	0.303
19702	0.303
19703	0.303
19704	0.303
19705	0.303
19706	0.303
19707	0.303
19708	0.303
19709	0.606
19710	0.606
19711	0.606
19712	0.91
19713	0.91
19714	0.91
19715	0.91
19716	0.91
19717	0.606
19718	0.606
19719	0.606
19720	0.303
19721	0.303
19722	0.303
19723	0.303
19724	0
19725	0
19726	0
19727	0
19728	0
19729	0
19730	0
19731	0
19732	0
19733	0
19734	0
19735	0
19736	0
19737	0
19738	0
19739	0
19740	0
19741	0
19742	0
19743	0.303
19744	0.303
19745	0.303
19746	0.303
19747	0.303
19748	0.303
19749	0.303
19750	0.303
19751	0
19752	0
19753	0
19754	0
19755	0
19756	0.303
19757	0.303
19758	0.91
19759	0.91
19760	0.91
19761	1.213
19762	1.516
19763	1.516
19764	1.213
19765	1.213
19766	1.213
19767	0.606
19768	0.606
19769	0.303
19770	0
19771	0.303
19772	0.606
19773	0.606
19774	0.606
19775	0.91
19776	0.91
19777	0.91
19778	0.91
19779	0.606
19780	0.303
19781	0.303
19782	0.303
19783	0
19784	0
19785	0
19786	0
19787	0
19788	0
19789	0
19790	0
19791	0
19792	0
19793	0
19794	0
19795	0
19796	0
19797	0
19798	0
19799	0
19800	0
19801	0
19802	0
19803	0
19804	0
19805	0
19806	0
19807	0
19808	0
19809	0
19810	0
19811	0
19812	0
19813	0
19814	0
19815	0
19816	0
19817	0.303
19818	0.303
19819	0.303
19820	0.606
19821	0.606
19822	0.606
19823	0.606
19824	0.91
19825	0.606
19826	0.606
19827	0.606
19828	0.303
19829	0.303
19830	0.303
19831	0.303
19832	0
19833	0
19834	0
19835	0
19836	0
19837	0
19838	0
19839	0
19840	0
19841	0
19842	0
19843	0
19844	0
19845	0
19846	0
19847	0
19848	0.303
19849	0.303
19850	0.303
19851	0.303
19852	0.303
19853	0.303
19854	0.303
19855	0.303
19856	0.303
19857	0.303
19858	0
19859	0
19860	0
19861	0
19862	0
19863	0
19864	0
19865	0
19866	0
19867	0
19868	0.303
19869	0.606
19870	0.606
19871	0.606
19872	0.606
19873	0.606
19874	0.606
19875	0.606
19876	0.303
19877	0.303
19878	0.303
19879	0
19880	0
19881	0.303
19882	0.303
19883	0.303
19884	0.303
19885	0.303
19886	0.303
19887	0.303
19888	0.303
19889	0.303
19890	0.303
19891	0.606
19892	0.303
19893	0.606
19894	0.606
19895	0.606
19896	0.606
19897	0.606
19898	0.606
19899	0.303
19900	0.606
19901	0.606
19902	0.303
19903	0.606
19904	0.91
19905	1.213
19906	1.213
19907	1.516
19908	1.213
19909	1.516
19910	1.516
19911	1.516
19912	1.516
19913	0.91
19914	0.91
19915	0.303
19916	0.303
19917	0
19918	0.303
19919	0.303
19920	0.303
19921	0.606
19922	0.606
19923	0.606
19924	0.606
19925	0.606
19926	0.606
19927	0.303
19928	0.606
19929	0.606
19930	0.303
19931	0.303
19932	0.303
19933	0.303
19934	0.606
19935	0.606
19936	0.303
19937	0.303
19938	0.303
19939	0.303
19940	0.303
19941	0.303
19942	0
19943	0
19944	0.303
19945	0.303
19946	0.606
19947	0.606
19948	0.606
19949	0.606
19950	0.606
19951	0.606
19952	0.303
19953	0.303
19954	0
19955	0
19956	0
19957	0
19958	0
19959	0
19960	0
19961	0
19962	0
19963	0
19964	0
19965	0
19966	0
19967	0
19968	0
19969	0
19970	0
19971	0.303
19972	0.303
19973	0.303
19974	0.303
19975	0.303
19976	0.606
19977	0.91
19978	0.91
19979	0.606
19980	0.606
19981	0.606
19982	0.606
19983	0.91
19984	0.91
19985	0.606
19986	0.606
19987	0.606
19988	0.606
19989	0.606
19990	0.606
19991	0.303
19992	0
19993	0
19994	0
19995	0
19996	0
19997	0
19998	0
19999	0
20000	0
20001	0.606
20002	0.606
20003	0.606
20004	0.606
20005	0.606
20006	0.606
20007	0.606
20008	0.606
20009	0.606
20010	0.606
20011	0.606
20012	0.606
20013	0.606
20014	0.606
20015	0.606
20016	0.91
20017	0.91
20018	0.303
20019	0.303
20020	0.303
20021	0.303
20022	0.303
20023	0.303
20024	0
20025	0
20026	0
20027	0
20028	0
20029	0
20030	0
20031	0
20032	0
20033	0
20034	0
20035	0
20036	0
20037	0
20038	0
20039	0
20040	0
20041	0
20042	0
20043	0
20044	0
20045	0
20046	0
20047	0.303
20048	0.303
20049	0.303
20050	0.303
20051	0.303
20052	0.606
20053	0.606
20054	0.606
20055	0.606
20056	0.303
20057	0
20058	0
20059	0
20060	0
20061	0
20062	0
20063	0
20064	0.303
20065	0.606
20066	0.606
20067	0.91
20068	0.91
20069	0.606
20070	0.91
20071	0.91
20072	0.91
20073	0.91
20074	0.91
20075	0.91
20076	0.606
20077	0.606
20078	0.606
20079	0.303
20080	0.303
20081	0.606
20082	0.606
20083	1.213
20084	1.213
20085	1.213
20086	1.819
20087	1.819
20088	1.819
20089	1.516
20090	1.516
20091	1.213
20092	0.91
20093	0.91
20094	0
20095	0
20096	0
20097	0
20098	0
20099	0
20100	0
20101	0
20102	0
20103	0
20104	0
20105	0
20106	0
20107	0
20108	0
20109	0.303
20110	0.303
20111	0.303
20112	0.303
20113	0.303
20114	0.303
20115	0.303
20116	0.303
20117	0.303
20118	0
20119	0
20120	0
20121	0.303
20122	0.303
20123	0.303
20124	0.303
20125	0.303
20126	0.303
20127	0.303
20128	0.303
20129	0
20130	0
20131	0
20132	0
20133	0
20134	0
20135	0
20136	0
20137	0.303
20138	0.303
20139	0.303
20140	0.303
20141	0.606
20142	0.606
20143	0.606
20144	0.606
20145	0.303
20146	0.303
20147	0.606
20148	0.91
20149	0.606
20150	0.606
20151	0.606
20152	0.91
20153	0.91
20154	0.91
20155	0.606
20156	0.606
20157	0.606
20158	0.606
20159	0.606
20160	0.91
20161	0.91
20162	0.606
20163	0.606
20164	0.606
20165	0.303
20166	0.303
20167	0.303
20168	0.303
20169	0
20170	0
20171	0
20172	0
20173	0.303
20174	0.303
20175	0.606
20176	0.606
20177	0.606
20178	0.606
20179	0.606
20180	0.606
20181	0.606
20182	0.303
20183	0.303
20184	0.303
20185	0.303
20186	0
20187	0
20188	0
20189	0
20190	0
20191	0
20192	0
20193	0
20194	0
20195	0
20196	0
20197	0
20198	0
20199	0
20200	0
20201	0
20202	0
20203	0
20204	0
20205	0
20206	0
20207	0.303
20208	0.303
20209	0.303
20210	0.303
20211	0.303
20212	0.303
20213	0.303
20214	0.303
20215	0
20216	0
20217	0
20218	0
20219	0
20220	0
20221	0
20222	0
20223	0
20224	0
20225	0
20226	0
20227	0
20228	0
20229	0
20230	0
20231	0
20232	0
20233	0
20234	0
20235	0
20236	0
20237	0
20238	0
20239	0
20240	0
20241	0
20242	0
20243	0
20244	0
20245	0
20246	0
20247	0
20248	0
20249	0
20250	0
20251	0
20252	0
20253	0
20254	0
20255	0
20256	0
20257	0
20258	0
20259	0
20260	0
20261	0
20262	0
20263	0.303
20264	0.303
20265	0.303
20266	0.303
20267	0.303
20268	0.303
20269	0.606
20270	0.606
20271	0.606
20272	0.303
20273	0.303
20274	0.303
20275	0.303
20276	0.303
20277	0
20278	0
20279	0
20280	0
20281	0
20282	0
20283	0
20284	0
20285	0
20286	0
20287	0
20288	0
20289	0
20290	0
20291	0
20292	0
20293	0
20294	0
20295	0
20296	0
20297	0
20298	0
20299	0
20300	0
20301	0
20302	0
20303	0
20304	0
20305	0
20306	0
20307	0
20308	0
20309	0
20310	0
20311	0
20312	0
20313	0
20314	0
20315	0
20316	0
20317	0
20318	0
20319	0
20320	0
20321	0
20322	0
20323	0
20324	0
20325	0
20326	0
20327	0
20328	0
20329	0
20330	0
20331	0.303
20332	0.303
20333	0.303
20334	0.303
20335	0.606
20336	0.606
20337	0.606
20338	0.606
20339	0.303
20340	0.606
20341	0.606
20342	0.606
20343	0.303
20344	0.303
20345	0.303
20346	0.303
20347	0.303
20348	0
20349	0
20350	0
20351	0
20352	0
20353	0
20354	0
20355	0
20356	0
20357	0
20358	0
20359	0
20360	0
20361	0
20362	0
20363	0
20364	0.303
20365	0.303
20366	0.303
20367	0.303
20368	0.303
20369	0.606
20370	0.606
20371	0.91
20372	0.606
20373	0.606
20374	0.606
20375	0.606
20376	0.91
20377	0.606
20378	0.606
20379	1.213
20380	1.213
20381	1.819
20382	1.819
20383	2.729
20384	2.729
20385	2.425
20386	2.425
20387	1.516
20388	1.516
20389	0.91
20390	0.91
20391	0
20392	0
20393	0
20394	0
20395	0
20396	0
20397	0
20398	0
20399	0
20400	0
20401	0
20402	0
20403	0
20404	0
20405	0
20406	0
20407	0
20408	0
20409	0
20410	0
20411	0
20412	0
20413	0.606
20414	0.606
20415	0.91
20416	0.91
20417	1.516
20418	1.516
20419	2.122
20420	2.122
20421	1.516
20422	1.516
20423	1.213
20424	1.213
20425	0.606
20426	0.606
20427	0
20428	0
20429	0
20430	0
20431	0.303
20432	0.606
20433	0.606
20434	0.606
20435	0.606
20436	0.606
20437	0.606
20438	1.516
20439	1.213
20440	0.91
20441	1.516
20442	1.516
20443	1.213
20444	1.213
20445	1.213
20446	1.516
20447	1.213
20448	1.213
20449	0.606
20450	0.606
20451	0.303
20452	0.303
20453	0.303
20454	0
20455	0
20456	0
20457	0
20458	0
20459	0
20460	0
20461	0
20462	0
20463	0
20464	0
20465	0
20466	0.303
20467	0.303
20468	0.303
20469	0.303
20470	0.303
20471	0.303
20472	0.303
20473	0.303
20474	0.303
20475	0
20476	0
20477	0
20478	0
20479	0
20480	0
20481	0
20482	0
20483	0
20484	0
20485	0
20486	0
20487	0
20488	0
20489	0.303
20490	0.303
20491	0.303
20492	0.303
20493	0.303
20494	0.303
20495	0
20496	0
20497	0
20498	0
20499	0
20500	0
20501	0
20502	0
20503	0
20504	0
20505	0
20506	0
20507	0
20508	0
20509	0
20510	0
20511	0
20512	0
20513	0
20514	0
20515	0
20516	0.303
20517	0.303
20518	0.606
20519	0.606
20520	0.606
20521	0.606
20522	0.606
20523	0.606
20524	0.303
20525	0.606
20526	0.303
20527	0.606
20528	0.606
20529	0.606
20530	0.606
20531	0.91
20532	1.213
20533	0.91
20534	0.91
20535	0.606
20536	0.606
20537	0.606
20538	0.606
20539	0.606
20540	0
20541	0
20542	0
20543	0
20544	0
20545	0
20546	0
20547	0.303
20548	0.606
20549	0.606
20550	0.606
20551	0.606
20552	1.213
20553	1.213
20554	1.213
20555	1.516
20556	0.91
20557	0.91
20558	0.91
20559	0.91
20560	0.606
20561	0.606
20562	0.303
20563	0
20564	0
20565	0
20566	0
20567	0.303
20568	0.303
20569	0.303
20570	0.303
20571	0.303
20572	0.303
20573	0.303
20574	0.606
20575	0.606
20576	0.606
20577	0.606
20578	0.606
20579	0.606
20580	0.606
20581	0.303
20582	0
20583	0
20584	0.303
20585	0.303
20586	0.303
20587	0.303
20588	0.303
20589	0.303
20590	0.303
20591	0.303
20592	0.303
20593	0.303
20594	0
20595	0
20596	0
20597	0
20598	0
20599	0
20600	0
20601	0
20602	0
20603	0
20604	0
20605	0.303
20606	0.303
20607	0.303
20608	0.303
20609	0.303
20610	0.303
20611	0.303
20612	0.303
20613	0
20614	0
20615	0
20616	0
20617	0
20618	0
20619	0
20620	0
20621	0
20622	0
20623	0
20624	0
20625	0
20626	0
20627	0
20628	0
20629	0
20630	0
20631	0
20632	0
20633	0
20634	0.303
20635	0.303
20636	0.606
20637	0.606
20638	0.606
20639	0.606
20640	0.606
20641	0.606
20642	0.91
20643	1.213
20644	1.213
20645	0.91
20646	1.213
20647	1.516
20648	1.516
20649	1.516
20650	0.91
20651	0.606
20652	0.606
20653	0.606
20654	0.303
20655	0.606
20656	0.606
20657	0.606
20658	0.606
20659	0.91
20660	1.213
20661	1.213
20662	1.213
20663	0.91
20664	0.91
20665	0.606
20666	0.606
20667	0.606
20668	0
20669	0
20670	0
20671	0
20672	0.606
20673	0.606
20674	0.91
20675	0.91
20676	0.91
20677	0.91
20678	0.91
20679	0.91
20680	0.303
20681	0.303
20682	0.303
20683	0
20684	0
20685	0
20686	0
20687	0
20688	0.606
20689	0.606
20690	0.606
20691	0.606
20692	0.606
20693	0.606
20694	0.606
20695	0.606
20696	0.606
20697	0.606
20698	0.606
20699	0.606
20700	0.606
20701	0.606
20702	0.606
20703	0.606
20704	0.606
20705	0.91
20706	1.213
20707	0.91
20708	0.91
20709	0.91
20710	0.91
20711	0.91
20712	0.91
20713	0.606
20714	0
20715	0
20716	0
20717	0
20718	0
20719	0
20720	0
20721	0
20722	0
20723	0
20724	0
20725	0
20726	0
20727	0
20728	0
20729	0
20730	0
20731	0
20732	0
20733	0.303
20734	0.303
20735	0.303
20736	0.303
20737	0.303
20738	0.303
20739	0.303
20740	0.303
20741	0
20742	0.606
20743	0.606
20744	0.606
20745	0.606
20746	0.606
20747	0.606
20748	0.606
20749	0.606
20750	0.303
20751	0
20752	0
20753	0.303
20754	0.303
20755	0.303
20756	0.606
20757	0.303
20758	0.303
20759	0.303
20760	0.303
20761	0.606
20762	0.606
20763	0.606
20764	0.303
20765	0.303
20766	1.213
20767	1.213
20768	1.213
20769	0.91
20770	0.91
20771	0.91
20772	0.91
20773	0.91
20774	0.303
20775	0
20776	0
20777	0
20778	0
20779	0
20780	0
20781	0
20782	0
20783	0
20784	0
20785	0
20786	0
20787	0
20788	0
20789	0.303
20790	0.303
20791	0.303
20792	0.303
20793	0.303
20794	0.303
20795	0.303
20796	0.303
20797	0.91
20798	0.606
20799	0.606
20800	0.606
20801	0.606
20802	0.606
20803	0.606
20804	0.606
20805	0.606
20806	0.303
20807	0
20808	0
20809	0
20810	0
20811	0
20812	0
20813	0.91
20814	0.91
20815	0.91
20816	0.91
20817	0.91
20818	0.91
20819	0.91
20820	0.91
20821	0.303
20822	0.303
20823	0
20824	0
20825	0
20826	0
20827	0
20828	0
20829	0
20830	0
20831	0
20832	0
20833	0.303
20834	0.303
20835	0.303
20836	0.303
20837	0.303
20838	0.303
20839	0.303
20840	0.303
20841	0
20842	0
20843	0
20844	0
20845	0
20846	0
20847	0
20848	0.303
20849	0.303
20850	0.303
20851	0.303
20852	0.303
20853	0.606
20854	0.606
20855	0.606
20856	0.606
20857	0.303
20858	0.303
20859	0.303
20860	0.303
20861	0.303
20862	0.303
20863	0
20864	0
20865	0
20866	0
20867	0
20868	0
20869	0
20870	0
20871	0
20872	0
20873	0
20874	0
20875	0
20876	0
20877	0
20878	0
20879	0
20880	0
20881	0
20882	0
20883	0
20884	0.303
20885	0.303
20886	0.303
20887	0.303
20888	0.303
20889	0.606
20890	0.606
20891	0.606
20892	0.303
20893	0.303
20894	0.303
20895	0.303
20896	0.303
20897	0
20898	0
20899	0
20900	0
20901	0
20902	0
20903	0
20904	0
20905	0
20906	0
20907	0
20908	0
20909	0
20910	0
20911	0
20912	0
20913	0
20914	0
20915	0.303
20916	0.606
20917	0.606
20918	0.606
20919	0.606
20920	0.606
20921	0.606
20922	0.606
20923	0.303
20924	0.303
20925	0
20926	0
20927	0
20928	0
20929	0
20930	0
20931	0
20932	0
20933	0
20934	0
20935	0
20936	0
20937	0
20938	0
20939	0
20940	0
20941	0
20942	0
20943	0
20944	0
20945	0
20946	0
20947	0
20948	0.303
20949	0.303
20950	0.303
20951	0.303
20952	0.303
20953	0.303
20954	0.303
20955	0.303
20956	0.303
20957	0
20958	0
20959	0
20960	0
20961	0
20962	0.303
20963	0.303
20964	0.303
20965	0.303
20966	0.303
20967	0.303
20968	0.303
20969	0.303
20970	0
20971	0
20972	0
20973	0
20974	0
20975	0
20976	0
20977	0
20978	0
20979	0
20980	0
20981	0
20982	0
20983	0
20984	0
20985	0
20986	0
20987	0
20988	0
20989	0
20990	0
20991	0
20992	0
20993	0
20994	0
20995	0
20996	0
20997	0
20998	0
20999	0
21000	0
21001	0.606
21002	0.606
21003	0.606
21004	0.606
21005	0.91
21006	0.91
21007	0.91
21008	0.91
21009	0.303
21010	0.303
21011	0.303
21012	0.303
21013	0.303
21014	0.303
21015	0.91
21016	0.91
21017	0.91
21018	0.91
21019	0.91
21020	0.91
21021	0.91
21022	1.213
21023	0.303
21024	0.303
21025	0.303
21026	0.303
21027	0.606
21028	0.606
21029	0.606
21030	0.303
21031	0.303
21032	0.606
21033	0.606
21034	0.606
21035	0.303
21036	0.303
21037	0.303
21038	0.606
21039	0.606
21040	0.303
21041	0.606
21042	0.606
21043	0.606
21044	0.606
21045	0.606
21046	0.606
21047	0.303
21048	0.303
21049	0.303
21050	0.303
21051	0.303
21052	0.303
21053	0.303
21054	0.606
21055	0.606
21056	0.606
21057	0.606
21058	1.819
21059	2.729
21060	2.729
21061	2.729
21062	2.729
21063	2.729
21064	2.425
21065	2.425
21066	0.91
21067	0
21068	0
21069	0.303
21070	0.303
21071	0.303
21072	0.303
21073	0
21074	0
21075	0
21076	0
21077	0
21078	0
21079	0
21080	0
21081	0
21082	0
21083	0
21084	0
21085	0
21086	0
21087	0
21088	0
21089	0
21090	0
21091	0
21092	0
21093	0
21094	0
21095	0
21096	0
21097	0
21098	0
21099	0
21100	0
21101	0
21102	0
21103	0
21104	0
21105	0
21106	0
21107	0
21108	0
21109	0
21110	0.303
21111	0.303
21112	0.303
21113	0.303
21114	0.91
21115	1.213
21116	1.213
21117	1.213
21118	0.91
21119	0.91
21120	0.91
21121	0.91
21122	0.91
21123	0.303
21124	0
21125	0
21126	0
21127	0
21128	0
21129	0
21130	0
21131	0
21132	0
21133	0
21134	0
21135	0
21136	0
21137	0
21138	0
21139	0
21140	0
21141	0
21142	0
21143	0
21144	0.303
21145	0.303
21146	0.303
21147	0.303
21148	0.606
21149	0.606
21150	0.606
21151	0.606
21152	0.606
21153	0.606
21154	0.606
21155	0.91
21156	0.606
21157	0.91
21158	0.91
21159	0.91
21160	0.606
21161	0.606
21162	0.606
21163	0.303
21164	0.303
21165	0
21166	0
21167	0
21168	0
21169	0.303
21170	1.213
21171	1.516
21172	1.516
21173	1.516
21174	1.819
21175	1.819
21176	1.819
21177	1.516
21178	1.213
21179	0.303
21180	0.303
21181	0.606
21182	0.303
21183	0.303
21184	0.303
21185	0.303
21186	0.303
21187	0.303
21188	0.303
21189	0.303
21190	0.303
21191	0.303
21192	0.303
21193	0.303
21194	0.303
21195	0.303
21196	0.606
21197	0.606
21198	0.303
21199	0.303
21200	0.303
21201	0.303
21202	0.303
21203	0.303
21204	0.303
21205	0
21206	0
21207	0
21208	0
21209	0
21210	0
21211	0
21212	0
21213	0
21214	0
21215	0
21216	0
21217	0
21218	0
21219	0
21220	0
21221	0
21222	0
21223	0
21224	0
21225	0
21226	0
21227	0
21228	0
21229	0
21230	0
21231	0
21232	0
21233	0
21234	0
21235	0
21236	0
21237	0
21238	0
21239	0
21240	0
21241	0
21242	0
21243	0
21244	0
21245	1.819
21246	1.819
21247	1.819
21248	1.819
21249	1.819
21250	1.819
21251	1.819
21252	1.819
21253	0
21254	0
21255	0
21256	0
21257	0
21258	0
21259	0
21260	0
21261	0
21262	0
21263	0
21264	0
21265	0
21266	0
21267	0
21268	0
21269	0.303
21270	0.303
21271	0.303
21272	0.303
21273	0.303
21274	0.91
21275	1.213
21276	1.213
21277	0.91
21278	0.91
21279	0.91
21280	0.91
21281	0.606
21282	0.303
21283	0
21284	0
21285	0
21286	0
21287	0.303
21288	0.303
21289	0.303
21290	0.303
21291	0.303
21292	0.303
21293	0.303
21294	0.303
21295	0
21296	0
21297	0
21298	0
21299	0
21300	0.303
21301	0.303
21302	0.303
21303	0.606
21304	0.606
21305	0.606
21306	0.606
21307	0.606
21308	0.606
21309	0.303
21310	0.303
21311	0
21312	0
21313	0.303
21314	0.303
21315	0.303
21316	0.303
21317	0.606
21318	0.606
21319	0.606
21320	0.606
21321	0.91
21322	0.91
21323	0.91
21324	0.91
21325	0.303
21326	0.303
21327	0.303
21328	0.303
21329	0
21330	0
21331	0
21332	0
21333	0
21334	0
21335	0
21336	0
21337	0.606
21338	0.91
21339	0.91
21340	1.213
21341	2.425
21342	2.425
21343	2.425
21344	2.425
21345	2.425
21346	2.425
21347	2.122
21348	2.122
21349	0.91
21350	0.91
21351	0.91
21352	0.91
21353	0.606
21354	0.606
21355	0.303
21356	0
21357	0.606
21358	0.606
21359	0.606
21360	0.606
21361	0.606
21362	0.606
21363	0.606
21364	0.606
21365	0
21366	0
21367	0
21368	0
21369	0
21370	0
21371	0
21372	0
21373	0
21374	0
21375	0
21376	0
21377	0
21378	0
21379	0
21380	0
21381	0.303
21382	0.303
21383	0.303
21384	0.606
21385	0.606
21386	0.606
21387	0.606
21388	0.606
21389	0.303
21390	0.606
21391	0.606
21392	0.606
21393	0.91
21394	0.91
21395	1.516
21396	1.516
21397	1.819
21398	1.516
21399	1.516
21400	1.819
21401	1.213
21402	1.213
21403	0.606
21404	0.606
21405	1.516
21406	1.213
21407	1.213
21408	1.516
21409	1.516
21410	1.819
21411	1.819
21412	1.819
21413	1.516
21414	1.213
21415	0.91
21416	0.303
21417	0.303
21418	0
21419	0
21420	0
21421	0
21422	0
21423	0
21424	0
21425	0
21426	0
21427	0
21428	0
21429	0
21430	0
21431	0
21432	0.303
21433	0.606
21434	0.91
21435	0.91
21436	0.91
21437	0.91
21438	1.516
21439	1.516
21440	1.819
21441	1.516
21442	1.819
21443	2.122
21444	2.122
21445	2.122
21446	1.516
21447	1.516
21448	0.91
21449	0.91
21450	0.303
21451	0
21452	0
21453	0
21454	0
21455	0
21456	0.606
21457	0.606
21458	0.606
21459	0.91
21460	0.91
21461	0.606
21462	0.606
21463	0.606
21464	0.606
21465	0.303
21466	0.303
21467	0.303
21468	0
21469	0
21470	0
21471	0
21472	0
21473	0
21474	0
21475	0
21476	0
21477	0
21478	0.303
21479	0.303
21480	0.606
21481	0.606
21482	0.606
21483	0.606
21484	0.606
21485	0.606
21486	0.303
21487	0.303
21488	0
21489	0
21490	0
21491	0.303
21492	0.303
21493	0.606
21494	1.516
21495	1.819
21496	3.032
21497	3.638
21498	10.914
21499	11.824
21500	18.494
21501	20.01
21502	20.616
21503	22.435
21504	22.738
21505	23.648
21506	21.222
21507	16.068
21508	9.095
21509	6.973
21510	6.063
21511	3.335
21512	1.516
21513	1.213
21514	0.303
21515	0.303
21516	0.606
21517	0.606
21518	0.606
21519	0.606
21520	0.606
21521	0.606
21522	0.606
21523	0.303
21524	0
21525	0
21526	0
21527	0
21528	0
21529	0
21530	0
21531	0
21532	0
21533	0
21534	0
21535	0
21536	0
21537	0
21538	0
21539	0
21540	0
21541	0
21542	0
21543	0
21544	0
21545	0
21546	0
21547	0
21548	0
21549	0
21550	0
21551	0
21552	0
21553	0
21554	0
21555	0
21556	0.303
21557	0.303
21558	0.303
21559	0.303
21560	0.303
21561	0.303
21562	0.606
21563	0.606
21564	0.606
21565	0.303
21566	0.303
21567	0.303
21568	0.303
21569	0.303
21570	0.303
21571	0
21572	0
21573	0
21574	0
21575	0
21576	0
21577	0
21578	0
21579	0
21580	0.303
21581	0.303
21582	0.303
21583	0.303
21584	0.606
21585	0.606
21586	0.606
21587	0.606
21588	0.303
21589	0.303
21590	0.303
21591	0.303
21592	0
21593	0
21594	0
21595	0
21596	0
21597	0
21598	0
21599	0
21600	0
21601	0
21602	0
21603	0
21604	0
21605	0
21606	0
21607	0
21608	0
21609	0
21610	0
21611	0
21612	0
21613	0
21614	0
21615	0
21616	0.303
21617	0.303
21618	0.303
21619	0.303
21620	0.303
21621	0.303
21622	0.303
21623	0
21624	0.606
21625	0.606
21626	0.606
21627	0.606
21628	0.606
21629	0.606
21630	0.606
21631	0.606
21632	0
21633	0
21634	0.303
21635	0.303
21636	0.303
21637	0.606
21638	0.606
21639	0.606
21640	0.606
21641	0.606
21642	0.606
21643	0.606
21644	0.303
21645	0
21646	0
21647	0
21648	0.303
21649	0.303
21650	1.516
21651	1.819
21652	1.819
21653	1.516
21654	1.516
21655	2.122
21656	2.122
21657	2.425
21658	2.729
21659	2.122
21660	1.213
21661	1.213
21662	1.213
21663	0.91
21664	1.213
21665	1.819
21666	2.729
21667	4.244
21668	6.367
21669	7.276
21670	8.792
21671	10.005
21672	10.005
21673	10.308
21674	9.398
21675	7.579
21676	6.67
21677	4.244
21678	3.941
21679	1.819
21680	1.819
21681	1.213
21682	1.213
21683	1.213
21684	1.213
21685	0.91
21686	0.91
21687	0.91
21688	0.303
21689	0
21690	0.303
21691	0.303
21692	0.303
21693	0.303
21694	0.303
21695	0.303
21696	0.303
21697	0.303
21698	0
21699	0
21700	0
21701	0
21702	0
21703	0
21704	0
21705	0
21706	0
21707	0
21708	0
21709	0
21710	0
21711	0
21712	0
21713	0
21714	0
21715	0
21716	0
21717	0
21718	0
21719	0
21720	0
21721	0
21722	0
21723	0
21724	0
21725	0
21726	0
21727	0
21728	0
21729	0
21730	0
21731	0
21732	0
21733	0
21734	0
21735	0
21736	0
21737	0
21738	0.303
21739	0.606
21740	0.606
21741	0.91
21742	0.91
21743	2.122
21744	2.122
21745	2.122
21746	1.819
21747	2.122
21748	2.122
21749	1.819
21750	1.819
21751	1.819
21752	0.606
21753	1.213
21754	1.213
21755	0.91
21756	1.213
21757	1.213
21758	1.213
21759	1.213
21760	1.516
21761	0.91
21762	1.213
21763	1.516
21764	1.516
21765	1.213
21766	1.516
21767	1.819
21768	1.819
21769	1.819
21770	1.516
21771	1.213
21772	1.516
21773	1.516
21774	1.213
21775	0.91
21776	0.606
21777	0.606
21778	0.606
21779	0.606
21780	0
21781	0
21782	0
21783	0
21784	0
21785	0
21786	0
21787	0
21788	0
21789	0
21790	0
21791	0
21792	0
21793	0
21794	0
21795	0
21796	0
21797	0
21798	0
21799	0
21800	0
21801	0
21802	0
21803	0
21804	0
21805	0
21806	0
21807	0
21808	0
21809	0
21810	0
21811	0
21812	0
21813	0
21814	0
21815	0
21816	0
21817	0
21818	0
21819	0
21820	0
21821	0
21822	0
21823	0
21824	0
21825	0
21826	0
21827	0
21828	0
21829	0
21830	0
21831	0
21832	0
21833	0
21834	0
21835	0
21836	0.303
21837	0.303
21838	0.303
21839	1.213
21840	2.122
21841	2.122
21842	2.425
21843	2.729
21844	2.122
21845	2.122
21846	2.122
21847	1.213
21848	0.91
21849	0.91
21850	0.91
21851	0.606
21852	0.303
21853	0.303
21854	0.303
21855	0.303
21856	0.303
21857	0.303
21858	0.303
21859	0.303
21860	0
21861	0
21862	0
21863	0
21864	0
21865	0
21866	0
21867	0
21868	0
21869	0
21870	0
21871	0
21872	0
21873	0.303
21874	0.606
21875	0.606
21876	0.606
21877	0.606
21878	0.606
21879	0.606
21880	0.91
21881	0.91
21882	0.606
21883	0.91
21884	0.91
21885	0.91
21886	0.91
21887	0.91
21888	0.606
21889	0.91
21890	0.606
21891	0.303
21892	0.606
21893	0.606
21894	0.606
21895	0.606
21896	0.606
21897	0.303
21898	0.303
21899	0.606
21900	0.606
21901	0.606
21902	0.606
21903	0.303
21904	0.606
21905	0.91
21906	0.91
21907	0.91
21908	0.91
21909	0.91
21910	0.91
21911	0.91
21912	0.606
21913	0.303
21914	0.303
21915	0.303
21916	0.303
21917	0
21918	0
21919	0
21920	0
21921	0
21922	0
21923	0
21924	0
21925	0.303
21926	0.303
21927	0.303
21928	0.303
21929	0.303
21930	0.303
21931	0.303
21932	0.303
21933	0
21934	0
21935	0
21936	0
21937	0
21938	0
21939	0
21940	0
21941	0
21942	0
21943	0
21944	0
21945	0
21946	0
21947	0
21948	0
21949	0
21950	0
21951	0
21952	0
21953	0
21954	0
21955	0
21956	0
21957	0
21958	0
21959	0
21960	0.303
21961	0.303
21962	0.606
21963	0.606
21964	0.606
21965	0.606
21966	0.606
21967	0.606
21968	0.303
21969	0.303
21970	0
21971	0
21972	0
21973	0
21974	0
21975	0
21976	0
21977	0
21978	0
21979	0
21980	0
21981	0
21982	0
21983	0.303
21984	0.303
21985	0.303
21986	0.303
21987	0.303
21988	0.303
21989	0.303
21990	0.303
21991	0.303
21992	0
21993	0
21994	0
21995	0
21996	0
21997	0
21998	0.303
21999	0.303
22000	0.303
22001	0.303
22002	0.303
22003	0.606
22004	0.606
22005	0.606
22006	0.303
22007	0.303
22008	0.303
22009	0.303
22010	0.303
22011	0
22012	1.516
22013	1.819
22014	1.819
22015	2.425
22016	2.425
22017	2.425
22018	2.729
22019	2.729
22020	1.516
22021	1.213
22022	1.213
22023	0.303
22024	0.303
22025	0.303
22026	0.303
22027	0.303
22028	0.303
22029	0.303
22030	0.303
22031	0.303
22032	0.303
22033	0.303
22034	0
22035	0.303
22036	0.303
22037	0.303
22038	0.303
22039	0.303
22040	0
22041	0
22042	0.606
22043	0.606
22044	1.516
22045	1.516
22046	1.516
22047	2.122
22048	3.638
22049	5.76
22050	5.76
22051	6.67
22052	6.367
22053	6.063
22054	6.063
22055	7.883
22056	7.579
22057	6.063
22058	5.154
22059	4.548
22060	3.638
22061	3.941
22062	4.244
22063	2.122
22064	1.819
22065	0.91
22066	2.122
22067	2.122
22068	2.122
22069	2.122
22070	1.819
22071	1.819
22072	1.819
22073	2.122
22074	2.122
22075	0.303
22076	0.303
22077	0.606
22078	0.606
22079	0.606
22080	0.606
22081	0.303
22082	0.606
22083	0.606
22084	0.606
22085	0.606
22086	0.606
22087	0.303
22088	0.303
22089	0.303
22090	0
22091	0
22092	0
22093	0
22094	0
22095	0
22096	0.303
22097	0.303
22098	0.303
22099	0.303
22100	0.303
22101	0.303
22102	0.303
22103	0.303
22104	0.303
22105	0
22106	0
22107	0
22108	0
22109	0
22110	0
22111	0
22112	0
22113	0
22114	0
22115	0
22116	0
22117	0
22118	0
22119	0
22120	0
22121	0
22122	0
22123	0
22124	0
22125	0
22126	0
22127	0
22128	0
22129	0
22130	0
22131	0
22132	0
22133	0.303
22134	0.303
22135	0.303
22136	0.606
22137	0.606
22138	0.91
22139	1.213
22140	1.213
22141	1.516
22142	1.819
22143	2.122
22144	2.122
22145	1.819
22146	1.516
22147	1.516
22148	1.516
22149	1.213
22150	1.213
22151	1.516
22152	1.213
22153	1.213
22154	1.213
22155	0.91
22156	0.606
22157	0.606
22158	0.606
22159	0.303
22160	0.303
22161	0.303
22162	0
22163	0
22164	0
22165	0
22166	0
22167	0
22168	0.303
22169	0.303
22170	0.606
22171	0.606
22172	0.606
22173	0.606
22174	0.606
22175	1.213
22176	1.213
22177	1.213
22178	0.91
22179	1.819
22180	1.819
22181	1.819
22182	1.819
22183	1.516
22184	0.91
22185	0.91
22186	1.213
22187	0.303
22188	0.303
22189	0.303
22190	0.303
22191	0.303
22192	0.303
22193	0.303
22194	0
22195	0
22196	0
22197	0
22198	0
22199	0
22200	0
22201	0
22202	0
22203	0
22204	0
22205	0
22206	0
22207	0
22208	0
22209	0
22210	0
22211	0.303
22212	0.303
22213	0.303
22214	0.303
22215	0.303
22216	0.303
22217	0.303
22218	0.303
22219	0.303
22220	0.303
22221	0.303
22222	0.303
22223	0.303
22224	0.303
22225	0.303
22226	0.303
22227	0
22228	0
22229	0
22230	0
22231	0
22232	0
22233	0
22234	0
22235	0
22236	0
22237	0
22238	0
22239	0
22240	0
22241	0
22242	0
22243	0
22244	0
22245	0
22246	0.303
22247	0.303
22248	0.303
22249	0.303
22250	0.303
22251	0.303
22252	0.606
22253	0.606
22254	0.303
22255	0.303
22256	0.303
22257	0.303
22258	0.303
22259	0.303
22260	0
22261	0
22262	0
22263	0
22264	0
22265	0.303
22266	0.303
22267	0.303
22268	0.303
22269	0.303
22270	0.303
22271	0.303
22272	0.303
22273	0.303
22274	0
22275	0
22276	0
22277	0
22278	0
22279	0
22280	0
22281	0
22282	0
22283	0
22284	0
22285	0
22286	0
22287	0
22288	0
22289	0
22290	0.303
22291	0.303
22292	0.303
22293	0.303
22294	0.303
22295	0.303
22296	0.606
22297	0.606
22298	0.303
22299	0.606
22300	0.606
22301	0.91
22302	0.91
22303	0.91
22304	0.91
22305	0.606
22306	0.606
22307	0.303
22308	0.606
22309	0.303
22310	0.303
22311	0.91
22312	1.213
22313	1.213
22314	1.213
22315	1.213
22316	1.516
22317	1.213
22318	1.213
22319	0.606
22320	0.606
22321	0.303
22322	0.606
22323	0.91
22324	0.606
22325	0.606
22326	0.606
22327	0.91
22328	1.213
22329	1.213
22330	0.91
22331	0.606
22332	0.91
22333	0.91
22334	1.213
22335	0.91
22336	0.91
22337	0.91
22338	0.606
22339	0.606
22340	0.606
22341	0.303
22342	0
22343	0
22344	0
22345	0.303
22346	0.303
22347	0.303
22348	0.303
22349	0.303
22350	0.303
22351	0.303
22352	0.303
22353	0.303
22354	0
22355	0
22356	0
22357	0.303
22358	0.303
22359	0.303
22360	0.606
22361	0.91
22362	0.91
22363	0.91
22364	0.91
22365	0.91
22366	0.91
22367	0.606
22368	0.303
22369	0
22370	0
22371	0
22372	0.303
22373	0.303
22374	0.303
22375	0.606
22376	0.606
22377	0.606
22378	0.606
22379	0.91
22380	0.606
22381	0.606
22382	0.606
22383	0.606
22384	0.303
22385	0.91
22386	0.91
22387	0.606
22388	0.606
22389	0.606
22390	0.606
22391	0.606
22392	0.606
22393	0
22394	0
22395	0
22396	0.303
22397	0.303
22398	0.303
22399	0.303
22400	0.303
22401	0.606
22402	1.213
22403	1.213
22404	0.91
22405	0.91
22406	0.91
22407	1.213
22408	1.213
22409	0.91
22410	0.606
22411	0.303
22412	0.303
22413	0.303
22414	0.303
22415	0
22416	0
22417	0
22418	0
22419	0
22420	0
22421	0
22422	0
22423	0
22424	0
22425	0
22426	0
22427	0
22428	0
22429	0
22430	0
22431	0
22432	0
22433	0
22434	0
22435	0
22436	0
22437	0
22438	0
22439	0
22440	0
22441	0
22442	0.303
22443	0.303
22444	0.303
22445	0.303
22446	0.303
22447	0.303
22448	0.303
22449	0.303
22450	0
22451	0
22452	0
22453	0
22454	0
22455	0
22456	0
22457	0
22458	0
22459	0
22460	0
22461	0
22462	0
22463	0
22464	0
22465	0
22466	0.303
22467	0.303
22468	0.606
22469	0.91
22470	0.91
22471	0.91
22472	0.91
22473	0.91
22474	0.606
22475	0.606
22476	0.606
22477	0.303
22478	0.91
22479	0.91
22480	1.213
22481	1.516
22482	1.516
22483	1.516
22484	1.516
22485	1.213
22486	1.213
22487	1.213
22488	0
22489	0.303
22490	0.606
22491	0.91
22492	1.213
22493	1.213
22494	1.516
22495	1.516
22496	1.516
22497	1.213
22498	0.91
22499	0.606
22500	0.303
22501	0.303
22502	0
22503	0
22504	0.303
22505	0.303
22506	0.303
22507	0.303
22508	0.303
22509	0.606
22510	0.606
22511	0.606
22512	1.213
22513	3.032
22514	3.335
22515	3.941
22516	3.941
22517	3.335
22518	3.335
22519	3.638
22520	5.76
22521	4.244
22522	5.457
22523	5.154
22524	5.457
22525	6.367
22526	6.367
22527	6.063
22528	4.244
22529	3.638
22530	3.032
22531	1.819
22532	1.516
22533	0.91
22534	0.303
22535	0.303
22536	0.303
22537	0.303
22538	0.303
22539	0.303
22540	0
22541	0
22542	0
22543	0
22544	0
22545	0
22546	0
22547	0
22548	0
22549	0
22550	0
22551	0
22552	0
22553	0
22554	0
22555	0
22556	0
22557	0
22558	0
22559	0
22560	0.606
22561	0.606
22562	0.606
22563	0.91
22564	0.91
22565	1.213
22566	1.516
22567	1.516
22568	0.91
22569	0.91
22570	1.516
22571	2.425
22572	2.729
22573	3.032
22574	2.425
22575	2.425
22576	2.425
22577	2.425
22578	2.122
22579	1.213
22580	0.91
22581	0.303
22582	0
22583	0
22584	0
22585	0
22586	0
22587	0
22588	0
22589	0
22590	0
22591	0
22592	0
22593	0
22594	0
22595	0
22596	0
22597	0
22598	0.303
22599	0.303
22600	0.303
22601	0.303
22602	0.303
22603	0.303
22604	0.606
22605	0.606
22606	0.606
22607	0.303
22608	0
22609	0
22610	0
22611	0
22612	0
22613	0
22614	0.303
22615	0.303
22616	0.303
22617	0.303
22618	0.303
22619	0.303
22620	0.303
22621	0.303
22622	0.303
22623	0.303
22624	0
22625	0.303
22626	0.303
22627	0.606
22628	0.606
22629	0.606
22630	0.606
22631	0.606
22632	0.606
22633	0.606
22634	0.606
22635	0.303
22636	0.303
22637	0.91
22638	0.91
22639	0.91
22640	0.91
22641	0.606
22642	0.91
22643	1.213
22644	1.213
22645	1.213
22646	1.213
22647	0.606
22648	0.606
22649	0.606
22650	0.303
22651	0.303
22652	0.303
22653	0.303
22654	0.303
22655	0.303
22656	0
22657	0
22658	0
22659	0
22660	0
22661	0
22662	0
22663	0
22664	0
22665	0
22666	0
22667	0
22668	0
22669	0.606
22670	0.606
22671	0.606
22672	0.606
22673	0.606
22674	0.606
22675	0.606
22676	0.606
22677	0.303
22678	0.303
22679	0
22680	0
22681	0
22682	0
22683	0
22684	0
22685	0
22686	0
22687	0
22688	0
22689	0
22690	0
22691	0
22692	0
22693	0
22694	0
22695	0
22696	0
22697	0
22698	0
22699	0
22700	0
22701	0
22702	0
22703	0
22704	0
22705	0
22706	0
22707	0.303
22708	0.303
22709	0.91
22710	1.213
22711	1.213
22712	1.213
22713	1.819
22714	2.122
22715	2.425
22716	2.425
22717	1.819
22718	1.819
22719	1.819
22720	1.819
22721	1.819
22722	1.213
22723	1.213
22724	1.213
22725	1.213
22726	1.516
22727	0.91
22728	0.91
22729	0.606
22730	0.91
22731	0.91
22732	1.213
22733	1.819
22734	1.819
22735	1.516
22736	1.516
22737	1.516
22738	1.213
22739	0.91
22740	0.91
22741	0
22742	0.606
22743	0.606
22744	0.606
22745	0.606
22746	0.606
22747	0.606
22748	0.606
22749	0.606
22750	0.303
22751	0.303
22752	0.303
22753	0.303
22754	0.303
22755	0.303
22756	0.303
22757	0.303
22758	0
22759	0
22760	0
22761	0
22762	0
22763	0
22764	0
22765	0
22766	0
22767	0
22768	0
22769	0
22770	0
22771	0.303
22772	0.303
22773	0.303
22774	0.303
22775	0.303
22776	0.303
22777	0.303
22778	0.303
22779	0
22780	0
22781	0
22782	0
22783	0
22784	0
22785	0
22786	0
22787	0
22788	0
22789	0
22790	0
22791	0
22792	0
22793	0
22794	0.303
22795	0.91
22796	0.91
22797	1.516
22798	4.851
22799	6.67
22800	10.005
22801	10.005
22802	10.005
22803	9.398
22804	9.398
22805	8.792
22806	6.973
22807	5.457
22808	0.91
22809	0.91
22810	0.91
22811	0.606
22812	0.303
22813	0.606
22814	0.606
22815	1.213
22816	1.213
22817	0.91
22818	0.91
22819	0.91
22820	0.91
22821	0.606
22822	0.91
22823	0.303
22824	0.303
22825	0.303
22826	0.303
22827	0.303
22828	0.303
22829	0.303
22830	0
22831	0
22832	0
22833	0
22834	0
22835	0
22836	0
22837	0
22838	0
22839	0
22840	0
22841	0.303
22842	0.303
22843	0.303
22844	0.303
22845	0.303
22846	0.606
22847	0.606
22848	0.606
22849	0.606
22850	0.303
22851	0.303
22852	0.303
22853	0.303
22854	0.303
22855	0
22856	0
22857	0
22858	0.303
22859	0.303
22860	0.303
22861	0.303
22862	0.303
22863	0.303
22864	0.303
22865	0.303
22866	0.303
22867	0.303
22868	0.303
22869	0.303
22870	0.303
22871	0.303
22872	0.303
22873	0.303
22874	0.303
22875	0
22876	0
22877	0
22878	0
22879	0
22880	0
22881	0
22882	0
22883	0
22884	0
22885	0
22886	0
22887	0
22888	0
22889	0
22890	0
22891	0.303
22892	0.606
22893	0.606
22894	0.606
22895	0.606
22896	0.606
22897	0.606
22898	0.606
22899	0.303
22900	0
22901	0
22902	0.303
22903	0.91
22904	0.91
22905	1.213
22906	1.516
22907	1.213
22908	1.213
22909	1.213
22910	0.91
22911	0.91
22912	0.91
22913	0.91
22914	0.91
22915	0.606
22916	0.606
22917	0.606
22918	0.91
22919	1.213
22920	1.213
22921	0.91
22922	0.606
22923	0.606
22924	0.606
22925	0.606
22926	0.303
22927	0.91
22928	0.91
22929	0.606
22930	0.606
22931	0.606
22932	1.213
22933	1.213
22934	1.213
22935	0.606
22936	0.606
22937	0.606
22938	0.606
22939	0.606
22940	0
22941	0
22942	0
22943	0
22944	0
22945	0
22946	0
22947	0.303
22948	0.303
22949	0.303
22950	0.303
22951	0.303
22952	0.303
22953	0.303
22954	0.303
22955	0.303
22956	0.303
22957	0
22958	0
22959	0
22960	0
22961	0
22962	0
22963	0
22964	0
22965	0
22966	0
22967	0.303
22968	0.303
22969	0.606
22970	0.606
22971	1.213
22972	1.213
22973	1.213
22974	1.213
22975	1.213
22976	1.213
22977	0.91
22978	0.606
22979	0
22980	0
22981	0
22982	0
22983	0
22984	0
22985	0
22986	0
22987	0
22988	0
22989	0
22990	0.303
22991	0.91
22992	1.516
22993	1.819
22994	1.819
22995	1.819
22996	1.819
22997	2.122
22998	2.122
22999	1.516
23000	1.213
23001	0.91
23002	0.91
23003	0.91
23004	0.91
23005	0.91
23006	0.606
23007	0.303
23008	0.303
23009	0
23010	0
23011	0
23012	0
23013	0
23014	0
23015	0
23016	0
23017	0.303
23018	0.303
23019	0.303
23020	0.303
23021	0.303
23022	0.303
23023	0.606
23024	0.606
23025	0.303
23026	0.303
23027	0.303
23028	0.303
23029	0.303
23030	0.303
23031	0
23032	0
23033	0
23034	0
23035	0.303
23036	0.303
23037	0.303
23038	0.303
23039	0.303
23040	0.303
23041	0.606
23042	0.606
23043	0.303
23044	0.303
23045	0.303
23046	0.303
23047	0.303
23048	0.303
23049	0.303
23050	0.303
23051	0
23052	0
23053	0
23054	0
23055	0
23056	0
23057	0
23058	0
23059	0
23060	0
23061	0
23062	0
23063	0.303
23064	0.303
23065	0.303
23066	0.606
23067	0.606
23068	0.91
23069	1.819
23070	2.729
23071	2.729
23072	3.638
23073	4.244
23074	4.244
23075	4.244
23076	3.638
23077	3.335
23078	2.425
23079	2.122
23080	1.516
23081	1.213
23082	0.606
23083	0.606
23084	0.606
23085	0
23086	0
23087	0
23088	0
23089	0
23090	0
23091	0
23092	0.303
23093	0.303
23094	0.303
23095	0.606
23096	0.606
23097	0.606
23098	0.606
23099	0.606
23100	0.606
23101	0.606
23102	0.303
23103	0
23104	0.303
23105	0.303
23106	0.303
23107	0.303
23108	0.303
23109	0.606
23110	0.91
23111	0.91
23112	0.91
23113	1.213
23114	1.213
23115	1.213
23116	1.516
23117	2.122
23118	1.819
23119	1.819
23120	1.819
23121	1.516
23122	1.213
23123	1.516
23124	1.213
23125	0.303
23126	0.303
23127	0.303
23128	0.91
23129	1.516
23130	1.516
23131	1.213
23132	1.213
23133	1.516
23134	1.516
23135	1.516
23136	0.91
23137	0.303
23138	0.303
23139	0.303
23140	0.303
23141	0
23142	0
23143	0
23144	0
23145	0
23146	0
23147	0
23148	0
23149	0
23150	0
23151	0
23152	0
23153	0
23154	0.303
23155	0.303
23156	0.303
23157	0.303
23158	1.213
23159	1.213
23160	2.122
23161	2.122
23162	2.425
23163	2.425
23164	2.425
23165	2.425
23166	1.819
23167	1.516
23168	0.606
23169	0.606
23170	0.303
23171	0.303
23172	0.303
23173	0.303
23174	0.303
23175	0.303
23176	0
23177	0
23178	0
23179	0
23180	0
23181	0
23182	0
23183	0
23184	0
23185	0.303
23186	0.303
23187	0.91
23188	1.213
23189	1.213
23190	1.516
23191	1.819
23192	1.819
23193	2.122
23194	2.122
23195	2.122
23196	1.213
23197	1.516
23198	1.213
23199	1.213
23200	1.819
23201	1.516
23202	1.819
23203	1.819
23204	1.516
23205	1.516
23206	1.516
23207	1.213
23208	0.606
23209	0.606
23210	0.303
23211	0.303
23212	0.303
23213	0.303
23214	0
23215	0
23216	0
23217	0
23218	0
23219	0
23220	0
23221	0
23222	0
23223	0
23224	0
23225	0
23226	0
23227	0.303
23228	0.303
23229	0.303
23230	0.303
23231	0.303
23232	0.303
23233	0.303
23234	0.303
23235	0.91
23236	0.91
23237	0.91
23238	0.91
23239	0.91
23240	0.91
23241	0.91
23242	0.91
23243	0
23244	0
23245	0
23246	0
23247	0
23248	0
23249	0
23250	0
23251	0
23252	0
23253	0
23254	0
23255	0
23256	0
23257	0
23258	0
23259	0.303
23260	0.606
23261	0.91
23262	1.213
23263	1.213
23264	1.213
23265	1.213
23266	1.213
23267	0.91
23268	0.606
23269	0.303
23270	0
23271	0
23272	0
23273	0
23274	0
23275	0
23276	0
23277	0
23278	0
23279	0
23280	0
23281	0.303
23282	0.303
23283	0.303
23284	0.303
23285	0.303
23286	0.303
23287	0.91
23288	0.91
23289	0.606
23290	0.606
23291	0.606
23292	0.606
23293	0.606
23294	0.606
23295	0
23296	0
23297	0
23298	0
23299	0
23300	0.303
23301	0.303
23302	0.303
23303	0.303
23304	0.303
23305	0.303
23306	0.303
23307	0.303
23308	0
23309	0.303
23310	0.303
23311	0.303
23312	0.303
23313	0.303
23314	0.303
23315	0.606
23316	0.606
23317	0.303
23318	0.303
23319	0.303
23320	0.303
23321	0.303
23322	0.303
23323	0
23324	0
23325	0
23326	0
23327	0
23328	0
23329	0
23330	0
23331	0.303
23332	0.303
23333	0.303
23334	0.303
23335	0.303
23336	0
23337	0
23338	0
23339	0
23340	0
23341	0
23342	0
23343	0
23344	0
23345	0
23346	0
23347	0
23348	0
23349	0
23350	0
23351	0
23352	0
23353	0
23354	0
23355	0
23356	0
23357	0
23358	0.303
23359	0.303
23360	0.303
23361	0.303
23362	0.303
23363	0.303
23364	0.303
23365	0.606
23366	0.303
23367	0.91
23368	1.213
23369	1.213
23370	1.213
23371	1.213
23372	0.91
23373	0.606
23374	0.606
23375	1.213
23376	0.606
23377	0.606
23378	0.606
23379	0.606
23380	0.91
23381	0.91
23382	0.91
23383	0.91
23384	0.303
23385	0.303
23386	0.303
23387	0.303
23388	0
23389	0
23390	0
23391	0
23392	0
23393	0
23394	0
23395	0
23396	0
23397	0
23398	0
23399	0
23400	0
23401	0.303
23402	0.303
23403	0.606
23404	0.606
23405	0.606
23406	0.606
23407	0.303
23408	0.303
23409	0
23410	0
23411	0
23412	0
23413	0
23414	0
23415	0
23416	0
23417	0
23418	0
23419	0
23420	0
23421	0
23422	0
23423	0
23424	0
23425	0
23426	0
23427	0
23428	0
23429	0
23430	0
23431	0
23432	0
23433	0
23434	0
23435	0
23436	0
23437	0
23438	0
23439	0
23440	0
23441	0
23442	0
23443	0
23444	0
23445	0
23446	0
23447	0
23448	0
23449	0
23450	0
23451	0
23452	0.303
23453	0.606
23454	0.606
23455	0.606
23456	0.606
23457	0.606
23458	0.606
23459	0.606
23460	0.303
23461	0.303
23462	0.303
23463	0
23464	0
23465	0.303
23466	0.606
23467	0.91
23468	0.91
23469	0.91
23470	0.91
23471	1.213
23472	1.213
23473	1.516
23474	1.213
23475	1.213
23476	1.213
23477	1.516
23478	1.516
23479	1.516
23480	1.213
23481	0.91
23482	0.606
23483	0.606
23484	0.303
23485	0.303
23486	0
23487	0
23488	0
23489	0
23490	0
23491	0
23492	0
23493	0
23494	0
23495	0
23496	0
23497	0
23498	0
23499	0
23500	0.303
23501	0.303
23502	0.303
23503	0.303
23504	0.303
23505	0.303
23506	0.303
23507	0.303
23508	0.303
23509	0
23510	0
23511	0
23512	0
23513	0
23514	0
23515	0
23516	0
23517	0
23518	0
23519	0
23520	0
23521	0
23522	0
23523	0.303
23524	0.303
23525	0.303
23526	0.303
23527	0.303
23528	0.303
23529	0.303
23530	0.303
23531	0
23532	0
23533	0
23534	0
23535	0
23536	0
23537	0
23538	0
23539	0.303
23540	0.303
23541	0.303
23542	0.303
23543	0.303
23544	0.303
23545	0.303
23546	0.303
23547	0
23548	0
23549	0
23550	0.303
23551	0.303
23552	0.303
23553	0.303
23554	0.606
23555	0.606
23556	0.91
23557	0.91
23558	0.606
23559	0.606
23560	0.606
23561	0.91
23562	0.606
23563	0.606
23564	0.303
23565	0.303
23566	0.303
23567	0.303
23568	0.303
23569	0
23570	0
23571	0
23572	0
23573	0
23574	0
23575	0
23576	0
23577	0
23578	0
23579	0
23580	0
23581	0
23582	0
23583	0
23584	0
23585	0
23586	0.303
23587	0.303
23588	0.303
23589	0.303
23590	0.303
23591	0.303
23592	0.303
23593	0.303
23594	0.303
23595	0.303
23596	0.303
23597	0.303
23598	0.303
23599	0.303
23600	0.303
23601	0.303
23602	0
23603	0.303
23604	0.303
23605	0.303
23606	0.303
23607	0.606
23608	0.606
23609	0.606
23610	0.606
23611	0.303
23612	0.303
23613	0.303
23614	0.303
23615	0
23616	0
23617	0
23618	0
23619	0
23620	0
23621	0.303
23622	0.91
23623	0.91
23624	0.91
23625	1.213
23626	1.516
23627	1.516
23628	1.516
23629	1.213
23630	0.606
23631	0.606
23632	0.606
23633	0.303
23634	0
23635	0
23636	0
23637	0
23638	0
23639	0
23640	0
23641	0
23642	0
23643	0
23644	0
23645	0
23646	0
23647	0
23648	0
23649	0
23650	0
23651	0
23652	0.303
23653	0.303
23654	0.303
23655	0.303
23656	0.303
23657	0.303
23658	0.303
23659	0.303
23660	0
23661	0
23662	0
23663	0
23664	0
23665	0
23666	0
23667	0
23668	0
23669	0
23670	0
23671	0
23672	0
23673	0
23674	0
23675	0
23676	0
23677	0.303
23678	0.303
23679	0.303
23680	0.303
23681	0.303
23682	0.303
23683	0.303
23684	0.606
23685	0.303
23686	0.303
23687	0.303
23688	0.303
23689	0.303
23690	0.303
23691	0.303
23692	0
23693	0
23694	0
23695	0
23696	0
23697	0
23698	0
23699	0
23700	0.606
23701	0.91
23702	0.91
23703	0.91
23704	0.91
23705	0.91
23706	0.91
23707	0.91
23708	0.303
23709	0
23710	0
23711	0
23712	0
23713	0
23714	0
23715	0
23716	0
23717	0.303
23718	0.303
23719	0.303
23720	0.303
23721	0.303
23722	0.303
23723	0.303
23724	0.303
23725	0
23726	0
23727	0
23728	0
23729	0
23730	0
23731	0
23732	0
23733	0
23734	0
23735	0
23736	0
23737	0
23738	0
23739	0
23740	0
23741	0
23742	0
23743	0
23744	0
23745	0
23746	0
23747	0
23748	0
23749	0
23750	0
23751	0
23752	0
23753	0
23754	0
23755	0
23756	0
23757	0
23758	0
23759	0
23760	0
23761	0
23762	0
23763	0
23764	0
23765	0
23766	0
23767	0
23768	0
23769	0
23770	0.91
23771	0.91
23772	0.91
23773	0.91
23774	0.91
23775	0.91
23776	0.91
23777	0.91
23778	0
23779	0
23780	0
23781	0
23782	0
23783	0
23784	0
23785	0
23786	0
23787	0
23788	0
23789	0
23790	0
23791	0.303
23792	0.303
23793	0.303
23794	0.303
23795	0.303
23796	1.213
23797	2.122
23798	2.425
23799	2.122
23800	2.122
23801	2.122
23802	2.122
23803	2.122
23804	1.213
23805	0.606
23806	0
23807	0
23808	0
23809	0
23810	0
23811	0
23812	0.303
23813	0.303
23814	0.303
23815	0.303
23816	0.606
23817	1.213
23818	1.213
23819	1.516
23820	1.819
23821	2.122
23822	2.425
23823	2.425
23824	2.729
23825	2.729
23826	3.032
23827	3.335
23828	3.032
23829	2.729
23830	2.729
23831	2.729
23832	2.729
23833	2.729
23834	2.425
23835	2.729
23836	2.729
23837	2.729
23838	2.122
23839	3.032
23840	3.032
23841	3.335
23842	3.335
23843	3.638
23844	3.638
23845	3.638
23846	3.941
23847	3.032
23848	2.122
23849	1.516
23850	1.516
23851	1.213
23852	0.606
23853	0.303
23854	0
23855	0
23856	0
23857	0
23858	0.303
23859	0.303
23860	0.303
23861	0.303
23862	0.303
23863	0.303
23864	0.303
23865	0.303
23866	0.303
23867	0
23868	0
23869	0
23870	0
23871	0
23872	0.303
23873	0.303
23874	0.303
23875	0.303
23876	0.303
23877	0.606
23878	0.606
23879	0.606
23880	0.606
23881	0.303
23882	0.606
23883	0.606
23884	0.606
23885	0.606
23886	0.303
23887	0.303
23888	0.303
23889	0.303
23890	0.91
23891	0.91
23892	1.213
23893	1.213
23894	1.213
23895	1.213
23896	1.213
23897	1.213
23898	0.606
23899	0.606
23900	0.303
23901	0.303
23902	0
23903	0
23904	0
23905	0
23906	0.303
23907	0.303
23908	0.303
23909	0.303
23910	0.303
23911	0.303
23912	0.303
23913	0.303
23914	0
23915	0
23916	0
23917	0
23918	0
23919	0
23920	0
23921	0
23922	0
23923	0
23924	0
23925	0
23926	0.303
23927	1.213
23928	1.516
23929	5.76
23930	5.76
23931	6.063
23932	6.063
23933	6.063
23934	5.76
23935	5.154
23936	4.851
23937	0.91
23938	0.91
23939	0.91
23940	0.91
23941	0.91
23942	0.91
23943	0.303
23944	0.303
23945	0
23946	0
23947	0
23948	0
23949	0
23950	0
23951	0
23952	0
23953	0
23954	0
23955	0
23956	0
23957	0
23958	0
23959	0
23960	0
23961	0
23962	0.303
23963	0.303
23964	0.303
23965	0.303
23966	0.303
23967	0.303
23968	0.303
23969	0.303
23970	0
23971	0
23972	0
23973	0.606
23974	0.606
23975	0.606
23976	0.606
23977	0.606
23978	0.606
23979	0.606
23980	0.606
23981	0.606
23982	0
23983	0
23984	0
23985	0
23986	0
23987	0
23988	0
23989	0
23990	0
23991	0
23992	0
23993	0
23994	0
23995	0
23996	0
23997	0
23998	0
23999	0
24000	1.213
24001	1.213
24002	1.213
24003	1.213
24004	1.516
24005	1.516
24006	1.516
24007	1.516
24008	4.851
24009	4.851
24010	4.548
24011	4.548
24012	0.303
24013	0.303
24014	0.303
24015	0.303
24016	0
24017	0
24018	0
24019	0
24020	0
24021	0
24022	0
24023	0
24024	0.606
24025	0.91
24026	0.91
24027	0.91
24028	3.638
24029	3.638
24030	4.548
24031	4.851
24032	3.638
24033	3.032
24034	3.335
24035	3.941
24036	6.973
24037	7.276
24038	6.973
24039	7.579
24040	16.068
24041	15.765
24042	14.552
24043	13.34
24044	1.819
24045	0.606
24046	0.303
24047	0.303
24048	0.303
24049	0.303
24050	0.303
24051	0
24052	0
24053	0
24054	0
24055	0
24056	0
24057	0
24058	0
24059	0
24060	0
24061	0
24062	0
24063	0
24064	0
24065	0
24066	0
24067	0
24068	0
24069	0
24070	0
24071	0
24072	0
24073	0
24074	0
24075	0
24076	0
24077	0
24078	0
24079	0
24080	0
24081	0
24082	0
24083	0
24084	0
24085	0
24086	0
24087	0
24088	0
24089	0
24090	0
24091	0
24092	0
24093	0
24094	0
24095	0
24096	0
24097	0
24098	0
24099	0
24100	0
24101	0
24102	0
24103	0
24104	0
24105	0
24106	0.303
24107	0.303
24108	0.303
24109	0.303
24110	0.303
24111	0.303
24112	0.303
24113	0.303
24114	0
24115	0
24116	0
24117	0.303
24118	0.303
24119	0.303
24120	0.303
24121	0.303
24122	0.303
24123	0.303
24124	0.303
24125	0.303
24126	0.303
24127	0.606
24128	0.303
24129	0.303
24130	0.303
24131	0.303
24132	0.303
24133	0.303
24134	0.303
24135	0
24136	1.213
24137	1.213
24138	1.213
24139	1.516
24140	1.516
24141	1.516
24142	1.516
24143	1.213
24144	0.303
24145	0.303
24146	0.303
24147	0.303
24148	0.303
24149	0.303
24150	0.303
24151	0.303
24152	0.303
24153	0
24154	0
24155	0.303
24156	0.303
24157	0.303
24158	0.606
24159	0.606
24160	0.606
24161	0.606
24162	0.606
24163	0.303
24164	0.303
24165	0.606
24166	0.303
24167	0.303
24168	0.606
24169	0.606
24170	0.606
24171	0.606
24172	0.606
24173	0.303
24174	0.303
24175	0.303
24176	0
24177	0
24178	0
24179	0.91
24180	1.213
24181	1.213
24182	1.213
24183	1.213
24184	1.213
24185	1.516
24186	1.516
24187	1.516
24188	0.606
24189	0.606
24190	0.606
24191	0.606
24192	0.91
24193	0.606
24194	1.213
24195	1.213
24196	1.213
24197	1.213
24198	0.91
24199	0.91
24200	0.606
24201	0.606
24202	0
24203	0
24204	0
24205	0
24206	0
24207	0
24208	0
24209	0
24210	0
24211	0
24212	0
24213	0
24214	0
24215	0
24216	0
24217	0
24218	0
24219	0
24220	0
24221	0
24222	0
24223	0
24224	0
24225	0
24226	0
24227	0
24228	0
24229	0
24230	0
24231	0
24232	0
24233	0
24234	0
24235	0
24236	0
24237	0
24238	0
24239	0
24240	0
24241	0
24242	0.303
24243	0.303
24244	0.303
24245	0.303
24246	0.303
24247	0.303
24248	0.303
24249	0.303
24250	0
24251	0
24252	0.606
24253	0.606
24254	0.606
24255	0.606
24256	0.606
24257	0.91
24258	0.91
24259	0.91
24260	0.91
24261	0.303
24262	0.303
24263	0.303
24264	0.303
24265	0
24266	0
24267	0
24268	0
24269	0
24270	0
24271	0
24272	0
24273	0
24274	0
24275	0
24276	0
24277	0
24278	0
24279	0
24280	0
24281	0
24282	0
24283	0
24284	0
24285	0
24286	0
24287	0
24288	0
24289	0
24290	0
24291	0
24292	0
24293	0
24294	0
24295	0
24296	0.303
24297	0.303
24298	0.303
24299	0.303
24300	0.303
24301	0.606
24302	0.606
24303	0.606
24304	0.606
24305	0
24306	0
24307	0
24308	0
24309	0
24310	0
24311	0
24312	0
24313	0
24314	0
24315	0
24316	0
24317	0.303
24318	0.606
24319	0.606
24320	0.606
24321	0.606
24322	0.606
24323	0.606
24324	0.91
24325	0.606
24326	0.606
24327	0.303
24328	0.303
24329	0.303
24330	0.303
24331	0.303
24332	0
24333	0
24334	0
24335	0.303
24336	0.303
24337	0.303
24338	0.303
24339	0.606
24340	0.606
24341	0.606
24342	0.606
24343	0.303
24344	0.303
24345	0.303
24346	0.303
24347	0
24348	0
24349	0
24350	0.303
24351	0.303
24352	0.303
24353	0.303
24354	0.303
24355	0.303
24356	0.303
24357	0.303
24358	0
24359	0
24360	0
24361	0
24362	0
24363	0
24364	0.303
24365	0.303
24366	0.303
24367	0.606
24368	0.606
24369	0.606
24370	0.606
24371	0.606
24372	0.303
24373	0.303
24374	0.303
24375	0
24376	0
24377	0
24378	0
24379	0
24380	0
24381	0
24382	0
24383	0
24384	0
24385	0
24386	0
24387	0
24388	0
24389	0
24390	0
24391	0
24392	0
24393	0
24394	0
24395	0
24396	0
24397	0
24398	0
24399	0
24400	0
24401	0
24402	0
24403	0
24404	0
24405	0
24406	0
24407	0
24408	0
24409	0
24410	0
24411	0
24412	0
24413	0
24414	0
24415	0
24416	0
24417	0
24418	0
24419	1.213
24420	1.516
24421	1.516
24422	1.516
24423	1.516
24424	1.516
24425	1.819
24426	1.819
24427	2.122
24428	0.91
24429	0.606
24430	0.606
24431	0.606
24432	0.606
24433	0.303
24434	0.303
24435	0.303
24436	0.303
24437	0
24438	0
24439	0
24440	0
24441	0
24442	0
24443	0.303
24444	0.303
24445	0.303
24446	0.303
24447	0.303
24448	0.303
24449	0.303
24450	0.303
24451	0
24452	0.303
24453	0.303
24454	0.303
24455	0.606
24456	0.606
24457	0.606
24458	0.606
24459	0.606
24460	0.303
24461	0.303
24462	0.606
24463	0.303
24464	0.303
24465	0.303
24466	0.303
24467	0.303
24468	0.303
24469	0.303
24470	0
24471	0
24472	0
24473	0
24474	0
24475	0
24476	0.303
24477	0.303
24478	0.303
24479	0.303
24480	0.303
24481	0.303
24482	0.303
24483	0.303
24484	0
24485	0
24486	0
24487	0
24488	0
24489	0
24490	0
24491	0
24492	0
24493	0
24494	0.303
24495	0.303
24496	0.303
24497	0.303
24498	0.303
24499	0.303
24500	0.91
24501	0.91
24502	0.606
24503	0.606
24504	0.606
24505	0.606
24506	0.606
24507	0.606
24508	0.606
24509	0
24510	0
24511	0.303
24512	0.303
24513	0.303
24514	0.606
24515	0.91
24516	0.91
24517	0.91
24518	0.91
24519	1.213
24520	0.91
24521	0.91
24522	0.91
24523	0.606
24524	0.606
24525	0.606
24526	0.303
24527	0
24528	0
24529	0
24530	0
24531	0
24532	0
24533	0
24534	0.303
24535	0.303
24536	0.303
24537	0.303
24538	0.606
24539	0.606
24540	0.91
24541	0.91
24542	0.606
24543	0.606
24544	0.91
24545	0.91
24546	0.606
24547	0.606
24548	0.303
24549	0.303
24550	0.303
24551	0.606
24552	0.303
24553	0.303
24554	0.303
24555	0.303
24556	0.303
24557	0.303
24558	0.303
24559	0
24560	0
24561	0
24562	0
24563	0
24564	0
24565	0
24566	0
24567	0
24568	0
24569	0
24570	0
24571	0
24572	0
24573	0
24574	0
24575	0
24576	0
24577	0
24578	0
24579	0
24580	0
24581	0
24582	0
24583	0
24584	0
24585	0
24586	0
24587	0
24588	0
24589	0
24590	0
24591	0
24592	0.303
24593	0.606
24594	0.91
24595	0.91
24596	0.91
24597	0.91
24598	0.91
24599	0.91
24600	0.606
24601	0.606
24602	0
24603	0
24604	0
24605	0
24606	0
24607	0
24608	0
24609	0
24610	0
24611	0
24612	0
24613	0
24614	0
24615	0
24616	0
24617	0
24618	0
24619	0
24620	0
24621	0
24622	0
24623	0
24624	0
24625	0
24626	0
24627	0
24628	0
24629	0
24630	0
24631	0
24632	0
24633	0
24634	0
24635	0
24636	0
24637	0
24638	0
24639	0
24640	0
24641	0.303
24642	0.303
24643	0.303
24644	0.303
24645	0.303
24646	0.606
24647	0.606
24648	1.213
24649	0.91
24650	0.91
24651	0.91
24652	0.91
24653	0.91
24654	0.91
24655	0.91
24656	0.303
24657	0.303
24658	0.303
24659	0.303
24660	0.303
24661	0.303
24662	0
24663	0
24664	0
24665	0
24666	0
24667	0
24668	0
24669	0
24670	0
24671	0
24672	0
24673	0
24674	0
24675	0
24676	0
24677	0
24678	0
24679	0
24680	0
24681	0
24682	0
24683	0
24684	0.303
24685	0.303
24686	0.303
24687	0.303
24688	0.303
24689	0.303
24690	0.303
24691	0.303
24692	0.303
24693	0.303
24694	0.303
24695	0.303
24696	0.303
24697	0.303
24698	0.303
24699	0.606
24700	0.303
24701	0.303
24702	0.303
24703	0.303
24704	0.303
24705	0.303
24706	0.303
24707	0.303
24708	0
24709	0
24710	0
24711	0
24712	0
24713	0
24714	0
24715	0.303
24716	0.303
24717	0.303
24718	0.303
24719	0.303
24720	0.303
24721	0.303
24722	0.303
24723	0.606
24724	0.606
24725	1.213
24726	1.213
24727	1.213
24728	1.213
24729	1.213
24730	1.213
24731	0.91
24732	0.606
24733	0.606
24734	0
24735	0
24736	0
24737	0
24738	0
24739	0
24740	0
24741	0
24742	0
24743	0
24744	0
24745	0
24746	0
24747	0.303
24748	0.303
24749	0.303
24750	0.303
24751	1.213
24752	1.213
24753	1.516
24754	1.516
24755	1.213
24756	1.213
24757	1.213
24758	1.213
24759	1.213
24760	0.606
24761	0.91
24762	0.91
24763	1.213
24764	1.213
24765	1.213
24766	1.213
24767	1.819
24768	1.516
24769	0.91
24770	1.213
24771	0.91
24772	1.213
24773	1.819
24774	1.819
24775	1.516
24776	1.516
24777	1.516
24778	1.213
24779	1.516
24780	2.122
24781	1.819
24782	1.213
24783	1.213
24784	1.213
24785	1.213
24786	1.516
24787	1.213
24788	0.303
24789	0.303
24790	0.303
24791	0.606
24792	0.606
24793	0.606
24794	0.303
24795	0.303
24796	0.91
24797	0.91
24798	0.91
24799	0.606
24800	0.606
24801	0.91
24802	0.91
24803	0.91
24804	0.606
24805	0.303
24806	0.303
24807	0.606
24808	0.91
24809	0.606
24810	0.606
24811	0.606
24812	0.303
24813	0.303
24814	0.303
24815	0
24816	0
24817	0
24818	0
24819	0
24820	0
24821	0
24822	0
24823	0
24824	0
24825	0
24826	0
24827	0
24828	0
24829	0
24830	0
24831	0
24832	0
24833	0
24834	0
24835	0
24836	0.303
24837	0.303
24838	0.303
24839	0.303
24840	0.606
24841	0.91
24842	1.213
24843	1.213
24844	0.91
24845	0.91
24846	0.91
24847	0.91
24848	0.606
24849	0.606
24850	0.303
24851	0
24852	0
24853	0
24854	0
24855	0
24856	0
24857	0
24858	0
24859	0.303
24860	0.303
24861	0.303
24862	0.303
24863	0.606
24864	0.606
24865	0.606
24866	0.606
24867	0.606
24868	0.303
24869	0.303
24870	0.303
24871	0.303
24872	0.303
24873	0.303
24874	0.303
24875	0.303
24876	0.303
24877	0.303
24878	0.303
24879	0
24880	0
24881	0
24882	0.606
24883	0.91
24884	0.91
24885	0.91
24886	0.91
24887	0.91
24888	0.91
24889	1.819
24890	1.213
24891	1.213
24892	0.91
24893	0.91
24894	0.91
24895	0.91
24896	0.91
24897	0.91
24898	0.91
24899	0.606
24900	0.606
24901	0.606
24902	0.606
24903	0.91
24904	0.91
24905	0.91
24906	1.516
24907	0.91
24908	0.91
24909	0.91
24910	0.91
24911	0.606
24912	0.91
24913	0.91
24914	0.303
24915	0.303
24916	0.303
24917	0.303
24918	0.303
24919	0.303
24920	0.606
24921	0.303
24922	0.303
24923	0.303
24924	0.303
24925	0.303
24926	0.303
24927	0.303
24928	0
24929	0
24930	0
24931	0
24932	0
24933	0
24934	0
24935	0
24936	0
24937	0
24938	0
24939	0
24940	0
24941	0
24942	0
24943	0
24944	0
24945	0
24946	0
24947	0
24948	0
24949	0
24950	0
24951	0
24952	0
24953	0
24954	0
24955	0
24956	0
24957	0
24958	0
24959	0
24960	0
24961	0
24962	0
24963	0
24964	0
24965	0
24966	0
24967	0
24968	0
24969	0
24970	0
24971	0.606
24972	1.516
24973	1.819
24974	2.425
24975	2.425
24976	2.425
24977	2.425
24978	2.425
24979	2.425
24980	1.213
24981	0.91
24982	0.303
24983	0.303
24984	0
24985	0
24986	0
24987	0
24988	0
24989	0
24990	0
24991	0
24992	0
24993	0
24994	0
24995	0
24996	0
24997	0
24998	0
24999	0
25000	0
25001	0
25002	0
25003	0
25004	0
25005	0
25006	0
25007	0
25008	0
25009	0
25010	0
25011	0.303
25012	0.606
25013	0.91
25014	0.91
25015	1.213
25016	1.213
25017	1.516
25018	1.819
25019	1.516
25020	1.516
25021	0.91
25022	0.91
25023	0.91
25024	0.91
25025	0.606
25026	0
25027	0
25028	0.303
25029	0.303
25030	0.606
25031	0.606
25032	0.606
25033	0.606
25034	0.606
25035	0.606
25036	0.303
25037	0.303
25038	0
25039	0
25040	0
25041	0
25042	0
25043	0
25044	0
25045	0
25046	0
25047	0
25048	0.303
25049	0.303
25050	0.303
25051	0.303
25052	0.91
25053	1.819
25054	3.032
25055	3.032
25056	3.032
25057	2.729
25058	2.729
25059	3.032
25060	2.729
25061	2.122
25062	0.91
25063	0.606
25064	0.606
25065	0.606
25066	0.91
25067	0.606
25068	0.303
25069	0.606
25070	0.606
25071	0.606
25072	0.606
25073	0.606
25074	0.606
25075	0.303
25076	0.303
25077	0
25078	0
25079	0
25080	0
25081	0
25082	0
25083	0
25084	0
25085	0
25086	0
25087	0
25088	0
25089	0
25090	0
25091	0
25092	0
25093	0
25094	0
25095	0
25096	0
25097	0
25098	0
25099	0
25100	0
25101	0
25102	0
25103	0
25104	0
25105	0
25106	0
25107	0
25108	0
25109	0
25110	0
25111	0
25112	0
25113	0.303
25114	0.303
25115	0.303
25116	0.303
25117	0.303
25118	0.303
25119	0.303
25120	0.303
25121	0.303
25122	0
25123	0
25124	0
25125	0
25126	0
25127	0
25128	0
25129	0
25130	0
25131	0
25132	0
25133	1.516
25134	1.516
25135	1.516
25136	1.516
25137	1.819
25138	1.819
25139	1.819
25140	1.819
25141	0.606
25142	0.303
25143	0.606
25144	0.606
25145	0.303
25146	0.303
25147	0.303
25148	0.303
25149	0.303
25150	0.303
25151	0
25152	0
25153	0
25154	0
25155	0
25156	0
25157	0
25158	0
25159	0
25160	0
25161	0
25162	0
25163	0
25164	0
25165	0
25166	0
25167	0
25168	0
25169	0
25170	0
25171	0
25172	0
25173	0.303
25174	0.303
25175	0.303
25176	0.303
25177	0.303
25178	0.303
25179	0.303
25180	0.303
25181	0
25182	0
25183	0.303
25184	0.303
25185	0.303
25186	0.303
25187	0.606
25188	0.606
25189	0.606
25190	0.606
25191	0.303
25192	0.303
25193	0.303
25194	0.303
25195	0.303
25196	0
25197	0.303
25198	0.303
25199	0.303
25200	0.303
25201	0.606
25202	0.606
25203	0.91
25204	0.91
25205	0.606
25206	0.606
25207	0.606
25208	0.606
25209	0.303
25210	0.303
25211	0.303
25212	0.303
25213	0.303
25214	0.303
25215	0.606
25216	0.606
25217	0.606
25218	0.606
25219	0.303
25220	0.303
25221	0.303
25222	0.303
25223	0
25224	0
25225	0
25226	0.303
25227	0.303
25228	0.303
25229	0.606
25230	0.606
25231	0.606
25232	0.606
25233	0.606
25234	0.303
25235	0.303
25236	0.303
25237	0
25238	0
25239	0.303
25240	0.303
25241	0.303
25242	0.303
25243	0.303
25244	0.303
25245	0.303
25246	0.91
25247	0.606
25248	1.213
25249	1.213
25250	1.213
25251	1.213
25252	0.91
25253	0.91
25254	0.606
25255	0.606
25256	0.303
25257	0.303
25258	0.303
25259	0.303
25260	0.303
25261	0.303
25262	0
25263	0
25264	0
25265	0
25266	0
25267	0
25268	0
25269	0
25270	0
25271	0
25272	0.303
25273	0.606
25274	0.91
25275	0.91
25276	0.91
25277	0.91
25278	1.213
25279	1.516
25280	1.213
25281	1.213
25282	0.91
25283	1.213
25284	1.213
25285	1.516
25286	1.819
25287	1.213
25288	1.213
25289	1.516
25290	1.516
25291	1.516
25292	1.213
25293	0.91
25294	0.91
25295	0.606
25296	0.606
25297	0.303
25298	0.303
25299	0
25300	0
25301	0
25302	0
25303	0
25304	0
25305	0
25306	0
25307	0
25308	0
25309	0
25310	0
25311	0
25312	0
25313	0
25314	0
25315	0
25316	0
25317	0
25318	0
25319	0
25320	0.303
25321	0.303
25322	0.606
25323	0.606
25324	0.606
25325	0.91
25326	0.91
25327	0.91
25328	0.606
25329	0.606
25330	0.91
25331	0.606
25332	0.606
25333	0.606
25334	0.606
25335	0.303
25336	0.303
25337	0.303
25338	0.303
25339	0.303
25340	0
25341	0
25342	0
25343	0.303
25344	0.303
25345	0.303
25346	0.303
25347	0.303
25348	0.303
25349	0.303
25350	0.303
25351	0.303
25352	0.303
25353	0
25354	0
25355	0
25356	0
25357	0
25358	0
25359	0
25360	0
25361	0
25362	0
25363	0
25364	0
25365	0
25366	0
25367	0
25368	0
25369	0
25370	0
25371	0
25372	0
25373	0
25374	0
25375	0
25376	0
25377	0
25378	0
25379	0
25380	0
25381	0
25382	0
25383	0.303
25384	0.303
25385	0.303
25386	0.303
25387	0.303
25388	0.303
25389	0.303
25390	0.303
25391	0
25392	0
25393	0
25394	0
25395	0
25396	0
25397	0
25398	0
25399	0
25400	0
25401	0
25402	0
25403	0
25404	0
25405	0
25406	0
25407	0
25408	0
25409	0
25410	0
25411	0
25412	0
25413	0
25414	0
25415	0
25416	0
25417	0
25418	0
25419	0
25420	0
25421	0.303
25422	0.303
25423	0.303
25424	0.606
25425	1.516
25426	1.819
25427	2.122
25428	2.122
25429	2.122
25430	2.122
25431	2.122
25432	1.819
25433	1.213
25434	0.606
25435	0.303
25436	0.303
25437	0.303
25438	0.606
25439	0.606
25440	0.606
25441	0.303
25442	0.303
25443	0.303
25444	0.303
25445	0.303
25446	0
25447	0
25448	0
25449	0
25450	0
25451	0
25452	0
25453	0
25454	0
25455	0
25456	0
25457	0
25458	0
25459	0
25460	0
25461	0
25462	0
25463	0
25464	0
25465	0
25466	0
25467	0
25468	0
25469	0
25470	0
25471	0
25472	0
25473	0
25474	0
25475	0
25476	0
25477	0
25478	0
25479	0
25480	0
25481	0
25482	0
25483	0
25484	0
25485	0
25486	0
25487	0
25488	0
25489	0
25490	0
25491	0
25492	0
25493	0
25494	0
25495	0
25496	0.303
25497	0.303
25498	0.303
25499	0.606
25500	0.606
25501	0.91
25502	0.91
25503	1.213
25504	0.91
25505	0.91
25506	0.91
25507	0.606
25508	0.606
25509	0.303
25510	0.303
25511	0
25512	0
25513	0
25514	0
25515	0
25516	0
25517	0
25518	0.303
25519	0.303
25520	0.303
25521	0.606
25522	0.606
25523	0.606
25524	0.606
25525	0.606
25526	0.303
25527	0.303
25528	0.303
25529	0.303
25530	0.606
25531	0.606
25532	0.606
25533	0.91
25534	0.91
25535	0.91
25536	0.91
25537	0.91
25538	0.606
25539	1.516
25540	2.425
25541	10.914
25542	11.217
25543	11.521
25544	11.521
25545	11.521
25546	11.521
25547	11.521
25548	10.611
25549	1.819
25550	0.606
25551	0.606
25552	0.606
25553	0.303
25554	0.303
25555	0.303
25556	0.303
25557	0.303
25558	0.303
25559	0
25560	0
25561	0
25562	0
25563	0
25564	0
25565	0
25566	0
25567	0
25568	0
25569	0
25570	0
25571	0
25572	0
25573	0
25574	0
25575	0
25576	0
25577	0
25578	0
25579	0
25580	0
25581	0.303
25582	0.303
25583	0.303
25584	0.303
25585	0.606
25586	0.606
25587	0.91
25588	0.91
25589	0.91
25590	0.606
25591	0.606
25592	0.606
25593	0.606
25594	0.303
25595	0
25596	0
25597	0.606
25598	0.606
25599	0.606
25600	0.606
25601	0.91
25602	1.213
25603	1.213
25604	1.819
25605	1.213
25606	1.213
25607	1.516
25608	1.516
25609	1.516
25610	0.91
25611	0.91
25612	0.606
25613	0.303
25614	0.303
25615	0.303
25616	0
25617	0
25618	0
25619	0
25620	0
25621	0
25622	0
25623	0
25624	0
25625	0
25626	0
25627	0
25628	0
25629	0
25630	0.303
25631	0.606
25632	0.91
25633	1.213
25634	1.213
25635	1.213
25636	1.213
25637	1.516
25638	1.213
25639	1.213
25640	0.606
25641	0.606
25642	0.606
25643	0.606
25644	0.606
25645	0.606
25646	0.303
25647	0.303
25648	0.303
25649	0
25650	0.303
25651	0.303
25652	0.303
25653	0.303
25654	0.303
25655	0.303
25656	0.303
25657	0.303
25658	0.303
25659	0
25660	0
25661	0
25662	0
25663	0
25664	0
25665	0
25666	0
25667	0
25668	0
25669	0
25670	0
25671	0
25672	0
25673	0.303
25674	0.606
25675	0.606
25676	0.606
25677	0.606
25678	0.606
25679	0.606
25680	0.606
25681	0.303
25682	0.303
25683	0
25684	0
25685	0
25686	0
25687	0
25688	0
25689	0
25690	0
25691	0
25692	0
25693	0
25694	0
25695	0
25696	0
25697	0
25698	0
25699	0
25700	0
25701	0
25702	0
25703	0
25704	0
25705	0
25706	0
25707	0
25708	0
25709	0
25710	0
25711	0
25712	0.606
25713	0.606
25714	0.606
25715	0.606
25716	0.606
25717	0.606
25718	0.606
25719	0.606
25720	0
25721	0
25722	0
25723	0
25724	0
25725	0
25726	0
25727	0
25728	0
25729	0
25730	0
25731	0
25732	0
25733	0
25734	0
25735	0
25736	0
25737	0
25738	0
25739	0
25740	0
25741	0
25742	0
25743	0
25744	0
25745	0
25746	0
25747	0
25748	0
25749	0
25750	0.606
25751	0.606
25752	0.606
25753	0.606
25754	0.91
25755	0.91
25756	0.91
25757	0.91
25758	0.606
25759	0.606
25760	0.606
25761	0.606
25762	0.303
25763	0.303
25764	0.303
25765	0.303
25766	0
25767	0
25768	0
25769	0
25770	0
25771	0
25772	0
25773	0
25774	0
25775	0
25776	0
25777	0
25778	0
25779	0
25780	0
25781	0
25782	0
25783	0
25784	0
25785	0
25786	0
25787	0
25788	0
25789	0
25790	0
25791	0
25792	0
25793	0
25794	0
25795	0
25796	0.606
25797	0.91
25798	0.91
25799	0.91
25800	0.91
25801	0.91
25802	0.91
25803	1.516
25804	0.91
25805	0.606
25806	0.606
25807	0.91
25808	13.037
25809	13.34
25810	13.34
25811	13.037
25812	13.037
25813	12.733
25814	12.733
25815	12.733
25816	0.303
25817	0.303
25818	0.303
25819	0.303
25820	0.303
25821	0.303
25822	0.303
25823	0.303
25824	0.303
25825	0.303
25826	0.303
25827	0.303
25828	0.303
25829	0.303
25830	0
25831	0
25832	0
25833	0
25834	0
25835	0
25836	0
25837	0
25838	0
25839	0
25840	0
25841	0
25842	0.303
25843	0.303
25844	0.303
25845	0.303
25846	0.303
25847	0.303
25848	0.606
25849	0.606
25850	0.606
25851	0.303
25852	0.303
25853	0.303
25854	0.303
25855	0.303
25856	0
25857	0
25858	0.303
25859	0.303
25860	0.303
25861	0.303
25862	0.303
25863	0.303
25864	0.303
25865	0.303
25866	0.303
25867	0.303
25868	0
25869	0
25870	0
25871	0.303
25872	0.303
25873	0.303
25874	0.303
25875	0.303
25876	0.303
25877	0.303
25878	0.303
25879	0
25880	0
25881	0
25882	0
25883	0
25884	0
25885	0
25886	0
25887	0
25888	0
25889	0
25890	0
25891	0
25892	0
25893	0
25894	0
25895	0
25896	0
25897	0
25898	0
25899	0
25900	0
25901	0
25902	0
25903	0
25904	0
25905	0
25906	0
25907	0
25908	0
25909	0
25910	0
25911	0
25912	0
25913	0
25914	0.303
25915	0.303
25916	0.606
25917	0.606
25918	0.606
25919	0.606
25920	0.606
25921	0.606
25922	0.606
25923	1.213
25924	0.606
25925	0.606
25926	0.606
25927	0.606
25928	0.606
25929	0.606
25930	0.606
25931	0.303
25932	0
25933	0
25934	0
25935	0
25936	0
25937	0
25938	0
25939	0
25940	0
25941	0
25942	0.303
25943	0.303
25944	0.303
25945	0.303
25946	1.213
25947	1.516
25948	1.516
25949	1.516
25950	1.516
25951	1.213
25952	1.213
25953	1.213
25954	0.606
25955	0
25956	0.606
25957	0.606
25958	0.606
25959	0.606
25960	0.606
25961	0.91
25962	0.91
25963	0.91
25964	0.303
25965	0.303
25966	0.303
25967	0.303
25968	0.303
25969	0.303
25970	0
25971	0
25972	0
25973	0
25974	0
25975	0
25976	0
25977	0
25978	0
25979	0
25980	0
25981	0
25982	0
25983	0
25984	0
25985	0
25986	0
25987	0
25988	0
25989	0
25990	0
25991	0
25992	0
25993	0
25994	0
25995	0
25996	0.303
25997	0.606
25998	0.606
25999	0.606
26000	0.606
26001	0.606
26002	0.606
26003	0.606
26004	0.303
26005	0
26006	0
26007	0
26008	0
26009	0
26010	0
26011	0
26012	0
26013	0
26014	0
26015	0
26016	0
26017	0
26018	0
26019	0
26020	0
26021	0
26022	0
26023	0
26024	0
26025	0
26026	0
26027	0
26028	0.303
26029	0.303
26030	0.303
26031	0.303
26032	0.303
26033	0.303
26034	0.303
26035	0.303
26036	0.303
26037	0
26038	0
26039	0.91
26040	1.213
26041	1.213
26042	1.213
26043	1.213
26044	1.213
26045	1.213
26046	1.213
26047	0.303
26048	0.303
26049	0.303
26050	0.303
26051	0.606
26052	0.606
26053	0.606
26054	0.606
26055	0.606
26056	0.303
26057	0.303
26058	0.303
26059	0
26060	0
26061	0
26062	0
26063	0
26064	0
26065	0
26066	0
26067	0
26068	0
26069	0
26070	0
26071	0
26072	0
26073	0
26074	0
26075	0
26076	0
26077	0
26078	0
26079	0
26080	0
26081	0
26082	0
26083	0
26084	0
26085	0
26086	0
26087	0
26088	0
26089	0
26090	0
26091	0
26092	0.303
26093	0.303
26094	0.303
26095	0.303
26096	0.303
26097	0.303
26098	0.303
26099	0.303
26100	0
26101	0
26102	0
26103	0
26104	0
26105	0
26106	0
26107	0
26108	0
26109	0
26110	0
26111	0
26112	0
26113	0
26114	0
26115	0
26116	0
26117	0
26118	0
26119	0
26120	0
26121	0
26122	0
26123	0
26124	0
26125	0
26126	0
26127	0
26128	0
26129	0
26130	0
26131	0
26132	0
26133	0
26134	0
26135	0
26136	0
26137	0
26138	0
26139	0
26140	0
26141	0
26142	0
26143	0
26144	0
26145	0
26146	0
26147	0
26148	0
26149	0
26150	0
26151	0
26152	0
26153	0
26154	0
26155	0
26156	0
26157	0
26158	0
26159	0
26160	0
26161	0
26162	0
26163	0
26164	0
26165	0
26166	0
26167	0
26168	0
26169	0
26170	0.303
26171	2.425
26172	3.335
26173	5.457
26174	5.457
26175	5.457
26176	5.457
26177	5.457
26178	5.457
26179	3.638
26180	2.425
26181	0.303
26182	0
26183	0
26184	0
26185	0
26186	0
26187	0
26188	0
26189	0
26190	0
26191	0
26192	0
26193	0
26194	0
26195	0
26196	0
26197	0
26198	0
26199	0
26200	0
26201	0
26202	0
26203	0
26204	0
26205	0
26206	0
26207	0
26208	0
26209	0
26210	0
26211	0
26212	0
26213	0
26214	0
26215	0
26216	0
26217	0
26218	0
26219	0
26220	0
26221	0
26222	0
26223	0
26224	0
26225	0
26226	0
26227	0
26228	0
26229	0
26230	0
26231	0
26232	0
26233	0
26234	0.303
26235	0.303
26236	0.303
26237	0.303
26238	0.303
26239	0.303
26240	0.303
26241	0.303
26242	0
26243	0
26244	0
26245	0
26246	0
26247	0
26248	0
26249	0
26250	0
26251	0
26252	0
26253	0
26254	0
26255	0
26256	0
26257	0
26258	0
26259	0
26260	0
26261	0
26262	0
26263	0.303
26264	0.303
26265	0.303
26266	0.303
26267	0.303
26268	0.303
26269	0.303
26270	0.303
26271	0
26272	0
26273	0
26274	0
26275	0
26276	0
26277	0
26278	0
26279	0
26280	0
26281	0
26282	0
26283	0
26284	0
26285	0
26286	0
26287	0
26288	0
26289	0
26290	0
26291	0
26292	0
26293	0
26294	0
26295	0
26296	0
26297	0
26298	0
26299	0
26300	0
26301	0
26302	0
26303	0
26304	0.303
26305	0.303
26306	1.213
26307	1.213
26308	1.213
26309	1.213
26310	1.516
26311	1.516
26312	1.516
26313	1.516
26314	0.606
26315	0.606
26316	0.606
26317	0.606
26318	0.606
26319	0.606
26320	0
26321	0
26322	0
26323	0
26324	0
26325	0
26326	0
26327	0
26328	0
26329	0
26330	0
26331	0
26332	0
26333	0
26334	0
26335	0
26336	0
26337	0
26338	0
26339	0
26340	0
26341	0
26342	0
26343	0
26344	0
26345	0
26346	0
26347	0
26348	0
26349	0
26350	0
26351	0
26352	0
26353	0
26354	0
26355	0
26356	0.303
26357	0.606
26358	4.548
26359	6.973
26360	8.186
26361	8.792
26362	10.005
26363	10.914
26364	11.217
26365	11.521
26366	7.579
26367	6.973
26368	4.851
26369	4.548
26370	3.032
26371	2.729
26372	2.122
26373	1.819
26374	1.819
26375	1.213
26376	1.213
26377	0.91
26378	0.91
26379	0.303
26380	0
26381	0
26382	0
26383	0
26384	0
26385	0
26386	0
26387	0.606
26388	0.606
26389	0.606
26390	0.606
26391	0.606
26392	0.606
26393	0.606
26394	0.606
26395	0.303
26396	0.303
26397	0
26398	0
26399	0
26400	0
26401	0
26402	0
26403	0
26404	0
26405	0
26406	0
26407	0
26408	0
26409	0
26410	0
26411	0
26412	0
26413	0
26414	0
26415	0
26416	0
26417	0
26418	0
26419	0
26420	0
26421	0
26422	0
26423	0
26424	0
26425	0
26426	0
26427	0
26428	0
26429	0.303
26430	0.606
26431	1.516
26432	1.516
26433	1.516
26434	1.516
26435	1.516
26436	1.516
26437	1.516
26438	0.91
26439	0
26440	0
26441	0
26442	0
26443	0
26444	0
26445	0
26446	0
26447	0
26448	0
26449	0.303
26450	0.303
26451	0.303
26452	0.606
26453	0.606
26454	0.606
26455	0.606
26456	0.606
26457	0.303
26458	0.303
26459	0.303
26460	0
26461	0
26462	0
26463	0
26464	0
26465	0
26466	0.303
26467	0.303
26468	0.303
26469	0.303
26470	0.303
26471	0.303
26472	0.303
26473	0.303
26474	0
26475	0
26476	0
26477	0
26478	0
26479	0
26480	0
26481	0
26482	0
26483	0
26484	0.303
26485	0.303
26486	0.303
26487	0.303
26488	0.303
26489	0.303
26490	0.303
26491	0.303
26492	0.303
26493	0.303
26494	0
26495	0
26496	0
26497	0
26498	0
26499	0
26500	0.303
26501	0.303
26502	0.91
26503	0.91
26504	0.91
26505	0.91
26506	0.91
26507	0.91
26508	0.91
26509	0.606
26510	0.303
26511	0
26512	0
26513	0
26514	0
26515	0
26516	0
26517	0
26518	0
26519	0
26520	0
26521	0
26522	0
26523	0
26524	0
26525	0
26526	0.303
26527	0.91
26528	0.91
26529	0.91
26530	0.91
26531	1.516
26532	2.122
26533	2.122
26534	1.819
26535	1.213
26536	1.213
26537	1.516
26538	1.516
26539	1.213
26540	0.606
26541	1.213
26542	1.213
26543	1.516
26544	2.122
26545	1.819
26546	1.819
26547	1.516
26548	1.516
26549	1.213
26550	1.516
26551	0.91
26552	0.303
26553	0.303
26554	0.303
26555	0.303
26556	0.303
26557	0.303
26558	0
26559	0.303
26560	0.303
26561	0.606
26562	0.606
26563	0.606
26564	0.606
26565	0.91
26566	0.91
26567	0.606
26568	0.606
26569	0.606
26570	0.303
26571	0.303
26572	0.303
26573	0.303
26574	0
26575	0
26576	0
26577	0
26578	0
26579	0
26580	0
26581	0
26582	0
26583	0.303
26584	0.91
26585	0.91
26586	0.91
26587	0.91
26588	0.91
26589	1.213
26590	1.213
26591	0.91
26592	0.606
26593	0.606
26594	0.606
26595	0.303
26596	0.303
26597	0.303
26598	0.303
26599	0.303
26600	0.606
26601	0.303
26602	0.303
26603	0.606
26604	0.606
26605	0.606
26606	0.606
26607	0.606
26608	0.606
26609	0.606
26610	0.606
26611	0.303
26612	0.303
26613	0.303
26614	0.303
26615	0.303
26616	0
26617	0
26618	0
26619	0
26620	0
26621	0
26622	0
26623	0
26624	0
26625	0
26626	0
26627	0
26628	0
26629	0
26630	0
26631	0
26632	0
26633	0
26634	0
26635	0
26636	0
26637	0
26638	0
26639	0
26640	0
26641	0
26642	0
26643	0
26644	0
26645	0
26646	0
26647	0
26648	0
26649	0
26650	0
26651	0
26652	0
26653	0
26654	0
26655	0
26656	0
26657	0
26658	0
26659	0
26660	0
26661	0
26662	0
26663	0
26664	0
26665	0
26666	0.303
26667	0.303
26668	0.303
26669	0.606
26670	0.606
26671	0.606
26672	0.606
26673	0.606
26674	0.303
26675	0.303
26676	0.303
26677	0.303
26678	0
26679	0
26680	0
26681	0
26682	0
26683	0
26684	0
26685	0
26686	0
26687	0
26688	0
26689	0
26690	0
26691	0
26692	0
26693	0
26694	0
26695	0
26696	0
26697	0
26698	0
26699	0
26700	0
26701	0
26702	0
26703	0
26704	0
26705	0
26706	0
26707	0
26708	0
26709	0
26710	0
26711	0
26712	0
26713	0
26714	0
26715	0
26716	0
26717	0
26718	0
26719	0
26720	0
26721	0
26722	0
26723	0
26724	0
26725	0
26726	0
26727	0
26728	0
26729	0.303
26730	0.303
26731	0.606
26732	0.91
26733	0.91
26734	0.91
26735	0.91
26736	0.91
26737	0.91
26738	0.91
26739	0.91
26740	0.91
26741	0.606
26742	0.606
26743	1.213
26744	0.91
26745	0.91
26746	0.91
26747	1.213
26748	1.516
26749	1.516
26750	1.819
26751	1.819
26752	1.516
26753	1.213
26754	1.213
26755	1.213
26756	0.91
26757	0.91
26758	0.606
26759	0.303
26760	0.303
26761	0.303
26762	0.303
26763	0
26764	0
26765	0
26766	0
26767	0
26768	0
26769	0
26770	0
26771	0
26772	0
26773	0
26774	0
26775	0
26776	0
26777	0
26778	0
26779	0
26780	0
26781	0
26782	0
26783	0
26784	0
26785	0
26786	0
26787	0
26788	0
26789	0
26790	0
26791	0
26792	0
26793	0
26794	0
26795	0
26796	0
26797	0
26798	0
26799	0
26800	0.303
26801	0.303
26802	0.303
26803	0.303
26804	0.303
26805	0.303
26806	0.303
26807	0.303
26808	0.303
26809	0
26810	0
26811	0
26812	0
26813	0
26814	0
26815	0
26816	0
26817	0
26818	0
26819	0
26820	0
26821	0
26822	0
26823	0
26824	0
26825	0
26826	0
26827	0
26828	0
26829	0
26830	0
26831	0
26832	0
26833	0
26834	0
26835	0
26836	0
26837	0
26838	0
26839	0
26840	0
26841	0
26842	0
26843	0
26844	0
26845	0
26846	0
26847	0
26848	0
26849	0
26850	0.303
26851	0.303
26852	0.303
26853	0.303
26854	0.303
26855	0.303
26856	0.303
26857	0.303
26858	0.303
26859	0
26860	0
26861	0
26862	0
26863	0
26864	0
26865	0
26866	0
26867	0
26868	0
26869	0
26870	0
26871	0
26872	0
26873	0
26874	0.303
26875	0.303
26876	0.303
26877	0.303
26878	0.303
26879	0.303
26880	0.303
26881	0.303
26882	0
26883	0
26884	0
26885	0
26886	0
26887	0
26888	0.303
26889	0.303
26890	0.606
26891	0.606
26892	0.606
26893	0.606
26894	0.606
26895	0.606
26896	0.606
26897	0.303
26898	0.303
26899	0.303
26900	0
26901	0
26902	0
26903	0
26904	0
26905	0
26906	0
26907	0
26908	0
26909	0
26910	0
26911	0
26912	0
26913	0
26914	0
26915	0
26916	0
26917	0
26918	0
26919	0
26920	0
26921	0
26922	0
26923	0
26924	0
26925	0
26926	0
26927	0.303
26928	0.303
26929	0.303
26930	0.303
26931	0.303
26932	0.303
26933	0.303
26934	0.303
26935	0
26936	0
26937	0
26938	0
26939	0
26940	0
26941	0
26942	0
26943	0
26944	0
26945	0
26946	0
26947	0
26948	0
26949	0
26950	0
26951	0
26952	0
26953	0
26954	0
26955	0
26956	0
26957	0
26958	0
26959	0
26960	0
26961	0
26962	0
26963	0
26964	0.303
26965	0.303
26966	0.303
26967	0.303
26968	0.303
26969	0.303
26970	0.303
26971	0.303
26972	0
26973	0
26974	0
26975	0
26976	0
26977	0
26978	0
26979	0
26980	0
26981	0
26982	0
26983	0
26984	0
26985	0
26986	0
26987	0
26988	0
26989	0
26990	0
26991	0
26992	0
26993	0
26994	0
26995	0
26996	0
26997	0
26998	0
26999	0.303
27000	0.91
27001	1.213
27002	1.213
27003	1.819
27004	2.122
27005	2.122
27006	2.425
27007	2.729
27008	2.729
27009	2.122
27010	2.425
27011	2.122
27012	1.516
27013	1.516
27014	1.516
27015	1.213
27016	0.91
27017	0.303
27018	0
27019	0
27020	0
27021	0
27022	0
27023	0
27024	0
27025	0
27026	0
27027	0
27028	0
27029	0
27030	0
27031	0
27032	0
27033	0
27034	0
27035	0
27036	0
27037	0
27038	0
27039	0
27040	0
27041	0
27042	0.303
27043	0.303
27044	0.303
27045	0.303
27046	0.303
27047	0.303
27048	0.303
27049	0.303
27050	0
27051	0
27052	0
27053	0
27054	0.303
27055	0.303
27056	0.303
27057	0.303
27058	0.303
27059	0.303
27060	0.303
27061	0.303
27062	0.303
27063	0.606
27064	0.606
27065	0.606
27066	0.606
27067	0.606
27068	0.91
27069	0.91
27070	0.606
27071	0.303
27072	0.303
27073	0.303
27074	0.303
27075	1.516
27076	1.516
27077	1.213
27078	1.213
27079	1.213
27080	1.213
27081	1.213
27082	1.213
27083	0
27084	0
27085	0
27086	0
27087	0
27088	0
27089	0
27090	0
27091	0
27092	0
27093	0
27094	0
27095	0
27096	0
27097	0
27098	0
27099	0
27100	0
27101	0
27102	0
27103	0
27104	0.606
27105	0.606
27106	0.606
27107	0.606
27108	0.606
27109	0.606
27110	0.606
27111	0.606
27112	0
27113	0
27114	0
27115	0
27116	0
27117	0
27118	0
27119	0.303
27120	0.91
27121	1.213
27122	1.213
27123	1.213
27124	1.213
27125	1.213
27126	1.213
27127	0.91
27128	0.91
27129	0
27130	0
27131	0.303
27132	0.303
27133	0.606
27134	0.606
27135	0.303
27136	0.303
27137	0.303
27138	0.303
27139	0.303
27140	0.303
27141	0
27142	0
27143	0
27144	0
27145	0
27146	0
27147	0
27148	0
27149	0
27150	0
27151	0
27152	0
27153	0
27154	0
27155	0
27156	0
27157	0
27158	0
27159	0
27160	0
27161	0
27162	0
27163	0
27164	0
27165	0
27166	0
27167	0
27168	0
27169	0
27170	0
27171	0
27172	0
27173	0
27174	0.303
27175	0.303
27176	0.303
27177	0.303
27178	0.303
27179	0.303
27180	0.303
27181	0.303
27182	0
27183	0
27184	0
27185	0
27186	0
27187	0
27188	0
27189	0
27190	0
27191	0
27192	0
27193	0.303
27194	0.303
27195	0.303
27196	0.303
27197	0.303
27198	0.303
27199	0.303
27200	0.303
27201	0
27202	0
27203	0
27204	0
27205	0
27206	0
27207	0
27208	0
27209	1.213
27210	1.213
27211	1.213
27212	1.213
27213	1.213
27214	1.213
27215	1.213
27216	1.213
27217	0
27218	0
27219	0
27220	0
27221	0
27222	0
27223	0
27224	0
27225	0
27226	0
27227	0
27228	0
27229	0
27230	0
27231	0
27232	0.303
27233	0.303
27234	0.303
27235	0.303
27236	0.303
27237	0.303
27238	0.303
27239	0.303
27240	0.303
27241	0
27242	0
27243	0.303
27244	0.303
27245	0.303
27246	0.303
27247	0.303
27248	0.303
27249	0.303
27250	0.303
27251	0.303
27252	0.303
27253	0
27254	0
27255	0
27256	0
27257	0
27258	0
27259	0
27260	0
27261	0
27262	0
27263	0
27264	0
27265	0
27266	0
27267	0
27268	0.303
27269	0.303
27270	0.303
27271	0.303
27272	0.303
27273	0.303
27274	0.303
27275	0.606
27276	0.91
27277	0.91
27278	1.213
27279	1.516
27280	2.122
27281	2.122
27282	2.425
27283	3.032
27284	2.425
27285	2.122
27286	1.819
27287	2.122
27288	1.516
27289	1.516
27290	0.606
27291	0.303
27292	0.303
27293	0.303
27294	0.303
27295	0
27296	0
27297	0.303
27298	0.303
27299	0.303
27300	0.303
27301	0.303
27302	0.303
27303	0.303
27304	0.303
27305	0
27306	0
27307	0
27308	0
27309	0
27310	0
27311	0
27312	0
27313	0
27314	0
27315	0
27316	0
27317	0
27318	0
27319	0
27320	0
27321	0
27322	0
27323	0
27324	0
27325	0
27326	0
27327	0
27328	0
27329	0
27330	0
27331	0
27332	0
27333	0.303
27334	0.303
27335	0.303
27336	0.303
27337	0.303
27338	0.303
27339	0.303
27340	0.303
27341	0
27342	0
27343	0
27344	0
27345	0
27346	0
27347	0
27348	0
27349	0
27350	0
27351	0
27352	0
27353	0
27354	0
27355	0
27356	0
27357	0
27358	0
27359	0
27360	0
27361	0
27362	0
27363	0
27364	0
27365	0
27366	0
27367	0
27368	0
27369	0
27370	0
27371	0
27372	0
27373	0
27374	0
27375	0
27376	0.303
27377	0.303
27378	0.303
27379	0.303
27380	0.303
27381	0.303
27382	0.303
27383	0.303
27384	0
27385	0
27386	0
27387	0
27388	0
27389	0
27390	0
27391	0
27392	0
27393	0
27394	0
27395	0
27396	0
27397	0
27398	0
27399	0
27400	0
27401	0
27402	0
27403	0
27404	0
27405	0
27406	0
27407	0
27408	0
27409	0
27410	0
27411	0
27412	0
27413	0
27414	0
27415	0
27416	0
27417	0
27418	0
27419	0
27420	0
27421	0
27422	0
27423	0.303
27424	0.303
27425	0.303
27426	0.303
27427	0.303
27428	0.303
27429	0.303
27430	0.303
27431	0.606
27432	0.91
27433	0.91
27434	0.91
27435	0.91
27436	0.91
27437	0.91
27438	0.91
27439	0.91
27440	0.303
27441	0
27442	0
27443	0
27444	0
27445	0
27446	0.303
27447	0.303
27448	0.303
27449	0.303
27450	0.303
27451	0.303
27452	0.303
27453	0.303
27454	0.303
27455	0.91
27456	0.91
27457	1.213
27458	1.819
27459	2.122
27460	2.425
27461	2.729
27462	2.729
27463	2.122
27464	2.122
27465	1.819
27466	1.516
27467	1.213
27468	0.606
27469	0.303
27470	0.303
27471	0.303
27472	0.303
27473	0
27474	0
27475	0
27476	0
27477	0
27478	0
27479	0
27480	0
27481	0
27482	0
27483	0
27484	0
27485	0
27486	0
27487	0
27488	0
27489	0
27490	0
27491	0
27492	0
27493	0
27494	0
27495	0
27496	0
27497	0
27498	0
27499	0
27500	0
27501	0
27502	0
27503	0
27504	0
27505	0
27506	0
27507	0
27508	0
27509	0
27510	0
27511	0
27512	0
27513	0
27514	0
27515	0
27516	0
27517	0
27518	0.303
27519	0.303
27520	0.606
27521	0.91
27522	0.91
27523	0.91
27524	1.516
27525	1.516
27526	1.213
27527	1.213
27528	0.91
27529	0.91
27530	0.606
27531	0.91
27532	0.91
27533	0.303
27534	0.303
27535	0.303
27536	0.303
27537	0.303
27538	0.303
27539	0
27540	0
27541	0
27542	0
27543	0
27544	0
27545	0
27546	0
27547	0
27548	0
27549	0
27550	0
27551	0
27552	0
27553	0
27554	0
27555	0
27556	0
27557	0
27558	0
27559	0
27560	0
27561	0
27562	0
27563	0
27564	0
27565	0
27566	0
27567	0
27568	0
27569	0
27570	0
27571	0
27572	0
27573	0
27574	0
27575	0
27576	0.303
27577	0.606
27578	0.91
27579	0.91
27580	1.213
27581	1.213
27582	1.213
27583	1.213
27584	0.91
27585	0.91
27586	0.303
27587	0.303
27588	0
27589	0
27590	0
27591	0.303
27592	0.606
27593	0.606
27594	0.606
27595	0.606
27596	0.606
27597	0.91
27598	0.91
27599	0.606
27600	0.606
27601	0.91
27602	0.91
27603	1.516
27604	1.819
27605	1.516
27606	1.516
27607	1.819
27608	1.516
27609	1.213
27610	1.213
27611	0.606
27612	0.303
27613	0.303
27614	0.303
27615	0
27616	0
27617	0
27618	0
27619	0
27620	1.516
27621	3.638
27622	3.638
27623	3.638
27624	3.638
27625	3.335
27626	3.638
27627	3.638
27628	3.638
27629	0.606
27630	1.213
27631	1.516
27632	2.425
27633	3.335
27634	3.335
27635	3.335
27636	3.638
27637	3.335
27638	3.032
27639	2.729
27640	2.729
27641	2.122
27642	1.516
27643	1.516
27644	1.213
27645	1.213
27646	0.91
27647	0.91
27648	0.606
27649	0.303
27650	0.303
27651	0
27652	0
27653	0
27654	0
27655	0
27656	0
27657	0
27658	0
27659	0
27660	0.303
27661	0.303
27662	0.303
27663	0.303
27664	0.303
27665	0.606
27666	0.91
27667	1.213
27668	1.516
27669	1.516
27670	1.516
27671	1.516
27672	1.516
27673	1.213
27674	0.91
27675	0.606
27676	1.213
27677	1.213
27678	1.819
27679	1.819
27680	1.516
27681	1.213
27682	1.213
27683	1.213
27684	0.91
27685	0.606
27686	0
27687	0
27688	0.303
27689	0.606
27690	0.606
27691	0.606
27692	0.91
27693	0.91
27694	0.91
27695	1.213
27696	0.91
27697	0.91
27698	0.91
27699	0.91
27700	0.606
27701	0.606
27702	0.606
27703	0.606
27704	1.213
27705	1.213
27706	1.213
27707	2.122
27708	2.425
27709	2.729
27710	3.032
27711	3.638
27712	3.335
27713	3.335
27714	3.032
27715	2.729
27716	2.425
27717	2.729
27718	2.729
27719	2.122
27720	1.819
27721	1.819
27722	1.819
27723	1.819
27724	0.91
27725	0.606
27726	0
27727	0
27728	0
27729	0
27730	0
27731	0.303
27732	0.303
27733	0.303
27734	0.303
27735	0.303
27736	0.303
27737	0.303
27738	0.303
27739	0.303
27740	0
27741	0
27742	0
27743	0
27744	0
27745	0.303
27746	0.303
27747	0.303
27748	0.303
27749	0.303
27750	0.303
27751	0.303
27752	0.303
27753	0
27754	0
27755	0
27756	0
27757	0
27758	0.303
27759	0.303
27760	0.606
27761	0.606
27762	0.606
27763	0.606
27764	0.606
27765	0.606
27766	0.606
27767	0.303
27768	0.303
27769	0
27770	0
27771	0.303
27772	0.303
27773	0.303
27774	0.303
27775	0.303
27776	0.303
27777	0.303
27778	0.303
27779	0.303
27780	0.303
27781	0.606
27782	1.213
27783	1.213
27784	1.213
27785	1.213
27786	1.213
27787	1.213
27788	0.91
27789	1.213
27790	0.606
27791	0.606
27792	0.606
27793	0.606
27794	0.606
27795	0.606
27796	0.91
27797	1.516
27798	1.819
27799	11.217
27800	13.34
27801	14.249
27802	14.552
27803	14.552
27804	14.552
27805	13.946
27806	13.037
27807	11.521
27808	10.308
27809	4.851
27810	0.606
27811	0.303
27812	0.303
27813	0.303
27814	0.303
27815	0
27816	0.303
27817	0.303
27818	0.303
27819	0.303
27820	0.303
27821	0.303
27822	0.303
27823	0.303
27824	0.303
27825	0.303
27826	0.303
27827	0.303
27828	0.303
27829	0.303
27830	0.303
27831	0.303
27832	0
27833	0
27834	0
27835	0
27836	0
27837	0
27838	0
27839	0
27840	0
27841	0
27842	0
27843	0
27844	0
27845	0
27846	0
27847	0
27848	0
27849	0
27850	0
27851	0
27852	0
27853	0
27854	0
27855	0
27856	0
27857	0
27858	0
27859	0
27860	0
27861	0
27862	0
27863	0
27864	0.303
27865	0.303
27866	0.303
27867	0.303
27868	0.303
27869	0.303
27870	0.303
27871	0.303
27872	0
27873	0
27874	0
27875	0
27876	0
27877	0
27878	0.303
27879	0.303
27880	0.303
27881	0.303
27882	0.303
27883	0.303
27884	0.303
27885	0.303
27886	0.303
27887	0
27888	0
27889	0
27890	0
27891	0
27892	0
27893	0
27894	0
27895	0
27896	0
27897	0
27898	0
27899	0
27900	0
27901	0
27902	0
27903	0
27904	0
27905	0
27906	0
27907	0
27908	0
27909	0
27910	0
27911	0
27912	0
27913	0
27914	0
27915	0
27916	0
27917	0
27918	0
27919	0
27920	0
27921	0
27922	0
27923	0.303
27924	0.303
27925	0.303
27926	0.303
27927	0.303
27928	0.303
27929	0.303
27930	0.303
27931	0.606
27932	0.303
27933	0.303
27934	0.303
27935	0.91
27936	0.91
27937	0.91
27938	1.213
27939	0.91
27940	0.91
27941	0.91
27942	0.91
27943	0.303
27944	0.91
27945	1.213
27946	1.213
27947	1.516
27948	1.819
27949	1.819
27950	1.819
27951	1.819
27952	1.213
27953	1.213
27954	0.91
27955	0.606
27956	0.303
27957	0.303
27958	0.303
27959	0.303
27960	0.91
27961	0.606
27962	0.606
27963	0.606
27964	0.606
27965	0.606
27966	0.91
27967	0.91
27968	0.303
27969	0.303
27970	0.303
27971	0
27972	0
27973	0
27974	0
27975	0
27976	0
27977	0.303
27978	0.606
27979	0.606
27980	0.606
27981	0.606
27982	0.91
27983	0.91
27984	0.91
27985	0.606
27986	0.606
27987	0.303
27988	0.303
27989	0.303
27990	0.303
27991	0
27992	0
27993	0.303
27994	0.303
27995	0.303
27996	0.303
27997	0.303
27998	0.303
27999	0.303
28000	0.303
28001	0.303
28002	0.303
28003	0.303
28004	0.303
28005	0.303
28006	0.303
28007	0.303
28008	0.303
28009	0
28010	0
28011	0
28012	0
28013	0
28014	0
28015	0
28016	0.303
28017	0.303
28018	0.303
28019	0.303
28020	0.303
28021	0.303
28022	0.303
28023	0.303
28024	0
28025	0
28026	0
28027	0
28028	0
28029	0
28030	0
28031	0
28032	0
28033	0
28034	0
28035	0
28036	0
28037	0
28038	0
28039	0
28040	0
28041	0
28042	0
28043	0
28044	0
28045	0
28046	0
28047	0
28048	0.303
28049	0.303
28050	0.606
28051	0.606
28052	1.213
28053	1.213
28054	1.213
28055	1.516
28056	1.213
28057	1.213
28058	0.91
28059	0.91
28060	0.303
28061	0.303
28062	0.303
28063	0
28064	0
28065	0
28066	0.303
28067	0.303
28068	0.303
28069	0.303
28070	0.303
28071	0.303
28072	0.303
28073	0.303
28074	0
28075	0
28076	0
28077	0
28078	0
28079	0
28080	0
28081	0
28082	0
28083	0
28084	0
28085	0
28086	0
28087	0
28088	0
28089	0
28090	0
28091	0
28092	0.303
28093	0.606
28094	0.91
28095	2.729
28096	2.729
28097	2.729
28098	3.032
28099	3.032
28100	3.032
28101	2.729
28102	2.425
28103	0.91
28104	0.91
28105	0.91
28106	0.606
28107	0.606
28108	0.606
28109	0.606
28110	0.606
28111	0.303
28112	0
28113	0.303
28114	0.303
28115	0.606
28116	1.213
28117	1.819
28118	2.122
28119	2.729
28120	2.729
28121	2.425
28122	2.425
28123	2.122
28124	1.819
28125	1.213
28126	1.213
28127	0
28128	0
28129	0
28130	0
28131	0
28132	0
28133	0
28134	0
28135	0
28136	0
28137	0
28138	0
28139	0
28140	0
28141	0
28142	0
28143	0
28144	0
28145	0
28146	0
28147	0
28148	0
28149	0
28150	0
28151	0
28152	0
28153	0
28154	0
28155	0
28156	0
28157	0
28158	0.303
28159	0.303
28160	0.303
28161	0.303
28162	0.303
28163	0.303
28164	0.303
28165	0.303
28166	0
28167	0
28168	0
28169	0
28170	0
28171	0
28172	0.303
28173	0.303
28174	0.303
28175	0.606
28176	0.606
28177	0.606
28178	0.606
28179	0.606
28180	0.606
28181	0.303
28182	0.303
28183	0
28184	0
28185	0
28186	0
28187	0
28188	0
28189	0
28190	0
28191	0
28192	0
28193	0
28194	0
28195	0
28196	0
28197	0
28198	0
28199	0
28200	0
28201	0.303
28202	0.606
28203	0.606
28204	0.606
28205	0.606
28206	0.606
28207	0.606
28208	0.606
28209	0.303
28210	0
28211	0
28212	0
28213	0
28214	0
28215	0
28216	0
28217	0
28218	0
28219	0
28220	0
28221	0
28222	0
28223	0
28224	0
28225	0
28226	0
28227	0
28228	0
28229	0
28230	0
28231	0
28232	0
28233	0
28234	0
28235	0
28236	0
28237	0
28238	0
28239	0
28240	0
28241	0
28242	0
28243	0
28244	0
28245	0
28246	0
28247	0
28248	0
28249	0
28250	0
28251	0
28252	0
28253	0
28254	0
28255	0.303
28256	0.303
28257	0.303
28258	0.303
28259	0.303
28260	0.303
28261	0.303
28262	0.303
28263	0
28264	0
28265	0
28266	0
28267	0
28268	0
28269	0
28270	0
28271	0.606
28272	0.606
28273	0.606
28274	0.606
28275	0.606
28276	0.606
28277	0.606
28278	0.606
28279	0.606
28280	0.606
28281	0
28282	0
28283	0.303
28284	0.303
28285	0.303
28286	0.303
28287	0.303
28288	0.303
28289	0.303
28290	0.303
28291	0
28292	0
28293	0
28294	0
28295	0
28296	0
28297	0
28298	0.303
28299	0.303
28300	0.303
28301	0.303
28302	0.303
28303	0.303
28304	0.303
28305	0.303
28306	0
28307	0
28308	0
28309	0
28310	0
28311	0
28312	0
28313	0
28314	0
28315	0
28316	0
28317	0
28318	0
28319	0
28320	0
28321	0
28322	0
28323	0
28324	0
28325	0
28326	0
28327	0
28328	0
28329	0
28330	0
28331	0
28332	0
28333	0
28334	0
28335	0
28336	0
28337	0
28338	0
28339	0
28340	0
28341	0.303
28342	0.303
28343	0.303
28344	0.303
28345	0.303
28346	0.303
28347	0.303
28348	0.303
28349	0
28350	0
28351	0
28352	0
28353	0
28354	0
28355	0
28356	0
28357	0
28358	0
28359	0
28360	0
28361	0
28362	0.303
28363	0.303
28364	0.303
28365	0.303
28366	0.303
28367	0.303
28368	0.303
28369	0.303
28370	0
28371	0
28372	0
28373	0
28374	0
28375	0
28376	0
28377	0
28378	0
28379	0
28380	0
28381	0
28382	0
28383	0
28384	0
28385	0
28386	0
28387	0
28388	0
28389	0
28390	0
28391	0
28392	0
28393	0
28394	0
28395	0
28396	0
28397	0
28398	0
28399	0
28400	0
28401	0
28402	0
28403	0
28404	0
28405	0
28406	0
28407	0
28408	0
28409	0
28410	0
28411	0
28412	0
28413	0
28414	0
28415	0
28416	0
28417	0
28418	0
28419	0.303
28420	0.303
28421	0.303
28422	0.303
28423	0.606
28424	0.606
28425	0.91
28426	0.91
28427	0.606
28428	0.606
28429	0.606
28430	0.606
28431	0.91
28432	0.606
28433	0.606
28434	0.303
28435	0.303
28436	0.303
28437	0.303
28438	0.303
28439	0
28440	0
28441	0
28442	0
28443	0
28444	0
28445	0
28446	0
28447	0
28448	0
28449	0
28450	0
28451	0
28452	0
28453	0
28454	0
28455	0
28456	0
28457	0
28458	0
28459	0
28460	0
28461	0
28462	0
28463	0
28464	0
28465	0
28466	0
28467	0.303
28468	0.303
28469	0.303
28470	0.303
28471	0.303
28472	0.303
28473	0.303
28474	0.303
28475	0
28476	0.303
28477	0.303
28478	0.303
28479	0.303
28480	0.303
28481	0.303
28482	0.303
28483	0.303
28484	0
28485	0
28486	0
28487	0
28488	0
28489	0
28490	0
28491	0
28492	0
28493	0
28494	0
28495	0
28496	0
28497	0
28498	0
28499	0
28500	0
28501	0
28502	0
28503	0
28504	0
28505	0
28506	0
28507	0
28508	0
28509	0
28510	0
28511	0
28512	0
28513	0
28514	0
28515	0
28516	0
28517	0
28518	0
28519	0
28520	0
28521	0
28522	0
28523	0
28524	0
28525	0
28526	0
28527	0
28528	0
28529	0
28530	0
28531	0
28532	0
28533	0
28534	0.303
28535	0.303
28536	0.303
28537	0.303
28538	0.606
28539	0.606
28540	0.606
28541	0.606
28542	0.303
28543	0.303
28544	0.303
28545	0.303
28546	0.303
28547	0.606
28548	0.303
28549	0.303
28550	0.303
28551	0.303
28552	0.303
28553	0.303
28554	0.303
28555	0
28556	0
28557	0
28558	0
28559	0
28560	0
28561	0
28562	0
28563	0
28564	0
28565	0
28566	0
28567	0
28568	0
28569	0
28570	0
28571	0
28572	0
28573	0
28574	0
28575	0.303
28576	0.303
28577	0.303
28578	0.303
28579	0.303
28580	0.303
28581	0.303
28582	0.303
28583	0.303
28584	0.303
28585	0
28586	0
28587	0
28588	0
28589	0
28590	0
28591	0
28592	0
28593	0
28594	0
28595	0
28596	0
28597	0
28598	0
28599	3.335
28600	3.335
28601	3.638
28602	3.638
28603	0.303
28604	0.303
28605	0.303
28606	0.303
28607	0.303
28608	0.303
28609	0
28610	0.303
28611	0.303
28612	0.303
28613	0.303
28614	0.303
28615	0.303
28616	0.303
28617	0.303
28618	0
28619	0
28620	0
28621	0
28622	0
28623	0
28624	0
28625	0
28626	0
28627	0
28628	0
28629	0
28630	0
28631	0
28632	0
28633	0
28634	0
28635	0
28636	0
28637	0
28638	0
28639	0
28640	0
28641	0
28642	0
28643	0
28644	1.516
28645	1.516
28646	2.122
28647	2.729
28648	2.729
28649	3.032
28650	3.032
28651	3.032
28652	1.516
28653	1.516
28654	1.516
28655	0.91
28656	0.606
28657	0.303
28658	0
28659	0
28660	0
28661	0
28662	0
28663	0
28664	0
28665	0
28666	0
28667	0
28668	0
28669	0
28670	0.303
28671	0.303
28672	0.303
28673	0.303
28674	0.303
28675	0.303
28676	0.303
28677	0.303
28678	0.303
28679	0
28680	0
28681	0
28682	0
28683	0
28684	0
28685	0
28686	0
28687	0
28688	0
28689	0
28690	0
28691	0
28692	0
28693	0
28694	0
28695	0
28696	0
28697	0
28698	0
28699	0
28700	0
28701	0
28702	0
28703	0
28704	0
28705	0.303
28706	0.303
28707	0.303
28708	0.303
28709	0.303
28710	0.303
28711	0.303
28712	0.91
28713	0.606
28714	0.606
28715	0.606
28716	0.91
28717	0.91
28718	0.91
28719	0.91
28720	0.606
28721	0.303
28722	0.303
28723	0.606
28724	0.303
28725	0.303
28726	0.606
28727	0.606
28728	0.606
28729	0.606
28730	0.606
28731	0.303
28732	0.606
28733	0.606
28734	0.606
28735	0.303
28736	0.303
28737	0.303
28738	0.303
28739	0.303
28740	0
28741	0
28742	0
28743	0
28744	0
28745	0
28746	0
28747	0
28748	0
28749	0
28750	0
28751	0
28752	0
28753	0
28754	0
28755	0
28756	0
28757	0
28758	0
28759	0
28760	0
28761	0
28762	0
28763	0
28764	0
28765	0
28766	0
28767	0
28768	0
28769	0
28770	0
28771	0
28772	0
28773	0
28774	0
28775	0
28776	0
28777	0
28778	0
28779	0
28780	0
28781	0
28782	0
28783	0
28784	0
28785	0
28786	0
28787	0
28788	0
28789	0
28790	0
28791	0
28792	0
28793	0
28794	0
28795	0
28796	0
28797	0
28798	0
28799	0
28800	0
28801	0
28802	0
28803	0
28804	0
28805	0
28806	0
28807	0
28808	0
28809	0
28810	0
28811	0
28812	0
28813	0
28814	0
28815	0
28816	0
28817	0.303
28818	0.303
28819	0.303
28820	0.303
28821	0.303
28822	0.303
28823	0.303
28824	0.303
28825	0
28826	0.303
28827	0.303
28828	0.303
28829	0.303
28830	0.303
28831	0.303
28832	0.303
28833	0.606
28834	0.303
28835	0.303
28836	0.303
28837	0.91
28838	0.91
28839	0.91
28840	0.91
28841	0.606
28842	0.606
28843	0.91
28844	0.91
28845	0.303
28846	0.303
28847	0.303
28848	0.303
28849	0.303
28850	0.303
28851	0
28852	0
28853	0
28854	0
28855	0
28856	0
28857	0
28858	0
28859	0.303
28860	0.303
28861	0.303
28862	0.303
28863	0.606
28864	0.606
28865	1.516
28866	1.516
28867	1.213
28868	1.213
28869	1.213
28870	1.213
28871	0.91
28872	1.516
28873	0.606
28874	0.606
28875	0.606
28876	0.91
28877	0.91
28878	0.91
28879	1.213
28880	1.516
28881	1.516
28882	1.516
28883	1.516
28884	1.213
28885	1.213
28886	1.213
28887	1.213
28888	0.606
28889	0
28890	0
28891	0
28892	0
28893	0
28894	0
28895	0
28896	0
28897	0
28898	0
28899	0
28900	0
28901	0
28902	0
28903	0
28904	0
28905	0
28906	0
28907	0
28908	0
28909	0
28910	0
28911	0
28912	0
28913	0
28914	0
28915	0
28916	0
28917	0
28918	0
28919	0
28920	0
28921	0
28922	0
28923	0
28924	0
28925	0
28926	0
28927	0
28928	0
28929	0
28930	0
28931	0
28932	0
28933	0
28934	0
28935	0
28936	0
28937	0
28938	0
28939	0.303
28940	0.303
28941	0.303
28942	0.303
28943	0.303
28944	0.303
28945	0.303
28946	0.303
28947	0
28948	0
28949	0
28950	0
28951	0
28952	0
28953	0
28954	0
28955	0
28956	0
28957	0
28958	0
28959	0
28960	0
28961	0
28962	0
28963	0
28964	0.303
28965	0.303
28966	0.303
28967	0.303
28968	0.303
28969	0.303
28970	0.303
28971	0.303
28972	0.303
28973	0
28974	0
28975	0
28976	0
28977	0
28978	0
28979	0
28980	0
28981	0
28982	0
28983	0
28984	0
28985	0
28986	0
28987	0
28988	0
28989	0
28990	0
28991	0
28992	0
28993	0
28994	0
28995	0
28996	0
28997	0
28998	0
28999	0
29000	0
29001	0
29002	0
29003	0
29004	0
29005	0
29006	0.303
29007	0.303
29008	0.303
29009	0.303
29010	0.303
29011	0.303
29012	0.303
29013	0.303
29014	0
29015	0
29016	0.91
29017	0.91
29018	0.91
29019	0.91
29020	0.606
29021	0.606
29022	0.606
29023	0.606
29024	0
29025	0
29026	0
29027	0
29028	0
29029	0
29030	0
29031	0
29032	0
29033	0
29034	0
29035	0
29036	0
29037	0
29038	0
29039	0
29040	0
29041	0
29042	0
29043	0
29044	0
29045	0
29046	0
29047	0.303
29048	0.303
29049	0.303
29050	0.303
29051	0.303
29052	0.303
29053	0.303
29054	0.303
29055	0
29056	0
29057	0
29058	0
29059	0
29060	0
29061	0
29062	0
29063	0
29064	0
29065	0
29066	0
29067	0
29068	0
29069	0
29070	0
29071	0
29072	0
29073	0
29074	0
29075	0
29076	0
29077	0
29078	0
29079	0
29080	0
29081	0
29082	0
29083	0
29084	0.303
29085	0.303
29086	0.303
29087	0.303
29088	0
29089	0
29090	0.303
29091	0.303
29092	0.303
29093	0.303
29094	0.303
29095	0.303
29096	0.303
29097	0.303
29098	0
29099	0
29100	0
29101	0
29102	0
29103	0
29104	0
29105	0
29106	0
29107	0
29108	0
29109	0
29110	0
29111	0
29112	0
29113	0
29114	0
29115	0
29116	0
29117	0
29118	0
29119	0
29120	0
29121	0
29122	0
29123	0
29124	0
29125	0
29126	0
29127	0
29128	0
29129	0
29130	0
29131	0.303
29132	0.303
29133	0.303
29134	0.303
29135	0.303
29136	0.303
29137	0.303
29138	0.606
29139	0.606
29140	0.606
29141	0.606
29142	0.606
29143	0.606
29144	0.606
29145	0.606
29146	0.303
29147	0
29148	0
29149	0.303
29150	0.303
29151	0.303
29152	0.303
29153	0.606
29154	0.606
29155	0.606
29156	0.606
29157	0.303
29158	0.303
29159	0.303
29160	0.303
29161	0
29162	0
29163	0.303
29164	0.303
29165	0.303
29166	0.303
29167	0.303
29168	0.303
29169	0.303
29170	0.303
29171	0
29172	0
29173	0
29174	0
29175	0
29176	0
29177	0
29178	0
29179	0
29180	0
29181	0
29182	0
29183	0
29184	0
29185	0
29186	0
29187	0
29188	0
29189	0
29190	0
29191	0
29192	0
29193	0
29194	0
29195	0
29196	0
29197	0
29198	0
29199	0
29200	0
29201	0
29202	0
29203	0
29204	0.303
29205	0.606
29206	0.606
29207	0.606
29208	0.91
29209	1.516
29210	2.122
29211	29.408
29212	30.014
29213	29.408
29214	29.711
29215	30.014
29216	29.711
29217	28.802
29218	28.802
29219	3.941
29220	0.606
29221	0.91
29222	0.606
29223	0.303
29224	0.303
29225	0.303
29226	0.606
29227	0.606
29228	0.606
29229	0.91
29230	0.91
29231	3.032
29232	5.76
29233	9.095
29234	0
29235	0
29236	0
29237	0
29238	0
29239	0
29240	11.217
29241	8.186
29242	10.914
29243	12.43
29244	10.611
29245	10.308
29246	9.702
29247	9.398
29248	9.095
29249	7.883
29250	7.276
29251	1.213
29252	0.303
29253	0
29254	0
29255	0
29256	0
29257	0
29258	0.303
29259	0.303
29260	0.303
29261	0.303
29262	0.303
29263	0.303
29264	0.303
29265	0.303
29266	0
29267	0
29268	0
29269	0
29270	0
29271	0
29272	0
29273	0
29274	0
29275	0
29276	0.303
29277	0.303
29278	0.303
29279	0.606
29280	0.606
29281	0.91
29282	0.91
29283	0.91
29284	0.606
29285	0.606
29286	0.606
29287	0.606
29288	0.303
29289	0.303
29290	0.606
29291	0.606
29292	0.91
29293	0.91
29294	0.91
29295	0.91
29296	0.91
29297	0.606
29298	0.303
29299	0.606
29300	0.303
29301	0.303
29302	0.303
29303	0.303
29304	0.303
29305	0.303
29306	0.303
29307	0.303
29308	0.303
29309	0.303
29310	0.303
29311	0.303
29312	0.303
29313	0.303
29314	0.606
29315	0.303
29316	0.303
29317	0.303
29318	0.303
29319	0.303
29320	0.606
29321	0.606
29322	0.606
29323	0.303
29324	0.303
29325	0.303
29326	0.303
29327	0.303
29328	0.303
29329	0
29330	0.303
29331	0.303
29332	0.303
29333	0.303
29334	0.303
29335	0.606
29336	0.91
29337	0.91
29338	0.91
29339	0.91
29340	0.606
29341	0.606
29342	0.606
29343	0.303
29344	0
29345	0
29346	0.303
29347	0.303
29348	0.303
29349	0.303
29350	0.303
29351	0.303
29352	0.303
29353	0.303
29354	0.303
29355	0.303
29356	0
29357	0
29358	0
29359	0
29360	0
29361	0
29362	0
29363	0
29364	0
29365	0
29366	0
29367	0
29368	0
29369	0
29370	0
29371	0
29372	0
29373	0
29374	0
29375	0.303
29376	0.303
29377	0.303
29378	0.303
29379	0.303
29380	0.303
29381	0.303
29382	0.303
29383	0.303
29384	0
29385	0
29386	0.303
29387	0.303
29388	0.303
29389	0.303
29390	0.303
29391	0.303
29392	0.303
29393	0.303
29394	0
29395	0
29396	0
29397	0
29398	0
29399	0
29400	0
29401	0
29402	0
29403	0
29404	0
29405	0
29406	0
29407	0
29408	0
29409	0
29410	0
29411	0
29412	0
29413	0
29414	0
29415	0
29416	0
29417	0
29418	0
29419	0
29420	0
29421	0
29422	0
29423	0
29424	0
29425	0
29426	0
29427	0
29428	0
29429	0
29430	0
29431	0
29432	0
29433	0
29434	0
29435	0
29436	0
29437	0
29438	0
29439	0
29440	0
29441	0
29442	0
29443	0
29444	0
29445	0
29446	0
29447	0
29448	0
29449	0
29450	0
29451	0
29452	0
29453	0
29454	0
29455	0
29456	0
29457	0
29458	0
29459	0.303
29460	0.303
29461	0.303
29462	0.303
29463	0.303
29464	0.303
29465	0.303
29466	0.303
29467	0.303
29468	0.606
29469	0.606
29470	0.606
29471	0.91
29472	0.91
29473	0.91
29474	0.91
29475	0.606
29476	0.303
29477	0.303
29478	0.303
29479	0.303
29480	0
29481	0
29482	0
29483	0
29484	0
29485	0
29486	0
29487	0
29488	0
29489	0
29490	0
29491	0.303
29492	0.303
29493	0.303
29494	0.606
29495	0.606
29496	0.606
29497	0.606
29498	0.606
29499	0.303
29500	0.303
29501	0.303
29502	0
29503	0
29504	0
29505	0
29506	0
29507	0
29508	0.303
29509	0.303
29510	0.303
29511	0.303
29512	0.606
29513	0.91
29514	0.91
29515	0.91
29516	0.91
29517	0.91
29518	0.606
29519	0.606
29520	0.606
29521	0.303
29522	0.303
29523	0.303
29524	0.303
29525	0.303
29526	0.303
29527	0.91
29528	0.91
29529	0.91
29530	1.213
29531	1.213
29532	1.213
29533	1.213
29534	1.213
29535	0.606
29536	0.606
29537	0.91
29538	0.303
29539	0.303
29540	0.303
29541	0.303
29542	0.303
29543	0.303
29544	0.606
29545	0.303
29546	0.303
29547	0.303
29548	0.606
29549	0.606
29550	0.606
29551	0.606
29552	0.303
29553	0.606
29554	0.606
29555	0.606
29556	0.606
29557	0.606
29558	0.303
29559	0.303
29560	0.303
29561	0
29562	0
29563	0
29564	0
29565	0.303
29566	0.303
29567	0.303
29568	0.303
29569	0.303
29570	0.606
29571	0.606
29572	0.606
29573	0.606
29574	0.303
29575	0
29576	0
29577	0
29578	0
29579	0
29580	0
29581	0
29582	0
29583	0
29584	0
29585	0
29586	0
29587	0
29588	0
29589	0
29590	0
29591	0
29592	0
29593	0
29594	0
29595	0
29596	0
29597	0
29598	0
29599	0
29600	0
29601	0
29602	0
29603	0
29604	0
29605	0
29606	0
29607	0
29608	0
29609	0
29610	0
29611	0
29612	0
29613	0
29614	0
29615	0
29616	0
29617	0
29618	0
29619	0
29620	0
29621	0
29622	0
29623	0
29624	0
29625	0
29626	0
29627	0
29628	0
29629	0
29630	0
29631	0
29632	0
29633	0
29634	0
29635	0
29636	0
29637	0
29638	0
29639	0
29640	0
29641	0
29642	0
29643	0
29644	0
29645	0
29646	0
29647	0
29648	0
29649	0
29650	0
29651	0
29652	0
29653	0
29654	0
29655	0
29656	0
29657	0.303
29658	0.303
29659	0.303
29660	0.303
29661	0.303
29662	0.303
29663	0.303
29664	0.303
29665	0.303
29666	0.303
29667	1.516
29668	1.819
29669	2.425
29670	2.425
29671	4.244
29672	9.702
29673	10.005
29674	10.308
29675	10.611
29676	9.702
29677	9.398
29678	9.398
29679	7.579
29680	3.638
29681	2.425
29682	1.819
29683	0.606
29684	0.606
29685	0.303
29686	0.303
29687	0.303
29688	0
29689	0
29690	0
29691	0
29692	0
29693	0
29694	0
29695	0
29696	0.303
29697	0.606
29698	0.606
29699	0.606
29700	0.606
29701	0.91
29702	1.516
29703	1.516
29704	1.516
29705	0.91
29706	1.516
29707	1.516
29708	1.516
29709	1.213
29710	0.91
29711	0.91
29712	0.606
29713	0.606
29714	0.91
29715	0.91
29716	0.91
29717	0.91
29718	0.91
29719	0.91
29720	1.516
29721	1.516
29722	1.516
29723	1.516
29724	1.819
29725	6.063
29726	11.521
29727	11.521
29728	11.217
29729	10.308
29730	10.611
29731	10.611
29732	10.005
29733	9.702
29734	0
29735	0
29736	0
29737	0
29738	0
29739	0
29740	0
29741	0
29742	0
29743	0
29744	0
29745	0
29746	0
29747	0
29748	0
29749	0
29750	0
29751	0
