"center";"Pang"
10012;0.352
1012;1.056
1013;1.056
10030;0.352
10031;0.704
10032;0.704
1014;1.056
10033;0.704
10034;1.056
10035;1.056
10036;1.408
10037;1.408
10038;1.056
10039;0.704
10040;0.704
10041;1.056
10042;1.408
1015;0.704
10043;1.056
10044;0.704
10045;0.704
10046;0.704
10047;1.056
10048;1.056
10049;1.056
10050;0.704
10051;1.056
10052;1.056
1016;0.352
10053;1.056
10054;1.056
10055;1.056
10056;1.408
10057;1.056
10058;1.76
10059;1.76
10060;2.113
10061;2.113
10062;2.465
1017;0.352
10063;2.465
10064;1.76
10065;2.817
10066;2.817
10067;2.465
10068;2.465
10069;2.465
10070;2.817
10071;2.465
10072;2.113
1018;0.352
10073;1.056
10074;0.352
10075;0.352
10076;0.352
10077;0.352
10081;0.352
10082;0.352
10083;0.352
10084;0.352
10085;0.352
10086;0.352
10087;0.352
10088;0.352
10092;0.352
10093;0.352
10094;0.352
10095;0.352
10096;0.352
10097;0.352
10098;0.352
10099;0.352
10100;0.352
1023;0.352
1024;0.352
1025;0.704
10144;0.352
10145;0.352
10146;0.352
10147;0.352
10148;0.352
10149;0.352
10150;0.352
10151;0.352
1026;0.704
1027;1.056
1028;3.169
1029;3.521
10186;0.352
10187;0.704
10188;0.704
10189;0.704
10190;0.704
10191;0.704
10192;0.704
1030;4.225
10193;0.704
10194;0.704
1031;4.225
1032;4.577
10217;0.352
10218;0.352
10219;0.352
10220;0.352
10221;0.352
10222;0.352
1033;4.225
10223;0.352
10224;0.352
10225;0.352
1034;4.225
1035;3.873
1036;1.76
1037;2.465
1038;2.817
1039;2.113
1040;1.76
10295;0.352
10296;0.352
10297;0.352
10298;0.352
10299;0.352
10300;0.704
10301;0.704
10302;1.056
1041;1.76
10303;0.704
10304;0.352
10305;0.352
1042;1.76
1043;1.76
1044;1.76
10336;0.352
10337;0.352
10338;0.352
10339;0.352
10340;0.352
10341;0.352
10342;0.352
1045;0.704
10343;0.352
10344;0.352
10345;0.352
22;0.352
10380;0.352
10381;0.352
10382;0.352
1049;0.352
10383;0.352
10384;0.704
10385;0.704
10386;0.704
10387;0.704
10388;0.704
10389;0.704
10390;0.704
10391;0.704
10392;0.704
1050;0.352
10393;0.704
10394;0.704
10395;0.704
10396;0.352
10397;0.352
10398;0.352
10399;0.352
1051;0.352
10403;0.352
10404;0.352
10405;0.352
10406;0.352
10407;0.352
10408;0.352
10409;0.352
10410;0.352
1052;0.352
10419;0.352
10420;0.352
10421;0.352
10422;0.352
1053;0.352
10423;0.352
10424;0.352
10425;0.352
10426;0.352
1054;0.352
1055;0.352
1056;0.352
10453;0.352
10454;0.352
10455;0.352
10456;0.352
10457;0.352
10458;0.352
10459;0.352
10460;0.352
1057;0.352
10464;0.352
10465;0.704
10466;0.704
10467;0.704
10468;0.704
10469;0.704
10470;0.704
10471;0.704
10472;0.704
10476;0.352
10477;0.352
10478;0.352
10479;0.352
10480;0.352
10481;0.352
10482;0.352
10483;0.352
10505;0.352
10506;0.352
10507;0.352
10508;0.352
10509;0.352
10510;0.352
10511;0.352
10512;0.352
10518;0.352
10519;0.704
10520;0.704
10521;0.704
10522;0.704
10523;0.704
10524;0.704
10525;0.704
10526;0.352
10570;0.352
10571;0.352
10572;0.352
10573;0.352
10574;0.352
10575;0.352
10576;0.352
10577;0.352
1069;0.352
10586;0.352
10587;0.704
10588;0.704
10589;0.704
10590;0.704
10591;0.704
10592;0.704
1070;0.352
10593;0.704
10594;0.352
10595;0.352
10597;0.352
10598;0.352
10599;0.352
10600;0.352
10601;0.352
10602;0.352
1071;0.352
10603;0.352
10604;0.352
1072;0.352
10614;0.352
10615;0.352
10616;0.352
10617;0.352
10618;0.352
10619;0.352
10620;0.352
10621;0.704
10622;0.352
1073;0.352
10623;0.352
10624;0.352
10625;0.352
10626;0.352
10627;0.352
10628;0.352
1074;0.352
1075;0.352
10649;0.352
10650;0.352
10651;0.352
10652;0.352
1076;0.352
10653;0.704
10654;0.704
10655;0.704
10656;0.704
10657;0.704
10658;0.704
10659;0.352
10660;0.704
10661;0.352
10662;0.352
10663;0.352
10664;0.352
10665;0.704
10666;0.704
10667;0.704
10668;0.352
1078;0.352
1079;0.352
10687;0.352
10688;0.352
10689;0.352
10690;0.352
10691;0.352
10692;0.352
1080;0.352
10693;0.352
10694;0.352
10702;0.352
1081;0.352
10703;0.352
10704;0.352
10705;0.352
10706;0.352
10707;0.352
10708;0.352
10709;0.352
1082;0.704
1083;0.704
1084;1.408
1085;1.408
10752;0.352
1086;1.408
10753;0.352
10754;0.352
10755;0.704
10756;0.704
10757;0.704
10758;0.704
10759;1.056
10760;1.056
10761;1.056
10762;1.056
1087;1.408
10763;1.056
10764;1.056
10765;1.056
10766;1.056
10767;0.704
10768;0.704
10769;0.704
10770;0.352
1088;1.408
1089;1.408
1090;1.408
1091;1.408
10811;0.352
10812;0.352
1092;0.704
10813;0.704
10814;0.704
10815;0.704
10816;1.408
10817;2.113
10818;2.113
10819;1.76
10820;1.408
10821;1.056
10822;1.056
1093;0.704
10823;1.056
10824;0.704
1094;0.352
10835;0.352
10836;0.352
10837;0.352
10838;0.352
10839;0.352
10840;0.352
10841;0.352
10842;0.352
1095;0.352
10845;0.352
10846;0.352
10847;0.352
10848;0.352
10849;0.352
10850;0.352
10851;0.352
10852;0.352
1096;0.704
10854;1.056
10855;1.056
10856;1.76
10857;2.113
10858;2.113
10859;2.113
10860;2.113
10861;2.817
10862;1.76
10863;2.113
1097;1.408
10864;1.76
10865;1.76
10866;1.408
10867;1.408
10868;1.408
10869;1.056
10870;0.704
10871;0.352
10872;0.352
10873;0.352
1098;1.056
10876;0.352
10877;0.352
10878;0.352
10879;0.352
10880;0.352
10881;0.352
1099;1.056
1100;1.056
10896;1.056
10897;1.056
10898;1.056
10899;1.056
10900;1.056
10901;1.056
10902;1.056
10903;1.056
1101;1.056
10907;0.352
10908;0.352
10909;0.352
10910;0.352
10911;0.352
10912;0.352
10913;0.352
1102;1.056
10914;0.352
10915;0.352
10916;0.352
1103;1.056
10927;0.352
10928;0.352
10929;0.352
10930;0.352
10931;0.352
1104;1.056
10937;0.352
10938;0.352
10939;0.352
10940;0.352
10941;0.352
10942;0.352
10943;0.352
1105;0.704
10944;0.352
1106;0.352
1107;0.352
10964;0.352
10965;0.352
10966;0.352
10967;0.352
10968;0.352
10969;0.704
10970;0.704
10971;1.056
10972;0.704
10973;0.704
1108;0.352
10974;0.704
10975;1.056
10976;1.408
10977;1.056
10978;1.056
10979;1.408
10980;1.76
10981;1.76
10982;2.465
10983;2.113
1109;0.352
10984;1.76
10985;1.76
10986;1.76
10987;1.76
10988;0.704
10989;0.704
1110;0.352
1111;0.352
11018;0.352
11019;0.352
11020;0.704
11021;0.704
11022;0.704
11023;0.704
11024;0.704
11025;0.704
11026;0.352
11027;0.352
11028;0.352
11029;0.352
11030;0.352
11031;0.704
11032;1.408
11033;1.408
11034;1.408
11035;2.113
11036;1.76
11037;2.113
11038;2.113
11039;2.113
11040;1.76
11041;1.408
11042;1.408
11043;0.704
11044;0.704
11045;0.352
11046;0.352
11060;0.352
11061;0.352
11062;0.352
11063;0.704
11064;0.704
11065;0.704
11066;0.704
11067;0.704
11068;0.704
11069;1.056
11070;3.169
11071;3.873
11072;4.577
11073;5.281
11074;5.633
11075;5.633
11076;5.633
11077;5.986
11078;2.817
11079;2.465
11080;3.169
11081;3.521
11082;3.873
11083;3.873
11084;3.873
11085;3.521
11086;3.873
11087;4.577
11088;27.815
11089;26.759
11090;27.463
11091;27.463
11092;27.463
11093;27.815
11094;27.111
11095;27.111
11096;26.407
11097;2.113
11098;1.408
11099;1.056
11100;1.76
11101;1.76
11102;1.408
11103;1.056
11104;1.056
11105;0.704
11106;0.704
11107;0.704
11124;0.704
11125;0.704
11126;0.704
11127;1.056
11128;1.056
11129;1.056
11130;1.408
11131;1.408
11132;0.704
11133;1.056
11134;1.056
11135;0.704
11136;0.704
11137;0.704
11138;0.704
11139;1.056
11140;1.056
11141;0.704
11142;0.704
11143;0.704
11144;0.704
11145;0.704
11146;0.352
11147;0.352
11148;0.352
11149;0.704
11150;0.704
11151;0.704
11152;0.704
11153;0.704
11154;0.704
11155;0.352
11156;0.352
11157;0.352
11158;1.056
11159;1.056
11160;1.056
11161;1.056
11162;1.056
11163;1.056
11164;1.056
11165;0.704
11166;0.704
11167;0.704
11168;0.704
11169;0.704
11170;0.352
11171;1.056
11172;1.76
11173;2.817
1128;0.352
11174;3.521
11175;3.521
11176;3.521
11177;3.521
11178;3.521
11179;3.169
11180;2.465
11181;1.76
11182;1.408
11183;0.704
1129;0.704
11184;1.056
11185;1.056
11186;1.408
11187;1.408
11188;1.056
11189;1.76
11190;1.408
11191;1.76
11192;2.113
11193;1.408
1130;1.056
11194;1.056
11195;1.056
11196;1.408
11197;1.056
11198;1.056
11199;0.704
11200;0.704
11201;0.352
11202;0.704
11203;1.056
1131;1.056
11204;0.704
11205;0.704
11206;0.704
11207;0.352
11208;1.056
11209;1.056
11210;1.056
11211;0.704
11212;0.704
11213;0.704
1132;1.056
11214;0.704
11215;0.704
11216;0.352
11217;0.352
11218;0.352
11219;0.352
11220;0.352
11221;0.352
11222;0.352
11223;0.352
1133;1.056
11224;0.352
11225;0.352
11226;0.352
11227;0.352
11228;0.352
11229;0.352
11230;0.352
11231;0.352
1134;1.056
1135;1.056
1136;0.704
1137;0.352
1138;0.352
11285;0.352
11286;0.352
11287;0.352
11288;0.352
11289;0.352
11290;0.352
11291;0.352
11292;0.352
11294;0.352
11295;0.352
11296;0.352
11297;0.704
11298;0.704
11299;0.704
11300;0.704
11301;0.704
11302;0.704
11303;0.352
11304;0.352
11344;0.352
11345;0.352
11346;0.352
11347;0.352
11348;0.352
11349;0.352
11350;0.352
11351;0.352
11353;0.352
11354;0.704
11355;0.704
11356;0.704
11357;1.056
11358;1.056
11359;1.056
11360;1.056
11361;0.704
11362;0.352
11363;0.352
11364;1.056
11365;0.704
11366;0.704
11367;0.704
11368;0.704
11369;0.704
11370;0.704
11371;0.704
23;0.352
11404;0.352
11405;0.352
11406;0.352
11407;0.352
11408;0.352
11409;0.352
11410;0.352
11411;0.352
11422;1.056
11423;1.056
11424;1.056
11425;1.056
11426;1.408
11427;1.408
11428;1.408
11429;1.408
11430;0.352
11431;0.352
11432;0.704
11433;0.704
11434;0.704
11435;0.352
11436;0.352
11437;0.352
11438;0.352
11439;0.352
11440;0.352
11454;0.352
11455;0.352
11456;0.352
11457;0.352
11458;0.704
11459;1.056
11460;1.056
11461;1.056
11462;1.056
11463;0.704
11464;0.704
11465;0.704
11466;0.352
11476;0.352
11477;0.704
11478;0.704
11479;0.704
11480;1.056
11481;1.056
11482;1.408
11483;1.408
11484;1.408
11485;1.056
11486;1.056
11487;1.056
11488;0.704
11489;0.704
11490;0.704
11491;0.704
11492;0.352
11493;0.352
11495;0.352
11496;0.352
11497;0.352
11498;0.352
11499;0.352
11500;0.352
11501;0.352
11502;0.352
11507;0.704
11508;0.704
11509;0.704
11510;1.056
11511;1.056
11512;1.056
11513;1.056
11514;1.056
11515;0.352
11516;0.352
11517;0.352
11520;0.352
11521;0.352
11522;0.352
11523;0.352
11524;0.352
11525;0.352
11526;0.352
11527;0.352
11528;0.352
11530;0.352
11531;0.352
11532;0.352
11533;0.352
11534;0.352
11535;0.704
11536;0.704
11537;0.704
11538;0.352
11539;0.352
11540;0.352
11541;1.056
11542;1.056
11543;1.408
11544;1.408
11545;1.408
11546;1.408
11547;1.408
11548;1.408
11549;1.056
11550;1.408
11551;1.408
11552;1.408
11553;1.056
11554;0.704
11555;0.704
11556;0.704
11557;0.352
11558;0.352
11559;0.352
11565;0.352
11566;0.352
11567;0.352
11568;0.352
11569;0.704
11570;1.056
11571;1.056
11572;1.056
11573;1.056
11574;1.408
11575;1.76
11576;1.76
11577;1.408
11578;1.056
11579;1.056
11580;1.056
11581;0.704
11582;0.352
11590;0.352
11591;0.352
11592;0.352
11593;0.352
11594;0.352
11595;0.352
11596;0.352
11597;0.352
11599;0.352
11600;0.352
11601;0.352
11602;0.352
11603;0.704
11604;0.704
11605;0.704
11606;0.704
11607;0.704
11608;0.352
11609;0.352
11610;0.352
11611;0.352
11612;0.352
11613;0.352
11614;0.352
11615;0.704
11616;0.704
11617;0.704
11618;0.704
11619;0.352
11620;0.352
11621;0.352
11622;0.704
11623;0.352
11624;0.352
11625;0.352
11626;0.352
11627;0.352
11628;0.352
11629;0.352
11631;0.704
11632;0.704
11633;0.704
11634;0.704
11635;1.056
11636;1.056
11637;1.056
11638;1.056
11639;0.704
11640;0.352
11641;0.352
11642;0.352
11643;0.352
11644;0.352
11645;0.352
11646;0.352
11647;0.704
11648;1.056
11649;1.056
11650;1.408
11651;1.408
11652;1.056
11653;1.056
11654;1.056
11655;0.704
11656;0.704
11657;1.056
11658;0.704
11659;0.704
11660;0.704
11661;0.704
11662;0.704
11663;0.704
11664;0.704
11691;0.704
11692;0.704
11693;0.704
11694;0.704
11695;0.704
11696;1.056
11697;1.056
11698;1.056
11699;0.352
11700;0.352
11701;0.352
11702;0.704
11703;0.704
11704;0.352
11705;0.352
11706;0.704
11707;0.704
11708;1.056
11709;1.056
11710;1.056
11711;1.056
11712;1.056
11713;1.056
11714;0.704
11715;0.704
11716;0.352
11717;0.352
11727;0.352
11728;0.352
11729;0.352
11730;0.352
11731;0.352
11732;0.352
11733;0.352
11734;0.352
11735;0.352
11751;0.352
11752;0.704
11753;0.704
11754;0.704
11755;0.704
11756;0.704
11757;0.704
11758;0.704
11759;0.352
11777;0.352
11778;0.352
11779;0.352
11780;0.352
11781;0.352
11782;0.704
11783;0.704
11784;0.704
11785;0.704
11786;0.352
11787;0.704
11788;1.056
11789;1.056
11790;0.704
11791;0.704
11792;0.704
11793;0.704
11794;0.704
11795;0.352
1191;0.352
11805;0.704
11806;0.704
11807;0.704
11808;0.704
1192;0.352
1193;0.352
130;0.352
1194;0.352
11839;0.704
11840;0.704
11841;0.704
11842;0.704
11843;1.056
1195;0.352
11844;1.056
11845;1.408
11846;1.76
11847;1.056
11848;1.408
11849;1.408
11850;1.76
11851;1.76
11852;1.408
11853;1.056
1196;2.113
11854;0.704
11855;0.704
11856;0.704
11857;0.704
11858;0.352
11859;0.352
11860;0.352
11861;0.352
11862;0.352
11863;0.352
1197;2.113
11864;0.352
11872;0.352
11873;0.352
1198;2.465
11874;0.352
11875;0.352
11876;0.352
11877;0.352
11878;0.352
11879;0.352
1199;2.113
11891;0.352
11892;0.704
11893;1.056
1200;2.113
11894;1.056
11895;1.056
11896;1.056
11897;1.056
11898;1.056
11899;0.704
11900;0.352
11901;0.352
1201;2.113
11910;0.352
11911;0.352
11912;0.352
11913;0.352
1202;2.113
11914;0.352
11915;0.352
11916;0.704
11917;0.704
11918;0.704
11919;0.352
11920;0.352
11921;0.352
11922;0.352
11923;0.352
1203;2.113
131;0.704
1204;0.704
11940;0.352
11941;0.352
11942;0.352
11943;0.352
1205;0.704
11944;0.352
11945;0.352
11946;0.352
11947;0.352
11948;0.704
11949;0.352
11950;0.704
11951;1.408
11952;1.408
11953;1.408
1206;0.352
11954;1.408
11955;1.408
11956;1.056
11957;1.056
11958;1.056
1207;0.704
1208;0.704
11982;0.352
11983;0.352
1209;0.704
11984;0.352
11985;0.352
11986;0.352
11987;0.352
11988;0.704
11989;1.408
11990;2.113
11991;1.76
11992;2.113
11993;2.465
1210;0.704
11994;2.465
11995;2.465
11996;2.465
11997;1.408
11998;0.704
11999;0.704
12000;0.352
1211;0.704
12005;0.352
12006;0.352
12007;0.352
12008;0.352
12009;0.352
12010;0.352
12011;1.056
12012;1.056
12013;0.704
1212;0.352
12014;1.056
12015;1.76
12016;2.113
12017;2.113
12018;2.113
12019;1.056
12020;1.056
12021;1.056
12022;0.704
12023;0.352
1213;0.352
132;0.704
12028;0.352
12029;0.352
12030;0.352
12031;0.352
12032;0.352
12033;0.352
1214;0.352
12034;0.352
12035;0.352
12041;0.352
12042;0.704
12043;0.704
1215;0.352
12044;0.704
12045;0.704
12046;1.056
12047;1.408
12048;1.408
12049;1.408
12050;1.408
12051;0.704
12052;0.704
12053;0.704
12054;0.352
12056;0.352
12057;0.352
12058;0.352
12059;0.352
12060;1.056
12061;1.056
12062;1.056
12063;1.056
1217;0.352
12064;0.704
12065;0.704
12066;1.056
12067;0.704
12068;0.352
12069;0.352
12070;0.352
12071;0.352
12072;0.352
12073;0.352
1218;0.352
1219;0.352
1220;0.352
1221;0.352
1222;0.352
1223;0.352
133;1.408
1224;0.352
1225;0.352
12151;0.352
12152;0.352
12153;0.352
12154;0.352
12155;0.352
12156;0.352
12157;0.352
12158;0.352
12159;0.352
12167;0.352
12168;0.352
12169;0.352
12170;0.352
12171;0.352
12172;0.352
12173;0.704
12174;0.704
12175;0.352
12176;0.352
12177;0.352
12178;0.352
12179;0.352
12180;0.352
12181;0.352
12186;0.352
12187;0.704
12188;0.704
12189;1.056
12190;1.056
12191;1.056
12192;1.056
12193;1.056
12194;1.056
12195;0.704
12196;0.704
12197;0.704
12198;0.704
12199;0.704
12200;1.76
12201;1.76
12202;1.408
12203;1.408
12204;1.408
12205;1.056
12206;1.056
12207;1.056
12208;0.352
12209;0.352
12210;0.352
12211;0.352
12212;0.352
12213;0.352
12214;0.352
12215;0.352
12220;0.352
12221;0.352
12222;0.352
12223;0.352
1233;0.352
12224;0.352
12225;0.352
12226;0.704
134;1.76
12227;0.704
12228;0.704
12229;1.056
12230;1.056
12231;1.056
12232;1.056
12233;1.056
1234;0.704
12234;0.704
12235;0.704
12236;0.704
12237;0.352
1235;1.056
12248;0.352
12249;0.352
12250;0.352
12251;0.352
12252;0.352
12253;0.352
1236;1.056
12254;0.352
12255;0.352
1237;1.056
12267;0.352
12268;0.352
12269;0.704
12270;1.056
12271;1.056
12272;1.056
12273;1.408
1238;1.056
12274;1.408
12275;1.056
12276;1.056
12277;1.056
12278;0.352
12279;0.352
12280;0.352
12281;0.352
1239;1.056
1240;1.056
1241;1.056
12310;0.352
12311;0.352
12312;0.352
12313;0.352
1242;1.056
12314;0.352
12315;0.352
12316;0.352
12317;0.352
1243;0.704
135;1.76
12332;0.352
12333;0.352
1244;0.704
12334;0.352
12335;0.352
12336;0.352
12337;0.352
12338;0.352
12339;0.352
12340;0.352
1245;0.704
1246;0.704
12362;0.352
12363;0.352
1247;0.704
12364;0.352
12365;0.352
12366;0.352
12367;0.352
12368;0.352
12369;0.352
1248;0.704
12377;0.352
12378;0.352
12379;0.352
12380;0.352
12381;0.352
24;0.352
12382;1.408
12383;1.408
1249;0.704
12384;1.408
12385;1.056
12386;1.056
12387;1.056
12388;1.056
12389;1.056
12390;1.056
12391;1.056
1250;0.704
12394;0.352
12395;0.352
12396;0.352
12397;0.704
12398;0.704
12399;0.704
12400;0.704
12401;0.704
12402;0.704
12403;0.704
12404;0.704
12405;0.352
12406;0.352
12407;0.352
12408;0.352
12409;0.352
12410;0.704
12411;0.352
12412;0.352
12413;0.352
12414;0.352
12415;0.352
12416;0.352
12417;0.352
12421;0.352
12422;0.352
12423;0.352
12424;0.352
12425;0.352
12426;0.352
136;1.76
12427;0.352
12428;0.352
12437;0.352
12438;0.352
12439;0.352
12440;0.352
12441;0.352
12442;0.352
12443;0.352
12444;0.352
12474;0.352
12475;0.352
12476;0.352
12477;0.352
12478;0.352
12479;0.352
12480;0.352
12481;0.352
12499;2.113
12500;2.465
12501;2.465
12502;2.465
12503;2.465
12504;2.465
12505;2.817
12506;3.169
12507;1.408
12508;0.704
12509;0.704
12510;1.056
12511;1.056
12512;1.056
12513;0.704
12514;0.704
12515;0.352
12516;0.352
12517;0.352
137;1.76
12529;0.352
12530;0.352
12531;0.704
12532;0.704
12533;0.704
12534;0.704
12535;0.704
12536;0.352
12537;0.352
12538;0.352
12545;0.352
12546;0.352
12547;0.704
12548;0.704
12549;0.704
12550;0.704
12551;0.704
12552;0.704
12553;0.352
12554;0.352
12566;0.352
12567;0.352
12568;0.352
12569;0.352
12570;0.352
12571;0.352
12572;0.352
12573;0.352
12581;0.704
12582;0.704
12583;1.056
12584;1.056
12585;1.056
12586;1.056
12587;1.056
12588;1.408
12589;1.056
12590;1.056
12591;0.704
12592;0.704
12593;0.704
12594;0.704
12595;0.704
12596;0.352
12624;0.352
12625;0.352
12626;0.352
138;1.408
12627;0.352
12628;0.352
12629;0.352
12630;0.352
12631;0.352
12664;0.352
12665;0.352
12666;0.352
12667;0.352
12668;0.704
12669;0.704
12670;0.704
12671;0.704
12672;0.352
12673;0.352
12674;0.352
12675;0.352
12680;0.352
12681;0.352
12682;0.704
12683;0.704
12684;0.704
12685;0.704
12686;0.704
12687;0.704
12688;0.704
12689;0.352
12713;0.352
12714;0.352
12715;0.352
12716;0.352
12717;0.352
12718;0.352
12719;0.352
12720;0.352
139;1.408
12780;0.352
12781;0.352
12782;0.352
12783;0.704
12784;0.704
12785;1.056
12786;1.056
12787;1.056
12788;0.704
12789;0.704
12790;1.056
12791;0.704
12792;0.704
12793;0.352
12794;0.352
12795;0.352
12796;0.352
12797;0.352
12798;0.352
12806;0.352
12807;0.352
12808;0.352
12809;0.704
12810;0.704
12811;0.704
12812;0.704
12813;1.056
12814;0.704
12815;0.704
12816;0.704
12817;0.352
12818;0.352
12819;0.352
12820;0.352
140;1.056
12829;1.056
12830;1.408
12831;1.408
12832;1.408
12833;1.408
12834;1.408
12835;1.408
12836;1.408
12837;1.056
12838;0.352
12840;0.352
12841;0.352
12842;0.352
12843;0.352
12844;0.352
12845;0.352
12846;0.352
12847;0.352
12853;0.352
12854;0.352
12855;0.352
12856;0.352
12857;0.352
12858;0.352
12859;0.352
12860;0.352
12881;0.352
12882;0.704
12883;0.704
12884;1.056
12885;1.056
12886;1.056
12887;1.056
12888;1.056
12889;0.704
12890;0.352
12891;0.352
12892;0.352
12897;0.352
12898;0.352
12899;0.352
12900;0.352
12915;0.352
12916;0.352
12917;0.352
12918;0.352
12919;0.352
12920;0.352
12921;0.352
12922;0.352
12923;0.352
141;0.352
12941;0.352
12942;0.352
12943;0.352
12944;0.352
12945;0.704
12946;1.056
12947;1.056
12948;1.76
12949;2.465
12950;2.465
12951;2.465
12952;2.465
12953;1.76
12954;1.408
12955;1.76
12956;1.408
12957;0.704
12958;0.704
12959;0.352
12960;0.704
12961;0.704
12962;0.704
12963;0.704
12964;0.352
12965;0.352
12966;0.352
12967;0.352
12968;0.352
12969;0.352
12970;0.352
12971;0.352
12972;0.352
12973;0.352
1308;0.352
12974;0.352
12975;0.352
12976;0.352
1309;0.704
12990;0.352
12991;0.352
12992;0.352
12993;0.352
1310;0.704
12994;0.352
12995;0.352
12996;0.704
12997;0.704
12998;0.352
12999;0.352
13000;0.352
13001;0.352
13002;0.352
13003;0.352
1311;0.704
1312;0.704
1313;0.704
13031;0.352
13032;0.352
13033;0.352
1314;0.704
13034;0.352
13035;0.352
13036;0.704
13037;0.704
13038;0.704
13039;0.352
13040;0.352
13041;0.352
13042;0.352
13043;0.352
1315;0.704
1316;0.352
13058;0.352
13059;0.352
13060;0.352
13061;0.704
13062;0.704
13063;0.704
13064;1.056
13065;1.056
13066;1.056
13067;0.704
13068;1.056
13069;1.76
13070;2.817
13071;3.169
13072;2.465
13073;2.465
13074;2.817
13075;3.521
13076;3.169
13077;3.169
13078;2.465
13079;2.465
13080;2.113
13081;1.408
13082;1.76
13083;1.056
13084;0.704
13085;0.352
13086;0.704
13087;0.704
13088;0.704
13089;0.704
13090;0.704
13091;0.352
13092;0.352
13093;0.352
1321;0.352
13110;0.352
13111;0.352
13112;0.352
13113;0.352
1322;0.352
1323;0.352
13127;0.352
13128;0.352
13129;0.352
13130;0.352
13131;0.352
13132;0.352
13133;0.352
1324;0.352
13134;0.352
13135;0.352
1325;0.352
13145;0.352
13146;0.352
13147;0.352
13148;0.352
13149;0.352
13150;0.352
13151;0.352
13152;0.352
1326;0.352
1327;0.352
1328;0.352
1329;0.352
13188;0.352
13189;0.352
13190;0.352
13191;0.352
13192;0.352
13193;0.352
13194;0.352
13195;0.352
13200;0.352
13201;0.352
13202;0.352
13203;0.352
13204;0.352
13205;0.352
13206;0.352
13207;0.352
13218;0.352
13219;0.352
13220;0.352
13221;0.352
13222;0.352
13223;0.352
1333;0.352
13224;0.352
13225;0.352
1334;0.352
1335;0.352
1336;0.352
1337;0.352
1338;0.352
13275;0.352
13276;0.352
13277;0.352
13278;0.352
13279;0.352
13280;0.352
13281;0.352
13282;0.352
1339;0.352
13287;0.352
13288;0.352
13289;0.352
13290;0.352
13291;0.704
13292;0.704
13293;0.704
1340;0.352
13294;1.056
13295;1.056
13296;1.056
13297;1.408
13298;1.408
13299;1.408
13300;1.408
13301;1.408
13302;1.056
13303;1.056
1341;0.352
13304;0.704
13305;0.352
13306;0.352
13307;0.352
13319;0.352
13320;0.352
13321;0.352
13322;0.704
13323;0.704
13324;0.704
13325;0.704
13326;0.704
13327;0.352
13328;0.352
13329;0.352
13337;0.352
13338;0.352
13339;0.352
13340;0.352
13341;0.352
13342;0.352
13343;0.704
13344;0.704
13345;0.352
13346;0.352
13347;0.352
13348;0.352
13349;0.352
13350;0.352
13352;0.352
13353;0.704
13354;0.704
13355;0.704
13356;0.704
13357;1.056
13358;1.408
13359;1.76
13360;1.408
13361;1.056
13362;1.056
13363;0.704
13364;1.056
13365;0.704
13366;0.352
13367;0.352
13368;0.704
13369;0.704
13370;0.704
13371;0.704
13372;0.704
13373;0.704
13374;0.352
13375;0.352
13376;0.352
13384;0.352
13385;0.352
13386;0.352
13387;0.352
13388;0.352
13389;0.352
13390;0.352
13391;0.352
25;0.352
1351;0.352
1352;0.352
1353;0.352
1354;0.704
1355;1.408
1356;2.465
1357;2.465
1358;2.465
1359;2.817
1360;2.817
1361;2.465
1362;2.113
13515;0.352
13516;0.352
13517;0.352
13518;0.352
13519;0.352
13520;0.352
13521;0.352
13522;0.352
13523;0.352
1363;1.76
1364;2.113
1365;1.408
13546;0.352
13547;0.352
13548;0.352
13549;0.352
13550;0.352
13551;0.352
13552;0.352
13553;0.352
1366;1.056
1367;0.704
13573;0.352
1368;0.352
13574;0.352
13575;0.352
13576;0.352
13577;0.352
13578;0.704
13579;1.056
13580;1.408
13581;1.76
13582;1.408
13583;1.408
1369;0.352
13584;1.408
13585;1.408
13586;1.056
13587;0.704
13588;0.352
13589;0.352
13590;0.352
1370;0.352
1371;0.352
13630;0.352
13631;0.352
13632;0.352
13633;0.352
13634;0.352
13635;0.352
13636;0.352
13637;0.352
13639;0.352
13640;0.704
13641;0.704
13642;0.704
13643;0.704
13644;0.704
13645;0.704
13646;0.704
13647;0.704
13648;0.352
13649;1.056
13650;1.056
13651;0.704
13652;0.704
13653;1.056
13654;1.056
13655;1.056
13656;1.056
13657;0.352
13658;0.352
13659;0.352
13660;0.352
13661;0.352
13662;0.352
13686;0.704
13687;1.408
13688;1.76
13689;2.465
13690;2.817
13691;3.169
13692;3.521
13693;4.225
1380;0.352
13694;4.929
13695;4.225
13696;5.633
13697;5.281
13698;5.633
13699;5.281
13700;7.394
13701;7.042
13702;5.986
13703;5.633
1381;0.352
13704;3.873
13705;4.225
13706;3.873
13707;3.873
13708;0.704
13709;0.352
13710;0.352
13711;0.352
13712;0.352
1382;0.352
1383;0.352
13724;0.352
13725;0.352
13726;0.352
13727;0.704
13728;0.704
13729;0.704
13730;0.704
13731;0.704
13732;0.352
13733;0.352
1384;0.352
13734;0.352
1385;0.352
13744;0.352
13745;1.056
13746;1.76
13747;1.76
13748;1.76
13749;1.76
13750;1.76
13751;1.76
13752;1.408
13753;1.056
1386;0.352
13754;0.352
13755;0.352
13756;0.352
1387;0.352
13771;0.704
13772;0.704
13773;0.704
13774;0.704
13775;0.704
13776;0.704
13777;0.704
13778;0.704
13798;0.352
13799;0.352
13800;0.352
13801;0.352
13802;0.352
13803;0.704
13804;0.704
13805;0.704
13806;1.056
13807;1.056
13808;0.704
13809;0.704
13810;0.704
13811;0.352
13812;0.352
13813;0.352
13815;0.352
13816;0.352
13817;0.352
13818;0.352
13819;0.352
13820;0.352
13821;0.352
13822;0.352
13823;0.352
13828;0.352
13829;0.352
13830;0.352
13831;1.408
13832;1.408
13833;1.408
13834;1.76
13835;2.113
13836;1.76
13837;1.76
13838;2.113
13839;1.76
13840;1.408
13841;1.056
13842;0.704
13843;0.352
13844;0.704
13845;0.704
13846;0.352
13847;0.352
13848;0.352
13849;0.352
13850;0.352
13851;0.352
13862;0.352
13863;0.704
13864;2.465
13865;2.817
13866;3.521
13867;4.225
13868;4.225
13869;4.225
13870;3.873
13871;3.521
13872;1.76
13873;1.76
1398;0.352
13874;1.408
13875;0.704
13876;0.352
13877;0.352
13878;0.352
13879;0.352
13880;0.352
13881;0.352
13882;0.352
13883;0.352
1399;0.704
13884;0.352
13885;0.352
13886;0.352
13887;0.352
13888;0.352
13889;0.352
13893;1.056
1400;0.704
13894;1.056
13895;1.408
13896;1.408
13897;1.408
13898;1.408
13899;1.408
13900;1.408
13901;0.352
13902;0.352
13903;0.352
1401;0.704
13904;0.352
13905;0.704
13906;1.056
13907;1.408
13908;1.408
13909;1.408
13910;1.408
13911;1.76
13912;1.76
13913;1.408
1402;0.704
13914;0.704
13915;0.352
13916;0.352
13917;0.352
13918;0.352
13919;0.352
13922;0.352
13923;0.704
1403;0.704
13924;0.704
13925;0.704
13926;0.704
13927;0.704
13928;1.056
13929;1.056
13930;0.704
13931;0.352
13932;0.352
13933;0.352
1404;0.704
13934;0.352
13935;0.352
13936;0.704
13937;0.352
13938;0.352
13939;0.352
13940;0.704
13941;0.704
13942;1.056
13943;1.056
1405;0.704
13944;1.056
13945;0.704
13946;0.704
13947;0.704
13948;0.352
13949;0.352
1406;0.352
13997;0.352
13998;0.352
13999;0.352
14000;0.704
14001;0.704
14002;0.704
14003;0.704
14004;1.056
14005;0.704
14006;1.056
14007;1.056
14008;0.704
14009;1.056
14010;1.056
14011;1.056
14012;0.704
14013;0.704
14014;0.352
14015;0.352
14016;0.352
14082;0.352
14083;0.352
14084;0.352
14085;0.352
14086;0.352
14087;0.352
14088;0.352
14089;0.352
14105;0.352
14106;0.352
14107;0.352
14108;0.352
14109;0.352
14110;0.352
14111;0.352
14112;0.352
14137;0.352
14138;0.352
14139;0.352
14140;0.704
14141;0.704
14142;0.704
14143;0.704
14144;0.704
14145;0.352
14146;0.352
14147;0.352
14150;0.704
14151;0.704
14152;0.704
14153;0.704
14154;0.704
14155;0.704
14156;0.704
14157;0.704
14158;0.352
14163;0.352
14164;0.352
14165;0.352
14166;0.352
14167;0.352
14168;0.352
14169;0.352
14170;0.352
14171;0.352
14172;0.352
14189;0.352
14190;0.352
14191;0.352
14192;0.352
14193;0.352
14194;0.352
14195;0.352
14196;0.352
14214;0.352
14215;0.352
14216;0.352
14217;0.352
14218;1.056
14219;1.056
14220;1.056
14221;1.056
14222;0.352
14223;0.352
14224;0.352
14225;0.352
14226;0.352
14227;0.352
14228;0.352
14229;0.352
14230;0.352
14231;0.352
14232;0.704
14233;0.704
14234;0.704
14235;0.352
14236;0.352
14237;0.352
14238;0.352
14239;0.352
14240;0.352
14242;0.352
14243;0.352
1435;0.352
14244;0.352
14245;0.352
14246;0.352
14247;0.352
14248;0.704
14249;0.704
14250;0.352
14251;0.352
14252;0.704
14253;0.704
1436;0.704
14254;0.704
14255;0.704
14256;0.704
14257;0.704
14258;0.704
14259;0.704
14260;0.352
14261;0.352
14262;0.352
14263;0.352
1437;0.704
1438;0.704
14275;0.352
14276;0.352
14277;0.352
14278;0.352
14279;0.352
14280;0.352
14281;0.704
14282;0.704
14283;0.704
1439;0.704
14284;0.352
14285;0.352
14286;0.352
14287;0.352
14288;0.352
14292;0.352
14293;0.352
1440;0.704
14294;0.352
14295;0.352
14296;0.352
14297;0.352
14298;0.352
14299;0.704
14300;1.056
14301;1.408
14302;1.056
14303;1.056
1441;0.704
14304;1.056
14305;1.056
14306;1.056
14307;0.704
14308;0.352
1442;0.704
14315;0.352
14316;0.352
14317;0.352
14318;0.352
14319;0.352
14320;0.352
14321;0.352
14322;0.352
1443;0.352
14332;0.352
14333;0.704
14334;0.704
14335;0.704
14336;3.521
14337;3.521
14338;3.521
14339;3.521
14340;3.169
14341;3.169
14342;3.169
14343;3.169
14344;2.817
14347;0.352
14348;0.352
14349;0.352
14350;0.352
14351;0.352
14352;0.352
14353;0.704
14354;0.704
14355;0.704
14356;0.352
14357;0.352
14358;0.352
14359;0.352
14360;0.352
14371;0.704
14372;1.056
14373;1.056
14374;1.056
14375;1.056
14376;0.704
14377;0.704
14378;1.408
14379;1.408
14380;1.76
14381;2.113
14382;2.465
14383;2.817
14384;2.817
14385;3.169
14386;2.817
14387;2.465
14388;1.76
14389;2.113
14390;1.408
14391;1.056
14392;1.056
14393;0.704
14394;0.704
14395;0.352
14396;0.352
14397;0.352
14398;0.352
14401;0.704
26;0.352
14402;0.704
14403;0.704
14404;0.704
14405;0.704
14406;1.056
14407;1.056
14408;1.056
14409;0.352
14410;0.352
14411;0.352
14412;0.352
14413;0.352
14429;0.352
14430;0.704
14431;0.704
14432;0.704
14433;0.704
14434;1.056
14435;1.76
14436;2.113
14437;1.76
14438;2.465
14439;2.817
14440;3.521
14441;3.521
14442;3.521
14443;2.817
14444;2.113
14445;2.113
14446;1.408
14447;0.704
14463;0.352
14464;0.352
14465;0.352
14466;0.352
14467;0.352
14468;0.704
14469;0.704
14470;0.704
14471;0.704
14472;0.352
14473;0.352
14474;0.352
14475;0.704
14476;0.352
14477;0.352
14478;0.352
14479;0.352
14480;0.352
14481;0.352
14482;0.352
14514;0.352
14515;0.352
14516;0.352
14517;0.352
14518;0.352
14519;0.352
14520;0.352
14521;0.352
14531;0.352
14532;0.352
14533;0.352
14534;0.352
14535;0.704
14536;1.056
14537;1.056
14538;1.76
14539;1.76
14540;1.408
14541;1.76
14542;1.76
14543;1.76
14544;1.76
14545;1.408
14546;1.76
14547;1.408
14548;1.408
14549;1.056
14550;1.056
14551;0.704
14552;0.704
14553;0.704
14554;0.352
14557;0.352
14558;0.352
14559;0.352
14560;0.352
14561;0.704
14562;0.704
14563;0.704
14564;0.704
14565;0.352
14566;0.352
14567;0.352
14568;0.352
14575;0.352
14576;0.352
14577;0.352
14578;0.352
14579;0.352
14580;0.352
14581;0.352
14582;0.352
14583;0.352
14584;0.352
14585;0.352
14586;0.352
1470;0.352
14595;0.352
14596;0.352
14597;0.352
14598;0.352
14599;0.352
14600;0.704
14601;0.704
14602;0.704
14603;0.352
1471;0.352
14604;0.352
14605;0.352
14606;0.352
14607;0.704
14608;0.704
14609;0.352
14610;0.352
14611;0.352
14612;0.352
14613;0.352
1472;0.352
14614;0.352
1473;0.352
14631;0.352
14632;0.352
14633;0.704
1474;0.352
14634;0.704
14635;0.704
14636;0.704
14637;0.704
14638;0.704
14639;0.352
14640;0.352
14641;0.352
14642;0.352
1475;0.352
1476;0.352
14660;0.352
14661;0.704
14662;0.704
14663;1.76
1477;0.352
14664;1.76
14665;1.76
14666;1.76
14667;1.76
14668;1.408
14669;1.056
14670;1.056
14671;0.352
14682;0.352
14683;0.352
14684;0.352
14685;0.352
14686;0.352
14687;0.352
14688;0.352
14689;0.352
14690;0.352
14711;0.352
14712;0.352
14713;0.352
1482;0.704
14714;0.352
14715;0.352
14716;0.352
14717;0.352
14718;0.352
14719;0.352
14720;0.352
14721;1.056
14722;1.056
14723;1.408
1483;0.704
14724;1.408
14725;1.408
14726;1.76
14727;1.408
14728;1.76
14729;1.056
14730;1.408
14731;1.408
14732;1.056
14733;1.056
1484;0.704
14734;0.704
14735;0.704
14736;0.704
14737;0.704
14738;0.352
14739;0.352
14740;0.352
14741;0.352
14742;0.352
14743;0.352
1485;0.704
14744;0.704
14745;0.704
14746;0.352
14747;0.352
14748;0.352
14749;0.352
14750;0.352
14751;0.704
14752;0.704
14753;0.704
1486;1.056
14754;0.704
14755;0.704
14756;0.704
14757;0.704
14758;0.704
14759;0.352
1487;1.056
14765;0.352
14766;0.352
14767;0.352
14768;0.352
14769;0.352
14770;0.352
14771;0.352
14772;0.352
1488;1.056
14775;0.352
14776;0.352
14777;0.352
14778;0.352
14779;0.352
14780;0.352
14781;0.352
14782;0.352
1489;1.056
1490;0.704
1491;0.704
1492;0.352
14817;0.352
14818;0.352
14819;0.352
14820;0.352
14821;0.352
14822;0.704
14823;0.704
1493;0.352
14824;0.704
14825;0.704
14826;0.704
14827;0.704
14828;0.704
14829;0.704
14830;0.352
14831;0.704
14832;0.704
14833;0.352
14834;0.352
14835;0.352
14836;0.352
14837;0.352
14838;0.352
1495;0.352
14847;0.352
14848;0.352
14849;0.352
14850;0.352
14851;0.352
14852;0.704
14853;0.704
1496;0.352
14854;0.704
14855;0.352
14856;0.352
14857;0.352
14858;0.352
14859;0.352
1497;0.352
1498;0.352
1499;0.704
1500;1.408
1501;1.76
1502;1.76
1503;1.408
1504;1.408
14934;0.352
14935;0.352
14936;0.352
14937;0.352
14938;0.352
14939;0.352
14940;0.352
14941;0.352
1505;1.408
14946;0.704
14947;0.704
14948;0.704
14949;1.056
14950;1.056
14951;1.056
14952;1.056
14953;1.056
1506;1.408
14954;1.408
14955;1.408
14956;1.408
14957;1.056
14958;1.408
14959;1.76
14960;1.76
14961;1.76
14962;1.056
14963;0.352
1507;1.056
14964;0.352
14965;0.352
14966;0.352
1508;1.056
14978;0.352
14979;0.352
14980;0.704
14981;1.056
14982;1.056
14983;1.056
14984;1.056
14985;1.056
14986;1.76
14987;2.113
14988;1.408
14989;1.056
14990;1.056
14991;1.056
14992;1.408
14993;2.113
14994;1.408
14995;1.408
14996;1.408
14997;1.408
14998;1.056
14999;1.056
15000;0.704
15051;0.352
15052;0.352
15053;0.352
15054;0.352
15055;0.352
15056;0.352
15060;0.352
15061;0.704
15062;0.704
15063;0.704
15064;0.704
15065;0.704
15066;0.704
15067;0.704
15068;0.352
15069;0.352
15072;0.352
15073;0.352
15074;0.352
15075;0.352
15076;0.352
15077;0.352
15078;0.352
15079;0.352
15090;0.352
15091;0.704
15092;0.704
15093;0.704
15094;0.704
15095;0.704
15096;0.704
15097;0.704
15098;0.352
15156;0.352
15157;0.352
15158;0.352
15159;0.704
15160;1.056
15161;1.056
15162;1.408
15163;2.113
1527;0.352
15164;2.465
15165;2.465
15166;2.465
15167;2.113
15168;1.76
15169;1.76
15170;1.76
15171;1.056
15172;0.704
15173;0.352
1528;0.352
15181;0.352
15182;0.352
15183;0.352
1529;0.352
15184;0.352
15185;0.352
15186;0.352
15187;0.352
15188;0.352
1530;0.352
15200;0.352
15201;0.352
15202;0.704
15203;0.704
1531;0.352
15204;0.704
15205;0.704
15206;0.704
15207;0.704
15208;0.704
15209;0.352
15210;0.352
1532;0.352
1533;0.352
15224;0.352
15225;0.352
15226;0.352
15227;0.352
15228;0.352
15229;0.352
15230;0.352
15231;0.352
1534;0.352
15242;0.704
15243;0.704
1535;0.352
15244;0.704
15245;1.056
15246;0.704
15247;1.408
15248;1.408
15249;1.408
15250;1.408
15251;1.408
15252;1.408
15253;1.056
15254;1.056
15255;0.704
15256;1.056
15257;0.704
15258;0.704
15259;0.352
15260;1.408
15261;1.408
15262;1.408
15263;1.76
15264;1.408
15265;1.408
15266;1.408
15267;1.408
15268;0.352
15269;1.056
15270;1.056
15271;0.704
15272;0.704
15273;0.704
15274;0.704
15275;0.704
15276;0.704
15296;0.704
15297;0.704
15298;0.704
15299;1.056
15300;1.056
15301;1.408
15302;1.408
15303;1.408
15304;0.704
15305;0.704
15306;0.704
15307;0.704
15308;0.704
15309;0.352
15310;0.352
15311;0.352
15312;0.352
15313;0.352
15314;0.704
15315;0.704
15316;1.056
15317;0.704
15318;0.704
15319;0.704
15320;0.704
15321;0.704
15322;0.352
15323;0.352
15324;0.352
15326;0.352
15327;0.352
15328;0.352
15329;0.352
15330;0.352
15331;0.352
15332;0.352
15333;0.352
15339;0.352
15340;0.352
15341;0.352
15342;0.352
15343;0.352
15344;0.352
15345;0.352
15346;0.352
15347;0.352
15348;0.352
15398;0.352
15399;0.352
15400;0.352
15401;0.352
15402;0.352
15403;0.352
15404;0.704
15405;0.704
15406;0.352
15407;0.352
15408;0.352
15409;0.352
15410;0.352
15411;0.352
27;0.352
15437;0.704
15438;0.704
15439;0.704
15440;0.704
15441;0.704
15442;0.704
15443;0.704
15444;0.704
15473;0.704
15474;0.704
15475;0.704
15476;0.704
15477;0.704
15478;0.704
15479;0.704
15480;0.704
15481;0.352
15482;0.352
15483;0.352
15484;0.704
15485;0.704
15486;0.704
15487;0.704
15488;0.704
15489;0.704
15490;0.352
15491;0.352
15492;0.352
15515;0.352
15516;0.704
15517;0.704
15518;0.704
15519;0.704
15520;0.704
15521;1.408
15522;1.76
15523;1.76
15524;1.408
15525;1.408
15526;1.408
15527;1.408
15528;1.76
15529;1.408
15530;1.056
15531;0.704
15532;0.704
15533;0.352
15534;0.352
15535;0.352
15536;0.352
15551;0.352
15552;0.704
15553;0.704
15554;0.704
15555;1.056
15556;1.056
15557;1.056
15558;1.408
15559;1.056
15560;0.704
15561;1.056
15562;1.408
15563;1.76
15564;1.76
15565;1.76
15566;1.056
15567;1.056
15568;1.056
15569;1.056
15570;1.056
15571;0.704
15572;0.704
15573;0.352
15574;0.352
15575;0.352
15576;0.352
15577;0.352
15578;0.352
15608;0.704
15609;1.056
15610;1.056
15611;1.056
15612;1.408
15613;1.408
15614;1.408
15615;1.408
15616;1.056
15617;0.704
15618;0.352
15619;0.352
15620;0.352
15625;0.352
15626;0.352
15627;0.352
15628;0.352
15629;0.352
15630;0.352
15631;0.352
15632;0.352
15640;0.352
15641;0.352
15642;0.704
15643;0.704
15644;1.408
15645;1.408
15646;1.408
15647;1.408
15648;1.408
15649;1.056
15650;0.704
15651;0.704
15652;0.352
15653;0.352
1576;0.352
15654;0.352
15662;0.352
15663;1.408
1577;0.352
15664;1.76
15665;1.76
15666;1.76
15667;1.76
15668;1.76
15669;1.76
15670;1.76
15671;0.704
15672;0.352
1578;0.352
1579;0.352
15685;0.352
15686;0.352
15687;0.352
15688;0.352
15689;0.352
15690;0.352
15691;0.352
15692;0.352
15693;0.352
1580;0.352
15696;0.352
15697;0.352
15698;0.352
15699;0.352
15700;0.352
15701;0.352
15702;0.352
15703;0.352
1581;0.352
1582;0.704
15721;0.352
15722;0.352
15723;0.352
1583;0.704
15724;0.352
15725;0.352
15726;0.352
15727;0.704
15728;1.056
15729;0.704
15730;1.056
15731;1.408
15732;1.056
15733;1.408
1584;0.352
15734;1.408
15735;1.056
15736;1.056
15737;1.056
15738;0.704
15739;0.352
15740;0.352
1585;0.352
15746;0.352
15747;0.352
15748;0.352
15749;0.352
15750;0.352
15751;0.352
15752;0.352
15753;0.352
1586;0.352
15756;0.352
15757;0.352
15758;0.352
15759;0.704
15760;0.704
15761;0.704
15762;0.704
15763;0.704
1587;0.352
15764;0.352
15765;0.352
15766;0.352
15768;0.352
15769;0.352
15770;0.352
15771;0.352
15772;0.352
15773;0.352
1588;0.352
15774;0.352
15775;0.352
15776;0.352
15778;0.352
15779;0.352
15780;0.704
15781;0.704
15782;1.408
15783;1.76
1589;0.352
15784;1.76
15785;1.76
15786;1.76
15787;1.76
15788;1.408
15789;1.408
15790;1.056
15791;0.352
15792;0.352
15794;0.704
15795;1.056
15796;1.056
15797;1.056
15798;1.056
15799;1.056
15800;1.056
15801;1.056
15802;0.704
15803;0.352
15804;0.352
15805;0.352
15806;0.352
15807;0.704
15808;1.408
15809;2.113
15810;1.76
15811;1.76
15812;1.76
15813;1.76
15814;1.76
15815;1.76
15816;1.408
15817;1.056
15818;0.704
15819;0.704
15820;0.704
15821;1.056
15822;1.056
15823;1.056
15824;0.352
15825;0.352
15826;0.704
15827;0.704
15828;0.704
15829;0.352
15830;0.352
15831;0.352
15832;0.352
15833;0.352
15834;0.352
15835;0.352
15836;0.352
15837;0.352
15838;0.352
15839;0.352
15840;0.352
15841;0.352
15862;0.352
15863;0.352
15864;0.352
15865;0.352
15866;0.352
15867;0.352
15868;0.704
15869;0.704
15870;0.704
15871;0.704
15872;1.056
15873;1.056
15874;1.056
15875;1.056
15876;0.704
15877;1.056
15878;1.056
15879;1.056
15880;0.352
15881;0.352
15882;0.352
15883;0.352
15884;0.352
15885;0.352
15891;0.704
15892;1.056
15893;1.056
15894;1.056
15895;1.056
15896;1.056
15897;1.056
15898;1.056
15899;0.352
15911;0.352
15912;0.352
15913;0.352
15914;0.704
15915;0.704
15916;0.704
15917;0.704
15918;0.704
15919;0.352
15920;0.352
15921;0.352
15933;0.352
15934;0.352
15935;0.352
15936;0.352
15937;0.352
15938;0.352
15939;0.352
15940;0.352
15969;0.352
15970;0.352
15971;0.352
15972;0.352
15973;0.352
15974;0.352
15975;0.352
15976;0.352
15989;1.056
15990;1.056
15991;1.408
15992;1.408
15993;1.408
15994;1.408
15995;1.408
15996;1.408
15997;0.704
15998;0.704
15999;0.352
16047;0.352
16048;0.352
16049;0.352
16050;0.352
16051;0.352
16052;0.704
16053;0.704
16054;0.704
16055;0.704
16056;0.352
16057;0.352
16058;0.352
16059;0.352
16075;0.352
16076;0.352
16077;0.352
16078;0.352
16079;0.352
16080;0.352
16081;0.704
16082;1.056
16083;0.704
16084;0.704
16085;0.704
16086;0.704
16087;0.704
16088;0.704
16089;0.352
16103;0.352
16104;0.352
16105;0.352
16106;0.352
16107;0.352
16108;0.352
16109;0.352
16110;0.704
16111;0.352
16112;0.352
16113;0.352
1622;0.352
16114;0.352
16115;0.352
16116;0.352
16117;0.352
16120;0.352
16121;0.352
16122;0.352
16123;0.352
1623;0.352
16124;0.352
16125;0.352
16126;0.352
16127;0.352
16130;0.352
16131;0.352
16132;0.352
16133;0.352
1624;0.352
16134;0.352
16135;0.352
16136;0.352
16137;0.352
16139;0.352
16140;0.352
16141;0.352
16142;0.352
16143;0.352
1625;1.056
16144;0.352
16145;0.352
16146;0.352
16147;0.352
16148;0.352
1626;1.408
1627;1.76
16165;0.704
16166;0.704
16167;0.704
16168;0.704
16169;0.704
16170;0.704
16171;0.704
16172;0.704
16173;0.704
1628;2.113
16174;0.704
16175;0.704
16176;0.704
16177;0.704
16178;0.704
16179;0.704
16180;0.704
16181;0.704
16183;0.352
1629;2.113
16184;0.352
16185;0.704
16186;0.704
16187;0.704
16188;0.704
16189;0.704
16190;0.704
16191;0.352
16192;0.352
1630;1.76
16198;0.352
16199;0.352
16200;0.352
16201;0.352
16202;0.352
16203;0.352
1631;1.76
16204;0.352
16205;0.352
1632;1.76
16218;0.352
16219;0.352
16220;0.352
16221;0.352
16222;0.352
16223;0.352
1633;1.056
16224;0.352
16225;0.352
1634;1.056
1635;1.056
16252;0.352
16253;0.352
1636;0.704
16254;0.352
16255;0.352
16256;0.704
16257;0.704
16258;0.704
16259;0.704
16260;0.352
16261;0.352
16262;0.352
16263;0.352
1637;0.704
16264;0.352
16265;0.352
16266;0.352
16267;0.352
16268;0.352
16269;0.352
16270;0.352
16271;0.352
1638;1.056
1639;1.056
16284;0.352
16285;0.352
16286;0.352
16287;0.352
16288;0.352
16289;0.352
16290;0.352
16291;0.352
16292;0.352
1640;1.408
1641;1.408
16308;0.352
16309;0.352
16310;0.704
16311;0.704
16312;0.704
16313;0.704
1642;1.76
16314;0.704
16315;0.704
16316;0.704
16317;0.704
16318;0.704
16319;0.352
16320;0.352
16321;0.352
16322;0.352
16323;0.352
1643;1.056
16324;0.352
1644;1.056
1645;1.056
16347;0.704
16348;0.704
16349;0.704
16350;0.704
16351;0.352
16352;0.352
16353;0.704
1646;1.056
16354;0.704
16355;0.704
16356;0.704
16357;0.704
16358;0.704
16359;0.352
16360;0.352
16362;0.352
16363;0.352
1647;1.056
16364;0.352
16365;0.352
16366;0.352
16367;0.352
16368;0.352
16369;0.352
1648;0.704
1649;0.704
1650;0.352
16402;0.352
16403;0.704
1651;0.352
16404;0.704
16405;0.704
16406;0.704
16407;0.704
16408;0.704
16409;0.704
16410;0.704
16411;0.352
16412;1.056
16413;1.056
1652;0.352
16414;1.408
16415;1.408
16416;1.056
16417;1.056
16418;0.704
16419;0.704
16420;0.704
16421;0.352
28;1.056
1653;0.352
1654;0.352
16442;0.352
16443;1.056
1655;0.352
16444;1.408
16445;1.408
16446;1.408
16447;1.408
16448;1.408
16449;1.76
16450;1.76
16451;1.408
16452;1.056
16453;1.056
1656;0.352
16454;1.056
16455;1.056
16456;1.056
16457;0.704
16458;0.352
16459;0.352
1657;0.352
16468;0.352
16469;0.352
16470;0.704
16471;0.704
16472;0.704
16473;0.704
1658;0.352
16474;0.704
16475;0.704
16476;1.408
16477;1.408
16478;1.056
16479;1.056
16480;1.056
16481;1.056
16482;1.056
16483;1.056
1659;0.352
16484;0.352
16493;0.352
1660;0.352
16494;0.352
16495;0.352
16496;0.352
16497;0.352
16498;0.352
16499;0.352
16500;0.352
16503;0.352
1661;0.704
16504;0.352
16505;0.352
16506;0.352
16507;0.704
16508;0.704
16509;1.056
16510;1.76
16511;1.76
16512;2.465
16513;2.817
1662;0.704
16514;3.169
16515;3.873
16516;4.577
16517;5.633
16518;6.338
16519;5.986
16520;5.281
16521;4.929
16522;4.577
16523;3.521
1663;0.704
16524;3.521
16525;1.76
1664;0.704
16543;0.352
1665;0.704
16544;0.352
16545;0.352
16546;0.352
16547;0.352
16548;0.352
16549;1.408
16550;1.408
16551;1.056
16552;1.056
16553;1.056
1666;0.704
16554;1.056
16555;1.056
16556;1.408
16557;0.352
16558;0.352
16559;0.352
16560;0.352
16561;0.352
16562;0.352
16563;0.352
1667;0.352
16571;0.352
16572;0.352
16573;0.352
1668;0.352
16574;0.352
16575;0.352
16576;0.352
16577;0.352
16578;0.352
16582;0.352
16583;0.352
16584;0.352
16585;0.352
16586;0.352
16587;0.352
16588;0.352
16589;0.352
16590;0.352
16591;0.704
16592;0.704
16593;0.704
16594;0.352
16595;0.352
16596;0.704
16597;0.704
16598;0.704
16599;0.352
16600;0.352
16612;0.352
16613;0.352
16614;0.352
16615;0.352
16616;0.352
16617;0.352
16618;0.352
16619;0.352
16632;0.352
16633;0.704
16634;0.704
16635;0.704
16636;0.704
16637;0.704
16638;0.704
16639;0.704
16640;0.704
16661;0.352
16662;0.352
16663;0.352
16664;0.704
16665;1.408
16666;1.76
16667;1.76
16668;1.76
16669;1.76
16670;1.408
16671;1.408
16672;1.056
16673;0.352
16720;0.352
16721;0.352
16722;0.352
16723;0.352
16724;0.352
16725;0.352
16726;0.352
16727;0.352
16732;0.352
16733;0.352
16734;0.704
16735;0.704
16736;0.352
16737;0.352
16738;0.352
16739;0.352
16740;0.352
16741;0.352
16775;0.352
16776;0.352
16777;0.352
16778;0.352
16779;0.352
16780;0.352
16781;0.352
16782;0.352
16799;0.352
16800;0.352
16801;0.352
16802;0.352
16803;0.352
16804;0.352
16805;0.704
16806;0.704
16807;0.352
16808;1.056
16809;1.76
16810;1.76
16811;1.76
16812;1.76
16813;1.408
1692;0.352
16814;1.408
16815;1.408
16816;1.056
1693;0.352
1694;0.704
16840;0.352
16841;0.352
16842;0.352
16843;0.352
1695;0.704
16844;0.352
16845;0.352
16846;0.352
16847;0.352
1696;0.704
1697;1.408
1698;1.408
1699;1.408
16886;0.352
16887;0.352
16888;0.352
16889;0.704
16890;0.704
16891;1.056
16892;1.056
16893;1.056
1700;1.056
16894;1.408
16895;1.408
16896;1.408
16897;1.056
16898;1.76
16899;1.76
16900;1.408
16901;1.408
16902;1.056
16903;1.056
1701;1.056
16904;0.704
16905;0.704
16906;0.704
16907;0.352
16908;0.704
16909;0.704
16910;0.704
16911;0.704
16912;1.056
16913;1.056
1702;0.704
16914;1.056
16915;2.113
16916;1.76
16917;1.76
16918;1.76
16919;1.76
16920;1.408
16921;1.408
16922;1.056
16923;0.352
1703;0.704
16924;0.352
16925;0.352
16926;0.352
16927;0.352
16928;0.352
16929;0.352
16930;0.352
1704;0.704
1706;0.352
1707;0.352
1708;0.704
16975;0.352
16976;0.352
16977;0.352
16978;0.352
16979;0.352
16980;0.352
16981;0.352
16982;0.352
1709;1.056
1710;1.056
16998;0.352
16999;0.352
17000;0.352
17001;0.352
17002;0.352
17003;0.352
1711;1.056
17004;0.352
17005;0.352
1712;1.056
17016;0.352
17017;0.352
17018;0.352
17019;0.352
17020;0.352
17021;0.352
17022;0.352
17023;0.352
1713;1.408
17031;0.704
17032;0.704
17033;0.704
1714;1.056
17034;0.704
17035;0.704
17036;0.704
17037;1.056
17038;1.056
17039;0.704
17040;0.704
17041;0.704
17042;0.704
17043;1.056
1715;1.056
17044;1.056
17045;0.704
17046;1.056
17047;0.704
17048;0.704
17049;0.704
17050;0.704
17051;0.704
17052;0.352
17053;0.352
1716;1.408
17061;0.352
17062;0.352
17063;0.352
1717;1.056
17064;0.352
17065;0.352
17066;0.352
17067;0.352
17068;0.352
1718;1.056
17076;0.352
17077;0.352
17078;0.352
17079;0.352
17080;0.352
17081;0.352
17082;0.352
17083;0.352
1719;0.704
1720;0.704
1721;1.056
17105;0.352
17106;0.352
17107;0.352
17108;0.352
17109;0.352
17110;0.352
17111;0.352
17112;0.352
1722;1.056
1723;1.056
1724;0.704
1725;0.704
1726;0.704
1727;0.704
1728;1.056
1729;1.056
17193;0.352
1730;1.056
17194;0.352
17195;0.704
17196;0.704
17197;1.056
17198;1.408
17199;2.817
17200;2.817
17201;2.817
17202;2.817
17203;2.817
1731;4.929
17204;3.169
17205;3.169
17206;2.113
17207;1.408
17208;0.704
17209;0.704
17210;1.056
17211;1.056
17212;0.352
17213;0.352
1732;4.929
17214;0.352
17215;0.352
17216;0.352
17217;0.352
17218;0.352
17219;0.352
17220;0.352
17221;0.352
17222;0.352
17223;0.352
1733;4.929
17224;0.704
17225;0.704
17226;0.704
17227;0.704
17228;0.352
17229;0.352
17230;0.352
17231;0.352
17232;0.704
17233;0.704
1734;4.929
17234;0.704
17235;0.704
17236;0.704
17237;0.704
17238;0.704
17239;0.704
17240;0.352
1735;4.929
1736;4.929
1737;3.873
17265;0.352
17266;0.352
17267;0.352
17268;0.352
17269;0.352
17270;1.056
17271;1.056
17272;1.76
17273;1.76
1738;3.873
17274;1.76
17275;2.465
17276;2.465
17277;2.465
17278;2.113
17279;1.408
17280;1.408
17281;1.056
17282;2.817
17283;2.113
1739;3.873
17284;2.113
17285;2.113
17286;2.465
17287;2.465
17288;2.465
17289;2.113
17290;0.352
17291;0.352
17292;0.352
17293;0.352
17295;0.352
17296;0.352
17297;0.352
17298;0.352
17299;0.352
17300;0.352
17301;0.704
17302;0.704
17303;0.352
17304;0.352
17305;0.352
17306;0.352
17307;0.352
17308;1.056
17309;0.704
17310;4.225
17311;4.225
17312;4.225
17313;4.225
17314;4.225
17315;4.225
17316;3.521
17317;3.521
17318;3.521
17348;0.704
17349;1.056
17350;1.408
17351;1.408
17352;1.408
17353;1.76
17354;2.113
17355;2.113
17356;2.113
17357;1.408
17358;1.056
17359;1.056
17360;1.056
17361;0.704
17362;0.352
17363;0.352
17364;0.352
17365;0.352
17366;0.352
17367;0.352
17368;0.352
17369;0.352
17370;0.352
17371;0.352
17396;0.352
17397;0.352
17398;0.352
17399;0.352
17400;0.352
17401;0.352
17402;0.352
17403;0.352
17411;0.352
17412;0.352
17413;0.352
17414;0.352
17415;0.352
17416;0.352
17417;0.352
17418;0.352
17419;0.352
17420;0.352
17421;1.056
17422;0.704
17423;0.704
17424;0.704
17425;0.704
17426;0.704
17427;0.704
17428;0.704
29;1.056
1759;0.352
17487;0.352
17488;0.352
17489;0.352
17490;0.352
17491;0.352
17492;0.704
17493;0.704
1760;0.352
17494;0.704
17495;0.352
17496;0.704
17497;0.704
17498;0.704
17499;1.408
17500;1.408
17501;1.408
17502;1.408
17503;1.408
1761;0.352
17504;1.056
17505;1.056
17506;1.056
17507;0.704
17508;0.352
17509;0.352
17510;0.352
17511;0.352
17512;0.352
17513;0.352
1762;0.352
17514;0.352
17520;0.352
17521;0.352
17522;0.352
17523;0.352
1763;1.056
17524;0.352
17525;0.352
17526;0.352
17527;0.352
17528;0.352
17529;0.704
17530;0.704
17531;0.704
17532;0.704
17533;0.704
1764;1.056
17534;0.704
17535;0.704
17536;0.352
17537;0.352
1765;1.056
1766;1.056
1767;1.056
17570;0.352
17571;0.352
17572;0.352
17573;0.352
1768;1.408
17574;0.352
17575;0.352
17576;0.352
17577;0.352
1769;1.408
1770;1.408
1771;1.056
17611;0.704
17612;0.704
17613;0.704
1772;0.704
17614;0.704
17615;0.704
17616;0.704
17617;0.704
17618;0.704
17623;0.352
1773;0.704
17624;0.352
17625;0.352
17626;0.704
17627;0.704
17628;0.704
17629;0.704
17630;0.704
17631;0.704
17632;0.352
17633;0.352
1774;0.704
17643;0.352
1775;0.352
17644;0.352
17645;0.352
17646;0.352
17647;0.352
17648;0.352
17649;0.352
17650;1.408
17651;2.465
17652;2.817
17653;3.169
17654;3.521
17655;3.169
17656;3.169
17657;3.521
17658;2.817
17659;1.76
17660;1.056
17661;0.704
17662;0.352
17663;0.352
1777;0.352
17664;0.352
1778;0.352
1779;0.352
17687;0.352
17688;0.352
17689;0.352
17690;0.352
17691;0.352
17692;0.352
17693;0.704
1780;0.352
17694;1.056
17695;0.704
17696;0.704
17697;0.704
17698;0.704
17699;0.704
17700;0.704
17701;0.704
17702;0.704
17703;0.704
1781;0.352
17704;0.704
17705;1.056
17706;0.704
17707;0.704
17708;0.704
17709;0.704
17710;0.704
17711;0.352
17712;0.352
17713;0.352
1782;0.704
1783;0.704
17728;0.352
17729;0.352
17730;0.352
17731;0.352
17732;0.352
17733;0.352
1784;0.704
17734;0.352
17735;0.352
1785;0.704
17752;0.352
17753;0.352
1786;0.704
17754;0.352
17755;0.352
17756;0.352
17757;0.704
17758;1.056
17759;1.408
17760;1.76
17761;1.76
17762;2.113
17763;2.465
1787;1.056
17764;2.817
17765;2.113
17766;1.76
17767;2.113
17768;7.042
17769;6.69
17770;6.338
17771;6.338
17772;6.338
17773;6.338
1788;1.056
17774;6.338
17775;5.281
17776;1.76
17777;0.352
17778;0.352
17779;0.352
17780;0.352
1789;0.704
17784;0.352
17785;0.352
17786;0.704
17787;0.704
17788;0.704
17789;0.704
17790;0.704
17791;0.704
17792;0.352
17793;0.352
1790;1.056
1791;1.408
17808;0.352
17809;0.352
17810;0.352
17811;0.352
17812;0.352
1792;2.817
17821;0.352
17822;0.352
17823;0.352
1793;2.817
17824;0.352
17825;0.352
17826;0.352
17827;0.704
17828;0.704
17829;0.352
17830;0.352
17831;0.352
17832;0.352
17833;0.352
1794;3.169
17834;0.352
17843;0.352
1795;2.817
17844;0.352
17845;0.704
17846;0.704
17847;0.704
17848;0.704
17849;0.704
17850;0.352
17851;0.352
17852;0.352
1796;3.521
17858;0.352
17859;0.352
17860;0.352
17861;0.352
17862;0.352
17863;0.704
1797;3.873
17864;1.056
17865;1.056
17866;0.704
17867;0.704
17868;0.704
17869;0.704
17870;0.704
17871;0.352
1798;3.873
17874;0.352
17875;0.704
17876;0.704
17877;0.704
17878;0.704
17879;0.704
17880;1.056
17881;1.408
17882;1.056
17883;1.408
1799;4.225
17884;1.408
17885;1.056
17886;1.056
17887;1.408
17888;1.056
17889;0.704
17890;0.704
17891;0.352
17892;0.352
17893;0.352
1800;2.465
17894;0.352
17895;0.352
17899;0.352
17900;0.352
17901;0.352
17902;0.704
17903;0.704
1801;2.113
17904;0.704
17905;0.704
17906;0.352
17907;0.704
17908;1.056
17909;1.408
17910;1.408
17911;1.408
17912;1.408
17913;1.408
1802;2.113
17914;1.408
17915;1.76
17916;1.76
17917;1.76
17918;0.704
17919;0.704
17920;0.704
17921;0.704
17922;0.704
17923;0.352
1803;2.113
17924;0.352
1804;1.76
17938;0.352
17939;0.704
17940;0.704
17941;0.704
17942;0.704
17943;0.704
1805;5.986
17944;0.704
17945;0.704
17946;0.352
17947;0.352
17948;0.352
17949;0.352
17950;0.352
17951;0.352
17952;0.352
17953;0.352
1806;7.746
17954;0.352
17957;0.352
17958;0.352
17959;0.352
17960;0.352
17961;0.352
17962;0.352
17963;0.352
1807;8.45
17964;0.352
17966;0.352
17967;0.352
17968;0.352
17969;0.352
17970;0.352
17971;0.352
17972;0.352
17973;0.352
1808;8.802
17974;0.352
1809;9.154
17984;0.352
17985;0.352
17986;0.352
17987;0.352
17988;0.352
17989;0.352
17990;0.352
17991;0.352
17992;0.352
17993;0.352
1810;8.45
17994;0.352
17995;0.352
1811;8.45
18004;0.352
18005;0.352
18006;0.352
18007;0.352
18008;0.352
18009;0.352
18010;0.352
18011;0.352
1812;8.45
1813;3.873
1814;2.465
18036;0.352
18037;0.352
18038;0.352
18039;0.352
18040;0.352
18041;1.056
18042;1.408
18043;1.408
1815;0.704
18044;1.056
18045;1.056
18046;1.056
18047;1.056
18048;1.408
18049;0.704
18050;0.352
18051;0.352
18052;0.352
18053;0.352
1816;0.352
18054;0.352
18055;0.352
18056;0.352
18070;0.352
18071;0.352
18072;0.352
18073;0.352
18074;0.352
18075;0.352
18076;0.352
18077;0.352
18085;0.352
18086;0.352
18087;0.352
18088;0.352
18089;0.352
18090;0.352
18091;0.352
18092;0.352
1821;0.352
18105;0.352
18106;0.352
18107;0.352
18108;0.352
18109;0.352
18110;0.352
18111;0.352
18112;0.352
1822;0.352
18123;0.352
1823;0.352
18124;0.352
18125;0.352
18126;0.352
18127;0.352
18128;0.704
18129;0.704
18130;1.056
18131;0.704
18132;1.056
18133;1.056
1824;0.352
18134;1.056
18135;1.056
18136;0.704
18137;1.056
18138;1.408
18139;1.408
18140;1.056
18141;1.056
18142;1.056
18143;1.056
1825;0.352
18144;1.056
18145;0.704
18146;1.056
18147;0.704
18148;0.704
18149;0.704
18150;0.704
18151;0.704
18152;0.704
18153;0.704
1826;0.352
18160;0.352
18161;0.352
18162;0.352
18163;0.352
1827;0.352
18164;0.352
18165;0.352
18166;0.352
18167;0.352
18168;0.352
18169;0.704
18170;0.352
18171;0.352
18172;0.352
18173;0.352
1828;0.352
18174;0.352
18175;0.352
18176;0.352
1829;0.352
18187;0.352
18188;0.352
18189;0.352
18190;0.352
18191;0.352
18192;0.352
18193;0.704
1830;0.352
18194;0.704
18195;0.352
18196;0.352
18197;0.352
18198;0.352
18199;0.352
18200;0.704
18201;0.352
18202;0.352
18203;0.352
1831;0.352
18204;0.352
18205;0.352
18206;0.352
18207;0.352
18208;0.352
1832;0.352
18214;0.352
18215;1.056
18216;1.056
18217;1.408
18218;1.408
18219;2.465
18220;2.465
18221;3.521
18222;3.521
18223;3.169
1833;0.352
18224;2.817
18225;2.817
18226;3.169
18227;2.465
18228;3.169
18229;2.465
18230;2.465
18231;1.76
18232;1.76
18233;1.76
1834;0.704
18234;1.76
18235;1.408
18236;0.704
18237;1.056
18238;1.056
18239;0.704
18240;0.704
18241;0.352
18242;0.352
18243;0.352
1835;0.704
18244;0.352
1836;0.704
1837;0.352
1838;0.352
1839;0.704
1840;0.704
1841;0.704
1842;1.056
1843;1.056
1844;1.408
18334;0.352
18335;0.352
18336;0.352
18337;0.352
1845;1.408
18349;0.352
18350;0.352
18351;0.352
18352;0.352
18353;0.352
1846;1.408
18354;0.352
18355;0.704
18356;0.704
18357;0.352
18358;0.352
18359;0.352
18360;0.352
18361;0.704
18362;0.704
18363;0.704
1847;1.056
18364;0.704
18365;0.352
18366;0.352
18367;0.352
18368;0.352
18369;0.352
1848;0.704
1849;0.704
1850;0.704
18399;0.352
18400;0.352
18401;0.352
18402;0.352
18403;0.352
1851;1.056
18404;0.352
18405;0.352
18406;0.352
18407;0.352
18408;0.352
1852;0.352
18416;0.352
18417;0.352
18418;0.352
18419;0.352
18420;0.704
18421;1.056
18422;1.056
18423;1.056
1853;0.352
18424;0.704
18425;0.704
18426;0.704
18427;0.704
18428;2.113
18429;1.76
18430;2.113
18431;2.817
18432;2.817
18433;2.817
1854;0.704
18434;2.817
18435;2.817
18436;1.76
18437;1.408
18438;1.408
30;1.056
1855;0.704
18444;0.352
18445;0.352
18446;0.352
18447;0.352
18448;0.352
18449;0.352
18450;0.352
18451;0.352
18452;0.352
1856;0.704
1857;0.704
18467;0.352
18468;0.704
18469;0.704
18470;0.704
18471;0.704
18472;0.704
18473;0.704
1858;0.704
18474;0.704
18475;0.352
18478;0.352
18479;0.352
18480;0.352
18481;0.352
18482;0.704
18483;0.704
1859;0.352
18484;0.704
18485;0.704
18486;0.352
18487;0.352
18488;0.704
18489;0.704
18490;0.704
18491;0.352
18492;0.352
18493;0.352
1860;0.352
18494;0.352
18495;0.352
1861;0.352
18507;0.352
18508;0.352
18509;0.704
18510;1.056
18511;1.056
18512;1.408
18513;1.408
18514;1.408
18515;1.056
18516;1.056
18517;0.704
18518;0.352
18519;0.352
18530;0.352
18531;0.352
18532;0.352
18533;0.704
1864;0.352
18534;0.704
18535;0.704
18536;0.704
18537;0.704
18538;0.352
18539;0.352
18540;0.352
18541;0.352
18542;0.704
18543;0.704
1865;0.704
18544;2.113
18545;2.113
18546;2.113
18547;2.113
18548;1.76
18549;1.76
18550;1.408
18551;1.408
18552;1.056
18553;2.113
1866;0.704
18554;2.113
18555;2.113
18556;2.113
18557;2.113
18558;2.113
18559;2.465
18560;1.76
18561;1.056
18562;0.704
18563;0.352
1867;1.056
18564;0.352
18565;0.352
18566;0.352
18567;0.704
18568;0.352
18569;0.352
18570;0.352
18571;0.352
18572;0.352
18573;0.352
1868;1.056
18574;0.352
1869;1.056
1870;1.056
18601;0.352
18602;0.352
18603;0.352
1871;1.408
18604;0.704
18605;0.704
18606;0.704
18607;0.704
18608;0.704
18609;0.352
18610;0.352
18611;0.352
1872;1.408
18618;0.352
18619;0.352
18620;0.352
18621;0.704
18622;0.704
18623;0.704
1873;1.056
18624;1.408
18625;1.408
18626;1.056
18627;1.056
18628;1.056
18629;1.056
18630;1.056
18631;0.704
18632;0.352
1874;0.704
18638;0.352
18639;0.352
18640;0.352
18641;0.352
18642;0.352
18643;0.352
1875;0.704
18644;0.352
18645;0.352
1876;1.056
1877;1.056
1878;1.056
18680;0.352
18681;0.352
18682;0.704
18683;1.056
1879;0.704
18684;1.408
18685;1.408
18686;1.408
18687;1.408
18688;1.408
18689;1.056
18690;0.704
18691;0.704
18693;0.352
1880;0.704
18694;0.352
18695;0.352
18696;0.352
18697;0.352
18698;0.352
18699;0.352
18700;0.352
18701;0.352
1881;0.704
18712;0.352
18713;0.352
1882;0.704
18714;0.352
18715;0.352
18716;0.352
18717;0.352
18718;0.352
18719;0.352
18722;0.352
18723;0.352
1883;0.352
18724;0.352
18725;0.352
18726;0.352
18727;0.352
18728;0.352
18729;0.352
18730;0.352
18731;0.352
18732;0.352
18733;0.352
1884;0.352
18734;0.352
18735;0.352
18736;0.352
18737;0.352
18764;0.352
18765;0.352
18766;0.352
18767;0.352
18768;0.704
18769;0.704
18770;0.704
18771;0.704
18772;0.352
18773;0.352
18774;0.352
18775;0.352
18813;0.352
18814;0.352
18815;0.352
18816;0.352
18817;0.352
18818;0.352
18819;0.352
18820;0.352
18860;0.352
18861;0.352
18862;0.352
18863;0.352
18864;0.352
18865;0.352
18866;0.352
18867;0.352
18874;0.352
18875;0.352
18876;0.352
18877;0.352
18878;0.352
18879;0.352
18880;0.352
18881;0.352
18928;0.352
18929;0.352
18930;0.352
18931;0.352
18932;0.352
18933;0.352
18934;0.352
18935;0.352
18936;0.352
18946;0.352
18947;0.352
18948;0.352
18949;0.352
18967;0.704
18968;0.704
18969;0.704
18970;0.704
18971;0.704
18972;0.704
18973;0.704
18974;0.704
18988;0.352
18989;0.352
18990;0.352
18991;0.352
18992;0.352
18993;0.352
18994;0.352
18995;0.352
19000;0.352
19001;0.352
19002;0.352
19003;0.352
19004;0.352
19005;0.352
19006;0.352
19007;0.352
19021;0.352
19022;0.352
19023;0.352
19024;0.352
19025;0.352
19026;0.352
19027;0.352
19028;0.352
19049;0.352
19050;0.352
19051;0.352
19052;0.352
19053;0.352
19054;0.352
19055;0.704
19056;0.704
19057;0.352
19058;0.352
19059;0.352
19060;0.352
19061;0.352
19062;0.352
19063;0.352
19073;0.352
19074;0.352
19075;0.352
19076;0.352
19077;0.352
19078;0.352
19079;0.704
19080;0.704
19081;0.704
19082;0.704
19083;0.704
19084;0.704
19085;0.704
19086;0.704
19087;0.704
19088;0.704
19089;0.704
19113;0.352
19114;0.352
19115;0.352
19116;0.352
19117;1.056
19118;1.408
19119;1.76
19120;1.76
19121;2.465
19122;2.465
19123;2.113
19124;2.817
19125;2.113
19126;5.281
19127;5.281
19128;5.281
19129;4.929
19130;4.929
19131;4.929
19132;4.225
19133;3.873
19134;0.704
19135;0.704
19136;0.352
19137;0.352
19138;0.352
19141;0.352
19142;0.352
19143;0.352
19144;0.352
19145;0.352
19146;0.704
19147;0.704
19148;0.704
19149;0.704
19150;0.704
19151;0.704
19152;0.704
19153;0.352
19154;0.352
19156;0.352
19157;0.352
19158;0.352
19159;0.352
19160;0.352
19161;0.352
19162;0.352
19163;0.352
1927;0.352
19168;0.352
19169;0.352
19170;0.352
19171;0.704
19172;1.056
19173;1.056
1928;0.352
19174;1.056
19175;1.056
19176;1.056
19177;0.704
19178;0.704
19179;0.352
1929;0.352
19186;0.352
19187;0.704
19188;0.704
19189;0.704
19190;1.056
19191;2.113
19192;2.113
19193;2.113
1930;0.352
19194;1.408
19195;1.408
19196;1.056
19197;1.056
19198;1.056
1931;0.352
1932;0.352
19223;0.704
1933;0.352
19224;0.704
19225;0.704
19226;0.704
19227;0.704
19228;0.704
19229;0.704
19230;0.704
19231;0.352
19232;0.352
1934;0.352
19234;0.352
19235;0.352
19236;0.352
19237;0.352
19238;0.352
19239;0.352
19240;0.352
19241;0.352
19258;0.352
19259;0.352
19260;0.352
19261;0.352
19262;0.352
19263;0.352
19264;0.352
19265;0.352
19266;0.352
19285;0.352
19286;0.352
19287;0.352
19288;0.352
19289;0.704
19290;0.704
19291;0.704
19292;0.704
19293;0.704
19294;0.352
19295;0.352
19296;0.352
19300;1.408
19301;1.408
19302;1.408
19303;1.76
19304;1.76
19305;1.76
19306;2.113
19307;2.113
19308;0.704
19309;0.704
19310;0.704
19311;0.704
19312;0.352
19316;0.352
19317;0.352
19318;1.056
19319;1.056
19320;1.056
19321;1.056
19322;1.056
19323;1.056
19324;1.056
19325;0.704
19326;1.056
19327;0.704
19328;0.352
19329;0.352
19330;1.408
19331;1.76
19332;1.76
19333;1.76
1944;0.352
19334;1.76
19335;2.113
19336;2.465
19337;2.465
19338;1.408
19339;1.408
19340;1.408
19341;1.408
19342;1.408
19343;0.704
1945;0.352
19344;0.352
19345;0.352
19346;0.352
19347;0.352
19348;0.352
19349;0.704
19350;1.408
19351;1.408
19352;1.76
19353;1.76
1946;0.352
19354;1.76
19355;2.113
19356;2.465
19357;1.76
19358;1.76
19359;1.76
19360;2.465
19361;2.465
19362;2.465
19363;2.113
1947;0.352
19364;2.465
19365;2.113
19366;2.113
19367;2.113
19368;1.76
19369;1.76
19370;1.76
19371;2.113
19372;1.408
19373;1.76
1948;0.352
19374;1.408
19375;1.76
19376;2.113
19377;2.113
19378;2.113
19379;1.76
19380;1.76
19381;1.408
19382;1.408
19383;1.056
1949;0.352
19384;0.352
1950;0.352
19396;2.465
19397;2.465
19398;2.817
19399;2.817
19400;2.817
19401;2.817
19402;3.169
19403;3.169
1951;0.352
19404;0.704
19405;0.704
19406;0.704
19407;1.056
19408;1.056
19409;1.408
19410;1.056
19411;1.408
19412;1.408
19413;1.408
19414;1.056
19415;0.704
19416;0.704
19417;0.352
19418;0.352
19424;0.352
19425;0.352
19426;0.352
19427;0.352
19428;0.352
19429;0.352
19430;0.352
19431;0.352
19435;0.352
19436;0.352
19437;0.352
19438;0.352
19439;0.352
19440;0.352
19441;0.352
19442;0.352
31;1.056
19509;0.352
19510;0.352
19511;0.352
19512;0.352
19513;0.352
19514;0.352
19515;0.352
19516;0.352
19547;0.352
19548;0.352
19549;0.352
19550;0.352
19551;0.352
19552;0.352
19553;0.352
19554;0.704
19555;0.352
19556;0.352
19557;0.352
19558;0.352
19559;0.352
19560;0.352
19561;0.352
19562;0.704
19563;0.352
19564;0.352
19565;0.352
19566;0.352
19567;0.352
19568;0.352
19569;0.352
19576;0.352
19577;0.352
19578;0.352
19579;0.352
19580;1.056
19581;1.056
19582;1.056
19583;1.056
1969;0.352
19584;0.704
19585;0.704
19586;0.704
19587;0.704
1970;0.352
1971;0.352
1972;0.352
19617;0.704
19618;0.704
19619;0.704
19620;1.056
19621;1.056
19622;1.056
19623;1.056
1973;0.352
19624;1.056
19625;0.704
19626;0.352
19627;0.352
19630;0.352
19631;1.056
19632;1.056
19633;1.056
1974;0.352
19634;1.408
19635;1.408
19636;1.408
19637;1.408
19638;1.056
19639;0.352
19640;0.352
19641;0.704
19642;1.056
19643;1.408
1975;0.352
19644;1.76
19645;1.76
19646;1.76
19647;1.76
19648;1.76
19649;1.408
19650;1.056
19651;0.352
1976;0.352
19657;0.352
19658;0.352
19659;0.352
19660;0.352
19661;0.704
19662;0.704
19663;0.704
1977;0.352
19664;0.704
19665;0.352
19666;0.352
19667;0.352
19668;0.352
19669;0.352
19672;0.352
19673;0.352
1978;0.704
19674;0.704
19675;0.704
19676;0.704
19677;0.704
19678;0.704
19679;0.704
19680;0.704
19681;0.704
1979;0.704
19689;0.352
19690;0.352
19691;0.352
19692;0.352
19693;0.352
1980;0.352
19694;0.704
19695;0.704
19696;1.056
19697;0.704
19698;0.704
19699;1.056
19700;1.408
19701;1.408
19702;1.056
19703;1.056
1981;0.352
19704;0.704
19705;0.704
19706;0.704
19707;0.704
19708;0.352
19710;0.352
19711;0.352
19712;0.352
19713;0.352
1982;0.352
19714;0.352
19715;0.352
19716;0.352
19717;0.352
19718;0.352
1983;0.352
19725;0.352
19726;0.352
19727;0.704
19728;0.704
19729;0.704
19730;0.704
19731;0.704
19732;0.704
19733;0.352
1984;0.352
19734;0.352
19742;0.352
19743;0.704
1985;0.352
19744;0.704
19745;0.704
19746;1.056
19747;2.817
19748;4.577
19749;4.929
19750;6.338
19751;6.338
19752;7.746
19753;8.098
1986;0.352
19754;9.859
19755;7.394
19756;7.042
19757;6.338
19758;4.929
19759;4.929
19760;3.521
19761;2.817
19762;1.408
1987;0.352
19765;0.352
19766;0.352
19767;0.352
19768;0.352
19769;0.352
19770;0.704
19771;0.704
19772;0.704
19773;0.352
1988;0.704
19774;0.352
1989;0.704
1990;0.704
1991;0.704
1992;0.704
19822;0.352
19823;0.352
1993;0.704
19824;0.352
19825;0.352
19826;0.352
19827;0.352
19828;0.352
19829;0.352
19830;0.704
19831;0.704
19832;1.056
19833;1.408
1994;0.352
19834;1.76
19835;1.76
19836;1.76
19837;1.76
19838;1.408
19839;1.408
19840;1.056
19841;0.352
19842;0.704
19843;0.352
1995;0.352
19844;0.352
19845;0.704
19846;0.352
19847;0.352
19848;0.352
19849;0.352
19850;0.352
19851;0.352
19852;0.352
1996;0.352
19860;0.352
19861;0.352
19862;0.352
19863;0.352
1997;0.704
19864;0.352
19865;0.352
19866;0.352
19867;0.352
1998;0.704
1999;0.704
2000;0.352
2001;0.352
19908;0.352
19909;0.352
19910;0.352
19911;0.352
19912;0.352
19913;0.352
2002;0.352
19914;0.704
19915;0.704
19916;0.352
19917;0.352
19918;0.352
19919;0.352
19920;0.352
19921;0.352
2003;0.352
2004;0.352
19939;0.352
19940;0.352
19941;0.352
19942;0.352
19943;0.352
2005;0.352
19944;0.352
19945;0.352
19946;0.352
19970;0.352
19971;0.704
19972;0.704
19973;1.056
19974;1.056
19975;1.056
19976;1.056
19977;1.056
19978;0.704
19979;0.704
19980;0.352
19981;0.352
19982;0.704
19983;1.056
19984;1.056
19985;1.056
19986;0.704
19987;0.704
19988;0.704
19989;0.352
19990;0.352
19991;1.056
19992;1.056
19993;1.056
19994;1.056
19995;1.056
19996;1.056
19997;1.056
19998;1.056
19999;0.704
20000;0.704
20001;0.704
20002;0.352
20019;0.352
20020;0.352
20021;0.352
20022;0.352
20023;0.352
20024;0.352
20025;0.352
20026;0.352
20027;0.352
20042;0.352
20043;0.352
20044;0.352
20045;0.352
20046;0.352
20047;0.704
20048;0.704
20049;0.704
20050;0.352
20051;0.352
20052;0.352
20053;0.352
20054;0.352
20095;0.352
20096;0.352
20097;0.352
20098;0.352
20099;0.352
20100;0.352
20101;0.352
20102;0.352
20103;0.352
20106;0.352
20107;0.352
20108;0.704
20109;1.056
20110;1.056
20111;1.056
20112;1.056
20113;1.056
20114;0.704
20115;0.704
20116;0.352
2023;0.352
2024;0.352
20141;0.352
20142;0.704
20143;0.704
2025;0.352
20144;1.76
20145;1.76
20146;1.76
20147;1.76
20148;1.76
20149;1.408
20150;1.056
20151;2.465
20152;2.465
20153;1.408
2026;0.352
20154;1.408
20155;1.056
20156;1.408
20157;1.408
20158;1.408
20159;0.352
20160;0.352
20161;0.352
20162;0.352
20163;0.352
2027;0.352
20164;0.352
20165;0.352
2028;0.352
20175;0.352
20176;0.352
20177;0.352
20178;0.352
20179;0.352
20180;0.352
20181;0.352
20182;0.704
20183;0.352
20184;0.704
20185;0.704
20186;0.704
20187;0.704
20188;0.704
20189;0.704
20190;0.352
20191;0.704
20192;0.704
20193;0.352
20194;0.352
20195;0.352
20196;0.352
20197;0.352
20198;0.352
20205;0.352
20206;0.704
20207;0.704
20208;0.704
20209;0.704
20210;0.704
20211;1.056
20212;1.408
20213;1.056
20214;1.056
20215;0.704
20216;0.704
20217;1.408
20218;1.76
20219;1.76
20220;1.408
20221;2.113
20222;2.113
20223;2.113
20224;2.113
20225;1.408
20226;1.408
20227;1.408
20228;1.056
20229;0.704
20230;0.704
20231;0.704
20232;0.704
20233;0.704
20234;0.704
20235;0.704
20236;0.704
20237;0.352
20247;0.352
20248;1.408
20249;2.113
20250;2.113
20251;2.113
20252;2.113
20253;2.113
20254;2.817
20255;2.465
20256;2.113
20257;1.408
20258;1.408
20259;1.408
20260;1.408
20261;1.408
20262;1.056
20263;0.704
2037;0.352
20264;0.704
20265;0.352
20273;0.704
2038;0.352
20274;0.704
20275;0.704
20276;0.704
20277;0.704
20278;0.704
20279;0.704
20280;0.704
20281;0.352
2039;0.352
2040;0.352
20299;0.352
20300;0.352
20301;0.352
20302;0.352
20303;0.352
2041;0.352
20304;0.352
20305;0.352
20306;0.352
2042;0.352
2043;0.352
20333;0.352
2044;0.352
20334;0.352
20335;0.352
20336;0.352
20337;0.352
20338;0.352
20339;0.352
20340;0.352
2045;0.352
2046;0.352
20359;0.352
20360;0.352
20361;0.352
20362;1.408
20363;1.408
2047;0.352
20364;1.408
20365;1.76
20366;1.76
20367;1.408
20368;1.408
20369;1.408
20370;1.056
20371;0.352
20372;0.352
2048;0.352
2049;0.352
2050;0.352
2051;0.352
20411;0.352
20412;0.352
20413;0.352
2052;0.352
20414;0.704
20415;1.056
20416;1.76
20417;1.76
20418;2.113
20419;1.76
20420;1.76
20421;1.76
20422;1.76
20423;1.408
20424;0.704
20425;0.704
20426;0.352
20427;0.352
20428;0.352
20429;0.352
20430;0.352
20432;0.352
20433;0.352
20434;0.352
20435;0.352
20436;0.352
20437;0.352
20438;0.352
20439;0.352
20444;0.352
20445;0.352
20446;0.704
20447;1.056
20448;1.056
20449;1.056
20450;1.056
20451;1.056
20452;0.704
20453;0.704
20454;0.352
20457;0.352
20458;0.352
20459;0.352
20460;0.352
32;1.056
20485;0.352
20486;0.352
20487;0.704
20488;0.704
20489;1.056
20490;1.408
20491;1.408
20492;2.465
20493;2.113
2060;0.352
20494;2.113
20495;1.76
20496;1.76
20497;1.408
20498;1.056
20499;1.056
20500;0.704
20501;0.704
20502;1.056
20503;1.056
2061;0.352
20504;1.76
20505;2.113
20506;2.113
20507;2.465
20508;2.113
20509;1.76
20510;1.408
20511;1.408
20512;1.408
20513;1.056
2062;0.352
20514;1.056
20515;0.704
20516;0.704
20517;1.408
20518;1.408
20519;1.408
20520;1.408
20521;1.76
20522;1.76
20523;1.056
2063;0.352
20524;1.056
20525;0.352
20527;1.056
20528;1.408
20529;2.465
20530;3.521
20531;3.521
20532;3.521
20533;3.873
2064;0.352
20534;4.225
20535;3.521
20536;3.521
20537;2.465
20538;0.704
20539;0.704
20540;1.056
20541;1.056
20542;0.704
20543;0.704
2065;0.352
20544;0.352
20545;0.352
20546;0.352
20547;0.352
20549;0.352
20550;0.352
20551;0.352
20552;0.352
2066;0.352
20555;0.352
20556;0.704
20557;0.704
20558;0.704
20559;0.704
20560;0.704
20561;0.704
20562;0.704
20563;0.352
2067;0.352
20584;0.352
20585;0.352
20586;0.352
20587;0.352
20588;0.352
20589;0.352
20590;0.352
20591;0.352
20592;0.352
20595;0.704
20596;1.056
20597;1.056
20598;1.056
20599;1.408
20600;1.76
20601;2.113
20602;2.113
20603;1.408
20604;1.408
20605;1.408
20606;1.76
20607;1.056
20608;1.056
20609;0.704
20610;0.704
20611;0.704
20612;0.704
20613;0.704
20614;0.352
20615;0.352
20616;0.352
20617;0.352
20618;0.352
20619;0.352
20620;0.352
20621;0.352
20622;0.352
20623;0.352
20624;0.352
20625;0.704
20626;0.352
20627;0.352
20628;0.352
20629;0.352
20630;0.352
20631;0.352
20632;0.352
20633;0.352
20635;0.352
20636;0.352
20637;0.352
20638;0.352
20639;0.352
20640;0.352
20641;0.704
20642;1.056
20643;0.704
20644;0.704
20645;1.408
20646;1.408
20647;1.408
20648;1.408
20649;1.056
20650;0.704
20651;0.704
20652;0.704
20694;0.352
20695;0.352
20696;0.352
20697;0.352
20698;0.352
20699;0.352
20700;0.704
20701;6.69
20702;6.338
20703;6.338
20704;6.338
20705;6.69
20706;7.042
20707;7.394
20708;7.746
20709;1.76
20710;2.465
20711;2.465
20712;2.465
20713;2.113
20714;2.113
20715;1.76
20716;1.056
20717;1.056
20718;1.056
20719;1.056
20720;1.408
20721;1.408
20722;1.408
20723;1.408
20724;1.408
20725;1.408
20726;0.704
20727;0.704
20734;0.352
20735;0.352
20736;0.352
20737;0.704
20738;0.704
20739;0.704
20740;0.704
20741;0.704
20742;0.704
20743;0.704
20744;0.704
20745;0.352
20746;0.352
20747;0.352
20748;0.352
20749;0.352
20750;0.352
20766;0.352
20767;0.704
20768;0.704
20769;0.704
20770;0.704
20771;0.352
20772;0.352
20773;0.352
20775;0.352
20776;0.352
20777;0.352
20778;0.352
20779;0.352
20780;0.352
20781;0.352
20782;0.352
20785;0.352
20786;0.352
20787;0.352
20788;0.352
20789;0.352
20790;0.352
20791;0.352
20792;0.352
20796;0.704
20797;0.704
20798;1.056
20799;1.056
20800;1.056
20801;1.056
20802;1.056
20803;1.056
20804;0.704
20805;0.352
20806;0.352
20807;0.352
20808;0.352
20809;0.352
20810;0.352
20811;0.352
20812;0.352
20813;0.352
20814;0.352
20815;0.352
20819;0.704
20820;1.056
20821;1.408
20822;1.76
20823;1.76
20824;2.113
20825;2.113
20826;2.113
20827;1.408
20828;1.056
20829;1.056
20830;0.704
20831;0.352
20858;0.352
20859;0.352
20860;0.352
20861;0.352
20862;0.352
20863;1.056
20864;1.056
20865;1.056
20866;0.704
20867;0.704
20868;1.056
20869;1.056
20870;1.056
20871;0.352
20872;0.704
20873;0.704
20874;0.704
20875;0.704
20876;0.704
20877;0.704
20878;0.352
20879;0.352
20880;0.352
20889;0.352
20890;0.352
20891;0.352
20892;0.352
20893;0.352
20894;0.352
20895;0.352
20896;0.352
20899;0.352
20900;0.352
20901;0.352
20902;0.704
20903;1.408
20904;1.408
20905;1.408
20906;1.408
20907;1.408
20908;1.408
20909;1.408
20910;1.056
20911;0.704
20912;1.056
20913;0.704
20914;1.056
20915;0.704
20916;0.704
20917;0.704
20918;0.704
20919;0.704
20920;0.352
20921;0.352
20923;0.352
20924;0.352
20925;0.352
20926;0.352
20927;0.352
20928;0.352
20929;0.352
20930;0.352
2104;0.352
2105;0.352
2106;0.352
2107;0.352
20968;1.056
20969;1.056
20970;1.056
20971;1.056
20972;1.056
20973;1.056
2108;0.352
20974;1.056
20975;1.056
20976;0.704
20979;0.352
20980;0.352
20981;0.352
20982;0.352
20983;0.352
2109;0.352
20984;0.352
20985;0.352
20986;0.352
20988;0.352
20989;0.352
20990;0.352
20991;0.352
20992;0.352
20993;0.352
2110;0.352
20994;1.408
20995;1.408
20996;1.056
20997;1.056
20998;1.056
20999;1.056
21000;1.056
21001;1.056
2111;0.352
21017;0.352
21018;3.873
21019;3.873
21020;3.873
21021;3.873
21022;3.873
21023;3.873
2113;0.352
21024;4.225
21025;4.225
21026;0.352
21027;0.352
21028;0.352
21029;0.352
21030;0.352
21031;0.352
21032;0.352
2114;0.352
21039;0.352
21040;0.352
21041;0.352
21042;0.352
21043;0.352
2115;0.352
21044;0.352
21045;0.352
21046;0.352
2116;1.056
2117;1.056
21069;1.056
21070;1.408
21071;1.76
21072;2.113
21073;2.817
2118;1.056
21074;3.873
21075;3.873
21076;3.873
21077;3.521
21078;3.169
21079;3.169
21080;2.817
21081;2.817
21082;1.76
21083;2.465
2119;1.056
21084;2.113
21085;1.408
21086;1.408
21087;1.056
21088;1.056
21089;1.408
21090;1.408
21091;1.056
21092;0.704
21093;0.704
2120;1.408
21094;0.352
21095;0.352
21096;0.352
21102;0.352
21103;0.352
2121;1.056
21104;0.352
21105;0.704
21106;1.76
21107;2.465
21108;2.465
21109;2.465
21110;2.465
21111;2.465
21112;2.465
21113;2.465
2122;1.056
21114;1.408
21115;1.056
21116;1.056
21117;2.113
21118;2.113
21119;2.113
21120;2.113
21121;1.76
21122;1.408
21123;1.056
2123;1.056
21124;1.056
2124;1.056
2125;0.704
2126;1.056
21163;0.352
2127;1.056
21164;0.352
21165;0.352
21166;0.352
21167;0.352
21168;0.352
21169;1.056
21170;1.056
21171;1.056
21172;0.704
21173;0.704
2128;0.704
21174;1.056
21175;1.408
21176;1.408
21177;1.408
21178;1.76
21179;1.056
21180;0.704
21181;0.704
2129;0.704
21187;0.352
21188;0.352
21189;0.352
21190;0.352
21191;0.352
21192;0.352
21193;0.352
2130;0.704
21194;0.352
2131;0.704
21206;0.352
21207;0.352
21208;0.352
21209;0.352
21210;0.352
21211;0.352
21212;0.352
21213;0.352
2132;0.352
2133;0.352
21235;0.352
224;0.352
21236;0.352
21237;0.352
21238;0.352
21239;0.352
21240;0.352
21241;0.704
21242;0.704
21243;0.352
21244;0.352
21245;0.352
21246;0.352
21247;0.352
21248;0.352
21260;0.352
21261;0.352
21262;0.352
21263;0.704
21264;1.056
21265;1.76
21266;2.113
21267;2.465
21268;2.465
21269;2.465
21270;2.465
21271;2.465
21272;1.76
21273;1.056
21274;0.704
21275;0.352
21276;1.056
21277;1.056
21278;1.056
21279;1.056
21280;1.056
21281;1.056
21282;1.056
21283;1.056
21284;0.704
21285;0.704
21286;0.352
21288;0.352
21289;0.704
21290;0.704
21291;0.704
21292;0.704
21293;0.704
21294;0.704
21295;0.704
21296;0.352
21331;0.352
21332;0.352
21333;0.352
21334;0.352
21335;0.352
225;0.352
21336;0.352
21337;0.352
21338;0.352
21344;0.352
21345;0.352
21346;0.352
21347;0.352
21348;0.352
21349;0.352
21350;0.352
21351;0.352
21354;0.352
21355;0.352
21356;0.352
21357;0.352
21360;0.704
21361;0.704
21362;0.704
21363;1.056
21364;1.056
21365;1.056
21366;1.056
21367;1.056
21368;1.056
21369;1.056
21370;0.704
21371;0.352
21372;0.352
21373;0.352
21374;0.352
21376;0.352
21377;0.704
21378;0.704
21379;0.704
21380;0.704
21381;1.408
21382;1.76
21383;2.113
21384;2.113
21385;1.76
21386;2.113
21387;1.76
21388;1.76
21389;1.056
21390;0.704
21391;0.352
21392;0.352
21393;0.352
21397;0.352
21398;0.352
21399;0.352
21400;0.352
21401;0.352
21402;0.704
21403;0.704
21404;0.704
21405;0.352
21406;0.352
21407;1.76
21408;2.113
21409;2.113
21410;1.76
21411;2.113
21412;2.113
21413;2.113
21414;2.465
21415;1.056
21416;1.056
21417;1.056
21418;0.704
21419;0.704
21420;0.352
21421;0.352
21422;0.352
21423;0.352
21424;0.352
21425;0.352
226;0.352
21439;0.704
21440;0.704
21441;1.408
21442;1.408
21443;1.408
21444;1.408
21445;1.76
21446;2.113
21447;1.408
21448;1.408
21449;0.704
21450;0.352
21451;0.352
21452;0.352
21453;0.352
21461;0.352
21462;0.704
21463;0.704
21464;0.704
21465;1.056
21466;1.056
21467;1.056
21468;1.056
21469;0.704
21470;0.704
21471;0.704
33;1.056
21472;1.056
21473;0.704
21474;0.704
21475;0.704
21476;1.408
21477;1.76
21478;1.76
21479;1.76
21480;1.056
21481;1.056
21482;1.056
21483;1.056
21484;1.056
21495;0.352
21496;0.352
21497;0.352
21498;0.352
21499;0.352
21500;1.056
21501;0.704
21502;1.408
21503;1.408
2161;0.704
21504;1.408
21505;1.408
21506;1.408
21507;2.113
21508;1.76
21509;1.76
21510;1.408
21511;1.056
21512;2.113
21513;2.113
2162;0.704
21514;1.76
21515;1.056
21516;1.408
21517;1.408
21518;1.76
21519;2.113
21520;1.76
21521;1.056
21522;1.408
21523;1.76
2163;0.704
21524;1.76
21525;1.76
21526;1.408
21527;1.056
21528;1.056
21529;1.056
21530;0.704
21531;0.704
21532;0.704
21533;0.352
2164;1.408
21534;0.352
21535;0.352
227;0.352
21536;0.352
21537;0.352
21538;0.352
21542;0.352
21543;0.352
2165;2.113
21544;0.352
21545;0.352
21546;0.352
21547;0.352
21548;0.352
21549;0.352
2166;2.465
21563;0.704
2167;2.465
21564;0.704
21565;1.056
21566;1.056
21567;1.056
21568;2.465
21569;4.929
21570;5.281
21571;9.506
21572;9.506
21573;10.563
2168;2.465
21574;11.619
21575;14.084
21576;13.38
21577;12.675
21578;10.211
21579;9.859
21580;9.154
21581;7.042
21582;6.69
21583;1.408
2169;1.408
21584;1.056
21585;1.056
21586;0.704
21587;0.704
21588;0.704
21589;0.704
21590;0.704
21591;0.352
21592;0.352
21593;0.352
2170;1.408
21601;0.352
21602;0.352
21603;0.352
2171;1.056
21604;1.056
21605;1.056
21606;1.056
21607;1.056
21608;1.408
21609;1.056
21610;1.056
21611;1.056
21612;0.704
21613;0.352
2172;0.704
21614;0.352
21615;0.352
2173;0.352
21628;0.352
21629;0.352
21630;0.352
21631;0.352
21632;0.352
21633;0.352
2174;0.352
21634;0.352
21635;0.352
228;0.352
21644;0.352
21645;0.352
21646;0.352
21647;0.352
21648;0.352
21649;0.352
21650;0.352
21651;0.352
21652;0.352
2178;0.352
21677;0.352
21678;0.352
21679;0.352
21680;0.352
21681;0.352
21682;0.352
21683;0.352
2179;0.352
21684;0.352
21690;0.352
21691;0.352
21692;0.352
21693;1.056
2180;0.352
21694;1.408
21695;1.408
21696;1.408
21697;1.408
21698;1.056
21699;1.056
21700;1.408
21701;0.704
21702;0.704
21703;0.704
2181;0.352
21704;0.704
21705;0.704
21706;0.352
21707;0.352
21709;0.352
21710;0.352
21711;0.352
21712;0.352
21713;0.352
2182;0.352
21714;0.352
21715;0.352
21716;0.352
2183;0.352
21728;0.704
21729;0.704
21730;1.056
21731;1.056
21732;1.056
21733;1.056
2184;0.704
21734;1.056
21735;1.408
229;0.352
21736;0.704
21737;0.704
21738;0.704
21739;1.056
21740;1.056
21741;1.056
21742;1.056
21743;0.704
2185;0.704
21744;0.704
21745;0.704
21746;0.704
21747;0.704
2186;0.352
2187;0.352
2188;0.352
2189;0.352
21785;0.352
21786;0.352
21787;0.352
21788;0.352
21789;0.352
21790;0.352
21791;0.352
21792;0.352
2190;0.352
2191;0.352
21808;0.352
21809;0.352
21810;0.352
21811;0.352
21812;0.352
21813;0.352
21814;0.352
21815;0.352
21821;0.352
21822;0.352
21823;0.704
21824;1.056
21825;1.056
21826;1.408
21827;1.408
21828;1.408
21829;1.056
21830;1.76
21831;1.76
21832;1.408
21833;1.408
21834;0.704
21835;0.704
21836;1.056
230;0.352
21837;1.056
21838;0.352
21839;0.352
21840;0.704
21841;1.056
21842;1.056
21843;1.056
21844;0.704
21845;0.704
21846;1.056
21847;1.056
21848;0.704
21849;0.704
21850;0.704
21851;0.352
21852;1.056
21853;1.056
21854;0.704
21855;0.704
21856;0.704
21857;0.704
21858;0.704
21859;0.704
21860;0.352
21870;0.352
21871;0.352
21872;0.352
21873;0.352
21874;0.352
21875;0.352
21876;0.352
21877;0.352
21879;0.352
21880;0.704
21881;0.704
21882;0.704
21883;0.704
21884;0.704
21885;0.704
21886;0.704
21887;0.352
21902;0.352
21903;0.352
21904;0.352
21905;0.352
21906;0.352
21907;0.352
21908;0.352
21909;0.352
21916;0.352
21917;0.352
21918;0.352
21919;0.352
21920;0.352
21921;0.352
21922;0.352
21923;0.352
231;0.352
21939;0.352
21940;0.352
21941;0.352
21942;0.352
21943;0.704
21944;0.704
21945;0.704
21946;0.704
21947;0.352
21948;0.704
21949;0.704
21950;0.704
21951;1.76
21952;2.113
21953;2.113
21954;2.113
21955;0.704
21956;1.408
21957;1.408
21958;1.408
21959;1.408
21960;0.704
21961;0.704
21962;1.76
21963;1.76
21964;1.056
21965;1.408
21966;1.408
21967;1.408
21968;1.408
21969;1.408
21970;0.352
21971;0.352
21972;0.352
21982;0.352
21983;0.704
21984;0.704
2209;0.352
21985;0.704
21986;1.056
21987;1.056
21988;1.408
21989;1.408
21990;1.056
21991;0.704
21992;0.704
21993;0.704
21994;1.056
2210;1.056
21995;1.408
21996;1.408
21997;0.704
21998;1.056
21999;1.056
22000;1.056
22001;1.76
22002;1.408
22003;1.056
22004;2.465
2211;1.408
22005;2.817
22006;3.521
22007;3.873
22008;4.225
22009;4.225
22010;3.521
22011;3.521
22012;2.465
22013;1.76
22014;1.056
2212;2.113
22015;0.704
22016;0.352
22024;0.352
2213;2.817
22025;0.352
22026;0.704
22027;0.704
22028;0.704
22029;0.704
22030;0.704
22031;1.056
22032;1.056
22033;0.704
22034;0.704
2214;2.817
22035;0.704
22036;1.056
232;0.352
22037;1.056
22038;1.056
22039;1.056
22040;1.056
22041;0.704
22042;0.704
22043;0.352
2215;2.817
2216;2.817
22056;0.352
22057;0.352
22058;0.704
22059;0.704
22060;0.704
22061;0.704
22062;0.704
22063;0.704
22064;0.352
2217;2.465
22065;0.352
22066;0.352
22067;0.704
22068;0.352
22069;0.704
22070;0.704
22071;0.704
22072;0.704
22073;0.704
22074;0.704
2218;2.465
22075;0.352
22076;0.704
22077;0.352
22078;0.704
22079;1.056
22080;1.056
22081;1.056
22082;1.056
22083;1.056
22084;1.056
2219;2.113
22085;1.056
22086;0.704
22087;0.704
22088;0.352
22089;0.352
22090;0.352
22091;0.352
22092;0.352
22093;0.352
22094;0.352
2220;2.113
22100;0.352
22101;0.352
22102;1.056
22103;1.056
22104;1.056
2221;0.704
22105;1.408
22106;1.76
22107;1.76
22108;1.408
22109;1.408
22110;0.704
22111;0.704
22112;0.704
22113;0.352
22114;0.352
2222;0.352
22115;0.352
22118;0.352
22119;0.352
22120;0.352
22121;0.352
22122;0.352
22123;0.352
22124;0.352
2223;0.352
22125;0.352
2224;0.352
22135;0.704
22136;0.704
22137;0.704
22138;0.704
22139;0.704
22140;0.704
22141;1.056
22142;1.056
22143;0.704
22144;0.352
2225;0.352
22145;0.704
22146;1.056
22147;1.056
22148;1.056
22149;0.704
22150;1.056
22151;1.056
22152;1.056
22153;1.408
22154;1.056
22155;1.056
22156;1.408
22157;1.76
22158;2.113
22159;2.465
22160;2.817
22161;2.817
22162;4.577
22163;7.042
22164;10.211
22165;11.619
22166;14.436
22167;22.534
22168;23.59
22169;23.59
22170;22.886
22171;19.013
22172;17.957
22173;15.14
22174;11.267
22175;2.465
22176;1.056
22177;1.056
22178;0.704
22179;0.352
22231;0.352
22232;1.056
22233;1.056
22234;1.056
22235;1.056
22236;1.056
22237;1.056
22238;1.408
22239;1.408
22240;0.352
22241;0.704
22242;0.704
22243;1.408
22244;1.408
22245;1.408
22246;1.056
22247;1.056
22248;1.056
22249;0.704
22250;0.704
22270;0.352
22271;0.352
22272;0.704
22273;0.704
22274;0.704
22275;0.704
22276;0.704
22277;0.704
22278;0.704
22279;0.352
22280;0.352
22287;0.352
22288;0.352
22289;0.352
22290;0.352
22291;0.352
22292;0.352
22293;0.352
22297;0.352
22298;0.704
22299;1.056
22300;1.056
22301;1.056
22302;1.056
22303;1.408
22304;1.408
22305;1.056
22306;0.704
22307;0.704
22308;0.704
22309;0.352
22310;0.352
22316;0.352
22317;0.352
22318;0.352
22319;0.352
22320;0.352
22321;0.352
22322;0.352
22323;0.352
22324;0.352
22340;0.352
22341;0.352
22342;0.352
22343;0.352
22344;0.352
22345;0.352
22346;0.352
22347;0.352
22382;0.352
22383;0.352
22384;0.352
22385;0.352
22386;0.704
22387;1.76
22388;2.113
22389;3.521
22390;3.521
22391;3.521
22392;3.169
22393;3.521
22394;5.633
22395;7.746
22396;8.45
22397;7.746
22398;7.746
22399;7.746
22400;8.098
22401;8.098
22402;6.69
22403;5.633
22404;3.169
22405;2.817
22406;1.76
22407;1.408
22408;1.056
22409;1.408
22410;1.408
22411;0.704
22412;0.704
22413;0.352
22414;0.352
22415;0.352
22416;0.352
22419;0.704
22420;0.704
22421;1.056
22422;1.056
22423;1.056
22424;1.056
22425;1.056
22426;1.056
22427;0.352
22428;0.352
22429;0.352
22440;0.352
22441;0.352
22442;0.704
22443;0.704
22444;0.704
22445;0.704
22446;0.704
22447;0.704
22448;0.352
22449;0.704
22450;1.056
22451;0.704
22452;0.704
22453;0.704
22454;0.704
22455;0.704
22456;0.704
22457;0.704
22458;0.352
22473;0.704
22474;0.704
22475;0.704
22476;0.704
22477;0.704
22478;0.704
22479;0.704
22480;0.704
34;0.704
22484;0.352
22485;0.352
22486;0.352
22487;0.352
22488;0.352
22489;0.352
22490;0.352
22491;0.704
22492;0.352
22493;0.352
22494;0.352
22495;0.352
22496;0.352
22497;0.352
22498;0.352
22501;0.352
22502;0.352
22503;0.704
22504;1.056
2261;0.352
22505;1.408
22506;1.408
22507;1.408
22508;1.408
22509;1.056
22510;1.056
22511;1.056
22512;0.704
22513;1.056
22514;0.704
2262;0.352
22515;0.704
22516;0.704
22517;0.704
22518;0.704
22519;0.704
22520;0.704
22523;0.352
22524;0.352
2263;0.352
22525;0.352
22526;0.352
22527;0.352
22528;0.352
22529;1.056
22530;1.056
22531;0.704
22532;0.704
22533;1.056
22534;1.056
2264;0.352
22535;1.056
22536;1.408
22537;0.704
22538;1.056
22539;1.056
22540;1.056
22541;1.056
22542;1.056
22543;1.056
22544;0.704
2265;0.352
22545;1.056
22546;0.704
22547;1.056
22548;1.056
22549;1.056
22550;1.056
22551;1.056
22552;1.408
22553;1.408
22554;1.056
2266;0.352
22555;0.704
22556;0.704
22557;0.352
22558;0.352
22559;0.352
22560;0.352
2267;0.352
2268;0.352
22578;0.352
22579;0.352
22580;0.352
22581;0.352
22582;0.352
22583;0.352
22584;0.352
22585;0.352
22601;0.352
22602;0.352
22603;0.352
22604;0.352
2271;0.352
22605;0.704
22606;0.704
22607;0.704
22608;0.704
22609;0.352
22610;0.352
22611;0.352
22612;0.352
22613;0.704
22614;0.352
2272;0.352
22615;0.352
22616;0.352
22617;0.352
22618;0.352
22619;0.352
22620;0.352
22622;0.352
22623;0.352
22624;0.704
2273;0.352
22625;0.704
22626;0.704
22627;0.704
22628;0.704
22629;1.056
22630;0.704
22631;1.056
22632;0.704
22633;0.704
22634;1.056
2274;1.056
22635;1.056
22636;1.056
22637;0.704
22638;0.704
22639;0.352
22640;0.352
22641;0.352
22642;0.704
22643;0.704
22644;0.352
2275;1.056
22645;0.352
22646;0.352
22647;0.352
22648;0.352
22649;0.352
22650;0.352
22651;0.352
22652;0.352
2276;1.056
22661;0.352
22662;0.352
22663;0.352
22664;0.352
2277;1.056
22665;0.352
22666;0.352
22667;0.352
22668;0.352
2278;1.056
22678;0.352
22679;0.352
22680;0.352
22681;0.704
22682;0.704
22683;1.056
22684;1.76
2279;0.704
22685;2.113
22686;1.76
22687;2.113
22688;2.113
22689;2.113
22690;1.76
22691;1.408
22692;0.704
22693;0.704
22694;0.704
2280;0.704
22695;1.056
22696;0.704
22697;0.704
22698;0.704
22699;0.704
22700;0.704
22701;0.704
22702;0.352
22704;0.352
2281;0.704
22705;0.352
22706;0.352
22707;0.352
22708;0.352
22709;0.352
22710;0.352
22711;0.352
22712;0.352
22713;0.352
22714;0.352
22715;0.352
22716;0.352
22717;0.352
22718;0.352
22719;0.352
22720;0.352
22721;0.352
22722;0.352
22723;0.352
22724;0.352
2283;0.352
22725;0.352
22726;0.352
22727;0.704
22728;0.704
22729;0.352
22730;0.352
22731;0.704
22732;0.704
22733;0.704
22734;0.704
2284;0.352
22735;0.352
22736;0.352
22737;0.352
22738;0.352
22740;0.352
22741;0.352
22742;0.352
22743;0.352
22744;0.352
2285;0.704
22745;0.352
22746;0.352
22747;0.704
22748;0.352
22749;0.704
22750;0.704
22751;0.704
22752;0.704
22753;1.056
22754;1.408
2286;0.704
22755;1.408
22756;1.056
22757;0.704
22758;0.704
22759;0.704
22760;0.704
22761;0.352
22762;0.352
2287;0.704
22765;0.704
22766;0.704
22767;0.704
22768;0.704
22769;0.704
22770;0.704
22771;0.704
22772;0.704
22773;0.704
22774;0.352
2288;0.352
22775;0.352
22776;0.352
22777;0.352
22778;0.352
22779;0.352
22780;0.352
22781;0.352
22782;0.352
22783;0.352
22784;0.352
2289;0.352
2290;0.352
22797;0.352
22798;1.056
22799;1.056
22800;1.408
22801;1.76
22802;2.465
22803;2.465
22804;2.465
2291;0.352
22805;2.465
22806;1.76
22807;1.408
22808;1.056
22809;1.408
22810;0.704
22811;0.352
22812;0.352
22813;1.056
22814;1.056
2292;0.352
22815;1.056
22816;1.056
22817;0.704
22818;0.704
22819;0.704
22820;0.704
22821;0.352
22822;0.352
22823;0.704
22824;1.408
22825;2.465
22826;3.521
22827;3.521
22828;3.169
22829;3.873
22830;4.225
22831;4.577
22832;4.577
22833;2.817
22834;2.113
22835;1.76
22836;2.113
22837;1.76
22838;1.056
22839;0.704
22840;1.056
22841;1.056
22842;1.056
22843;1.76
22844;1.408
22845;1.056
22846;1.056
22847;1.056
22848;0.704
22849;0.704
22850;0.704
22901;0.352
22902;0.704
22903;0.704
22904;0.704
22905;1.056
22906;1.056
22907;1.056
22908;1.056
22909;0.704
22910;0.704
22911;0.704
22912;0.352
22930;0.352
22931;0.352
22932;0.352
22933;0.352
22934;0.352
22935;0.352
22936;0.352
22937;0.352
2305;0.352
22949;0.352
22950;0.704
22951;1.056
22952;1.408
22953;1.408
22954;1.408
2306;0.352
22955;2.113
22956;2.465
22957;2.113
22958;1.76
22959;1.408
22960;1.056
22961;0.704
22962;1.056
22963;1.408
22964;1.056
2307;0.704
22965;1.408
22966;1.408
22967;1.76
22968;1.76
22969;1.76
22970;1.408
22971;1.056
22972;0.704
22973;0.352
22974;0.352
2308;0.704
22975;0.352
2309;0.704
2310;0.704
2311;1.056
23012;0.352
23013;0.704
23014;0.704
2312;1.056
23015;0.704
23016;0.704
23017;0.704
23018;0.704
23019;0.704
23020;0.352
23021;0.352
23022;1.056
23023;1.056
23024;1.76
2313;0.704
23025;2.113
23026;2.465
23027;2.465
23028;2.465
23029;2.817
23030;1.76
23031;1.76
23032;1.408
23033;0.704
23034;0.352
2314;0.704
23035;0.352
23036;0.352
23040;0.352
23041;0.352
23042;0.352
23043;0.352
23044;0.352
2315;0.352
23045;0.352
23046;0.352
23047;0.352
2316;1.056
2317;1.056
23073;0.352
23074;0.352
2318;1.056
23075;0.352
23076;0.352
23077;0.352
23078;0.352
23079;0.352
23080;0.352
2319;0.704
23088;0.352
23089;0.352
23090;0.352
23091;0.352
23092;0.352
23093;0.352
23094;0.352
2320;1.056
23095;0.704
23096;0.704
23097;0.352
23098;0.352
23099;0.352
23100;0.704
23101;0.704
23102;0.704
23103;0.352
23104;0.352
2321;1.056
23105;0.352
23106;0.352
23107;0.352
2322;1.76
2323;1.76
23126;0.352
23127;0.352
23128;0.352
23129;0.352
23130;0.704
23131;0.704
23132;0.704
23133;0.704
23134;0.352
2324;1.76
23135;0.352
23136;0.352
23137;0.352
23138;0.352
23144;0.352
2325;1.408
23145;0.352
23146;0.352
23147;0.352
2326;1.056
23159;0.352
23160;0.704
23161;2.113
23162;2.465
23163;2.817
23164;2.817
2327;1.056
23165;2.817
23166;2.817
23167;2.465
23168;2.817
23169;2.465
23170;2.113
23171;2.465
23172;2.465
23173;2.465
23174;2.465
2328;1.056
23175;2.465
23176;2.113
23177;2.113
23178;1.056
23179;0.704
23180;0.352
23181;0.352
23182;0.352
23183;0.352
23184;0.352
2329;1.056
23185;0.352
23186;0.352
23224;0.352
23225;0.352
23226;0.704
23227;0.704
23228;0.704
23229;0.704
23230;0.704
23231;0.704
23232;0.352
23233;0.352
23234;0.352
23273;0.352
23274;0.352
2338;0.352
23275;0.352
23276;0.704
23277;0.704
23278;0.704
23279;1.056
23280;1.056
23281;0.704
23282;0.704
23283;1.056
23284;0.704
2339;0.352
23285;0.704
23286;0.704
23287;0.352
23288;0.352
23289;0.352
23290;0.704
23291;0.352
23292;0.352
23293;0.352
23294;0.352
2340;0.352
23295;0.352
23296;0.352
23297;0.352
23298;0.352
2341;0.352
23307;0.352
23308;0.352
23309;0.352
23310;0.352
23311;0.704
23312;0.704
23313;0.704
23314;0.704
2342;0.352
23315;0.352
23316;0.352
23317;0.352
23318;0.704
23319;0.352
23320;0.352
23321;0.352
23322;0.352
23323;0.352
23324;0.704
2343;0.352
23325;0.704
23326;0.704
23327;0.704
23328;0.704
23329;1.056
23330;1.056
23331;1.056
23332;1.408
23333;1.056
23334;0.704
2344;0.352
23335;7.042
23336;7.042
23337;7.042
23338;6.69
23339;7.042
23340;7.746
23341;37.322
23342;37.322
23343;31.688
23344;31.336
2345;0.704
23345;30.984
23346;30.984
23347;30.984
23348;31.336
23349;1.056
23350;1.056
23351;1.056
23352;0.704
23353;0.704
23354;0.704
2346;0.704
23355;0.704
23356;0.704
23357;0.352
23359;0.352
23360;0.352
23361;0.352
23362;0.352
23363;0.352
23364;0.352
2347;0.704
23365;0.352
23366;0.704
23367;0.704
23368;0.352
23369;0.352
23370;0.352
23371;0.352
23372;0.352
23373;0.352
23374;0.352
2348;0.352
23383;0.352
23384;0.352
2349;0.352
23385;0.704
23386;0.704
23387;0.704
23388;0.704
23389;0.704
23390;0.704
23391;0.704
23392;0.352
2350;0.352
23399;0.704
23400;0.704
23401;0.704
23402;0.704
23403;0.704
23404;0.704
2351;0.352
23405;0.704
23406;0.704
23407;0.352
23411;0.352
23412;0.352
23413;0.352
23414;0.704
2352;0.352
23415;0.704
23416;0.704
23417;0.704
23418;0.704
23419;0.352
23420;0.352
23421;0.352
23422;0.352
23425;0.704
23426;1.056
23427;1.056
23428;1.056
23429;1.056
23430;1.056
23431;1.056
23432;1.056
23433;1.056
23434;0.352
23437;0.352
23438;0.352
23439;0.352
23440;0.352
23441;0.352
23442;0.352
23443;0.352
23444;0.352
23468;0.352
23469;0.704
23470;0.704
23471;0.704
23472;0.704
23473;0.704
23474;0.704
23475;0.704
23476;0.352
23477;0.704
23478;0.704
23479;0.704
23480;1.056
23481;1.056
23482;1.056
23483;1.056
23484;1.056
23485;1.056
23486;0.352
23487;0.352
35;0.704
23504;0.352
23505;0.352
23506;0.352
23507;0.352
23508;0.352
23509;0.352
23510;0.352
23511;0.352
23516;0.352
23517;0.352
23518;0.704
23519;0.704
23520;0.704
23521;0.704
23522;0.704
23523;0.704
23524;0.352
2363;0.704
23525;0.352
23526;0.352
23528;0.352
23529;0.352
23530;0.352
23531;0.352
23532;0.352
23533;0.352
23534;0.352
2364;0.704
23535;0.704
23536;0.352
23537;0.352
23538;0.352
23539;0.352
23540;0.352
23541;0.352
23542;0.352
2365;0.704
23546;0.352
23547;0.704
23548;0.704
23549;0.704
23550;0.704
23551;0.704
23552;0.704
23553;0.704
23554;0.704
2366;0.704
23563;0.352
23564;0.352
2367;1.056
23565;0.352
23566;0.352
23567;0.352
23568;0.352
23569;0.352
23570;0.352
2368;1.056
2369;1.056
2370;1.056
2371;1.056
2372;0.704
2373;0.704
23632;0.352
23633;0.352
23634;0.704
2374;0.704
23635;0.704
23636;0.704
23637;0.704
23638;0.704
23639;0.704
23640;0.352
23641;0.352
2375;0.704
2376;0.704
2377;0.704
2378;1.056
23675;0.352
23676;0.352
23677;0.352
23678;0.352
23679;0.352
23680;0.352
23681;0.352
23682;0.352
23683;0.352
2379;1.056
23685;0.352
23686;1.056
23687;1.056
23688;1.056
23689;1.056
23690;1.056
23691;1.056
23692;1.408
23693;1.408
23694;0.704
2380;0.704
23695;0.352
23696;0.352
23697;0.352
23698;0.352
23699;0.352
23703;0.352
23704;0.352
2381;0.704
23705;0.352
23706;0.352
23707;0.352
23708;0.352
23709;0.352
23710;0.704
23711;0.704
23712;0.704
23713;0.704
23714;0.704
2382;1.056
23715;0.704
23716;0.704
23717;0.704
23718;0.352
2383;0.704
23726;0.352
23727;0.352
23728;0.704
23729;1.056
23730;1.056
23731;1.056
23732;0.704
23733;0.704
23734;0.704
2384;0.704
23735;0.352
23736;0.352
23737;0.352
23740;0.352
23741;0.352
23742;0.352
23743;0.352
23744;0.352
2385;0.704
23745;0.352
23746;0.352
23747;0.352
23749;0.352
23750;0.352
23751;0.352
23752;0.352
23753;0.352
23754;0.352
2386;0.352
23755;0.352
23756;0.352
23759;0.352
23760;0.352
23761;0.352
23762;0.352
23763;0.352
23764;0.352
2387;0.352
23765;0.352
23766;0.352
23767;0.352
23768;0.352
23769;0.352
23770;0.352
23771;0.352
23772;0.352
23773;0.352
23774;0.352
2388;0.352
23784;0.352
2389;0.352
23785;0.352
23786;0.352
23787;0.352
23788;0.352
23789;0.352
23790;0.352
23791;0.352
23792;0.352
23793;0.352
2390;1.056
23800;0.352
23801;0.352
23802;0.352
23803;0.704
23804;0.704
2391;0.704
23805;0.704
23806;0.704
23807;0.704
23808;0.352
23809;0.352
23810;0.352
2392;0.704
23820;0.352
23821;0.352
23822;0.352
23823;0.352
23824;0.352
2393;0.704
23825;0.352
23826;0.352
23827;0.352
23832;0.352
23833;0.352
23834;0.352
2394;0.352
23835;0.352
23836;0.352
23837;0.352
23838;0.352
23839;0.352
23842;0.352
23843;0.352
23844;0.352
2395;0.352
23845;0.352
23846;0.352
23847;0.352
23848;0.352
23849;0.352
2396;0.352
2397;0.352
23879;0.352
23880;0.352
23881;0.352
23882;1.056
23883;1.056
23884;1.408
23885;1.408
23886;1.408
23887;1.408
23888;1.408
23889;1.408
23890;0.704
23891;0.704
23892;0.704
23893;1.056
23894;1.76
23895;1.408
23896;1.408
23897;1.408
23898;1.408
23899;1.408
23900;1.408
23901;1.408
23904;0.352
23905;0.352
23906;0.352
23907;0.352
23908;0.352
23909;0.352
23910;0.352
23911;0.352
23918;0.704
23919;1.056
23920;1.056
23921;1.408
23922;1.76
23923;2.465
23924;2.817
23925;2.817
23926;2.817
23927;2.817
23928;2.465
23929;2.465
23930;2.465
23931;1.408
23932;1.056
23933;1.408
23934;1.056
23935;1.76
23936;1.76
23937;1.408
23938;1.76
23939;1.76
23940;1.408
23941;1.408
23942;1.408
23943;0.704
23944;0.704
23945;0.704
23946;0.704
23947;0.704
23948;1.056
23949;1.056
23950;1.056
23951;0.704
23952;1.056
23953;1.056
23954;1.056
23955;1.056
23956;2.817
23957;3.521
23958;3.521
23959;3.521
23960;3.521
23961;3.521
23962;3.521
23963;3.521
23964;2.113
23965;2.465
23966;2.465
23967;3.521
23968;4.577
23969;4.929
23970;4.929
23971;4.929
23972;4.225
23973;3.873
23974;3.521
23975;3.169
23976;1.76
23977;1.056
23978;1.056
23979;0.704
23980;0.704
23981;0.704
23992;0.352
23993;0.352
23994;0.352
23995;0.704
23996;0.704
23997;1.056
23998;1.056
23999;1.056
24000;0.704
24001;0.704
24002;0.704
24003;0.352
24004;0.352
24012;0.352
24013;1.056
24014;1.76
24015;2.817
24016;2.817
24017;2.817
24018;2.817
24019;3.169
24020;2.817
24021;2.465
24022;2.465
24023;0.352
24024;0.352
24025;0.352
24026;0.352
24045;0.352
24046;0.352
24047;0.352
24048;0.352
24049;0.352
24050;0.352
24051;0.704
24052;0.704
24053;0.704
24054;0.704
24055;4.577
24056;5.281
24057;5.281
24058;5.281
24059;5.281
24060;5.633
24061;5.281
24062;5.281
24063;1.056
24064;1.056
2417;0.352
24065;0.704
24066;0.352
24067;0.352
24068;0.352
24069;0.352
2418;0.352
24079;0.352
24080;0.352
24081;0.352
24082;0.352
24083;0.352
24084;0.352
2419;0.704
24085;0.352
2420;0.704
2421;1.056
24108;0.704
24109;0.704
24110;0.704
24111;0.704
24112;0.704
24113;0.704
24114;0.704
2422;1.056
24115;0.704
2423;1.056
2424;1.056
2425;0.704
24153;0.352
24154;0.352
2426;0.704
24155;0.352
24156;1.056
24157;0.704
24158;0.704
24159;0.704
24160;0.704
24161;0.704
24162;0.704
24163;0.704
24164;0.704
2427;1.056
24167;0.352
24168;0.352
24169;0.352
24170;0.352
24171;0.352
24172;0.352
24173;0.352
24174;0.352
2428;0.704
24175;0.352
2429;0.352
2430;0.704
2431;1.408
2432;2.113
2433;2.465
24225;0.352
24226;0.352
24227;0.352
24228;0.704
24229;1.056
24230;1.056
24231;1.056
24232;1.056
24233;0.704
24234;0.704
2434;2.113
24235;0.704
24236;1.056
24237;0.352
24238;0.352
24239;0.352
24240;0.352
24241;0.352
24242;0.352
24243;0.352
24244;0.352
2435;1.76
24246;0.352
24247;0.352
24248;0.704
24249;0.704
24250;0.704
24251;0.704
24252;0.704
24253;0.704
24254;0.704
2436;1.76
24255;0.704
24257;0.352
24258;0.352
24259;0.352
24260;0.352
24261;0.352
24262;0.352
24263;0.352
24264;0.352
2437;1.76
2438;1.76
2439;1.408
2440;0.704
24299;0.352
24300;0.704
24301;0.704
24302;0.704
24303;0.704
24304;0.704
2441;0.704
24305;0.704
24306;0.704
24307;0.704
24312;0.352
24313;0.352
24314;0.352
2442;0.704
24315;0.352
24316;0.352
24317;0.352
24318;0.352
24319;0.352
2443;0.704
24327;0.352
24328;0.352
24329;0.352
24330;0.352
24331;0.352
24332;0.352
24333;0.352
24334;0.352
24335;0.704
24336;0.704
24337;0.352
24338;0.352
24339;0.352
24340;0.352
24341;0.352
24342;0.704
24343;0.704
24344;0.704
24345;0.704
24346;0.704
24347;0.704
24348;0.704
24349;0.704
24350;0.704
24353;0.352
24354;0.352
24355;0.352
24356;0.352
24357;0.704
24358;0.704
24359;0.704
24360;0.704
24361;0.704
24362;0.704
24363;0.352
24364;0.352
24367;0.352
24368;0.352
24369;0.352
24370;0.352
24371;0.704
24372;0.704
24373;0.704
24374;1.056
24375;1.056
24376;0.704
24377;1.056
24378;1.056
24379;0.704
24380;0.704
24381;0.704
24382;0.352
24383;0.704
24384;0.704
2449;0.352
24385;0.352
24386;0.352
24387;0.704
24388;0.704
24389;0.704
24390;1.408
24391;1.056
24392;1.76
24393;1.76
24394;1.76
2450;0.352
24395;1.408
24396;1.408
24397;1.408
24398;1.056
24399;1.056
24401;0.352
24402;0.352
24403;0.352
24404;0.352
2451;0.352
24405;0.352
24406;0.352
24407;0.352
24408;0.352
24409;0.352
24410;0.352
2452;0.352
24420;0.352
24421;0.352
24422;0.352
24423;0.352
24424;0.352
2453;0.352
24425;0.352
24426;0.352
24427;0.352
24428;0.352
24429;0.352
24430;0.352
24431;0.352
24432;0.352
24433;0.352
24434;0.352
2454;0.352
24435;0.352
24436;0.352
2455;0.352
2456;0.352
24457;0.352
24458;0.352
24459;0.352
24460;0.352
24461;0.352
24462;0.352
24463;0.352
24464;0.352
2457;0.352
24479;0.352
24480;0.704
24481;0.704
24482;1.408
24483;2.113
24484;2.465
24485;2.817
24486;3.169
24487;2.817
24488;2.465
24489;3.169
24490;2.465
24491;1.76
24492;1.408
24493;1.76
24494;2.113
24495;2.817
24496;3.169
24497;2.817
24498;2.465
24499;2.465
24500;2.465
24501;2.465
36;0.352
24502;1.056
24503;0.352
2461;0.704
2462;0.704
2463;0.704
2464;0.704
2465;0.704
2466;0.704
24559;0.352
24560;0.352
24561;0.704
24562;0.704
24563;0.704
24564;0.704
2467;0.704
24565;0.704
24566;1.056
24567;0.704
24568;0.704
24569;0.352
24570;0.352
24571;0.352
24572;0.352
24573;0.352
2468;0.704
24575;0.352
24576;0.352
24577;0.352
24578;0.352
24579;0.352
24580;0.352
24581;0.352
24582;0.352
24583;0.352
24584;0.352
2469;0.352
24585;0.704
24586;0.704
24587;0.704
24588;0.704
24589;0.704
24590;0.704
24591;0.352
24592;0.352
24593;0.352
24594;0.352
2470;0.352
24595;0.352
24596;0.352
24597;0.352
24598;0.352
24599;0.352
24600;0.352
2471;0.352
24605;0.352
24606;0.352
24607;1.408
24608;1.408
24609;2.113
24610;2.113
24611;2.113
24612;2.113
24613;2.113
24614;2.113
2472;0.352
24615;2.113
24616;1.408
24617;1.408
24618;1.76
24619;1.408
24620;1.408
24621;1.408
24622;0.352
24623;0.352
24624;0.352
2473;0.352
24630;0.352
24631;0.352
24632;0.352
24633;0.352
24634;0.352
2474;0.352
24635;0.352
24636;0.352
24637;0.352
24642;0.352
24643;0.352
24644;0.352
2475;0.352
24645;0.352
24646;0.352
24647;0.352
24648;0.352
24649;0.352
2476;0.352
2477;0.352
24667;0.352
24668;0.352
24669;0.352
24670;0.352
2478;0.704
24676;0.352
24677;1.408
24678;1.408
24679;1.408
24680;1.408
24681;1.408
24682;1.76
24683;1.76
24684;1.76
2479;1.408
24685;0.704
24686;0.704
24687;0.704
24688;0.704
24689;0.704
24690;0.352
24691;0.352
24692;0.352
2480;1.408
2481;1.408
2482;1.408
24719;0.352
24720;0.352
24721;0.352
24722;0.352
24723;0.704
24724;0.704
2483;1.056
24725;0.704
24726;0.704
24727;0.352
24728;0.352
24729;0.352
24730;0.352
2484;1.056
2485;1.056
24747;0.352
24748;0.352
24749;0.704
24750;0.704
24751;0.704
24752;0.704
24753;0.704
24754;0.704
2486;0.704
24755;0.352
24756;0.352
24757;0.352
24774;0.352
24775;0.704
24776;0.704
24777;0.704
24778;0.704
24779;1.056
24780;1.056
24781;1.056
24782;0.704
24783;0.704
24784;0.704
24785;0.352
24786;0.352
24793;0.352
24794;0.352
24795;0.352
24796;0.352
24797;0.352
24798;0.352
24799;0.352
24800;0.352
24801;0.352
24802;0.352
24813;0.352
24814;0.352
24815;0.352
24816;0.352
24817;0.352
24818;0.352
24819;0.704
24820;0.704
24821;0.704
24822;0.704
24823;0.704
24824;0.704
24825;0.704
24826;0.704
24827;0.352
24828;0.352
24838;0.352
24839;0.704
24840;1.056
24841;1.056
24842;1.056
24843;1.056
24844;1.056
24845;1.056
24846;0.704
24847;0.352
24848;0.352
24852;0.352
24853;0.352
24854;0.352
2496;0.704
24855;0.704
24856;0.704
24857;0.704
24858;0.704
24859;0.704
24860;0.352
24861;0.352
24862;0.352
24864;0.352
2497;0.704
24865;0.704
24866;0.704
24867;1.056
24868;1.056
24869;1.056
24870;1.056
24871;1.056
24872;0.704
24873;0.352
24874;0.704
2498;0.704
24875;0.352
24876;0.704
24877;1.408
24878;1.76
24879;2.465
24880;2.817
24881;2.817
24882;2.817
24883;2.817
24884;2.817
2499;1.056
24885;1.76
24886;1.408
24887;1.408
24888;0.704
24889;0.704
24890;1.408
24891;1.056
24892;1.056
24893;1.056
24894;1.056
2500;1.056
24895;1.056
24896;1.056
24897;1.056
2501;1.408
24909;0.704
24910;2.113
24911;2.113
24912;2.113
24913;2.113
24914;2.113
2502;1.408
24915;2.113
24916;2.113
24917;1.76
24922;0.352
24923;0.352
24924;0.352
2503;1.408
24925;0.352
24926;0.352
24927;0.352
24928;0.704
24929;0.704
24930;0.352
24931;0.352
24932;0.352
24933;0.352
24934;0.352
2504;1.056
24935;0.352
24936;1.056
24937;1.056
24938;1.056
24939;1.056
24940;1.056
24941;1.056
24942;1.056
24943;1.056
24944;0.352
2505;1.056
24948;0.352
24949;0.352
24950;0.352
24951;0.352
24952;0.352
24953;0.352
24954;0.704
2506;1.056
24955;0.704
24956;0.704
24957;1.056
24958;0.704
24959;0.704
24960;0.704
24961;0.704
24962;0.352
24963;0.352
24964;0.352
2507;0.704
24965;0.352
24966;0.352
24967;0.352
24968;0.352
24969;0.352
24970;0.704
24971;0.704
24972;0.704
24973;0.704
24974;0.352
2508;0.704
24975;0.352
24976;0.352
24977;0.352
2509;0.704
2510;1.056
2511;1.056
2512;0.704
25021;1.056
25022;1.408
25023;2.113
25024;2.465
2513;0.352
25025;3.169
25026;3.169
25027;3.521
25028;3.521
25029;3.521
25030;3.169
25031;2.817
25032;2.113
25033;1.76
25034;1.408
2514;0.352
25035;1.056
25036;1.056
25037;0.704
25038;0.352
25039;0.352
262;1.408
25040;0.352
25041;0.352
2515;0.352
2516;0.352
2517;0.352
2518;0.352
25076;0.352
25077;0.352
25078;0.352
25079;0.352
25080;0.352
25081;0.704
25082;0.704
25083;0.704
25084;0.704
2519;0.352
25085;0.704
25086;0.704
25087;0.704
25088;1.056
25089;0.704
25090;0.704
25091;0.704
25092;0.704
25093;0.704
25094;0.704
2520;0.352
25095;1.056
25096;1.056
25097;0.704
25098;0.704
25099;0.704
25100;0.704
25101;0.704
25102;0.704
25103;0.352
25104;0.352
2521;0.352
25105;0.352
25106;0.352
25107;0.352
2522;0.352
2523;0.352
25131;0.352
25132;0.352
25133;0.352
25134;0.352
2524;0.352
25135;0.704
25136;1.408
25137;1.408
25138;1.408
25139;1.408
263;1.408
25140;1.408
25141;1.408
25142;1.408
25143;1.056
25144;0.352
2525;0.352
25145;0.352
25146;0.352
25163;0.352
25164;0.352
2527;0.352
25165;0.704
25166;0.704
25167;0.704
25168;1.056
25169;1.056
25170;1.408
25171;1.056
25172;1.056
25173;0.704
25174;0.704
2528;0.352
25175;0.704
25176;0.352
25177;0.352
25178;0.352
25179;0.352
2529;0.352
25186;0.704
25187;0.704
25188;0.704
25189;0.704
25190;0.704
25191;0.704
25192;0.704
25193;0.704
25194;0.704
2530;0.352
25195;0.352
25196;0.352
25197;0.352
25198;0.352
25199;0.704
25200;0.704
25201;0.704
25202;0.352
25203;0.352
25204;0.352
2531;0.352
25205;0.352
25206;0.352
2532;0.352
25223;0.352
25224;0.352
2533;0.704
25225;0.352
25226;0.352
25227;0.352
25228;0.352
25229;0.704
25230;0.704
25231;0.704
25232;0.352
25233;0.352
25234;0.352
2534;1.056
25235;0.352
25236;0.352
264;1.408
2535;0.704
25245;0.704
25246;0.704
25247;1.408
25248;1.408
25249;1.408
25250;1.056
25251;1.056
25252;1.408
25253;1.056
25254;1.056
2536;1.056
25255;0.352
25256;0.352
25257;0.352
25258;0.352
25259;0.352
25260;0.352
25261;0.352
25262;0.704
25263;0.704
25264;0.704
2537;1.056
25265;0.704
25266;0.704
25267;0.704
25268;0.352
25269;0.352
2538;1.056
25278;0.352
25279;0.352
25280;0.352
25281;0.352
25282;0.352
25283;0.352
25284;0.352
2539;1.056
25286;0.352
25287;0.352
25288;0.352
25289;0.352
25290;0.352
25291;0.352
25292;0.352
25293;0.352
2540;1.056
2541;1.056
25310;0.352
25311;0.352
25312;0.352
25313;0.352
25314;0.352
2542;0.704
25315;0.352
25316;0.352
25317;0.352
25318;0.352
25323;0.352
25324;0.352
2543;0.704
25325;0.704
25326;0.704
25327;1.056
25328;1.056
25329;1.056
25330;1.056
25331;0.704
25332;0.704
25333;0.352
25334;0.352
2544;1.408
265;1.408
2545;1.76
25345;0.352
25346;0.352
25347;0.352
25348;0.352
25349;0.352
25350;0.352
25351;0.352
25352;0.352
25353;0.352
2546;1.76
25362;0.352
25363;0.352
25364;0.352
2547;1.76
25365;0.352
25366;0.352
25367;0.352
25368;0.352
25369;0.352
25372;1.056
25373;1.408
25374;1.408
2548;1.76
25375;1.408
25376;1.408
25377;1.408
25378;1.408
25379;1.408
25380;0.704
2549;1.76
25393;0.352
25394;0.352
2550;1.76
25395;0.352
25396;1.056
25397;1.056
25398;1.056
25399;1.408
25400;1.408
25401;1.408
25402;1.408
25403;1.408
25404;1.408
2551;1.76
25405;1.056
25406;1.056
25407;0.704
25408;0.704
25409;0.352
25410;1.056
25411;1.056
25412;0.704
25413;1.056
25414;1.056
2552;1.056
25415;1.056
25416;1.056
25417;1.056
25418;0.352
25419;0.352
25420;0.352
2553;0.352
25427;0.352
25428;0.352
25429;0.352
25430;0.352
25431;0.352
25432;0.704
25433;0.704
25434;0.704
2554;0.352
25435;0.352
25436;0.352
25437;0.352
25438;0.352
25439;0.352
266;1.408
25440;0.352
25441;0.352
25442;0.352
25443;0.352
25444;0.352
2555;0.352
25445;0.352
25446;0.704
25447;0.704
25448;0.704
25449;0.352
25450;0.352
25451;0.352
25452;0.352
25453;0.352
2556;0.352
2557;0.352
25466;0.352
25467;0.352
25468;0.704
25469;0.704
25470;0.704
25471;0.704
25472;0.704
25473;0.704
25474;0.352
2558;0.352
25475;0.352
2559;0.352
25510;0.352
25511;0.352
25512;0.352
25513;0.352
25514;0.352
25515;0.352
25516;0.352
25517;0.352
25518;0.352
267;1.408
25551;0.704
25552;1.056
25553;1.056
25554;1.056
25555;1.056
25556;1.056
25557;1.056
25558;1.056
25559;1.056
25561;0.352
25562;0.352
25563;0.352
25564;0.704
25565;0.704
25566;0.704
25567;0.704
25568;0.704
25569;0.352
25570;0.352
25571;0.352
25576;0.704
25577;0.704
25578;1.056
25579;1.056
25580;1.056
25581;1.408
25582;1.408
25583;1.408
25584;1.056
25585;1.056
25586;0.704
25587;0.704
25588;0.704
25589;0.352
25590;0.352
25591;0.352
25593;0.352
25594;0.704
25595;0.704
25596;0.704
25597;0.704
25598;0.704
25599;0.704
25600;0.704
25601;0.352
25602;0.352
25606;0.352
25607;0.352
25608;0.352
25609;0.352
25610;0.352
25611;0.352
25612;0.352
25613;0.352
268;1.408
25642;0.352
25643;0.352
25644;1.056
25645;1.056
25646;1.056
25647;1.056
25648;1.056
25649;0.704
25650;1.056
25651;0.704
25652;0.704
25653;0.704
25654;0.704
25655;0.704
25656;0.704
25657;0.704
25658;0.704
25659;0.352
25686;0.704
25687;0.704
25688;1.056
25689;1.056
25690;1.056
25691;1.056
25692;1.056
25693;1.056
25694;0.704
25695;0.704
25696;0.704
25697;0.704
25698;0.704
25699;0.704
25700;0.704
25701;0.704
25702;0.704
25703;0.352
25704;0.352
25710;0.352
25711;0.352
25712;0.352
25713;0.352
25714;0.352
25715;0.352
25716;0.352
25717;0.352
25718;0.352
25723;0.352
25724;0.704
25725;0.704
25726;1.056
25727;1.056
25728;1.056
25729;1.056
25730;0.704
25731;0.352
25736;0.352
25737;0.352
25738;0.352
25739;0.352
269;1.408
25740;0.352
25741;0.352
25742;1.056
25743;1.408
25744;1.056
25745;1.056
25746;1.056
25747;1.056
25748;1.056
25749;1.056
25750;0.704
25751;1.056
25752;0.704
25753;0.704
25754;0.704
25755;1.76
25756;1.76
25757;1.76
25758;2.113
25759;1.408
25760;1.76
25761;2.113
25762;2.113
25763;2.113
25764;1.056
25765;1.056
25766;1.056
25767;1.056
25768;1.056
25769;0.704
25770;0.352
25771;0.352
25772;0.352
25773;0.352
25774;0.352
25778;0.352
25779;0.352
25780;0.352
25781;0.352
25782;0.352
25783;0.352
25784;0.352
25785;0.704
25786;0.704
25787;0.352
25788;0.352
25789;0.352
25790;0.352
25791;0.352
25792;0.352
25799;0.352
25800;0.704
25801;0.704
25802;0.704
25803;1.056
25804;1.056
25805;1.056
25806;1.056
25807;0.704
25808;0.704
25809;0.352
25810;0.352
25816;0.704
25817;0.704
25818;0.704
25819;1.056
25820;1.056
25821;1.056
25822;1.056
25823;1.056
25824;1.408
25825;1.056
25826;1.056
25827;0.704
25828;0.704
25829;0.704
25830;1.056
25831;1.056
25832;0.704
25833;0.704
25834;0.704
25835;0.704
25836;0.704
25837;0.704
25838;0.352
25839;0.352
25840;0.352
25906;0.352
25907;0.352
25908;0.352
25909;0.352
25910;0.352
25911;0.352
25912;0.352
25913;0.352
25932;0.352
25933;0.704
25934;0.704
25935;0.704
25936;0.704
25937;0.704
25938;0.704
25939;0.704
25940;1.76
25941;1.408
25942;1.408
25943;1.408
25944;1.408
25945;1.408
25946;1.408
25947;1.408
2606;0.352
2607;0.352
25967;0.352
25968;0.352
25969;0.352
25970;0.352
25971;0.352
25972;0.352
25973;0.352
25974;0.352
2608;0.352
25975;0.352
25984;0.352
2609;0.704
25985;0.352
25986;0.352
25987;0.704
25988;0.704
25989;0.704
25990;0.704
25991;0.704
25992;0.352
25993;0.352
25994;0.352
2610;0.704
25999;0.352
26000;0.352
26001;0.352
26002;0.352
26003;0.352
26004;0.352
2611;0.704
26005;0.352
26006;0.352
26007;0.704
26008;0.352
26009;0.352
26010;0.352
26011;0.352
26012;0.352
26013;0.352
26014;0.352
2612;1.056
2613;1.056
26025;0.352
26026;0.352
26027;0.352
26028;0.352
26029;0.352
26030;0.352
26031;0.352
26032;0.704
26033;0.704
26034;0.352
2614;0.704
26035;0.352
26036;0.352
26037;0.352
26038;0.352
26039;0.352
26040;0.352
272;0.352
26041;0.704
26042;0.704
26043;0.704
26044;0.704
2615;0.704
26045;0.704
26046;0.704
26047;0.704
26048;0.352
26050;0.352
26051;0.352
26052;0.352
26053;0.352
26054;0.352
2616;0.704
26055;0.352
26056;0.352
26057;0.352
26058;0.352
26059;0.352
26060;0.352
26061;0.352
26062;0.352
26063;0.352
26064;0.352
2617;0.352
26065;0.352
26066;0.352
26067;0.352
26068;0.352
26069;0.352
26070;0.352
2618;0.352
26077;0.352
26078;0.352
26079;0.352
26080;0.352
26081;0.704
26082;0.704
26083;0.704
26084;0.704
2619;0.352
26085;0.704
26086;0.704
26087;0.704
26088;0.704
26089;0.352
26090;0.352
26091;0.352
26092;0.352
26093;0.352
26094;0.352
26095;0.352
26096;0.704
26097;1.056
26098;1.056
26099;1.056
26100;1.056
26101;1.056
26102;1.056
26103;0.704
26104;0.704
26124;0.352
26125;0.352
26126;1.056
26127;1.056
26128;1.056
26129;1.056
26130;1.056
26131;1.056
26132;0.704
26133;0.704
273;0.704
26175;0.352
26176;0.352
26177;0.352
26178;0.352
26179;0.352
26180;0.352
26181;0.352
26182;0.352
26215;0.352
26216;0.352
26217;0.352
26218;0.352
26219;0.352
26220;0.352
26221;0.352
26222;0.704
26223;0.352
26224;0.352
26225;0.352
26226;0.352
26227;0.352
26228;0.352
26229;0.352
26230;0.352
274;0.704
26280;0.352
26281;0.352
26282;0.704
26283;0.704
26284;0.704
26285;0.704
26286;0.704
26287;0.704
26288;0.352
26289;0.352
26298;0.352
26299;3.169
26300;3.169
26301;3.521
26302;3.521
26303;3.521
26304;3.873
26305;3.873
26306;3.873
26307;2.113
26308;1.056
26309;0.352
26310;0.352
26311;0.352
26312;0.352
26313;0.352
26314;0.352
26315;0.352
26316;0.352
26317;0.352
26318;0.352
26319;0.352
26320;0.352
2644;0.352
26336;0.352
26337;0.704
26338;1.056
26339;1.056
26340;1.056
275;0.704
26341;1.056
26342;1.056
26343;1.056
26344;0.704
2645;1.76
26345;0.704
26346;0.352
2646;2.113
2647;2.465
26369;0.352
26370;0.352
26371;0.352
26372;0.352
26373;0.352
2648;2.465
26375;0.352
26376;0.352
26377;0.352
26378;0.352
26379;0.352
26380;0.352
26381;0.352
26382;0.352
2649;2.817
26386;0.352
26387;0.352
26388;0.352
26389;0.352
26390;0.352
26391;0.352
26392;0.352
26393;0.352
2650;3.521
26399;0.704
26400;0.704
26401;0.704
26402;1.056
26403;1.056
26404;1.056
2651;3.521
26405;1.056
26406;1.056
26407;0.352
26408;0.352
26409;0.352
26411;0.352
26412;0.352
26413;0.352
26414;0.352
2652;3.521
26415;0.352
26416;0.352
26417;0.352
26418;0.352
26419;0.352
2653;2.817
26432;0.352
26433;0.352
26434;0.704
2654;1.76
26435;1.056
26436;0.704
26437;1.408
26438;1.76
26439;1.76
26440;1.76
276;0.704
26441;2.113
26442;2.113
26443;1.408
26444;1.76
2655;1.408
26445;1.76
26446;1.76
26447;1.408
26448;1.408
26449;1.056
26450;0.704
26451;1.056
26452;0.704
26453;0.704
26454;0.704
2656;1.408
26455;1.056
26456;1.056
26457;1.056
26458;1.056
26459;0.704
26460;0.704
26461;0.704
26462;0.352
2657;0.704
2658;0.704
26484;3.521
2659;0.352
26485;5.986
26486;7.042
26487;7.042
26488;7.042
26489;7.042
26490;8.098
26491;8.098
26492;5.281
26493;2.465
26494;1.056
2660;0.352
26495;1.056
26496;2.465
26497;2.465
26498;1.408
26499;1.408
26500;1.408
26501;2.113
26502;2.113
26503;2.465
26504;1.408
2661;0.352
26505;1.76
26506;2.113
26507;2.113
26508;2.113
26509;1.408
26510;1.408
26511;1.408
26512;1.408
26513;1.056
26514;0.352
2662;0.352
26515;0.352
26516;0.352
26517;0.352
26518;0.352
26519;0.352
26520;0.352
26521;0.352
26522;0.704
26523;0.704
26524;0.352
2663;0.352
26525;0.352
26526;0.352
26527;0.352
26528;0.352
26529;0.352
26530;0.352
2664;0.352
277;0.704
2665;0.352
2666;0.352
26556;0.352
26557;0.352
26558;0.352
26559;0.352
26560;0.352
26561;0.352
26562;0.352
26563;0.352
26564;0.352
2667;0.352
26570;0.352
26571;0.352
26572;0.352
26573;0.352
26574;0.352
26575;0.352
26576;0.352
26577;0.352
26587;0.352
26588;0.352
26589;0.352
26590;0.352
26591;0.352
26592;0.352
26593;0.704
26594;0.704
26595;0.352
26596;0.704
26597;0.704
26598;0.704
26599;0.704
26600;0.704
26601;0.352
26602;0.704
26603;0.704
26604;0.352
26605;0.352
26606;0.352
26607;0.704
26608;0.704
26609;0.704
26610;0.352
26611;0.352
26612;0.352
26613;0.352
26614;0.352
26616;0.352
26617;0.352
26618;0.352
26619;0.352
26620;0.352
26621;0.352
26622;0.704
26623;0.704
26624;0.352
26625;0.352
26626;0.704
26627;0.704
26628;0.704
26629;0.704
26630;0.704
26631;0.704
26632;0.704
26633;0.352
278;0.704
26643;0.352
26644;0.352
26645;0.352
26646;0.352
26647;0.352
26648;0.352
26649;0.352
26650;0.352
26652;0.352
26653;0.352
26654;0.704
26655;1.056
26656;1.056
26657;1.056
26658;1.76
26659;2.465
26660;2.465
26661;2.465
26662;3.169
26663;2.817
26664;2.465
26665;2.817
26666;2.113
26667;1.408
26668;1.76
26669;1.76
26670;1.056
26671;1.408
26672;1.408
26673;1.408
26674;1.056
26675;1.056
26676;0.704
26677;0.352
26678;0.704
26679;0.704
26680;0.704
26681;0.704
26682;1.408
26683;1.408
26684;1.408
26685;1.408
26686;1.056
26687;0.704
26688;0.704
26689;0.704
26690;0.352
26696;0.352
26697;0.352
26698;0.352
26699;0.352
26700;0.352
26701;0.352
26702;0.352
26703;0.352
26705;0.352
26706;0.704
26707;0.704
26708;1.056
26709;1.056
26710;2.113
26711;2.465
26712;2.465
26713;2.113
26714;1.76
26715;2.465
26716;2.113
26717;2.113
26718;1.76
26719;1.056
26720;1.056
26721;0.704
26722;0.704
26723;0.704
26724;0.352
26725;0.352
26726;0.352
26727;0.704
26728;0.352
26729;0.352
26730;0.352
26731;0.352
26732;0.352
26733;0.352
26734;0.352
279;0.704
26788;0.352
26789;0.352
26790;0.352
26791;0.352
26792;0.352
26793;0.352
26794;0.352
26795;0.704
26796;0.352
26797;0.704
26798;0.704
26799;0.704
26800;0.704
26801;0.704
26802;0.704
26803;0.352
26804;0.352
26809;0.352
26810;0.352
26811;0.352
26812;0.704
26813;0.704
26814;0.704
26815;0.704
26816;0.704
26817;0.352
26818;0.352
26819;0.704
26820;0.352
26821;0.352
26822;0.352
26823;0.352
26824;0.352
26825;0.352
26826;0.352
280;0.352
26847;0.352
26848;0.704
26849;0.704
26850;0.704
26851;0.704
26852;0.704
26853;0.704
26854;0.704
26855;0.352
26858;0.352
26859;0.352
26860;0.352
26861;0.352
26862;0.704
26863;0.704
26864;0.704
26865;0.704
26866;0.704
26867;0.704
26868;0.704
26869;0.704
26870;0.352
26871;0.352
26872;0.352
26873;0.352
26895;0.352
26896;0.704
26897;0.704
26898;0.704
26899;0.704
26900;1.056
26901;1.056
26902;1.056
26903;0.704
26904;0.352
26905;0.352
26906;0.352
26907;0.352
2702;0.352
26924;0.352
2703;0.704
26925;0.352
26926;0.352
26927;0.352
26928;0.352
26929;0.352
26930;0.352
26931;0.352
2704;0.704
2705;0.704
2706;0.704
2707;0.704
2708;0.704
2709;0.704
2710;0.352
27004;0.352
27005;0.352
27006;0.352
27007;0.352
27008;0.352
27009;0.352
27010;0.352
27011;0.352
27015;0.352
27016;0.704
27017;0.704
27018;0.704
27019;0.704
27020;1.408
27021;1.408
27022;1.408
27023;1.056
27024;0.704
27025;0.704
27026;0.704
27027;0.704
27052;0.352
27053;0.352
27054;0.704
27055;0.704
27056;0.704
27057;0.704
27058;0.704
27059;0.704
27060;0.352
27061;0.352
27098;0.352
27099;0.352
27100;0.352
27101;0.352
27102;0.352
27103;0.352
27104;0.352
27105;0.352
27127;0.352
27128;0.352
27129;0.352
27130;0.704
27131;0.704
27132;1.056
27133;1.408
27134;2.113
27135;1.76
27136;1.76
27137;1.76
27138;1.408
27139;1.408
27140;1.056
27141;1.056
27148;0.352
27149;0.352
27150;0.352
27151;0.352
27152;0.352
27153;0.352
27154;0.352
27155;0.352
27157;0.352
27158;0.352
27159;0.352
27160;0.352
27161;0.704
27162;0.704
27163;0.704
27164;0.704
27165;0.352
27166;0.704
27167;0.704
27168;0.704
27169;0.352
27170;0.352
27171;0.352
27172;0.352
27173;0.352
27180;0.352
27181;0.352
27182;0.352
27183;0.352
27184;0.352
27185;0.352
27186;0.352
27187;0.352
27199;0.352
27200;0.352
27201;0.352
27202;0.352
27203;0.352
27204;0.352
27205;0.352
27206;0.352
27207;0.352
27223;0.352
27224;0.352
27225;0.352
27226;0.704
27227;0.704
27228;0.704
27229;0.704
27230;0.704
27235;0.704
27236;0.704
27237;0.704
27238;0.704
27239;0.704
27240;0.704
27241;0.704
27242;0.704
27243;0.352
27244;0.704
27245;0.704
27246;0.704
27247;1.056
27248;1.408
27249;1.408
27250;1.408
27251;1.408
27252;0.704
27253;1.408
27254;1.408
27255;1.056
27256;1.056
27257;1.056
27258;1.056
27259;1.056
27260;1.056
27261;2.113
27262;1.76
27263;1.408
27264;1.408
27265;1.056
27266;1.056
27267;1.408
27268;2.465
27269;2.817
27270;2.817
27271;2.465
27272;2.817
27273;2.817
27274;2.817
27275;2.465
27276;1.76
27277;0.704
27278;0.352
27279;0.352
27281;0.352
27282;0.352
27283;0.352
27284;0.352
27285;0.352
27286;0.352
27287;0.352
27288;0.704
27289;0.704
27290;0.704
27291;0.704
27292;0.704
27293;0.704
27294;0.704
27295;0.704
27296;0.352
27297;0.352
27304;0.352
27305;1.056
27306;1.408
27307;2.113
27308;2.113
27309;2.465
27310;3.521
27311;4.225
27312;4.225
27313;3.521
27314;2.817
27315;2.817
27316;2.817
27317;2.817
27318;1.76
27319;1.76
27320;1.408
27321;1.408
27322;1.056
27334;0.352
27335;0.704
27336;0.704
27337;0.704
27338;0.704
27339;0.704
27340;1.056
27341;1.056
27342;0.704
27343;1.056
27344;0.704
27345;0.704
27346;1.408
27347;1.408
27348;1.408
27349;1.76
27350;1.76
27351;1.408
27352;1.408
27353;1.056
27354;0.352
27355;0.352
27372;0.352
27373;0.352
27374;0.352
27375;0.352
27376;0.352
27377;0.352
27378;0.352
27379;0.352
27400;0.704
27401;1.408
27402;1.408
27403;1.408
27404;1.408
27405;1.408
27406;1.408
27407;1.408
27408;0.704
27409;1.056
27410;0.704
27411;0.704
27412;0.704
27413;0.704
27414;0.704
27415;0.704
27416;1.056
27417;1.056
27418;0.352
27419;0.352
27420;0.352
27421;0.352
27422;0.352
27423;0.352
27449;0.352
27450;0.352
27451;0.352
27452;0.352
27453;0.352
27454;0.352
2756;0.352
27455;0.352
27456;0.352
27462;0.352
27463;0.352
27464;0.352
2757;0.352
27465;0.352
27466;0.704
27467;0.704
27468;0.704
27469;0.704
27470;0.352
27471;0.352
27472;0.352
27473;0.352
27474;0.352
2758;0.352
27479;0.704
27480;0.704
27481;0.704
27482;0.704
27483;0.704
27484;0.704
2759;0.352
27485;0.704
27486;0.704
2760;0.352
27498;0.704
27499;0.704
27500;0.704
27501;0.704
27502;0.704
27503;0.704
27504;0.704
2761;0.352
27505;0.704
27506;0.352
27507;0.352
27508;0.352
2762;0.704
27518;0.352
27519;0.352
27520;0.352
27521;0.352
27522;0.352
27523;0.352
27524;0.352
2763;0.704
27525;0.352
27528;0.352
27529;0.352
27530;0.352
27531;0.352
27532;0.352
27533;0.352
27534;0.352
2764;0.352
27535;0.352
27541;0.704
27542;0.704
27543;0.704
27544;0.704
2765;0.352
27545;0.704
27546;0.704
27547;0.704
27548;0.704
27549;0.704
27550;0.352
27551;0.352
27552;0.352
27553;0.352
27554;0.352
2766;0.352
27555;0.704
27556;0.704
27557;0.352
27558;0.352
27562;0.352
27563;0.704
27564;0.704
2767;0.352
27565;0.704
27566;0.704
27567;0.352
27568;0.352
27569;0.352
27570;0.352
2768;0.352
2769;0.352
27586;0.352
27587;0.352
27588;0.352
27589;0.352
27590;0.352
27591;0.352
27592;0.352
27593;0.352
27642;0.352
27643;0.352
27644;0.352
27645;0.352
27646;0.352
27647;0.352
27648;0.352
27649;0.352
27653;0.352
27654;0.352
2776;0.704
27655;0.352
27656;0.352
27657;0.352
27658;0.352
27659;0.352
27660;0.352
27661;0.352
2777;0.704
2778;0.704
27684;0.352
2779;0.704
27685;0.704
27686;0.704
27687;1.408
27688;1.408
27689;1.408
27690;2.113
27691;1.76
27692;2.113
27693;1.76
27694;1.408
2780;0.704
27695;1.056
27696;1.056
27697;1.056
27698;0.704
27699;0.704
27700;0.352
2781;0.704
27714;0.352
2782;0.704
27715;0.352
27716;0.704
27717;0.704
27718;0.704
27719;0.704
27720;0.704
27721;0.704
27722;0.352
27723;0.352
27724;0.352
2783;1.056
27725;0.352
27726;0.352
27727;0.352
27728;0.352
27729;0.352
27730;0.352
27731;0.352
27733;0.352
27734;0.352
2784;1.056
27735;0.352
27736;0.352
27737;0.352
27738;0.352
27739;0.352
27740;0.352
27741;0.352
27742;0.352
27743;0.352
27744;0.704
2785;0.352
27745;1.056
27746;1.056
27747;1.056
27748;1.056
27749;0.704
27750;0.704
27751;1.056
27752;0.704
27753;0.352
27754;0.352
2786;0.352
27755;0.352
27756;0.352
27757;0.352
27758;0.352
27761;0.352
27762;0.352
27763;0.352
27764;0.352
2787;0.352
27765;0.352
27766;0.352
27767;0.704
27768;0.704
27769;0.704
27770;0.352
27771;0.704
27772;0.704
27773;0.704
27774;0.704
2788;0.352
27775;0.704
27776;0.704
27777;0.704
27778;0.704
27779;0.352
27780;0.352
27781;0.704
27782;0.704
27783;0.704
27784;1.056
2789;0.352
27785;1.056
27786;1.056
27787;1.056
27788;1.056
27789;0.704
27790;0.704
27791;0.704
27792;0.704
27793;0.352
2790;0.352
27803;0.704
27804;0.704
27805;1.056
27806;1.056
27807;1.056
27808;1.056
27809;1.056
27810;1.056
27811;0.704
27812;0.704
27813;0.352
27814;0.352
27815;0.704
27816;0.704
27817;1.056
27818;1.408
27819;1.76
27820;2.465
27821;2.465
27822;2.465
27823;2.817
27824;2.817
27825;2.465
27826;2.465
27827;2.465
27828;2.113
27829;1.76
27830;1.056
27831;0.704
27832;0.704
27833;0.704
27834;1.408
2794;0.352
27835;1.408
27836;1.408
27837;1.408
27838;1.76
27839;1.76
27840;1.408
27841;1.408
27842;0.704
27843;0.704
27844;0.704
2795;0.704
27845;0.352
27848;0.704
27849;0.704
27850;0.704
27851;1.056
27852;1.76
27853;1.76
27854;2.113
2796;0.704
27855;2.113
27856;1.408
27857;1.408
27858;1.408
27859;1.056
27860;0.704
27861;0.352
27862;0.352
2797;1.056
27869;0.352
27870;0.352
27871;0.352
27872;0.352
27873;0.352
2798;1.056
2799;1.408
27888;0.352
27889;0.352
27890;0.704
27891;0.704
27892;0.704
27893;0.704
27894;0.704
2800;1.408
27895;1.056
27896;1.76
27897;1.408
27898;1.408
27899;1.408
27900;1.76
27901;2.113
27902;2.113
27903;1.76
27904;1.408
2801;1.408
27905;1.056
27906;1.056
27907;1.056
27908;0.704
27909;0.352
27910;0.352
27911;0.352
27912;1.056
27913;1.056
27914;1.056
2802;1.056
27915;0.704
27916;1.056
27917;1.056
27918;1.056
27919;1.056
27920;0.352
27921;0.352
27922;0.352
27923;0.352
2803;0.704
27925;0.352
27926;0.352
27927;0.352
27928;0.352
27929;0.352
27930;0.352
27931;0.704
27932;0.704
27933;0.352
27934;0.352
2804;0.704
27935;0.704
27936;1.056
27937;1.408
27938;1.408
27939;1.056
27940;1.408
27941;1.408
27942;1.408
27943;1.056
27944;1.056
2805;0.352
27945;0.352
27946;0.352
27947;0.352
2806;0.352
27959;0.352
27960;0.352
27961;0.352
27962;0.352
27963;0.352
27964;0.352
27965;0.352
27966;0.352
27971;0.352
27972;0.352
27973;0.352
27974;0.352
27975;0.352
27976;0.352
27977;0.352
27978;0.352
28008;0.352
28009;0.352
28010;0.352
28011;0.352
28012;0.352
28013;0.352
28014;0.352
28015;0.352
28017;0.704
28018;1.056
28019;1.056
28020;1.056
28021;1.056
28022;1.408
28023;1.408
28024;1.408
28025;0.704
28026;0.352
28027;0.352
28028;0.352
28029;0.352
28031;0.352
28032;0.352
28033;0.352
28034;0.352
28035;0.352
28036;0.352
28037;0.352
28038;0.352
28047;0.352
28048;0.352
28049;0.352
28050;0.352
28051;0.352
28052;0.352
28053;0.352
28054;0.352
28055;1.056
28056;1.056
28057;1.056
28058;1.408
28059;1.408
28060;1.408
28061;1.408
28062;1.056
28063;0.704
28064;0.704
28065;0.704
28066;0.704
28067;0.352
28068;0.352
28069;0.352
28070;0.352
28071;0.352
2819;0.352
28086;0.352
28087;0.352
28088;0.352
28089;0.352
28090;0.352
28091;0.352
28092;0.352
28093;0.352
28094;0.352
2820;0.352
28095;0.352
28096;0.352
28097;0.352
28098;0.352
28099;0.352
28100;1.056
28101;1.056
28102;1.056
28103;1.056
28104;0.704
2821;0.352
28105;0.704
28106;0.704
28107;0.704
28108;0.352
28109;0.352
2822;0.352
2823;0.352
28128;0.352
28129;0.352
28130;0.352
28131;0.704
28132;0.704
28133;0.704
28134;0.704
2824;0.352
28135;0.704
28136;0.352
28137;0.352
28138;0.352
28139;0.352
28140;0.704
28141;1.056
28142;1.408
28143;1.408
28144;1.408
2825;0.352
28145;1.056
28146;1.056
28147;1.056
28148;0.704
28149;0.704
28150;1.056
28151;0.704
28152;0.704
28153;0.704
28154;1.056
2826;0.352
28155;1.056
28156;1.056
28157;1.056
28158;0.704
28159;0.704
28160;0.704
28161;1.056
28162;0.704
28163;1.056
28164;1.056
2827;0.352
28165;0.704
28166;0.704
28167;0.704
28168;0.704
28169;0.704
28170;0.352
2828;0.704
2829;0.704
2830;1.056
2831;0.704
2832;0.704
28217;0.352
28218;0.352
28219;0.352
28220;0.352
28221;0.352
28222;0.352
28223;0.352
28224;0.352
2833;0.704
2834;0.704
28241;1.056
28242;1.056
28243;1.408
28244;1.408
2835;0.704
28245;1.408
28246;1.408
28247;1.408
28248;1.408
28249;0.704
28250;0.704
28251;0.352
28252;0.352
28253;0.352
28254;0.352
2836;0.352
28255;0.352
28256;0.352
28264;2.817
2837;0.352
28265;2.817
28266;2.817
28267;2.817
28268;2.817
28269;2.817
28270;3.169
28271;3.521
28272;0.704
28273;0.704
28274;0.704
2838;0.352
28275;0.704
28276;0.704
28277;0.704
28278;0.352
28331;0.352
28332;0.352
28333;0.352
28334;0.352
28335;0.352
28336;0.352
28337;0.704
28338;0.704
28339;0.352
28340;0.352
28341;0.352
28342;0.352
28343;0.352
28344;0.352
28346;0.352
28347;0.352
28348;0.352
28349;0.704
28350;1.056
28351;1.056
28352;1.056
28353;1.056
28354;0.704
28355;0.704
28356;0.704
28357;0.704
28362;0.352
28363;0.352
28364;0.352
28365;0.352
28366;0.352
28367;0.352
28368;0.352
28369;0.352
28408;0.352
28409;0.352
28410;0.352
28411;0.352
28412;0.352
28413;0.352
28414;0.352
28415;0.352
28436;0.352
28437;0.352
28438;0.352
28439;0.352
28440;0.352
28441;0.352
28442;0.352
28443;0.352
28444;0.352
28589;0.352
28590;0.352
28591;0.352
28592;1.056
28593;1.056
28594;1.056
28595;1.056
28596;1.408
28597;1.408
28598;1.056
28599;1.056
28600;0.704
28601;0.352
28602;0.352
28603;0.352
28617;1.056
28618;1.056
28619;1.056
28620;1.056
28621;1.408
28622;15.492
28623;15.492
28624;15.492
28625;15.844
28626;16.196
28627;15.844
28628;15.492
28629;15.14
28630;1.056
28631;1.056
28632;1.056
28633;0.704
28634;0.352
28641;0.352
28642;0.352
28643;0.704
28644;0.704
28645;0.704
28646;0.704
28647;0.704
28648;0.704
28649;0.704
28650;0.352
28750;1.056
28751;1.056
28752;1.056
28753;1.056
28754;1.056
2886;0.352
28755;1.056
28756;1.056
28757;1.056
28764;0.704
2887;0.352
28765;0.704
28766;0.704
28767;0.704
28768;0.704
28769;0.704
28770;0.704
28771;0.704
28772;0.704
2888;0.352
28776;0.352
28777;0.352
28778;0.352
28779;0.352
28780;0.352
28781;0.352
28782;0.352
28783;0.352
28784;0.352
2889;0.704
2890;0.704
28795;0.704
28796;0.704
28797;0.704
28798;0.704
28799;0.704
28800;0.704
28801;0.704
28802;0.704
2891;0.704
2892;1.056
28823;0.352
28824;0.352
2893;1.056
28825;0.352
28826;0.352
28827;0.704
28828;0.704
28829;0.704
28830;0.704
28831;0.352
2894;1.408
2895;1.056
28851;0.704
28852;1.056
28853;1.056
28854;1.056
2896;1.056
28855;1.056
28856;1.408
28857;1.408
28858;1.408
28859;0.704
28860;0.704
28861;0.352
28862;0.352
28863;0.352
2897;0.704
28866;0.352
28867;0.352
28868;0.352
28869;0.352
28870;0.352
28871;0.352
28872;0.352
28873;0.352
2898;0.704
2899;0.704
28885;0.352
28886;0.352
28887;0.352
28888;0.352
28889;0.352
28890;0.352
28891;0.352
28892;0.352
28893;1.056
28894;0.704
2900;0.704
28895;0.704
28896;0.704
28897;1.056
28898;1.056
28899;1.056
28900;1.056
28901;0.352
28902;0.352
28903;0.352
28904;0.352
2901;0.352
28905;0.352
28907;0.352
28908;0.352
28909;0.352
28910;0.352
28911;0.352
28912;0.352
28913;0.352
28914;0.352
2902;0.352
28920;0.352
28921;0.352
28922;0.352
28923;0.352
28924;0.352
28925;0.352
28926;0.352
28927;0.352
28953;0.352
28954;0.352
28955;0.352
28956;0.352
28957;0.352
28958;0.352
28959;0.352
28960;0.352
28963;1.408
28964;1.408
28965;1.408
28966;1.408
28967;1.408
28968;1.408
28969;1.408
28970;1.408
28971;0.352
28972;1.408
28973;1.408
28974;1.76
2908;0.352
28975;1.76
28976;1.76
28977;1.76
28978;1.76
28979;1.76
28980;1.056
28981;0.352
28982;0.352
28983;0.352
28984;0.352
2909;0.352
28985;0.352
28986;0.352
28987;0.704
28988;0.704
28989;0.704
28990;0.352
28991;0.352
28992;0.352
28993;0.352
28994;0.352
2910;0.704
28995;0.352
28996;0.352
28997;0.352
28998;0.352
28999;0.352
29000;0.704
29001;0.704
29002;0.704
29003;0.704
29004;0.704
2911;0.704
29005;0.352
29006;0.352
29007;0.352
2912;0.352
29015;0.352
29016;0.352
29017;0.352
29018;0.352
29019;0.352
29020;0.352
29021;0.352
29022;0.352
2913;0.352
2914;0.352
29035;0.352
29036;0.352
29037;0.352
29038;0.352
29039;0.352
29040;0.352
29041;0.352
29042;0.352
2915;0.352
2916;0.352
2917;0.352
29067;0.352
29068;0.352
29069;0.352
29070;0.352
29071;0.704
29072;0.704
29073;0.704
29074;1.056
29075;0.704
29076;0.704
29077;1.408
29078;1.408
29079;1.056
29080;1.056
29081;1.056
29082;0.704
29083;0.704
29084;0.704
29087;0.352
29088;0.352
29089;0.352
29090;0.352
29091;0.352
29092;0.352
29093;0.352
29094;0.352
29112;0.352
29113;0.352
29114;0.352
29115;0.352
29116;0.352
29117;0.704
29118;0.704
29119;1.76
29120;1.76
29121;1.76
29122;1.76
29123;2.113
29124;2.113
29125;1.76
29126;1.76
29127;1.408
29128;0.704
29129;0.352
29130;0.352
29131;0.704
29132;0.352
29133;0.352
29134;0.352
29135;0.352
29136;0.352
29137;0.352
29138;0.352
29152;0.352
29153;0.352
29154;0.352
29155;0.352
29156;0.352
29157;0.352
29158;0.352
29159;0.352
29160;0.352
2927;0.352
2928;0.352
2929;0.352
29189;0.352
29190;0.352
29191;0.352
29192;0.352
29193;0.352
29194;0.352
2930;0.352
29195;0.352
29196;0.352
2931;0.352
2932;0.352
2933;0.352
2934;0.352
29246;0.352
29247;0.352
29248;0.352
29249;0.352
29250;0.352
29251;0.352
29252;0.704
29253;0.704
29254;0.352
29255;0.352
29256;0.352
29257;0.352
29258;0.352
29259;0.352
29260;0.352
29296;0.352
29297;0.352
29298;0.704
29299;0.704
29300;0.704
29301;0.704
29302;1.056
29303;1.056
29304;0.704
29305;0.704
29306;0.352
29313;0.352
29314;0.352
2942;0.352
29315;0.704
29316;0.704
29317;0.704
29318;0.704
29319;0.704
29320;1.056
29321;0.704
29322;0.704
29323;0.352
29324;0.352
2943;0.352
29325;0.352
29326;0.704
29327;0.704
29328;0.352
29329;0.352
29330;0.352
29331;0.704
29332;0.704
29333;0.704
29334;0.704
2944;0.352
29335;0.704
29336;0.352
29337;0.352
29338;0.352
29339;0.352
2945;0.352
29353;0.352
29354;0.352
2946;0.704
29355;0.352
29356;0.352
29357;0.352
29358;0.352
29359;0.352
29360;2.817
29361;2.817
29362;34.153
29363;34.857
29364;34.857
2947;0.704
29365;35.209
29366;35.209
29367;34.857
29368;32.392
29369;32.392
29370;13.38
29371;0.704
29372;0.704
29373;0.352
2948;0.704
29379;0.352
29380;0.352
29381;0.352
29382;2.113
29383;3.521
29384;4.225
2949;0.704
29385;5.281
29386;5.633
29387;5.633
29388;5.281
29389;5.281
29390;3.521
29391;2.113
29392;1.408
29393;0.352
29394;0.352
2950;0.352
2951;0.352
2952;0.352
2953;0.352
29428;0.704
29429;1.408
29430;1.408
29431;2.465
29432;2.817
29433;3.169
29434;3.873
29435;4.225
29436;3.521
29437;3.521
29438;2.817
29439;2.465
29440;1.76
29441;1.056
29442;0.352
29453;0.352
29454;0.352
29455;0.352
29456;1.056
29457;1.056
29458;1.056
29459;1.056
29460;1.056
29461;0.704
29462;0.704
29463;0.704
29480;0.352
29481;0.352
29482;0.352
29483;0.352
29484;0.352
29485;0.352
29486;0.352
29487;0.352
29488;0.352
29505;0.352
29506;0.352
29507;0.352
29508;0.352
29509;0.352
29510;0.352
29511;0.352
29512;0.352
29514;0.352
29515;0.352
29516;0.352
29517;0.352
29518;0.352
29519;0.352
29520;0.352
29521;0.352
29522;0.352
2963;0.352
2964;0.352
29536;0.352
29537;0.352
29538;0.352
29539;0.352
29540;0.352
29541;0.352
29542;0.352
29543;0.352
29544;0.352
2965;0.352
29548;0.352
29549;0.704
29550;0.704
29551;0.704
29552;1.056
29553;1.056
29554;1.056
2966;0.352
29555;1.056
29556;0.704
29557;0.352
29558;0.352
29559;0.352
2967;0.352
2968;0.352
2969;0.352
2970;0.352
29600;0.352
29601;0.352
29602;0.704
29603;0.704
29604;0.704
2971;0.352
29605;0.704
29606;0.704
29607;1.056
29608;0.704
29609;0.704
29610;0.704
29611;0.352
29612;0.352
29613;0.352
29614;0.704
29615;0.704
29616;0.352
29617;0.352
29618;0.352
29619;0.352
29620;0.352
29621;0.352
29634;0.352
29635;0.352
29636;0.352
29637;0.352
29638;0.352
29639;0.352
29640;0.352
29641;0.352
29642;0.352
29650;0.352
29651;0.352
29652;0.352
29653;0.352
29654;0.352
29655;0.352
29656;0.352
29657;0.704
29658;0.352
29659;0.352
29660;0.352
29661;0.352
29662;0.352
29663;0.352
29664;7.042
29665;6.69
29666;7.042
29667;7.042
29668;7.394
29669;7.394
29670;7.394
29671;7.394
29672;0.704
29673;0.704
29674;0.352
29675;0.352
29681;0.352
29682;0.352
29683;0.352
29684;0.352
29685;0.352
29686;0.352
29687;0.704
29688;0.704
29689;0.352
29690;0.352
29691;0.352
29692;0.352
29693;0.352
29694;0.352
29705;0.352
29706;0.352
29707;0.352
29708;0.352
29709;0.352
29710;0.352
29711;0.352
29712;0.352
29713;0.352
29714;0.352
29715;0.352
29716;0.704
29717;1.056
29718;1.056
29719;1.408
29720;1.408
29721;1.056
29722;1.056
29723;1.056
29724;0.704
29725;0.352
29726;0.352
29780;0.704
29781;0.704
29782;0.704
29783;0.704
29784;0.704
29785;0.704
29786;1.056
29787;1.408
29788;1.408
29789;0.704
29790;0.704
29791;0.704
29792;0.704
29793;0.704
29794;0.352
29807;0.704
29808;0.704
29809;0.704
29810;1.056
29811;1.408
29812;3.521
29813;3.521
29814;4.577
2992;0.352
29815;7.042
29816;6.69
29817;7.746
29818;7.746
29819;6.69
29820;5.281
29821;4.929
29822;4.225
29823;1.056
29824;1.056
2993;0.352
29825;0.352
29826;0.352
29827;0.352
29828;0.352
29829;0.352
29830;0.352
29831;0.352
29832;0.352
29833;0.352
2994;0.352
29837;0.352
29838;0.704
29839;1.408
29840;1.76
29841;1.76
29842;1.76
29843;1.76
29844;2.113
2995;0.352
29845;2.113
29846;2.113
29847;2.113
29848;1.056
29849;1.408
29850;1.76
29851;2.113
29852;2.113
29853;1.76
29854;1.76
2996;0.352
29855;1.056
29856;1.056
29857;0.704
29858;0.352
29860;0.352
29861;0.352
29862;0.352
29863;0.352
29864;0.704
2997;0.704
29865;1.056
29866;2.113
29867;3.169
29868;8.098
29869;11.619
29870;11.619
29871;11.971
29872;11.971
29873;11.619
29874;10.563
2998;0.704
29875;10.211
29876;8.45
2999;0.704
3000;0.352
3001;0.352
3002;0.352
3003;0.352
3004;0.352
3007;0.352
3008;0.352
3009;0.352
3010;0.352
3011;0.352
3012;0.352
3013;0.352
3014;0.352
3020;0.704
3021;0.704
3022;0.704
3023;0.704
3024;1.056
3025;1.056
3026;1.408
3027;1.76
3028;1.056
3029;1.056
3030;1.056
3031;1.056
3032;0.704
3033;0.704
3034;0.704
3035;0.352
3036;0.352
3037;0.352
3038;0.352
3039;0.352
3040;0.352
3041;0.352
3048;0.352
3049;0.352
3050;0.352
3051;1.76
3052;2.465
3053;2.817
3054;3.169
3055;3.169
3056;3.521
3057;3.521
3058;3.521
3059;2.113
3060;1.76
3061;1.408
3062;0.704
3063;0.704
3064;0.704
3065;0.704
3066;0.704
3067;0.704
3068;0.704
3069;0.704
3070;0.704
3071;0.704
3072;0.704
3073;0.704
3075;0.352
3076;0.352
3077;0.352
3078;0.352
3079;0.352
3080;0.352
3081;0.352
3082;0.352
3083;0.704
3084;0.352
3085;0.352
3086;0.352
3087;0.352
3088;0.352
3089;0.352
3090;0.352
320;0.352
321;0.352
322;0.352
323;0.352
3128;0.352
3129;0.352
3130;0.352
3131;0.352
3132;0.352
3133;0.352
3134;0.352
3135;0.352
324;0.352
325;0.352
3151;0.352
3152;0.352
3153;0.352
3154;0.352
3155;0.352
326;0.352
3156;0.352
3157;0.352
3158;0.352
3159;0.352
3160;0.352
3161;0.352
3162;1.056
3163;1.056
3164;1.056
3165;1.056
327;0.352
3166;1.056
3167;1.056
3168;1.056
3169;0.704
3179;0.352
3180;0.352
3181;0.704
3182;0.704
3183;1.056
3184;1.76
3185;1.76
3186;1.76
3187;1.76
3188;1.76
3189;1.76
3190;1.76
3191;1.408
3192;0.704
3193;0.352
3194;0.352
3205;0.352
3206;0.352
3207;0.352
3208;0.352
3209;0.352
3210;0.352
3211;0.352
3212;0.352
3213;0.352
3214;0.352
3215;0.352
3216;0.352
3217;0.352
3218;0.704
3219;0.704
3220;1.056
3221;1.056
3222;1.056
3223;1.056
3224;0.704
3225;0.704
3226;0.352
3227;0.352
3228;0.352
3229;0.352
3230;0.352
3231;0.352
3232;0.352
3233;0.352
3234;0.352
3235;0.352
3316;0.704
3317;0.704
3318;0.704
3319;0.704
3320;0.704
3321;0.704
3322;0.704
3323;0.704
3324;0.352
3325;0.352
3338;0.352
3339;0.352
3340;0.352
3341;0.352
3342;0.352
3343;0.352
3344;0.352
3345;0.352
3348;0.352
3349;0.352
3350;0.704
3351;0.704
3352;1.056
3353;1.056
3354;1.408
3355;2.113
3356;1.76
3357;2.113
3358;2.113
3359;2.113
3360;1.76
3361;1.76
3362;1.408
3363;1.056
3364;0.704
3365;0.704
3372;0.352
3373;0.352
3374;0.352
3375;0.704
3376;1.056
3377;1.056
3378;1.056
3379;1.76
3380;2.465
3381;3.873
3382;3.873
3383;7.042
3384;6.69
3385;7.042
3386;7.394
3387;3.521
3388;2.817
3389;2.113
3390;1.056
3391;1.056
3392;1.056
3393;0.704
3394;0.704
3395;0.704
3410;0.704
3411;0.704
3412;0.704
3413;0.704
3414;0.704
3415;0.704
352;0.352
3416;1.056
3417;1.056
3418;1.408
3419;1.408
3420;1.408
3421;1.408
3422;1.408
3423;1.408
3424;1.408
3425;1.056
353;0.352
3426;0.704
3427;1.408
3428;1.76
3429;1.76
3430;1.76
3431;1.76
3432;1.408
3433;1.408
3434;1.408
3435;1.408
354;0.352
3437;0.352
3438;0.704
3439;0.704
3440;0.704
3441;1.056
3442;1.056
3443;1.056
3444;1.056
3445;0.704
355;0.352
3446;0.352
3447;0.352
3448;0.352
3449;0.352
3450;0.352
3451;0.352
3452;0.352
3453;0.352
3454;0.352
3455;0.352
356;0.352
3456;0.352
3457;0.352
357;0.352
3471;0.352
3472;0.352
3473;0.352
3474;0.352
3475;0.352
358;0.352
3476;0.352
3477;0.352
3478;0.352
359;0.352
3499;0.352
3500;0.352
3501;0.352
3502;0.352
3503;0.352
3504;0.352
3505;0.352
3506;0.352
3520;0.352
3521;0.352
3522;0.352
3523;0.352
3524;0.352
3525;0.352
3526;0.352
3527;0.352
3533;0.704
3534;0.704
3535;0.704
3536;0.704
3537;0.704
3538;0.704
3539;0.704
3540;0.704
3550;0.352
3551;0.352
3552;0.352
3553;0.352
3554;0.352
3555;0.352
3556;0.352
3557;0.352
3562;0.352
3563;0.352
3564;0.352
3565;0.704
3566;0.704
3567;0.704
3568;0.704
3569;0.704
3570;0.352
3571;0.352
3572;0.352
3590;0.352
3591;0.352
3592;0.352
3593;0.352
3594;0.352
3595;0.352
3596;0.352
3597;0.352
3604;1.408
3605;1.408
3606;1.408
3607;1.408
3608;1.408
3609;1.408
3610;1.408
3611;1.408
3612;0.704
3633;0.352
3634;0.352
3635;0.352
3636;0.352
3637;0.352
3638;0.352
3639;0.704
3640;0.704
3641;0.704
3642;0.352
3643;0.352
3646;0.352
3647;0.352
3648;0.352
3649;0.352
3650;0.352
3651;0.352
3652;0.352
3653;0.352
3656;0.352
3657;0.352
3658;0.352
3659;0.704
3660;0.704
3661;0.704
3662;0.704
3663;0.704
3664;0.704
3665;0.704
3666;0.704
3667;0.704
3668;0.352
3671;0.352
3672;1.056
3673;1.408
3674;1.408
3675;1.408
3676;1.76
3677;1.76
3678;1.76
3679;1.408
3680;1.056
3681;0.352
3682;0.352
3683;0.352
3705;0.352
3706;0.352
3707;0.352
3708;0.352
3709;0.352
3710;0.352
3711;0.352
3712;0.352
3713;0.352
3714;0.352
3715;1.056
3716;1.056
3717;1.056
3718;1.408
3719;1.408
3720;1.408
3721;1.056
3722;1.056
3723;0.704
3724;0.352
3725;0.352
3748;0.352
3749;0.352
3750;0.352
3751;0.704
3752;0.704
3753;0.704
3754;0.704
3755;0.704
3756;0.352
3757;0.704
3758;0.704
3759;0.352
3760;0.704
3761;0.704
3762;0.704
3763;0.704
3764;0.704
3765;0.352
3766;0.352
3767;0.352
3782;0.352
3783;0.352
3784;0.352
3785;0.352
3786;0.352
3787;0.352
3788;0.704
3789;0.704
3790;0.352
3791;0.352
3792;0.352
3793;0.352
3794;0.352
3795;0.352
3801;0.352
3802;0.352
3803;0.352
3804;0.704
3805;0.704
3806;0.704
3807;0.704
3808;0.704
3809;0.704
3810;0.704
3811;0.352
3824;0.352
3825;0.352
3826;0.352
3827;0.704
3828;0.704
3829;0.704
3830;1.056
3831;1.408
3832;1.056
3833;1.056
3834;1.056
3835;1.408
3836;1.408
3837;1.76
3838;1.408
3839;1.056
3840;0.704
3841;1.056
3842;1.056
3843;0.704
3844;0.704
3845;0.352
3846;0.704
3847;1.408
3848;1.408
3849;1.408
3850;1.76
3851;1.76
3852;1.76
3853;1.76
3854;1.408
3855;0.704
3856;0.704
3857;0.352
3882;0.352
3883;0.352
3884;0.352
3885;0.352
3886;0.352
3887;0.352
3888;0.352
3889;0.352
400;0.352
401;0.704
3910;1.056
3911;1.408
3912;1.408
3913;1.408
3914;1.76
3915;1.76
402;0.704
3916;1.76
3917;2.113
3918;1.408
3919;0.704
3920;0.704
3921;0.704
3922;0.704
3923;0.704
3924;0.352
403;1.056
3930;0.352
3931;0.352
3932;0.352
3933;0.352
3934;1.056
3935;1.408
404;1.056
3936;1.408
3937;1.408
3938;1.056
3939;1.056
3940;1.408
3941;1.76
3942;1.056
3943;0.704
3944;0.704
3945;1.056
405;1.056
3946;1.056
3947;1.056
3948;1.056
3949;1.056
3950;0.704
3951;0.704
3952;0.704
3953;1.056
3954;2.817
3955;3.521
406;1.056
3956;3.169
3957;3.169
3958;2.817
3959;2.817
3960;2.817
3961;2.817
3962;2.817
3963;0.704
3964;0.352
3965;0.352
407;1.408
3966;0.352
3967;0.352
3968;0.352
408;1.056
3977;0.352
3978;0.352
3979;0.352
3980;0.352
3981;0.352
3982;0.352
3983;0.352
3984;0.352
409;0.704
3987;0.352
3988;0.352
3989;0.352
3990;0.352
3991;0.352
3992;0.352
3993;0.352
3994;0.352
410;0.704
4001;0.352
4002;0.352
4003;0.352
4004;0.704
4005;0.704
411;0.352
4006;0.704
4007;0.704
4008;0.704
4009;0.704
4010;0.704
4011;0.352
412;0.352
4016;0.352
4017;0.352
4018;0.352
4019;0.352
4020;0.352
4021;0.352
4022;0.352
4023;0.352
413;0.352
4027;0.352
4028;0.352
4029;0.352
4030;0.352
4031;0.352
4032;0.352
4033;0.352
4034;0.352
414;0.352
4036;0.352
4037;0.352
4038;0.352
4039;0.352
4040;0.352
4041;0.352
4042;0.352
4043;0.352
4044;0.352
415;0.352
4049;0.352
4050;0.352
4051;0.352
4052;0.352
4053;0.352
4054;0.352
4055;0.352
4056;0.352
4057;0.352
4058;0.352
4059;0.352
4060;0.352
4061;0.352
4062;0.352
4063;0.352
4064;0.352
4065;0.352
4066;0.352
4067;0.352
4093;0.352
4094;0.704
4095;1.056
4096;1.056
4097;1.056
4098;1.056
4099;1.056
4100;1.056
4101;1.056
4102;1.056
4103;0.352
4104;0.352
4105;0.704
4106;0.704
4107;0.704
4108;0.704
4109;0.352
4110;0.352
4111;0.352
4112;0.352
4124;3.169
4125;3.169
4126;3.169
4127;3.169
4128;3.169
4129;3.169
4130;3.169
4131;3.169
4138;0.352
4139;0.352
4140;0.352
4141;0.352
4142;0.352
4143;0.352
4144;0.352
4145;0.352
4146;0.352
4147;0.352
4148;0.352
4156;0.352
4157;0.352
4158;0.352
4159;0.352
4191;0.352
4192;0.352
4193;0.352
4194;0.352
4195;0.352
4196;0.352
4197;0.704
4198;0.704
4199;0.352
4200;0.352
4217;0.704
4218;0.704
4219;0.704
4220;0.704
4221;0.704
4222;0.704
4223;0.704
4224;0.704
4225;0.352
4287;0.352
4288;0.352
4289;0.352
4290;0.352
4291;0.704
4292;0.704
4293;0.704
4294;0.704
4295;0.704
4296;0.704
4297;1.408
4298;1.056
4299;1.056
4300;1.056
4301;1.408
4302;1.76
4303;1.76
4304;1.76
4305;1.408
4306;1.408
441;0.704
4307;1.76
4308;1.76
4309;1.408
4310;1.056
4311;1.056
4312;0.704
4313;0.704
4314;0.352
442;0.704
4317;0.352
4318;0.352
4319;0.352
4320;0.704
4321;0.704
4322;0.704
4323;0.704
4324;0.704
4325;0.352
4326;0.352
443;0.704
4327;0.352
4331;0.352
4332;0.352
4333;0.352
4334;0.352
4335;0.704
4336;0.704
444;0.704
4337;0.704
4338;0.704
4339;0.704
4340;0.352
4341;0.352
4342;0.352
4343;0.352
4344;0.352
4345;0.704
4346;0.704
445;0.704
4347;0.704
4348;0.704
4349;0.704
4350;0.704
4351;0.704
4352;0.352
4353;0.352
4354;0.352
4355;0.352
4356;0.352
446;0.704
4357;0.352
4358;0.352
4359;0.352
4360;1.056
4361;1.056
4362;0.704
4363;0.704
4364;1.056
4365;1.056
4366;1.056
447;0.704
4367;1.056
4368;0.704
4369;0.352
4370;0.704
4371;0.704
4372;0.704
4373;0.352
4374;0.352
4375;0.352
4376;0.704
448;0.704
4377;0.704
4378;0.704
4379;0.352
4380;0.352
4381;0.352
4382;0.352
4383;0.352
4397;0.704
4398;0.704
4399;1.408
4400;1.408
4401;1.408
4402;1.408
4403;1.408
4404;1.408
4405;1.056
4406;0.704
4409;0.704
4410;0.704
4411;0.704
4412;0.704
4413;0.704
4414;0.704
4415;0.704
4416;0.704
4433;0.352
4434;0.352
4435;0.352
4436;0.352
4437;0.352
4438;0.352
4439;0.352
4440;0.352
4454;0.352
4455;0.352
4456;0.352
4457;0.352
4458;0.352
4459;0.352
4460;0.352
4461;1.056
4462;0.704
4463;0.704
4464;0.704
4465;0.704
4466;0.704
4467;0.704
4468;0.704
4483;0.352
4484;0.704
4485;0.704
4486;0.704
4487;1.056
4488;1.056
4489;1.056
4490;1.056
4491;1.056
4492;0.352
4493;0.352
4494;0.352
4495;0.352
4496;0.352
4498;0.352
4499;0.352
4500;0.352
4501;0.352
4502;0.352
4503;0.352
4504;0.352
4505;0.352
4506;0.704
4507;0.352
4508;0.352
4509;0.352
4510;0.352
4511;0.352
4512;0.352
4513;0.352
4527;0.352
4528;0.352
4529;0.352
4530;0.352
4531;0.352
4532;0.352
4533;0.352
4534;0.352
4542;0.352
4543;0.352
4544;0.704
4545;0.704
4546;0.704
4547;0.704
4548;0.704
4549;0.704
4550;0.352
4551;0.352
4552;0.352
4589;0.352
4590;0.704
4591;0.704
4592;0.704
4593;0.704
4594;0.704
4595;0.704
4596;0.704
470;0.352
4597;0.352
471;0.352
4614;0.352
4615;0.704
4616;0.704
472;0.352
4617;0.704
4618;0.704
4619;0.704
4620;0.704
4621;0.704
4622;0.352
473;0.352
4633;0.704
4634;0.704
4635;0.704
4636;0.704
474;0.352
4637;0.704
4638;0.704
4639;0.704
4640;0.704
4641;0.352
4642;0.352
4643;0.352
475;0.352
476;0.352
4663;0.352
4664;0.352
4665;0.352
4666;0.352
477;0.352
4667;0.352
4668;0.352
4669;0.352
4670;0.352
4685;0.352
4686;0.352
4687;0.352
4688;0.352
4689;1.056
4690;1.408
4691;1.408
4692;1.76
4693;2.465
4694;48.237
4695;48.589
4696;48.589
4697;48.941
4698;48.237
4699;48.237
4700;48.237
4701;47.18
4702;1.056
4703;0.704
4704;0.704
4729;0.352
4730;0.352
4731;0.352
4732;0.352
4733;0.352
4734;0.352
4735;0.704
4736;1.76
4737;1.76
4738;2.113
4739;1.76
4740;1.76
4741;1.76
4742;1.76
4743;1.408
4744;1.408
4745;0.352
4746;0.352
4749;0.352
4750;0.352
4751;0.352
4752;0.352
4753;0.352
4754;0.352
4755;0.352
4756;0.352
4757;1.056
4758;1.056
4759;1.056
4760;1.76
4761;2.465
4762;2.465
4763;3.169
4764;3.169
4765;2.465
4766;2.465
4767;2.465
4768;2.113
4769;1.408
4770;1.056
4771;0.704
4772;0.704
4773;0.704
4774;0.352
4784;0.352
4785;0.352
4786;0.704
4787;0.704
4788;0.704
4789;0.704
4790;0.704
4791;0.704
4792;0.352
4793;0.352
4813;0.352
4814;0.704
4815;0.704
4816;0.704
4817;0.704
4818;0.704
4819;0.704
4820;0.704
4821;0.704
4822;0.352
4823;0.352
4839;0.704
4840;0.704
4841;0.704
4842;0.704
4843;0.704
4844;1.408
4845;1.408
4846;1.408
4847;0.704
4848;0.704
4849;0.704
4850;0.704
4851;0.704
4852;0.352
4858;0.352
4859;0.352
4860;0.352
4861;0.352
4862;0.352
4863;0.704
4864;0.704
4865;1.056
4866;0.704
4867;0.704
4868;0.704
4869;0.704
4870;0.704
4871;0.352
4872;0.352
4876;0.704
4877;0.704
4878;0.704
4879;0.704
4880;0.704
4890;0.352
4891;0.352
4892;0.352
4893;0.704
4894;0.704
4895;0.704
4896;0.704
4897;0.704
4898;0.352
4899;0.352
4900;0.352
4901;0.352
4904;0.352
4905;0.352
4906;0.352
4907;0.352
4908;0.352
4909;0.352
4910;0.352
4911;0.352
4940;0.704
4941;0.704
4942;0.704
4943;1.408
4944;2.113
4945;3.521
4946;3.521
4947;3.521
4948;2.817
4949;2.817
4950;2.817
4951;2.465
4952;2.465
4953;0.704
4954;0.352
4955;0.352
4956;0.352
506;0.352
4957;0.352
4958;0.352
4959;0.352
507;0.352
508;0.352
509;0.352
510;0.352
511;0.352
512;0.352
5018;0.352
5019;0.352
5020;0.352
5021;0.352
5022;0.352
5023;0.352
5024;0.352
5025;0.352
513;0.352
514;0.352
5058;0.352
5059;0.352
5060;0.704
5061;0.704
5062;0.704
5063;0.704
5064;0.704
5065;0.704
5066;0.704
517;0.352
5067;0.352
518;0.352
5078;0.352
5079;0.352
5080;0.352
5081;0.352
5082;0.704
5083;1.056
5084;1.056
5085;1.408
5086;1.408
62;0.352
519;0.352
5087;1.408
5088;1.408
5089;1.408
5090;1.056
5091;5.633
5092;5.986
5093;5.633
5094;5.281
5095;4.929
5096;4.929
520;0.352
5097;4.929
5098;4.929
5099;0.352
5100;0.352
521;0.352
5108;0.352
5109;0.352
5110;0.352
5111;0.704
5112;0.704
5113;0.704
5114;1.408
5115;2.113
5116;4.929
522;0.352
5117;5.281
5118;5.633
5119;5.281
5120;5.281
5121;5.986
5122;5.986
5123;5.281
5124;2.817
5125;1.76
5126;0.704
523;0.352
5127;1.408
5128;1.408
5129;1.056
5130;0.704
5131;0.704
5132;0.704
5133;0.704
5134;0.704
524;0.352
5152;0.352
5153;0.704
5154;0.704
5155;0.704
5156;0.704
5157;0.704
5158;0.704
5159;0.704
5160;0.704
527;0.352
5173;0.352
5174;0.352
5175;0.704
5176;0.704
528;0.352
5177;0.704
5178;0.704
5179;0.704
5180;0.704
5181;0.352
5182;0.352
5183;0.352
5184;0.352
529;0.352
63;0.352
5188;0.352
5189;0.352
5190;0.352
5191;0.352
5192;0.704
5193;0.704
5194;0.704
5195;0.704
5196;0.352
530;0.352
5197;0.352
5198;0.352
5199;0.352
531;0.352
5209;0.352
5210;0.352
5211;0.352
5212;1.056
5213;1.056
5214;1.056
5215;1.056
5216;1.408
532;0.352
5217;1.408
5218;1.408
5219;1.056
5220;0.704
5221;0.704
5222;0.704
5223;0.704
5224;0.352
5225;0.352
5226;0.704
533;0.352
5227;1.056
5228;0.704
5229;0.704
5230;1.056
5231;1.056
5232;1.056
5233;1.056
5234;0.704
5235;0.704
5236;0.352
534;0.352
5237;0.352
5238;0.352
5239;0.352
5272;0.352
5273;0.352
5274;0.352
5275;0.704
5276;0.704
5277;1.056
5278;0.704
5279;0.704
5280;0.352
5281;0.352
5282;0.352
539;0.352
64;0.352
540;0.352
5297;0.352
5298;0.352
5299;0.352
5300;0.352
541;0.352
5310;0.352
5311;0.352
5312;0.352
5313;0.352
5314;0.352
5315;0.352
5316;0.352
5317;0.352
542;0.352
5320;0.352
5321;0.352
5322;0.704
5323;0.704
5324;0.704
5325;0.704
5326;0.704
5327;0.704
543;0.352
5328;0.352
5329;0.352
5334;0.352
5335;0.352
5336;0.352
5337;0.352
544;0.352
5338;0.352
5339;0.352
5340;0.352
5341;0.352
545;0.352
5357;0.352
546;0.352
5358;0.352
5359;0.352
5360;0.352
5361;0.704
5362;0.704
5363;1.056
5364;1.056
5365;1.056
5366;0.704
5367;0.704
5368;0.704
5369;0.352
5370;0.352
5371;0.352
5372;0.352
5373;0.352
5374;0.352
5375;1.056
5376;1.056
5377;1.056
5378;1.056
5379;0.704
5380;0.704
5381;0.704
5382;0.704
5387;0.352
5388;0.352
5389;0.352
65;0.352
5390;0.352
5391;0.352
5392;0.352
5393;0.352
5394;0.352
5445;0.352
5446;0.352
5447;0.352
5448;0.352
5449;0.352
5450;0.352
5451;0.352
5452;0.352
5453;0.352
5455;0.352
5456;0.352
5457;0.352
5458;0.352
5459;0.352
5460;0.352
5461;0.352
5462;0.352
5465;0.352
5466;0.352
5467;0.352
5468;0.352
5469;0.352
5470;0.352
5471;0.352
5472;0.352
5480;0.352
5481;0.352
5482;0.704
5483;1.408
5484;1.408
5485;1.408
5486;1.408
5487;1.408
5488;1.056
5489;1.056
5490;1.408
66;0.352
5491;0.352
5492;0.352
5493;0.352
5494;0.352
5495;0.352
5496;0.352
5497;0.352
5521;0.352
5522;0.352
5523;0.352
5524;0.352
5525;0.352
5526;0.352
5527;0.352
5528;0.704
5529;0.352
5530;0.352
5531;0.352
5532;0.352
5533;0.352
5534;0.352
5535;0.352
5564;0.352
5565;0.352
5566;0.352
5567;0.352
5568;0.352
5569;0.352
5570;0.352
5571;0.352
5591;0.352
67;0.352
5592;0.352
5593;0.352
5594;0.352
5595;0.352
5596;0.352
5597;0.352
5598;0.352
5612;0.352
5613;0.352
5614;0.352
5615;0.352
5641;0.352
5642;0.352
5643;0.352
5644;0.352
5645;0.352
5646;0.352
5647;0.352
5648;0.352
5649;0.704
5650;0.704
5651;0.704
5652;1.056
5653;0.704
5654;0.704
5655;0.704
5656;0.704
5657;0.352
5658;0.352
5659;0.352
5667;0.352
577;0.352
5668;0.352
5669;0.352
5670;0.352
5671;0.704
5672;0.704
5673;0.704
5674;0.704
5675;0.704
5676;0.352
5677;0.704
578;0.352
5678;0.704
5679;0.352
5680;0.352
5681;0.704
5682;0.704
5683;0.704
5684;0.704
5685;0.704
5686;0.704
5687;1.056
579;0.352
5688;1.056
5689;0.704
5690;0.704
5691;1.056
5692;1.408
68;0.352
5693;1.056
5694;1.408
5695;1.056
5696;1.408
5697;1.408
580;0.352
5698;1.408
5699;1.056
5700;0.704
5701;0.704
5702;0.704
5703;0.352
581;0.704
5708;0.352
5709;0.352
5710;0.352
5711;0.352
5712;0.352
5713;0.352
5714;0.352
5715;0.352
582;0.704
5719;0.352
5720;0.352
5721;0.352
5722;0.352
5723;0.704
5724;0.704
5725;0.704
5726;0.704
5727;0.704
583;0.704
5728;0.352
5729;0.352
5730;0.352
584;0.704
5744;0.352
5745;0.352
5746;0.352
5747;0.352
585;0.352
5748;0.352
5749;0.352
5750;0.352
5751;0.352
586;0.352
587;0.352
5771;0.352
5772;0.352
5773;0.352
5774;0.352
5775;0.352
5776;0.352
5777;0.352
588;0.352
5778;0.704
5779;0.704
5780;0.704
5781;0.704
5782;0.704
5783;1.056
5784;1.056
5785;1.408
5786;1.76
5787;1.408
5788;1.76
5789;1.76
5790;2.113
5791;1.76
5792;1.76
5793;1.408
69;0.352
5794;1.408
5795;0.704
5796;0.352
5798;0.704
5799;0.704
5800;0.704
5801;0.704
5802;0.704
5803;0.704
5804;0.704
5805;0.704
5832;1.408
5833;1.408
5834;1.408
5835;1.408
5836;1.408
5837;1.408
594;0.352
5838;1.408
5839;1.408
595;0.352
596;0.352
5863;0.352
5864;0.352
5865;0.352
5866;0.352
5867;0.704
597;0.352
5868;1.76
5869;1.76
5870;1.76
5871;1.76
5872;2.817
5873;3.873
5874;3.873
5875;3.873
5876;3.873
5877;3.521
598;0.352
5878;2.817
5879;3.169
5880;2.817
5881;0.704
5882;0.704
5883;0.352
5884;0.352
5885;0.352
5886;0.704
5887;0.704
599;0.352
5888;1.408
5889;1.408
5890;1.408
5891;1.408
5892;1.408
5893;1.408
5894;1.408
5895;1.408
5897;0.352
600;0.352
5898;0.352
5899;0.352
5900;0.352
5901;0.704
5902;0.704
5903;1.056
5904;1.056
5905;0.704
5906;0.704
5907;0.704
601;0.352
5908;0.704
5909;0.352
5910;0.704
5911;0.352
5912;0.352
5913;0.352
5914;0.352
5915;0.352
5916;0.352
5917;0.352
5931;0.352
5932;0.352
5933;0.352
5934;0.352
5935;0.352
5936;0.352
5937;0.704
5938;0.704
5939;0.352
5940;0.352
5941;0.352
5942;0.352
5943;0.704
5944;0.704
5945;0.352
5946;0.352
5953;0.352
5954;0.352
5955;0.352
5956;0.352
5957;0.352
5958;0.352
5959;0.352
5960;0.704
5961;0.352
5962;0.704
5963;1.056
5964;1.408
5965;1.76
5966;2.113
5967;2.113
5968;1.76
5969;2.113
5970;1.408
5971;1.76
5972;1.408
5973;1.408
5974;1.056
5975;1.408
5976;1.408
5977;1.056
5978;2.113
5979;2.113
5980;2.113
5981;1.76
5982;2.113
5983;1.76
5984;1.76
5985;1.76
5986;1.056
5987;0.704
5988;0.352
5989;0.352
6006;0.352
6007;0.352
6008;0.352
6009;0.352
6010;0.352
6011;0.352
6012;0.352
6013;0.352
6014;0.352
6015;0.352
6016;0.352
6047;2.113
6048;2.817
6049;3.169
6050;3.169
6051;3.521
6052;4.225
6053;4.225
6054;4.225
6055;2.817
6056;1.76
6057;1.76
6058;1.76
6059;1.408
6060;0.704
6061;0.704
6062;0.704
6063;0.704
6064;1.056
6065;0.704
6066;0.704
6067;1.056
6068;1.056
6069;1.408
6070;1.408
6071;1.408
6072;0.704
6073;1.056
6074;1.056
6075;1.056
6076;1.056
6077;0.704
6078;0.704
6079;0.704
6080;0.704
6081;0.352
6082;0.352
6083;0.352
6085;0.704
6086;0.704
6087;0.704
6088;0.704
6089;0.704
6090;0.704
6091;1.056
6092;1.056
6093;0.352
6094;0.352
6095;0.352
6096;0.352
6097;0.352
6098;0.352
6103;0.352
6104;0.704
6105;0.704
6106;0.704
6107;0.704
6108;0.352
6109;0.352
6110;0.352
6112;0.352
6113;0.352
6114;0.352
6115;0.352
6116;0.352
6117;0.352
6118;0.352
6119;0.704
6120;0.704
6121;0.352
6122;0.352
6123;0.704
6124;0.704
6125;1.056
6126;1.056
6127;0.704
6128;0.704
6129;0.704
6130;0.704
6131;0.704
6132;0.704
6133;1.056
6134;2.113
6135;3.169
6136;3.169
6137;3.169
6138;3.521
6139;3.521
6140;3.521
6141;3.169
6142;2.817
6143;2.465
6144;1.76
6145;1.408
6146;1.408
6147;1.408
6148;1.408
6149;1.408
6150;1.056
6151;1.408
6152;1.408
6153;1.408
6154;1.056
6155;1.056
6156;1.056
6157;0.704
6158;1.056
6159;0.704
6160;0.352
6161;0.352
6162;0.352
6163;0.352
6164;0.352
6165;0.352
6175;0.352
6176;0.352
6177;0.704
6178;0.704
6179;0.704
6180;0.704
6181;0.704
6182;0.704
6183;0.352
6184;0.352
6185;0.352
6187;0.352
6188;0.352
6189;0.352
6190;0.352
6191;0.352
6192;0.352
6193;0.352
6194;0.704
6195;0.704
6196;0.352
6197;0.352
6198;0.352
6199;0.352
6200;0.352
6201;0.352
6204;1.056
6205;1.408
6206;1.76
6207;2.113
6208;2.113
6209;2.113
6210;2.113
6211;2.113
6212;1.408
6213;0.704
6214;0.704
6215;0.352
6216;0.352
6217;0.352
6218;0.352
6219;0.352
6220;0.352
6221;0.352
6222;0.352
6223;0.704
6224;0.352
6225;0.352
6226;0.704
6227;1.056
6228;1.056
6229;1.056
6230;1.056
6231;0.704
6232;0.704
6233;1.056
6234;0.704
6235;0.352
6236;0.352
6237;0.352
6238;0.352
6239;0.352
6240;0.352
6251;0.352
6252;0.352
6253;0.352
6254;0.352
6255;0.352
6256;0.352
6257;0.352
6258;0.352
6265;3.521
6266;3.521
6267;3.521
6268;3.521
6269;3.521
6270;3.521
6271;3.521
6272;3.521
6273;3.521
6274;3.169
6304;0.704
6305;0.704
6306;1.056
6307;1.408
6308;1.408
6309;1.408
6310;1.408
6311;1.408
6312;0.704
6313;0.704
6314;0.704
6315;0.352
6317;0.352
6318;0.352
6319;0.352
6320;0.352
6321;0.352
18;0.352
6322;0.352
6323;0.352
6324;0.352
6325;0.352
6327;0.352
6328;0.352
6329;0.352
6330;0.352
6331;0.352
6332;0.352
6333;0.704
6334;0.704
6335;0.352
6336;0.352
6337;0.352
6338;0.352
6339;0.352
6340;0.352
6345;0.352
6346;0.352
6347;0.352
6348;0.352
6349;0.352
6350;0.352
6351;0.352
6352;0.352
6383;0.352
6384;0.352
6385;0.352
6386;0.352
6387;0.352
6388;0.352
6389;0.352
6390;0.352
6404;0.352
6405;0.352
6406;0.352
6407;0.352
6408;0.352
6409;0.352
6410;0.352
6411;0.352
6412;0.352
6422;0.352
6423;0.352
6424;0.352
6425;0.352
6426;0.704
6427;0.704
6428;1.056
6429;1.056
6430;1.76
6431;1.408
6432;1.76
6433;1.76
6434;1.408
6435;1.408
6436;1.408
6437;1.408
6438;0.352
6439;0.704
6440;0.352
6441;0.352
6442;0.352
6443;0.352
6444;0.352
6445;0.352
6446;0.352
6458;0.352
6459;0.352
6460;0.352
6461;0.352
6462;0.352
6463;0.352
6464;0.352
6465;0.352
658;0.352
6482;0.352
6483;0.352
6484;0.352
6485;0.352
6486;0.352
6487;0.352
6488;0.352
659;0.352
6489;0.352
6495;0.352
6496;0.352
6497;0.352
6498;0.352
660;0.352
6499;0.352
6500;0.352
6501;0.352
6502;0.704
6503;0.704
6504;0.704
6505;0.704
6506;0.704
6507;0.704
6508;1.408
661;0.352
6509;1.76
6510;3.521
6511;5.281
6512;5.633
6513;5.633
6514;5.986
6515;5.986
6516;5.281
6517;5.281
6518;3.873
662;0.352
6519;2.817
6520;2.113
6521;2.465
6522;2.465
6523;1.76
6524;1.76
6525;1.76
6526;1.76
6527;1.056
6528;0.704
663;0.352
6530;0.704
6531;0.704
6532;0.704
6533;0.704
6534;0.704
6535;0.704
6536;0.704
6537;0.704
664;0.352
6542;0.352
6543;0.352
6544;0.352
6545;0.352
6546;0.352
6547;0.352
6548;0.352
665;0.352
6549;0.352
6561;0.352
6562;0.352
6563;0.352
6564;0.352
6565;0.352
6566;0.352
6567;0.352
6568;0.352
6569;0.352
6572;0.352
6573;0.352
6574;0.352
6575;0.352
6576;0.352
6577;0.352
6578;0.352
6579;0.704
6580;0.704
6581;0.704
6582;0.704
6583;0.704
6584;1.408
6585;1.408
6586;1.408
6587;1.056
6589;0.352
6590;0.352
6591;0.352
6592;0.352
6593;0.352
6594;0.352
6595;0.352
6596;0.704
6597;0.704
6598;0.352
6599;0.704
6600;0.704
6601;0.704
77;0.704
6602;1.056
6603;1.056
6604;0.704
6605;0.704
6606;0.704
6607;0.352
6608;0.352
6609;0.352
6610;0.352
6611;0.352
6616;0.352
6617;0.352
6618;0.352
6619;0.352
6620;0.352
6621;0.352
6622;0.352
6623;0.704
6624;0.352
6625;0.352
6626;0.352
6656;0.352
6657;1.056
6658;1.056
6659;1.056
6660;1.056
6661;1.408
6662;1.408
6663;1.76
6664;1.76
6665;0.704
6666;0.704
6667;0.704
6668;0.704
6669;0.352
6670;0.352
6671;0.352
6672;0.352
6682;0.352
6683;0.352
6684;0.352
6685;0.704
6686;0.704
6687;0.704
6688;1.056
6689;1.408
6690;1.056
6691;1.76
6692;1.76
6693;1.408
6694;1.408
6695;1.408
6696;1.408
6697;1.408
6698;1.056
6699;0.352
6700;0.352
6701;0.352
6702;0.352
78;1.056
6703;1.056
6704;1.408
6705;1.408
6706;1.408
6707;1.056
6708;1.056
6709;1.056
6710;0.704
6711;0.704
6712;0.352
6717;0.352
6718;0.352
6719;0.352
6720;0.352
6721;0.352
6722;0.352
6723;0.352
6724;0.352
6725;0.352
6726;0.352
6727;0.352
6728;0.352
6729;0.352
6730;0.352
6731;0.352
6732;0.352
6768;0.704
6769;0.704
6770;0.704
6771;1.056
6772;1.76
6773;2.113
6774;2.113
6775;2.113
6776;1.408
6777;1.408
6778;1.408
6779;1.76
6780;2.113
6781;1.408
6782;1.408
6783;1.76
6784;1.76
6785;1.76
6786;1.76
6787;1.408
6788;0.704
6789;1.056
6790;1.056
6791;0.704
6792;0.704
6793;1.056
6794;1.056
6795;1.056
6796;0.704
6797;0.704
6798;0.352
6799;0.352
6800;0.352
6803;0.352
79;1.056
6804;0.352
6805;0.352
6806;0.352
6807;0.352
6808;0.352
691;0.352
6809;0.352
6810;0.352
6815;0.352
6816;0.704
6817;0.704
6818;0.704
692;0.352
6819;1.408
6820;1.408
6821;1.408
6822;1.408
6823;1.056
6824;0.704
6825;0.704
6826;0.704
693;0.352
694;0.352
695;0.352
696;0.352
697;0.352
6870;0.352
6871;0.704
6872;0.704
6873;0.704
6874;0.704
6875;0.704
6876;0.704
6877;0.704
6878;0.352
698;0.352
6893;1.408
6894;1.408
6895;1.408
6896;1.408
6897;1.408
6898;1.408
6899;1.408
6900;1.76
6901;0.352
6902;0.352
6903;0.352
6904;0.352
80;1.056
6905;0.352
6906;0.352
6907;0.352
6908;0.352
6909;1.76
6910;2.465
6911;2.465
6912;2.465
6913;2.465
6914;2.465
6915;2.465
6916;2.465
6917;1.408
6918;0.352
6921;0.352
6922;0.352
6923;0.704
6924;1.056
6925;2.465
6926;2.465
6927;2.465
6928;3.169
6929;3.169
6930;3.521
6931;3.521
6932;3.873
6933;2.817
6934;2.817
6935;2.465
6936;2.465
6937;3.169
6938;2.465
6939;2.465
6940;2.465
6941;2.465
6942;2.465
6943;2.113
6944;1.76
6945;1.056
6946;0.704
6947;0.704
6948;0.704
6949;0.704
6950;1.056
6951;1.408
6952;1.408
6953;1.408
6954;1.408
6955;1.408
6956;1.76
6957;1.76
6958;1.408
6959;1.056
6960;1.056
6961;0.704
6962;0.704
6963;0.704
6964;0.352
6965;0.704
6966;1.056
6967;1.056
6968;0.704
6969;0.352
6970;0.352
6971;0.352
6972;0.352
6973;0.704
6974;0.352
6975;0.352
6976;0.352
6977;0.352
6978;0.352
6979;0.352
6980;0.352
6981;0.352
81;1.408
7014;0.352
7015;0.352
7016;0.352
7017;0.352
7018;0.352
7019;0.352
7020;0.352
7021;0.352
7023;1.408
7024;1.408
7025;1.408
7026;1.408
7027;1.408
7028;1.76
7029;1.76
7030;1.76
7031;0.704
7032;0.352
7033;0.352
7034;0.352
7035;0.352
7036;0.352
714;0.704
715;0.704
7050;0.704
7051;0.704
7052;0.704
7053;0.704
7054;1.056
7055;1.056
7056;1.056
7057;1.056
7058;0.352
716;0.704
7059;0.352
7060;0.352
7061;0.352
7065;0.352
7066;0.352
7067;0.352
7068;0.704
717;0.704
7069;1.056
7070;1.056
7071;1.056
7072;1.056
7073;1.056
7074;0.704
7075;0.704
7076;0.352
718;0.704
7079;0.704
7080;0.704
7081;0.704
7082;0.704
7083;0.704
7084;0.704
7085;0.704
7086;1.056
7087;0.704
7088;0.352
719;0.704
7089;0.352
7090;0.352
7091;0.352
7092;0.352
7093;0.352
7094;0.352
720;0.704
82;1.408
721;0.704
7129;0.352
7130;0.352
7131;1.408
7132;1.408
7133;1.408
7134;1.408
7135;1.408
7136;1.408
7137;1.408
7138;1.056
7139;1.056
7169;0.352
7170;0.352
7171;0.352
7172;0.352
7173;0.352
7174;0.352
7178;0.352
7179;0.352
7180;1.056
7181;1.056
7182;1.056
7183;1.056
7184;1.056
7185;1.056
7186;0.704
7187;0.704
7188;0.352
7193;0.352
7194;0.352
7195;0.704
7196;0.704
7197;0.704
7198;5.986
730;0.704
7199;7.042
7200;7.394
7201;7.042
7202;7.394
7203;7.042
7204;7.746
7205;8.098
7206;3.521
7207;2.817
83;1.408
7208;1.76
731;1.056
7209;1.76
7210;2.113
7211;2.113
7212;1.76
7213;1.056
7214;1.056
7215;1.056
7216;0.704
7217;0.704
7218;0.704
732;1.76
7219;1.056
7220;1.056
7221;1.408
7222;1.056
7223;1.056
7224;1.056
7225;1.056
7226;1.056
7227;1.408
7228;1.056
733;1.76
7229;0.352
7230;0.352
7231;0.352
7232;0.352
7233;0.352
7234;0.352
7235;0.352
734;1.76
7242;0.352
7243;0.352
7244;0.352
7245;0.704
7246;0.704
7247;0.704
7248;0.704
735;2.113
7249;0.704
7250;0.352
7251;0.352
7252;1.056
7253;1.056
7254;1.408
7255;1.408
7256;1.408
7257;1.408
7258;1.408
736;2.465
7259;1.76
7260;1.408
7261;0.704
7262;0.352
7263;0.704
7264;0.704
7265;0.704
7266;0.704
7267;0.352
7268;0.352
737;3.169
7269;0.704
7270;0.704
7271;0.352
7272;0.704
7273;0.704
7274;0.704
7275;0.704
7276;0.704
7277;0.704
7278;0.352
738;3.521
7279;0.352
7280;0.352
7281;0.352
7282;0.352
7283;0.352
7284;0.352
7285;0.352
7286;0.352
7287;0.352
7288;0.352
739;3.521
7289;0.352
740;3.873
7305;0.352
7306;1.056
7307;1.056
7308;1.056
84;1.408
741;3.873
7309;1.056
7310;1.056
7311;1.056
7312;1.056
7313;1.056
7314;0.704
7315;1.408
7316;2.113
7317;2.113
7318;2.465
742;8.098
7319;2.465
7320;2.465
7321;2.465
7322;2.465
7323;1.056
7324;1.408
7325;1.408
7326;0.704
7327;1.76
7328;1.76
743;8.098
7329;2.465
7330;2.465
7331;2.465
19;0.352
7332;2.113
7333;2.113
7334;2.113
7335;0.704
7336;0.704
7337;0.704
744;8.45
7339;0.704
7340;1.056
7341;1.056
7342;1.056
7343;1.056
7344;1.056
7345;1.056
7346;1.056
7347;0.352
745;8.45
7352;0.352
7353;0.352
7354;0.352
7355;0.352
7356;0.352
7357;0.352
7358;0.352
746;6.69
7359;0.352
7362;0.352
7363;0.352
7364;0.704
7365;0.704
7366;0.704
7367;0.704
7368;0.704
747;6.69
7369;0.704
7370;0.704
7371;0.352
748;5.281
749;5.281
750;1.408
7403;0.352
7404;0.352
7405;0.352
7406;0.352
751;0.704
85;1.056
7412;0.704
7413;0.704
7414;0.704
7415;0.704
7416;0.704
7417;0.704
7418;0.704
752;0.352
7419;0.704
7424;0.704
7425;1.056
7426;1.76
7427;2.113
7428;2.113
7429;2.465
7430;2.113
7431;2.113
7432;2.465
7433;2.113
7434;2.113
7435;1.408
7436;2.465
7437;2.465
7438;2.817
7439;2.817
7440;2.113
7441;2.113
7442;1.056
7443;1.056
7444;1.056
7445;0.352
7446;0.704
7447;0.704
7448;0.704
7449;0.704
7450;0.704
7451;0.704
7452;0.352
7453;1.056
7454;0.704
7455;0.704
7456;0.704
7457;1.056
7458;1.056
7459;1.056
7460;1.056
7461;0.352
7462;0.352
7463;0.352
7464;0.352
7495;0.352
7496;0.352
7497;0.352
7498;0.352
7499;0.352
7500;0.352
7501;0.352
7502;0.352
86;0.352
7541;0.352
7542;0.352
7543;0.352
7544;0.352
7545;0.352
7546;0.704
7547;0.704
7548;0.704
7549;0.352
7550;0.352
7551;0.352
7552;0.352
7553;0.352
7554;0.352
7564;0.352
7565;0.352
7566;0.352
7567;0.352
7568;0.352
7569;0.352
7570;0.352
7571;0.704
7572;0.704
7573;0.352
7574;0.352
7575;0.352
7576;0.352
7577;0.704
7578;0.704
7579;0.704
7580;3.873
7581;3.873
7582;3.873
7583;4.225
7584;4.225
7585;4.225
7586;4.225
7587;3.521
7588;0.352
7589;0.352
7590;0.352
7603;0.352
7604;0.352
7605;0.352
7606;0.352
7607;0.352
7608;0.352
7609;0.352
7610;0.352
7611;0.352
87;0.352
7613;0.352
7614;0.352
7615;0.352
7616;0.352
7617;0.352
7618;0.352
7619;0.352
7620;0.352
7621;0.352
88;0.704
7622;0.352
7623;0.352
7624;0.352
7625;0.352
7626;0.352
7627;0.352
7628;0.704
7629;0.704
7630;0.704
7631;0.704
7632;0.704
7633;1.056
7634;1.056
7635;1.056
7636;0.704
7637;0.704
7638;0.352
7639;0.352
7640;0.352
7644;0.352
7645;0.352
7646;0.352
7647;0.352
7648;0.352
7649;0.352
7650;0.352
7651;0.352
7652;0.352
7654;0.352
7655;0.352
7656;0.352
7657;0.352
7658;0.704
7659;0.704
7660;0.704
7661;0.704
7662;0.352
7663;0.352
7664;0.352
7665;0.352
7666;0.352
7667;0.352
7689;0.352
7690;0.352
7691;0.352
7692;0.352
7693;0.352
7694;0.352
7695;0.352
7696;0.704
7697;0.704
7698;0.704
7699;1.056
7700;1.056
7701;1.056
7702;1.056
7703;1.056
7704;0.704
7705;0.704
7706;0.352
89;0.352
7742;0.352
7743;0.352
7744;0.704
7745;0.704
7746;1.056
7747;1.056
7748;1.056
7749;0.704
7750;0.704
7751;0.704
7752;0.352
7753;0.352
7757;0.352
7758;0.352
7759;0.352
7760;0.352
7761;0.352
7762;0.352
7763;0.352
7764;0.352
7775;0.352
7776;0.704
7777;0.704
7778;1.056
7779;1.056
7780;1.056
7781;1.056
7782;1.408
7783;1.056
7784;1.056
7785;1.056
7786;0.352
7787;1.056
7788;1.056
7789;1.056
7790;0.704
7791;0.704
7792;0.704
7793;0.704
7794;0.704
7797;0.352
7798;0.352
7799;0.352
7800;0.352
7801;0.352
7802;0.352
7803;0.352
7804;0.704
7805;0.704
7806;0.352
7807;0.704
7808;1.408
7809;1.408
7810;1.408
7811;1.408
7812;1.76
7813;2.113
7814;2.113
7815;1.76
7816;2.817
7817;2.465
7818;3.521
7819;4.929
7820;4.929
7821;4.929
90;0.352
7822;5.281
7823;5.281
7824;3.521
7825;4.225
7826;3.873
7827;2.113
7828;2.113
7829;1.056
7830;1.056
7831;1.056
7832;0.704
7833;0.352
7834;0.352
7862;0.352
7863;0.352
7864;0.352
7865;0.352
7866;0.352
7867;0.352
7868;0.352
7869;0.352
7875;0.352
7876;0.704
7877;0.704
7878;0.704
7879;0.704
7880;0.704
7881;1.76
7882;1.76
7883;1.408
7884;1.056
7885;1.056
7886;1.056
7887;1.056
7888;1.056
7889;0.352
7890;0.352
7891;0.704
7892;0.704
7893;0.704
7894;0.704
7895;0.704
7896;0.704
7897;0.704
7898;0.352
7899;0.352
7907;0.352
7908;0.352
7909;0.352
7910;1.056
7911;1.76
7912;1.76
7913;2.113
7914;1.76
7915;1.408
7916;1.408
7917;1.408
7918;1.408
7919;1.408
7920;1.056
7921;0.704
91;0.352
7922;0.352
7923;0.352
7924;0.352
7925;0.352
7926;0.352
8004;0.352
8005;0.352
8006;0.352
8007;0.352
8008;0.352
8009;0.352
8010;0.352
8011;0.352
92;0.352
8023;0.352
8024;0.704
8025;0.704
8026;0.704
8027;1.056
8028;1.056
8029;1.408
8030;1.408
8031;1.408
8032;1.056
8033;0.704
8034;0.704
8035;0.704
8036;0.704
8037;0.352
8038;0.352
8039;0.352
8040;0.352
8041;0.352
8042;0.352
8062;0.352
8063;0.352
8064;0.352
8065;0.352
8066;0.352
8067;0.352
8068;0.352
8069;0.352
8084;0.352
8085;0.352
8086;1.056
8087;1.056
8088;1.76
8089;2.113
8090;2.113
8091;2.113
8092;1.76
8093;1.76
8094;1.056
8095;1.056
8096;0.352
8116;0.352
8117;0.704
8118;0.704
8119;0.704
8120;0.704
8121;0.704
93;0.352
8122;1.056
8123;1.408
8124;1.408
8125;1.408
8126;1.76
8127;1.76
8128;2.113
8129;2.113
8130;1.76
8131;1.408
8132;1.76
8133;1.76
8134;1.056
8135;0.704
8136;0.352
8137;0.352
8138;0.352
8139;0.352
8141;0.704
8142;0.704
8143;0.704
8144;0.704
8145;0.704
8146;0.704
8147;0.352
8148;0.352
8153;0.704
8154;0.704
8155;0.704
8156;1.408
8157;1.408
8158;1.76
8159;2.113
8160;2.113
8161;3.521
8162;3.169
8163;3.169
8164;2.817
8165;2.817
8166;2.113
8167;1.76
8168;1.76
8169;1.408
8170;0.352
8187;0.352
8188;0.352
8189;0.352
8190;0.352
8191;0.352
8192;0.352
8193;0.352
8194;0.352
8195;0.704
8196;0.704
8197;0.704
8198;0.704
8199;1.056
8200;1.056
8201;1.408
8202;1.408
8203;0.704
8204;0.704
8205;0.704
8206;0.704
8207;0.352
8208;0.352
94;0.352
833;0.352
8232;0.352
8233;0.352
8234;0.352
8235;0.352
8236;0.352
8237;0.352
8238;0.352
8239;0.352
834;0.352
8244;0.352
8245;0.704
8246;0.704
8247;0.704
8248;0.704
8249;0.704
835;1.056
8250;0.704
8251;0.704
8252;0.352
836;1.056
837;1.056
8271;0.352
8272;0.352
8273;0.352
8274;2.817
8275;2.817
8276;2.817
8277;2.817
8278;2.817
8279;2.465
838;1.056
8280;2.465
8281;2.817
8282;0.352
8283;0.352
8284;0.352
8285;0.352
8286;0.352
8287;0.352
8288;0.352
839;1.056
8293;0.352
8294;0.352
8295;0.352
8296;0.704
8297;0.704
8298;0.704
8299;0.704
840;1.056
8300;1.056
8301;0.704
8302;0.704
8303;1.056
8304;0.704
8305;1.056
8306;1.056
8307;1.408
8308;1.408
8309;1.056
841;0.704
8310;1.056
8311;0.704
8312;0.704
8313;0.352
8314;0.352
842;0.704
95;0.352
843;0.704
20;0.352
8391;0.352
8392;0.352
8393;0.352
8394;0.352
8395;0.704
8396;0.704
8397;0.704
8398;0.704
8399;0.704
8400;0.352
8401;0.352
8402;0.352
8423;0.352
8424;1.056
8425;1.056
8426;1.056
8427;1.056
8428;1.056
8429;1.056
8430;1.056
8431;1.056
8432;1.056
8462;0.352
8463;0.352
8464;0.352
8465;0.352
8466;0.352
8467;0.352
8468;0.352
8469;0.352
8470;0.352
8471;0.352
8472;0.352
8473;0.352
8474;0.352
8475;0.352
8476;0.352
8477;0.352
8486;0.352
8487;0.352
8488;0.352
8489;0.352
859;0.352
8490;0.352
8491;0.352
8492;0.352
8493;0.352
860;0.352
861;0.352
8516;0.352
8517;0.352
8518;0.352
8519;0.352
862;0.704
8520;0.352
8521;0.352
8522;0.704
8523;0.704
8524;0.352
8525;0.352
8526;0.352
8527;0.352
8528;0.352
8529;0.352
863;0.704
8537;0.352
8538;0.352
8539;0.352
864;0.704
8540;0.352
8541;0.352
8542;0.352
8543;0.352
8544;0.704
8545;0.352
8546;0.352
8547;0.352
8548;0.352
8549;0.352
865;0.704
8550;0.352
8551;0.352
8557;0.352
8558;1.056
8559;1.056
866;0.704
8560;1.056
8561;1.408
8562;2.113
8563;2.113
8564;2.113
8565;2.113
8566;1.056
8567;1.056
8568;1.056
8569;0.704
867;0.352
8571;0.352
8572;0.352
8573;0.352
8574;0.352
8575;0.352
8576;0.352
8577;0.352
8578;0.352
8579;0.352
868;0.352
8580;0.352
8581;0.704
8582;0.704
8583;0.704
8584;0.704
8585;0.704
8586;0.352
8587;0.704
8588;0.704
8589;0.704
869;0.352
8590;0.352
8591;0.352
8592;0.352
8593;0.352
8594;0.352
8600;0.352
8601;0.352
8602;0.352
8603;0.352
8604;1.408
8605;1.408
8606;7.042
8607;7.042
8608;7.746
8609;7.746
871;0.352
8610;7.746
8611;8.098
8612;8.45
8613;8.098
8614;1.76
8615;1.76
8616;1.056
8617;1.056
8618;1.056
8619;1.056
872;0.352
8620;0.704
8621;0.352
8622;0.352
8623;0.352
8624;0.704
8625;1.408
8626;2.113
8627;2.113
8628;2.465
8629;2.113
873;0.352
8630;2.465
8631;2.465
8632;2.113
8633;1.408
8634;0.704
8635;0.704
8636;0.704
8637;0.352
8639;0.352
8640;0.352
874;0.352
8641;0.352
8642;0.352
8643;0.352
8644;0.352
8645;0.352
875;0.704
8659;0.352
8660;0.704
876;0.704
8661;1.056
8662;1.056
8663;1.056
8664;1.408
8665;1.408
8666;1.408
8667;1.056
8668;0.704
8669;0.352
8670;0.352
877;0.704
8671;0.352
8673;0.704
8674;1.408
8675;1.408
8676;1.408
8677;1.76
8678;1.76
8679;2.817
8680;3.521
878;0.704
8681;2.817
8682;2.817
8683;3.169
8684;3.169
8685;2.817
8686;2.465
8687;1.408
8688;1.056
8689;0.704
8690;0.352
879;0.704
880;0.352
8704;0.352
8705;0.352
8706;0.352
8707;0.352
8708;0.352
8709;0.352
8710;0.352
881;0.352
8711;0.352
882;0.352
99;0.352
8731;0.352
8732;0.352
8733;0.352
8734;0.352
8735;0.352
8736;0.704
8737;1.056
8738;1.056
8739;0.704
8740;0.704
8741;0.704
8742;0.704
8743;1.056
8744;0.704
8745;0.704
8746;0.352
8747;0.352
8748;0.352
8749;0.352
8750;0.352
8751;0.352
8752;0.352
8753;0.352
8800;0.352
8801;0.352
8802;0.352
8803;0.352
8804;0.352
8805;0.352
8806;0.352
8807;0.352
8809;0.352
8810;0.352
8811;0.352
8812;0.352
8813;0.352
8814;0.352
8815;0.352
8816;0.352
8817;0.352
100;0.352
8844;0.352
8845;0.352
8846;0.352
8847;0.704
8848;0.704
8849;0.704
8850;0.704
8851;0.704
8852;0.704
8853;0.352
8854;0.352
8865;0.352
8866;0.352
8867;0.352
8868;0.704
8869;0.704
8870;0.704
8871;0.704
8872;0.704
8873;0.704
8874;0.352
8875;0.352
8895;0.352
8896;0.352
8897;0.352
8898;0.352
8899;0.352
8900;0.352
8901;0.352
8902;0.352
8903;0.352
8907;0.352
8908;0.352
8909;0.352
8910;0.704
8911;0.704
8912;0.704
8913;0.704
8914;0.704
8915;0.352
8916;0.352
8917;0.352
101;0.352
8974;0.352
8975;0.352
8976;0.352
8977;0.352
8978;0.352
8979;0.352
8980;0.352
8981;0.352
8987;0.352
8988;0.352
8989;0.704
8990;0.704
8991;0.704
8992;0.704
8993;0.704
8994;0.704
8995;0.352
8996;0.352
9003;0.704
9004;0.704
9005;0.704
9006;0.704
9007;0.704
9008;0.704
9009;1.056
9010;1.056
9011;1.056
9012;0.352
9013;0.352
9014;0.352
9015;0.704
9016;0.704
9017;0.704
9018;0.704
9019;0.704
9020;1.056
9021;1.056
9022;1.056
102;0.352
9023;1.408
9024;1.76
9025;1.76
9026;1.76
9027;2.113
9028;2.465
9029;2.113
9030;2.465
9031;1.76
9032;2.113
9033;2.113
9034;2.113
9035;3.169
9036;2.465
9037;2.465
9038;2.113
9039;2.113
9040;1.76
9041;1.408
9042;0.704
9043;0.352
9044;0.352
9053;1.408
9054;3.169
9055;3.169
9056;3.521
9057;3.169
9058;3.169
9059;3.169
9060;3.169
9061;2.465
9062;2.465
9063;1.76
9064;1.408
9065;1.408
9066;0.352
9067;0.352
9068;0.352
9069;0.352
9070;0.352
9071;0.352
9072;0.352
9073;0.352
9085;0.352
9086;0.352
9087;0.352
9088;0.352
9089;0.704
9090;0.704
9091;0.704
9092;0.704
9093;0.704
9094;0.704
9095;0.352
9096;0.352
9097;0.352
9098;0.352
9099;0.352
9100;0.352
9101;0.352
9102;0.352
9103;0.352
9104;0.352
9148;0.352
9149;0.352
9150;0.352
9151;0.704
9152;0.704
9153;0.704
9154;0.704
9155;0.704
9156;0.352
9157;0.352
9158;0.704
9159;0.704
9160;0.352
9161;0.352
9162;0.352
9163;0.352
9164;0.352
9165;0.352
9173;0.704
9174;0.704
9175;0.704
9176;0.704
9177;0.704
9178;0.704
9179;0.704
9180;0.704
9181;0.352
9182;0.352
9198;0.352
9199;0.352
9200;0.352
9201;0.352
9202;0.352
9203;0.352
9204;0.352
9205;0.352
931;0.352
932;0.352
933;0.352
9235;0.352
9236;0.352
9237;0.352
9238;0.352
9239;0.352
9240;0.352
934;0.352
9241;0.352
9242;0.352
9243;0.352
935;0.352
936;0.352
937;0.352
938;0.352
9284;0.352
9285;0.704
9286;1.056
9287;1.408
9288;1.408
9289;1.408
9290;1.408
9291;1.408
9292;1.056
9293;0.704
9294;0.352
9296;0.352
9297;0.352
9298;0.352
9299;0.352
9300;0.352
9301;0.352
9302;0.352
9303;0.352
9304;0.704
9305;0.704
9306;0.352
9307;0.352
9308;0.352
9309;0.704
9310;0.704
9311;0.704
9312;0.352
9313;0.352
9314;0.352
9315;0.352
9316;0.352
9321;0.352
9322;0.352
9323;0.352
9324;0.352
9325;0.352
9326;0.352
9327;0.352
9328;0.352
9336;1.056
9337;1.056
9338;1.056
9339;1.056
9340;1.056
9341;1.056
9342;1.408
9343;1.408
9344;0.704
9345;0.352
9346;0.352
9347;0.352
9348;0.352
9349;0.352
21;0.352
9358;0.352
9359;0.352
9360;0.352
9361;0.352
9362;0.352
9363;0.352
9364;0.352
9365;0.352
9384;0.352
9385;0.352
9386;0.352
9387;0.704
9388;0.704
9389;0.704
9390;0.704
9391;0.704
9392;0.704
9393;0.704
9394;0.352
9403;0.352
9404;0.352
9405;0.352
9406;0.352
9407;0.352
9408;0.352
9409;0.352
9410;0.352
952;0.352
953;0.352
954;0.352
9450;0.352
955;0.352
9451;0.352
9452;0.352
9453;0.704
9454;0.704
9455;0.704
9456;0.352
9457;0.704
9458;0.704
9459;1.056
9460;1.056
956;0.352
9461;1.056
9462;0.704
9463;0.704
9464;0.704
9465;0.352
9466;0.352
9469;0.352
9470;0.704
957;0.352
9471;0.704
9472;0.704
9473;0.704
9474;0.704
9475;0.704
9476;0.704
9477;0.352
9478;0.352
958;0.352
9486;0.352
9487;0.352
9488;0.352
9489;0.352
9490;0.352
959;0.352
9491;0.352
9492;0.704
9493;0.704
9494;0.352
9495;0.352
9496;0.352
9497;0.352
9498;0.352
9499;0.352
9502;0.352
9503;0.352
9504;0.352
9505;0.352
9506;0.704
9507;0.704
9508;0.704
9509;0.704
9510;0.352
9511;0.352
9512;0.352
9513;0.352
9524;0.352
9525;0.704
9526;0.704
9527;0.704
9528;0.704
9529;0.704
9530;0.704
9531;0.704
9532;1.056
9533;0.352
9534;0.352
9535;0.352
9536;0.352
9537;0.352
9538;0.352
9539;0.352
9542;0.352
9543;0.352
9544;0.352
9545;0.352
9546;0.704
9547;0.704
9548;1.056
9549;1.056
9550;1.056
9551;0.704
9552;0.704
9553;0.704
9554;0.352
9555;0.352
9565;0.352
9566;0.352
9567;0.352
9568;0.704
9569;1.056
9570;1.056
9571;1.056
9572;1.056
9573;0.704
9574;0.704
9575;0.704
9576;0.352
9578;0.352
9579;0.704
9580;0.704
9581;1.76
9582;2.113
9583;2.465
9584;2.817
9585;2.817
9586;2.465
9587;2.465
9588;2.465
9589;1.76
9590;1.056
9591;1.056
9592;0.352
9593;0.352
9594;0.352
9595;1.056
9596;1.056
9597;1.056
9598;1.056
9599;0.704
9600;1.056
9601;1.408
9602;1.76
9603;1.056
9604;1.76
9605;1.76
9606;2.113
9607;2.113
9608;2.113
9609;2.817
9610;2.113
9611;2.113
9612;1.76
9613;1.408
9614;1.76
9615;1.76
9616;1.408
9617;1.76
9618;1.76
9619;1.76
9620;2.817
9621;3.873
9622;4.225
9623;4.929
9624;5.281
9625;4.225
9626;3.873
9627;4.225
9628;3.521
9629;2.113
9630;1.408
9631;1.408
9632;0.704
9633;0.704
9634;1.408
9635;1.408
9636;0.704
9637;0.704
9638;0.704
9639;0.704
9640;0.704
9641;0.704
9642;0.352
9658;0.352
9659;0.352
9660;0.352
9661;0.352
9662;0.352
9663;0.352
9664;0.352
9665;0.352
9668;0.352
9669;0.352
9670;0.352
9671;0.352
9672;0.352
9673;0.352
9674;0.352
9675;0.352
9680;0.352
9681;0.352
9682;0.352
9683;0.352
9684;0.352
9685;0.352
9686;0.352
9687;0.352
9692;0.352
9693;0.352
9694;0.352
9695;0.352
9696;0.352
9697;0.352
9698;1.056
9699;1.056
9700;0.704
9701;0.704
9702;1.408
9703;1.76
9704;2.465
9705;3.521
9706;3.169
9707;3.169
9708;3.169
9709;3.169
9710;2.465
9711;2.113
9712;1.408
9713;1.056
9714;0.704
9715;1.056
9716;1.056
9717;1.056
9718;1.408
9719;1.408
9720;1.76
9721;1.056
9722;1.056
9723;1.408
9724;1.408
9725;1.76
9726;1.76
9727;1.76
9728;1.056
9729;1.056
9730;1.056
9731;0.704
9732;0.704
9733;0.352
9734;0.352
9735;0.352
9736;0.352
9737;0.352
9738;0.352
9739;0.704
9740;0.352
9741;1.76
9742;1.76
9743;1.76
9744;1.76
9745;1.76
9746;1.76
9747;1.76
9748;1.408
9762;0.352
9763;0.352
9764;0.704
9765;0.704
9766;0.704
9767;0.704
9768;1.056
9769;1.056
9770;0.704
9771;0.704
9772;0.352
9773;0.352
9774;0.352
9775;0.352
9777;2.113
9778;2.113
9779;2.113
9780;2.113
9781;2.113
9782;2.113
9783;2.113
9784;2.113
9785;0.704
9808;0.352
9809;0.352
9810;0.352
9811;0.704
9812;0.704
9813;0.704
9814;1.056
9815;1.056
9816;1.76
9817;2.113
9818;3.169
9819;4.577
9820;4.577
9821;4.577
9822;4.225
9823;4.929
9824;3.873
9825;4.577
9826;3.873
9827;2.465
9828;2.465
9829;2.817
9830;2.817
9831;2.113
9832;2.113
9833;1.76
9834;1.408
9835;1.056
9836;1.056
9837;0.352
9838;0.352
9839;0.352
9876;0.352
9877;0.352
9878;0.352
9879;0.352
9880;0.352
9881;0.352
9882;0.352
9883;0.352
9884;0.352
9896;0.352
9897;0.352
9898;0.352
9899;0.352
9900;0.352
9901;0.352
9902;0.352
1001;0.352
9903;0.352
9904;0.352
9905;0.704
9906;0.704
9907;0.704
9908;0.704
9909;0.704
9910;0.704
9911;0.352
9912;0.352
1002;0.352
1003;0.352
1004;0.352
9949;0.352
9950;0.352
9951;0.352
9952;0.352
9953;0.352
9954;0.352
9955;0.352
9956;0.352
1007;0.352
1008;0.704
1009;0.704
9989;0.352
9990;0.352
9991;1.056
9992;1.056
1010;0.704
9993;1.056
9994;1.408
9995;1.408
9996;1.408
9997;1.056
9998;1.056
9999;0.704
10000;0.704
10001;0.352
1011;1.056
10005;0.352
10006;0.352
10007;0.352
10008;0.352
10009;0.352
10010;0.352
10011;0.352
1;0
2;0
3;0
4;0
5;0
6;0
7;0
8;0
9;0
10;0
11;0
12;0
13;0
14;0
15;0
16;0
17;0
37;0
38;0
39;0
40;0
41;0
42;0
43;0
44;0
45;0
46;0
47;0
48;0
49;0
50;0
51;0
52;0
53;0
54;0
55;0
56;0
57;0
58;0
59;0
60;0
61;0
70;0
71;0
72;0
73;0
74;0
75;0
76;0
96;0
97;0
98;0
103;0
104;0
105;0
106;0
107;0
108;0
109;0
110;0
111;0
112;0
113;0
114;0
115;0
116;0
117;0
118;0
119;0
120;0
121;0
122;0
123;0
124;0
125;0
126;0
127;0
128;0
129;0
142;0
143;0
144;0
145;0
146;0
147;0
148;0
149;0
150;0
151;0
152;0
153;0
154;0
155;0
156;0
157;0
158;0
159;0
160;0
161;0
162;0
163;0
164;0
165;0
166;0
167;0
168;0
169;0
170;0
171;0
172;0
173;0
174;0
175;0
176;0
177;0
178;0
179;0
180;0
181;0
182;0
183;0
184;0
185;0
186;0
187;0
188;0
189;0
190;0
191;0
192;0
193;0
194;0
195;0
196;0
197;0
198;0
199;0
200;0
201;0
202;0
203;0
204;0
205;0
206;0
207;0
208;0
209;0
210;0
211;0
212;0
213;0
214;0
215;0
216;0
217;0
218;0
219;0
220;0
221;0
222;0
223;0
233;0
234;0
235;0
236;0
237;0
238;0
239;0
240;0
241;0
242;0
243;0
244;0
245;0
246;0
247;0
248;0
249;0
250;0
251;0
252;0
253;0
254;0
255;0
256;0
257;0
258;0
259;0
260;0
261;0
270;0
271;0
281;0
282;0
283;0
284;0
285;0
286;0
287;0
288;0
289;0
290;0
291;0
292;0
293;0
294;0
295;0
296;0
297;0
298;0
299;0
300;0
301;0
302;0
303;0
304;0
305;0
306;0
307;0
308;0
309;0
310;0
311;0
312;0
313;0
314;0
315;0
316;0
317;0
318;0
319;0
328;0
329;0
330;0
331;0
332;0
333;0
334;0
335;0
336;0
337;0
338;0
339;0
340;0
341;0
342;0
343;0
344;0
345;0
346;0
347;0
348;0
349;0
350;0
351;0
360;0
361;0
362;0
363;0
364;0
365;0
366;0
367;0
368;0
369;0
370;0
371;0
372;0
373;0
374;0
375;0
376;0
377;0
378;0
379;0
380;0
381;0
382;0
383;0
384;0
385;0
386;0
387;0
388;0
389;0
390;0
391;0
392;0
393;0
394;0
395;0
396;0
397;0
398;0
399;0
416;0
417;0
418;0
419;0
420;0
421;0
422;0
423;0
424;0
425;0
426;0
427;0
428;0
429;0
430;0
431;0
432;0
433;0
434;0
435;0
436;0
437;0
438;0
439;0
440;0
449;0
450;0
451;0
452;0
453;0
454;0
455;0
456;0
457;0
458;0
459;0
460;0
461;0
462;0
463;0
464;0
465;0
466;0
467;0
468;0
469;0
478;0
479;0
480;0
481;0
482;0
483;0
484;0
485;0
486;0
487;0
488;0
489;0
490;0
491;0
492;0
493;0
494;0
495;0
496;0
497;0
498;0
499;0
500;0
501;0
502;0
503;0
504;0
505;0
515;0
516;0
525;0
526;0
535;0
536;0
537;0
538;0
547;0
548;0
549;0
550;0
551;0
552;0
553;0
554;0
555;0
556;0
557;0
558;0
559;0
560;0
561;0
562;0
563;0
564;0
565;0
566;0
567;0
568;0
569;0
570;0
571;0
572;0
573;0
574;0
575;0
576;0
589;0
590;0
591;0
592;0
593;0
602;0
603;0
604;0
605;0
606;0
607;0
608;0
609;0
610;0
611;0
612;0
613;0
614;0
615;0
616;0
617;0
618;0
619;0
620;0
621;0
622;0
623;0
624;0
625;0
626;0
627;0
628;0
629;0
630;0
631;0
632;0
633;0
634;0
635;0
636;0
637;0
638;0
639;0
640;0
641;0
642;0
643;0
644;0
645;0
646;0
647;0
648;0
649;0
650;0
651;0
652;0
653;0
654;0
655;0
656;0
657;0
666;0
667;0
668;0
669;0
670;0
671;0
672;0
673;0
674;0
675;0
676;0
677;0
678;0
679;0
680;0
681;0
682;0
683;0
684;0
685;0
686;0
687;0
688;0
689;0
690;0
699;0
700;0
701;0
702;0
703;0
704;0
705;0
706;0
707;0
708;0
709;0
710;0
711;0
712;0
713;0
722;0
723;0
724;0
725;0
726;0
727;0
728;0
729;0
753;0
754;0
755;0
756;0
757;0
758;0
759;0
760;0
761;0
762;0
763;0
764;0
765;0
766;0
767;0
768;0
769;0
770;0
771;0
772;0
773;0
774;0
775;0
776;0
777;0
778;0
779;0
780;0
781;0
782;0
783;0
784;0
785;0
786;0
787;0
788;0
789;0
790;0
791;0
792;0
793;0
794;0
795;0
796;0
797;0
798;0
799;0
800;0
801;0
802;0
803;0
804;0
805;0
806;0
807;0
808;0
809;0
810;0
811;0
812;0
813;0
814;0
815;0
816;0
817;0
818;0
819;0
820;0
821;0
822;0
823;0
824;0
825;0
826;0
827;0
828;0
829;0
830;0
831;0
832;0
844;0
845;0
846;0
847;0
848;0
849;0
850;0
851;0
852;0
853;0
854;0
855;0
856;0
857;0
858;0
870;0
883;0
884;0
885;0
886;0
887;0
888;0
889;0
890;0
891;0
892;0
893;0
894;0
895;0
896;0
897;0
898;0
899;0
900;0
901;0
902;0
903;0
904;0
905;0
906;0
907;0
908;0
909;0
910;0
911;0
912;0
913;0
914;0
915;0
916;0
917;0
918;0
919;0
920;0
921;0
922;0
923;0
924;0
925;0
926;0
927;0
928;0
929;0
930;0
939;0
940;0
941;0
942;0
943;0
944;0
945;0
946;0
947;0
948;0
949;0
950;0
951;0
960;0
961;0
962;0
963;0
964;0
965;0
966;0
967;0
968;0
969;0
970;0
971;0
972;0
973;0
974;0
975;0
976;0
977;0
978;0
979;0
980;0
981;0
982;0
983;0
984;0
985;0
986;0
987;0
988;0
989;0
990;0
991;0
992;0
993;0
994;0
995;0
996;0
997;0
998;0
999;0
1000;0
1005;0
1006;0
1019;0
1020;0
1021;0
1022;0
1046;0
1047;0
1048;0
1058;0
1059;0
1060;0
1061;0
1062;0
1063;0
1064;0
1065;0
1066;0
1067;0
1068;0
1077;0
1112;0
1113;0
1114;0
1115;0
1116;0
1117;0
1118;0
1119;0
1120;0
1121;0
1122;0
1123;0
1124;0
1125;0
1126;0
1127;0
1139;0
1140;0
1141;0
1142;0
1143;0
1144;0
1145;0
1146;0
1147;0
1148;0
1149;0
1150;0
1151;0
1152;0
1153;0
1154;0
1155;0
1156;0
1157;0
1158;0
1159;0
1160;0
1161;0
1162;0
1163;0
1164;0
1165;0
1166;0
1167;0
1168;0
1169;0
1170;0
1171;0
1172;0
1173;0
1174;0
1175;0
1176;0
1177;0
1178;0
1179;0
1180;0
1181;0
1182;0
1183;0
1184;0
1185;0
1186;0
1187;0
1188;0
1189;0
1190;0
1216;0
1226;0
1227;0
1228;0
1229;0
1230;0
1231;0
1232;0
1251;0
1252;0
1253;0
1254;0
1255;0
1256;0
1257;0
1258;0
1259;0
1260;0
1261;0
1262;0
1263;0
1264;0
1265;0
1266;0
1267;0
1268;0
1269;0
1270;0
1271;0
1272;0
1273;0
1274;0
1275;0
1276;0
1277;0
1278;0
1279;0
1280;0
1281;0
1282;0
1283;0
1284;0
1285;0
1286;0
1287;0
1288;0
1289;0
1290;0
1291;0
1292;0
1293;0
1294;0
1295;0
1296;0
1297;0
1298;0
1299;0
1300;0
1301;0
1302;0
1303;0
1304;0
1305;0
1306;0
1307;0
1317;0
1318;0
1319;0
1320;0
1330;0
1331;0
1332;0
1342;0
1343;0
1344;0
1345;0
1346;0
1347;0
1348;0
1349;0
1350;0
1372;0
1373;0
1374;0
1375;0
1376;0
1377;0
1378;0
1379;0
1388;0
1389;0
1390;0
1391;0
1392;0
1393;0
1394;0
1395;0
1396;0
1397;0
1407;0
1408;0
1409;0
1410;0
1411;0
1412;0
1413;0
1414;0
1415;0
1416;0
1417;0
1418;0
1419;0
1420;0
1421;0
1422;0
1423;0
1424;0
1425;0
1426;0
1427;0
1428;0
1429;0
1430;0
1431;0
1432;0
1433;0
1434;0
1444;0
1445;0
1446;0
1447;0
1448;0
1449;0
1450;0
1451;0
1452;0
1453;0
1454;0
1455;0
1456;0
1457;0
1458;0
1459;0
1460;0
1461;0
1462;0
1463;0
1464;0
1465;0
1466;0
1467;0
1468;0
1469;0
1478;0
1479;0
1480;0
1481;0
1494;0
1509;0
1510;0
1511;0
1512;0
1513;0
1514;0
1515;0
1516;0
1517;0
1518;0
1519;0
1520;0
1521;0
1522;0
1523;0
1524;0
1525;0
1526;0
1536;0
1537;0
1538;0
1539;0
1540;0
1541;0
1542;0
1543;0
1544;0
1545;0
1546;0
1547;0
1548;0
1549;0
1550;0
1551;0
1552;0
1553;0
1554;0
1555;0
1556;0
1557;0
1558;0
1559;0
1560;0
1561;0
1562;0
1563;0
1564;0
1565;0
1566;0
1567;0
1568;0
1569;0
1570;0
1571;0
1572;0
1573;0
1574;0
1575;0
1590;0
1591;0
1592;0
1593;0
1594;0
1595;0
1596;0
1597;0
1598;0
1599;0
1600;0
1601;0
1602;0
1603;0
1604;0
1605;0
1606;0
1607;0
1608;0
1609;0
1610;0
1611;0
1612;0
1613;0
1614;0
1615;0
1616;0
1617;0
1618;0
1619;0
1620;0
1621;0
1669;0
1670;0
1671;0
1672;0
1673;0
1674;0
1675;0
1676;0
1677;0
1678;0
1679;0
1680;0
1681;0
1682;0
1683;0
1684;0
1685;0
1686;0
1687;0
1688;0
1689;0
1690;0
1691;0
1705;0
1740;0
1741;0
1742;0
1743;0
1744;0
1745;0
1746;0
1747;0
1748;0
1749;0
1750;0
1751;0
1752;0
1753;0
1754;0
1755;0
1756;0
1757;0
1758;0
1776;0
1817;0
1818;0
1819;0
1820;0
1862;0
1863;0
1885;0
1886;0
1887;0
1888;0
1889;0
1890;0
1891;0
1892;0
1893;0
1894;0
1895;0
1896;0
1897;0
1898;0
1899;0
1900;0
1901;0
1902;0
1903;0
1904;0
1905;0
1906;0
1907;0
1908;0
1909;0
1910;0
1911;0
1912;0
1913;0
1914;0
1915;0
1916;0
1917;0
1918;0
1919;0
1920;0
1921;0
1922;0
1923;0
1924;0
1925;0
1926;0
1935;0
1936;0
1937;0
1938;0
1939;0
1940;0
1941;0
1942;0
1943;0
1952;0
1953;0
1954;0
1955;0
1956;0
1957;0
1958;0
1959;0
1960;0
1961;0
1962;0
1963;0
1964;0
1965;0
1966;0
1967;0
1968;0
2006;0
2007;0
2008;0
2009;0
2010;0
2011;0
2012;0
2013;0
2014;0
2015;0
2016;0
2017;0
2018;0
2019;0
2020;0
2021;0
2022;0
2029;0
2030;0
2031;0
2032;0
2033;0
2034;0
2035;0
2036;0
2053;0
2054;0
2055;0
2056;0
2057;0
2058;0
2059;0
2068;0
2069;0
2070;0
2071;0
2072;0
2073;0
2074;0
2075;0
2076;0
2077;0
2078;0
2079;0
2080;0
2081;0
2082;0
2083;0
2084;0
2085;0
2086;0
2087;0
2088;0
2089;0
2090;0
2091;0
2092;0
2093;0
2094;0
2095;0
2096;0
2097;0
2098;0
2099;0
2100;0
2101;0
2102;0
2103;0
2112;0
2134;0
2135;0
2136;0
2137;0
2138;0
2139;0
2140;0
2141;0
2142;0
2143;0
2144;0
2145;0
2146;0
2147;0
2148;0
2149;0
2150;0
2151;0
2152;0
2153;0
2154;0
2155;0
2156;0
2157;0
2158;0
2159;0
2160;0
2175;0
2176;0
2177;0
2192;0
2193;0
2194;0
2195;0
2196;0
2197;0
2198;0
2199;0
2200;0
2201;0
2202;0
2203;0
2204;0
2205;0
2206;0
2207;0
2208;0
2226;0
2227;0
2228;0
2229;0
2230;0
2231;0
2232;0
2233;0
2234;0
2235;0
2236;0
2237;0
2238;0
2239;0
2240;0
2241;0
2242;0
2243;0
2244;0
2245;0
2246;0
2247;0
2248;0
2249;0
2250;0
2251;0
2252;0
2253;0
2254;0
2255;0
2256;0
2257;0
2258;0
2259;0
2260;0
2269;0
2270;0
2282;0
2293;0
2294;0
2295;0
2296;0
2297;0
2298;0
2299;0
2300;0
2301;0
2302;0
2303;0
2304;0
2330;0
2331;0
2332;0
2333;0
2334;0
2335;0
2336;0
2337;0
2353;0
2354;0
2355;0
2356;0
2357;0
2358;0
2359;0
2360;0
2361;0
2362;0
2398;0
2399;0
2400;0
2401;0
2402;0
2403;0
2404;0
2405;0
2406;0
2407;0
2408;0
2409;0
2410;0
2411;0
2412;0
2413;0
2414;0
2415;0
2416;0
2444;0
2445;0
2446;0
2447;0
2448;0
2458;0
2459;0
2460;0
2487;0
2488;0
2489;0
2490;0
2491;0
2492;0
2493;0
2494;0
2495;0
2526;0
2560;0
2561;0
2562;0
2563;0
2564;0
2565;0
2566;0
2567;0
2568;0
2569;0
2570;0
2571;0
2572;0
2573;0
2574;0
2575;0
2576;0
2577;0
2578;0
2579;0
2580;0
2581;0
2582;0
2583;0
2584;0
2585;0
2586;0
2587;0
2588;0
2589;0
2590;0
2591;0
2592;0
2593;0
2594;0
2595;0
2596;0
2597;0
2598;0
2599;0
2600;0
2601;0
2602;0
2603;0
2604;0
2605;0
2620;0
2621;0
2622;0
2623;0
2624;0
2625;0
2626;0
2627;0
2628;0
2629;0
2630;0
2631;0
2632;0
2633;0
2634;0
2635;0
2636;0
2637;0
2638;0
2639;0
2640;0
2641;0
2642;0
2643;0
2668;0
2669;0
2670;0
2671;0
2672;0
2673;0
2674;0
2675;0
2676;0
2677;0
2678;0
2679;0
2680;0
2681;0
2682;0
2683;0
2684;0
2685;0
2686;0
2687;0
2688;0
2689;0
2690;0
2691;0
2692;0
2693;0
2694;0
2695;0
2696;0
2697;0
2698;0
2699;0
2700;0
2701;0
2711;0
2712;0
2713;0
2714;0
2715;0
2716;0
2717;0
2718;0
2719;0
2720;0
2721;0
2722;0
2723;0
2724;0
2725;0
2726;0
2727;0
2728;0
2729;0
2730;0
2731;0
2732;0
2733;0
2734;0
2735;0
2736;0
2737;0
2738;0
2739;0
2740;0
2741;0
2742;0
2743;0
2744;0
2745;0
2746;0
2747;0
2748;0
2749;0
2750;0
2751;0
2752;0
2753;0
2754;0
2755;0
2770;0
2771;0
2772;0
2773;0
2774;0
2775;0
2791;0
2792;0
2793;0
2807;0
2808;0
2809;0
2810;0
2811;0
2812;0
2813;0
2814;0
2815;0
2816;0
2817;0
2818;0
2839;0
2840;0
2841;0
2842;0
2843;0
2844;0
2845;0
2846;0
2847;0
2848;0
2849;0
2850;0
2851;0
2852;0
2853;0
2854;0
2855;0
2856;0
2857;0
2858;0
2859;0
2860;0
2861;0
2862;0
2863;0
2864;0
2865;0
2866;0
2867;0
2868;0
2869;0
2870;0
2871;0
2872;0
2873;0
2874;0
2875;0
2876;0
2877;0
2878;0
2879;0
2880;0
2881;0
2882;0
2883;0
2884;0
2885;0
2903;0
2904;0
2905;0
2906;0
2907;0
2918;0
2919;0
2920;0
2921;0
2922;0
2923;0
2924;0
2925;0
2926;0
2935;0
2936;0
2937;0
2938;0
2939;0
2940;0
2941;0
2954;0
2955;0
2956;0
2957;0
2958;0
2959;0
2960;0
2961;0
2962;0
2972;0
2973;0
2974;0
2975;0
2976;0
2977;0
2978;0
2979;0
2980;0
2981;0
2982;0
2983;0
2984;0
2985;0
2986;0
2987;0
2988;0
2989;0
2990;0
2991;0
3005;0
3006;0
3015;0
3016;0
3017;0
3018;0
3019;0
3042;0
3043;0
3044;0
3045;0
3046;0
3047;0
3074;0
3091;0
3092;0
3093;0
3094;0
3095;0
3096;0
3097;0
3098;0
3099;0
3100;0
3101;0
3102;0
3103;0
3104;0
3105;0
3106;0
3107;0
3108;0
3109;0
3110;0
3111;0
3112;0
3113;0
3114;0
3115;0
3116;0
3117;0
3118;0
3119;0
3120;0
3121;0
3122;0
3123;0
3124;0
3125;0
3126;0
3127;0
3136;0
3137;0
3138;0
3139;0
3140;0
3141;0
3142;0
3143;0
3144;0
3145;0
3146;0
3147;0
3148;0
3149;0
3150;0
3170;0
3171;0
3172;0
3173;0
3174;0
3175;0
3176;0
3177;0
3178;0
3195;0
3196;0
3197;0
3198;0
3199;0
3200;0
3201;0
3202;0
3203;0
3204;0
3236;0
3237;0
3238;0
3239;0
3240;0
3241;0
3242;0
3243;0
3244;0
3245;0
3246;0
3247;0
3248;0
3249;0
3250;0
3251;0
3252;0
3253;0
3254;0
3255;0
3256;0
3257;0
3258;0
3259;0
3260;0
3261;0
3262;0
3263;0
3264;0
3265;0
3266;0
3267;0
3268;0
3269;0
3270;0
3271;0
3272;0
3273;0
3274;0
3275;0
3276;0
3277;0
3278;0
3279;0
3280;0
3281;0
3282;0
3283;0
3284;0
3285;0
3286;0
3287;0
3288;0
3289;0
3290;0
3291;0
3292;0
3293;0
3294;0
3295;0
3296;0
3297;0
3298;0
3299;0
3300;0
3301;0
3302;0
3303;0
3304;0
3305;0
3306;0
3307;0
3308;0
3309;0
3310;0
3311;0
3312;0
3313;0
3314;0
3315;0
3326;0
3327;0
3328;0
3329;0
3330;0
3331;0
3332;0
3333;0
3334;0
3335;0
3336;0
3337;0
3346;0
3347;0
3366;0
3367;0
3368;0
3369;0
3370;0
3371;0
3396;0
3397;0
3398;0
3399;0
3400;0
3401;0
3402;0
3403;0
3404;0
3405;0
3406;0
3407;0
3408;0
3409;0
3436;0
3458;0
3459;0
3460;0
3461;0
3462;0
3463;0
3464;0
3465;0
3466;0
3467;0
3468;0
3469;0
3470;0
3479;0
3480;0
3481;0
3482;0
3483;0
3484;0
3485;0
3486;0
3487;0
3488;0
3489;0
3490;0
3491;0
3492;0
3493;0
3494;0
3495;0
3496;0
3497;0
3498;0
3507;0
3508;0
3509;0
3510;0
3511;0
3512;0
3513;0
3514;0
3515;0
3516;0
3517;0
3518;0
3519;0
3528;0
3529;0
3530;0
3531;0
3532;0
3541;0
3542;0
3543;0
3544;0
3545;0
3546;0
3547;0
3548;0
3549;0
3558;0
3559;0
3560;0
3561;0
3573;0
3574;0
3575;0
3576;0
3577;0
3578;0
3579;0
3580;0
3581;0
3582;0
3583;0
3584;0
3585;0
3586;0
3587;0
3588;0
3589;0
3598;0
3599;0
3600;0
3601;0
3602;0
3603;0
3613;0
3614;0
3615;0
3616;0
3617;0
3618;0
3619;0
3620;0
3621;0
3622;0
3623;0
3624;0
3625;0
3626;0
3627;0
3628;0
3629;0
3630;0
3631;0
3632;0
3644;0
3645;0
3654;0
3655;0
3669;0
3670;0
3684;0
3685;0
3686;0
3687;0
3688;0
3689;0
3690;0
3691;0
3692;0
3693;0
3694;0
3695;0
3696;0
3697;0
3698;0
3699;0
3700;0
3701;0
3702;0
3703;0
3704;0
3726;0
3727;0
3728;0
3729;0
3730;0
3731;0
3732;0
3733;0
3734;0
3735;0
3736;0
3737;0
3738;0
3739;0
3740;0
3741;0
3742;0
3743;0
3744;0
3745;0
3746;0
3747;0
3768;0
3769;0
3770;0
3771;0
3772;0
3773;0
3774;0
3775;0
3776;0
3777;0
3778;0
3779;0
3780;0
3781;0
3796;0
3797;0
3798;0
3799;0
3800;0
3812;0
3813;0
3814;0
3815;0
3816;0
3817;0
3818;0
3819;0
3820;0
3821;0
3822;0
3823;0
3858;0
3859;0
3860;0
3861;0
3862;0
3863;0
3864;0
3865;0
3866;0
3867;0
3868;0
3869;0
3870;0
3871;0
3872;0
3873;0
3874;0
3875;0
3876;0
3877;0
3878;0
3879;0
3880;0
3881;0
3890;0
3891;0
3892;0
3893;0
3894;0
3895;0
3896;0
3897;0
3898;0
3899;0
3900;0
3901;0
3902;0
3903;0
3904;0
3905;0
3906;0
3907;0
3908;0
3909;0
3925;0
3926;0
3927;0
3928;0
3929;0
3969;0
3970;0
3971;0
3972;0
3973;0
3974;0
3975;0
3976;0
3985;0
3986;0
3995;0
3996;0
3997;0
3998;0
3999;0
4000;0
4012;0
4013;0
4014;0
4015;0
4024;0
4025;0
4026;0
4035;0
4045;0
4046;0
4047;0
4048;0
4068;0
4069;0
4070;0
4071;0
4072;0
4073;0
4074;0
4075;0
4076;0
4077;0
4078;0
4079;0
4080;0
4081;0
4082;0
4083;0
4084;0
4085;0
4086;0
4087;0
4088;0
4089;0
4090;0
4091;0
4092;0
4113;0
4114;0
4115;0
4116;0
4117;0
4118;0
4119;0
4120;0
4121;0
4122;0
4123;0
4132;0
4133;0
4134;0
4135;0
4136;0
4137;0
4149;0
4150;0
4151;0
4152;0
4153;0
4154;0
4155;0
4160;0
4161;0
4162;0
4163;0
4164;0
4165;0
4166;0
4167;0
4168;0
4169;0
4170;0
4171;0
4172;0
4173;0
4174;0
4175;0
4176;0
4177;0
4178;0
4179;0
4180;0
4181;0
4182;0
4183;0
4184;0
4185;0
4186;0
4187;0
4188;0
4189;0
4190;0
4201;0
4202;0
4203;0
4204;0
4205;0
4206;0
4207;0
4208;0
4209;0
4210;0
4211;0
4212;0
4213;0
4214;0
4215;0
4216;0
4226;0
4227;0
4228;0
4229;0
4230;0
4231;0
4232;0
4233;0
4234;0
4235;0
4236;0
4237;0
4238;0
4239;0
4240;0
4241;0
4242;0
4243;0
4244;0
4245;0
4246;0
4247;0
4248;0
4249;0
4250;0
4251;0
4252;0
4253;0
4254;0
4255;0
4256;0
4257;0
4258;0
4259;0
4260;0
4261;0
4262;0
4263;0
4264;0
4265;0
4266;0
4267;0
4268;0
4269;0
4270;0
4271;0
4272;0
4273;0
4274;0
4275;0
4276;0
4277;0
4278;0
4279;0
4280;0
4281;0
4282;0
4283;0
4284;0
4285;0
4286;0
4315;0
4316;0
4328;0
4329;0
4330;0
4384;0
4385;0
4386;0
4387;0
4388;0
4389;0
4390;0
4391;0
4392;0
4393;0
4394;0
4395;0
4396;0
4407;0
4408;0
4417;0
4418;0
4419;0
4420;0
4421;0
4422;0
4423;0
4424;0
4425;0
4426;0
4427;0
4428;0
4429;0
4430;0
4431;0
4432;0
4441;0
4442;0
4443;0
4444;0
4445;0
4446;0
4447;0
4448;0
4449;0
4450;0
4451;0
4452;0
4453;0
4469;0
4470;0
4471;0
4472;0
4473;0
4474;0
4475;0
4476;0
4477;0
4478;0
4479;0
4480;0
4481;0
4482;0
4497;0
4514;0
4515;0
4516;0
4517;0
4518;0
4519;0
4520;0
4521;0
4522;0
4523;0
4524;0
4525;0
4526;0
4535;0
4536;0
4537;0
4538;0
4539;0
4540;0
4541;0
4553;0
4554;0
4555;0
4556;0
4557;0
4558;0
4559;0
4560;0
4561;0
4562;0
4563;0
4564;0
4565;0
4566;0
4567;0
4568;0
4569;0
4570;0
4571;0
4572;0
4573;0
4574;0
4575;0
4576;0
4577;0
4578;0
4579;0
4580;0
4581;0
4582;0
4583;0
4584;0
4585;0
4586;0
4587;0
4588;0
4598;0
4599;0
4600;0
4601;0
4602;0
4603;0
4604;0
4605;0
4606;0
4607;0
4608;0
4609;0
4610;0
4611;0
4612;0
4613;0
4623;0
4624;0
4625;0
4626;0
4627;0
4628;0
4629;0
4630;0
4631;0
4632;0
4644;0
4645;0
4646;0
4647;0
4648;0
4649;0
4650;0
4651;0
4652;0
4653;0
4654;0
4655;0
4656;0
4657;0
4658;0
4659;0
4660;0
4661;0
4662;0
4671;0
4672;0
4673;0
4674;0
4675;0
4676;0
4677;0
4678;0
4679;0
4680;0
4681;0
4682;0
4683;0
4684;0
4705;0
4706;0
4707;0
4708;0
4709;0
4710;0
4711;0
4712;0
4713;0
4714;0
4715;0
4716;0
4717;0
4718;0
4719;0
4720;0
4721;0
4722;0
4723;0
4724;0
4725;0
4726;0
4727;0
4728;0
4747;0
4748;0
4775;0
4776;0
4777;0
4778;0
4779;0
4780;0
4781;0
4782;0
4783;0
4794;0
4795;0
4796;0
4797;0
4798;0
4799;0
4800;0
4801;0
4802;0
4803;0
4804;0
4805;0
4806;0
4807;0
4808;0
4809;0
4810;0
4811;0
4812;0
4824;0
4825;0
4826;0
4827;0
4828;0
4829;0
4830;0
4831;0
4832;0
4833;0
4834;0
4835;0
4836;0
4837;0
4838;0
4853;0
4854;0
4855;0
4856;0
4857;0
4873;0
4874;0
4875;0
4881;0
4882;0
4883;0
4884;0
4885;0
4886;0
4887;0
4888;0
4889;0
4902;0
4903;0
4912;0
4913;0
4914;0
4915;0
4916;0
4917;0
4918;0
4919;0
4920;0
4921;0
4922;0
4923;0
4924;0
4925;0
4926;0
4927;0
4928;0
4929;0
4930;0
4931;0
4932;0
4933;0
4934;0
4935;0
4936;0
4937;0
4938;0
4939;0
4960;0
4961;0
4962;0
4963;0
4964;0
4965;0
4966;0
4967;0
4968;0
4969;0
4970;0
4971;0
4972;0
4973;0
4974;0
4975;0
4976;0
4977;0
4978;0
4979;0
4980;0
4981;0
4982;0
4983;0
4984;0
4985;0
4986;0
4987;0
4988;0
4989;0
4990;0
4991;0
4992;0
4993;0
4994;0
4995;0
4996;0
4997;0
4998;0
4999;0
5000;0
5001;0
5002;0
5003;0
5004;0
5005;0
5006;0
5007;0
5008;0
5009;0
5010;0
5011;0
5012;0
5013;0
5014;0
5015;0
5016;0
5017;0
5026;0
5027;0
5028;0
5029;0
5030;0
5031;0
5032;0
5033;0
5034;0
5035;0
5036;0
5037;0
5038;0
5039;0
5040;0
5041;0
5042;0
5043;0
5044;0
5045;0
5046;0
5047;0
5048;0
5049;0
5050;0
5051;0
5052;0
5053;0
5054;0
5055;0
5056;0
5057;0
5068;0
5069;0
5070;0
5071;0
5072;0
5073;0
5074;0
5075;0
5076;0
5077;0
5101;0
5102;0
5103;0
5104;0
5105;0
5106;0
5107;0
5135;0
5136;0
5137;0
5138;0
5139;0
5140;0
5141;0
5142;0
5143;0
5144;0
5145;0
5146;0
5147;0
5148;0
5149;0
5150;0
5151;0
5161;0
5162;0
5163;0
5164;0
5165;0
5166;0
5167;0
5168;0
5169;0
5170;0
5171;0
5172;0
5185;0
5186;0
5187;0
5200;0
5201;0
5202;0
5203;0
5204;0
5205;0
5206;0
5207;0
5208;0
5240;0
5241;0
5242;0
5243;0
5244;0
5245;0
5246;0
5247;0
5248;0
5249;0
5250;0
5251;0
5252;0
5253;0
5254;0
5255;0
5256;0
5257;0
5258;0
5259;0
5260;0
5261;0
5262;0
5263;0
5264;0
5265;0
5266;0
5267;0
5268;0
5269;0
5270;0
5271;0
5283;0
5284;0
5285;0
5286;0
5287;0
5288;0
5289;0
5290;0
5291;0
5292;0
5293;0
5294;0
5295;0
5296;0
5301;0
5302;0
5303;0
5304;0
5305;0
5306;0
5307;0
5308;0
5309;0
5318;0
5319;0
5330;0
5331;0
5332;0
5333;0
5342;0
5343;0
5344;0
5345;0
5346;0
5347;0
5348;0
5349;0
5350;0
5351;0
5352;0
5353;0
5354;0
5355;0
5356;0
5383;0
5384;0
5385;0
5386;0
5395;0
5396;0
5397;0
5398;0
5399;0
5400;0
5401;0
5402;0
5403;0
5404;0
5405;0
5406;0
5407;0
5408;0
5409;0
5410;0
5411;0
5412;0
5413;0
5414;0
5415;0
5416;0
5417;0
5418;0
5419;0
5420;0
5421;0
5422;0
5423;0
5424;0
5425;0
5426;0
5427;0
5428;0
5429;0
5430;0
5431;0
5432;0
5433;0
5434;0
5435;0
5436;0
5437;0
5438;0
5439;0
5440;0
5441;0
5442;0
5443;0
5444;0
5454;0
5463;0
5464;0
5473;0
5474;0
5475;0
5476;0
5477;0
5478;0
5479;0
5498;0
5499;0
5500;0
5501;0
5502;0
5503;0
5504;0
5505;0
5506;0
5507;0
5508;0
5509;0
5510;0
5511;0
5512;0
5513;0
5514;0
5515;0
5516;0
5517;0
5518;0
5519;0
5520;0
5536;0
5537;0
5538;0
5539;0
5540;0
5541;0
5542;0
5543;0
5544;0
5545;0
5546;0
5547;0
5548;0
5549;0
5550;0
5551;0
5552;0
5553;0
5554;0
5555;0
5556;0
5557;0
5558;0
5559;0
5560;0
5561;0
5562;0
5563;0
5572;0
5573;0
5574;0
5575;0
5576;0
5577;0
5578;0
5579;0
5580;0
5581;0
5582;0
5583;0
5584;0
5585;0
5586;0
5587;0
5588;0
5589;0
5590;0
5599;0
5600;0
5601;0
5602;0
5603;0
5604;0
5605;0
5606;0
5607;0
5608;0
5609;0
5610;0
5611;0
5616;0
5617;0
5618;0
5619;0
5620;0
5621;0
5622;0
5623;0
5624;0
5625;0
5626;0
5627;0
5628;0
5629;0
5630;0
5631;0
5632;0
5633;0
5634;0
5635;0
5636;0
5637;0
5638;0
5639;0
5640;0
5660;0
5661;0
5662;0
5663;0
5664;0
5665;0
5666;0
5704;0
5705;0
5706;0
5707;0
5716;0
5717;0
5718;0
5731;0
5732;0
5733;0
5734;0
5735;0
5736;0
5737;0
5738;0
5739;0
5740;0
5741;0
5742;0
5743;0
5752;0
5753;0
5754;0
5755;0
5756;0
5757;0
5758;0
5759;0
5760;0
5761;0
5762;0
5763;0
5764;0
5765;0
5766;0
5767;0
5768;0
5769;0
5770;0
5797;0
5806;0
5807;0
5808;0
5809;0
5810;0
5811;0
5812;0
5813;0
5814;0
5815;0
5816;0
5817;0
5818;0
5819;0
5820;0
5821;0
5822;0
5823;0
5824;0
5825;0
5826;0
5827;0
5828;0
5829;0
5830;0
5831;0
5840;0
5841;0
5842;0
5843;0
5844;0
5845;0
5846;0
5847;0
5848;0
5849;0
5850;0
5851;0
5852;0
5853;0
5854;0
5855;0
5856;0
5857;0
5858;0
5859;0
5860;0
5861;0
5862;0
5896;0
5918;0
5919;0
5920;0
5921;0
5922;0
5923;0
5924;0
5925;0
5926;0
5927;0
5928;0
5929;0
5930;0
5947;0
5948;0
5949;0
5950;0
5951;0
5952;0
5990;0
5991;0
5992;0
5993;0
5994;0
5995;0
5996;0
5997;0
5998;0
5999;0
6000;0
6001;0
6002;0
6003;0
6004;0
6005;0
6017;0
6018;0
6019;0
6020;0
6021;0
6022;0
6023;0
6024;0
6025;0
6026;0
6027;0
6028;0
6029;0
6030;0
6031;0
6032;0
6033;0
6034;0
6035;0
6036;0
6037;0
6038;0
6039;0
6040;0
6041;0
6042;0
6043;0
6044;0
6045;0
6046;0
6084;0
6099;0
6100;0
6101;0
6102;0
6111;0
6166;0
6167;0
6168;0
6169;0
6170;0
6171;0
6172;0
6173;0
6174;0
6186;0
6202;0
6203;0
6241;0
6242;0
6243;0
6244;0
6245;0
6246;0
6247;0
6248;0
6249;0
6250;0
6259;0
6260;0
6261;0
6262;0
6263;0
6264;0
6275;0
6276;0
6277;0
6278;0
6279;0
6280;0
6281;0
6282;0
6283;0
6284;0
6285;0
6286;0
6287;0
6288;0
6289;0
6290;0
6291;0
6292;0
6293;0
6294;0
6295;0
6296;0
6297;0
6298;0
6299;0
6300;0
6301;0
6302;0
6303;0
6316;0
6326;0
6341;0
6342;0
6343;0
6344;0
6353;0
6354;0
6355;0
6356;0
6357;0
6358;0
6359;0
6360;0
6361;0
6362;0
6363;0
6364;0
6365;0
6366;0
6367;0
6368;0
6369;0
6370;0
6371;0
6372;0
6373;0
6374;0
6375;0
6376;0
6377;0
6378;0
6379;0
6380;0
6381;0
6382;0
6391;0
6392;0
6393;0
6394;0
6395;0
6396;0
6397;0
6398;0
6399;0
6400;0
6401;0
6402;0
6403;0
6413;0
6414;0
6415;0
6416;0
6417;0
6418;0
6419;0
6420;0
6421;0
6447;0
6448;0
6449;0
6450;0
6451;0
6452;0
6453;0
6454;0
6455;0
6456;0
6457;0
6466;0
6467;0
6468;0
6469;0
6470;0
6471;0
6472;0
6473;0
6474;0
6475;0
6476;0
6477;0
6478;0
6479;0
6480;0
6481;0
6490;0
6491;0
6492;0
6493;0
6494;0
6529;0
6538;0
6539;0
6540;0
6541;0
6550;0
6551;0
6552;0
6553;0
6554;0
6555;0
6556;0
6557;0
6558;0
6559;0
6560;0
6570;0
6571;0
6588;0
6612;0
6613;0
6614;0
6615;0
6627;0
6628;0
6629;0
6630;0
6631;0
6632;0
6633;0
6634;0
6635;0
6636;0
6637;0
6638;0
6639;0
6640;0
6641;0
6642;0
6643;0
6644;0
6645;0
6646;0
6647;0
6648;0
6649;0
6650;0
6651;0
6652;0
6653;0
6654;0
6655;0
6673;0
6674;0
6675;0
6676;0
6677;0
6678;0
6679;0
6680;0
6681;0
6713;0
6714;0
6715;0
6716;0
6733;0
6734;0
6735;0
6736;0
6737;0
6738;0
6739;0
6740;0
6741;0
6742;0
6743;0
6744;0
6745;0
6746;0
6747;0
6748;0
6749;0
6750;0
6751;0
6752;0
6753;0
6754;0
6755;0
6756;0
6757;0
6758;0
6759;0
6760;0
6761;0
6762;0
6763;0
6764;0
6765;0
6766;0
6767;0
6801;0
6802;0
6811;0
6812;0
6813;0
6814;0
6827;0
6828;0
6829;0
6830;0
6831;0
6832;0
6833;0
6834;0
6835;0
6836;0
6837;0
6838;0
6839;0
6840;0
6841;0
6842;0
6843;0
6844;0
6845;0
6846;0
6847;0
6848;0
6849;0
6850;0
6851;0
6852;0
6853;0
6854;0
6855;0
6856;0
6857;0
6858;0
6859;0
6860;0
6861;0
6862;0
6863;0
6864;0
6865;0
6866;0
6867;0
6868;0
6869;0
6879;0
6880;0
6881;0
6882;0
6883;0
6884;0
6885;0
6886;0
6887;0
6888;0
6889;0
6890;0
6891;0
6892;0
6919;0
6920;0
6982;0
6983;0
6984;0
6985;0
6986;0
6987;0
6988;0
6989;0
6990;0
6991;0
6992;0
6993;0
6994;0
6995;0
6996;0
6997;0
6998;0
6999;0
7000;0
7001;0
7002;0
7003;0
7004;0
7005;0
7006;0
7007;0
7008;0
7009;0
7010;0
7011;0
7012;0
7013;0
7022;0
7037;0
7038;0
7039;0
7040;0
7041;0
7042;0
7043;0
7044;0
7045;0
7046;0
7047;0
7048;0
7049;0
7062;0
7063;0
7064;0
7077;0
7078;0
7095;0
7096;0
7097;0
7098;0
7099;0
7100;0
7101;0
7102;0
7103;0
7104;0
7105;0
7106;0
7107;0
7108;0
7109;0
7110;0
7111;0
7112;0
7113;0
7114;0
7115;0
7116;0
7117;0
7118;0
7119;0
7120;0
7121;0
7122;0
7123;0
7124;0
7125;0
7126;0
7127;0
7128;0
7140;0
7141;0
7142;0
7143;0
7144;0
7145;0
7146;0
7147;0
7148;0
7149;0
7150;0
7151;0
7152;0
7153;0
7154;0
7155;0
7156;0
7157;0
7158;0
7159;0
7160;0
7161;0
7162;0
7163;0
7164;0
7165;0
7166;0
7167;0
7168;0
7175;0
7176;0
7177;0
7189;0
7190;0
7191;0
7192;0
7236;0
7237;0
7238;0
7239;0
7240;0
7241;0
7290;0
7291;0
7292;0
7293;0
7294;0
7295;0
7296;0
7297;0
7298;0
7299;0
7300;0
7301;0
7302;0
7303;0
7304;0
7338;0
7348;0
7349;0
7350;0
7351;0
7360;0
7361;0
7372;0
7373;0
7374;0
7375;0
7376;0
7377;0
7378;0
7379;0
7380;0
7381;0
7382;0
7383;0
7384;0
7385;0
7386;0
7387;0
7388;0
7389;0
7390;0
7391;0
7392;0
7393;0
7394;0
7395;0
7396;0
7397;0
7398;0
7399;0
7400;0
7401;0
7402;0
7407;0
7408;0
7409;0
7410;0
7411;0
7420;0
7421;0
7422;0
7423;0
7465;0
7466;0
7467;0
7468;0
7469;0
7470;0
7471;0
7472;0
7473;0
7474;0
7475;0
7476;0
7477;0
7478;0
7479;0
7480;0
7481;0
7482;0
7483;0
7484;0
7485;0
7486;0
7487;0
7488;0
7489;0
7490;0
7491;0
7492;0
7493;0
7494;0
7503;0
7504;0
7505;0
7506;0
7507;0
7508;0
7509;0
7510;0
7511;0
7512;0
7513;0
7514;0
7515;0
7516;0
7517;0
7518;0
7519;0
7520;0
7521;0
7522;0
7523;0
7524;0
7525;0
7526;0
7527;0
7528;0
7529;0
7530;0
7531;0
7532;0
7533;0
7534;0
7535;0
7536;0
7537;0
7538;0
7539;0
7540;0
7555;0
7556;0
7557;0
7558;0
7559;0
7560;0
7561;0
7562;0
7563;0
7591;0
7592;0
7593;0
7594;0
7595;0
7596;0
7597;0
7598;0
7599;0
7600;0
7601;0
7602;0
7612;0
7641;0
7642;0
7643;0
7653;0
7668;0
7669;0
7670;0
7671;0
7672;0
7673;0
7674;0
7675;0
7676;0
7677;0
7678;0
7679;0
7680;0
7681;0
7682;0
7683;0
7684;0
7685;0
7686;0
7687;0
7688;0
7707;0
7708;0
7709;0
7710;0
7711;0
7712;0
7713;0
7714;0
7715;0
7716;0
7717;0
7718;0
7719;0
7720;0
7721;0
7722;0
7723;0
7724;0
7725;0
7726;0
7727;0
7728;0
7729;0
7730;0
7731;0
7732;0
7733;0
7734;0
7735;0
7736;0
7737;0
7738;0
7739;0
7740;0
7741;0
7754;0
7755;0
7756;0
7765;0
7766;0
7767;0
7768;0
7769;0
7770;0
7771;0
7772;0
7773;0
7774;0
7795;0
7796;0
7835;0
7836;0
7837;0
7838;0
7839;0
7840;0
7841;0
7842;0
7843;0
7844;0
7845;0
7846;0
7847;0
7848;0
7849;0
7850;0
7851;0
7852;0
7853;0
7854;0
7855;0
7856;0
7857;0
7858;0
7859;0
7860;0
7861;0
7870;0
7871;0
7872;0
7873;0
7874;0
7900;0
7901;0
7902;0
7903;0
7904;0
7905;0
7906;0
7927;0
7928;0
7929;0
7930;0
7931;0
7932;0
7933;0
7934;0
7935;0
7936;0
7937;0
7938;0
7939;0
7940;0
7941;0
7942;0
7943;0
7944;0
7945;0
7946;0
7947;0
7948;0
7949;0
7950;0
7951;0
7952;0
7953;0
7954;0
7955;0
7956;0
7957;0
7958;0
7959;0
7960;0
7961;0
7962;0
7963;0
7964;0
7965;0
7966;0
7967;0
7968;0
7969;0
7970;0
7971;0
7972;0
7973;0
7974;0
7975;0
7976;0
7977;0
7978;0
7979;0
7980;0
7981;0
7982;0
7983;0
7984;0
7985;0
7986;0
7987;0
7988;0
7989;0
7990;0
7991;0
7992;0
7993;0
7994;0
7995;0
7996;0
7997;0
7998;0
7999;0
8000;0
8001;0
8002;0
8003;0
8012;0
8013;0
8014;0
8015;0
8016;0
8017;0
8018;0
8019;0
8020;0
8021;0
8022;0
8043;0
8044;0
8045;0
8046;0
8047;0
8048;0
8049;0
8050;0
8051;0
8052;0
8053;0
8054;0
8055;0
8056;0
8057;0
8058;0
8059;0
8060;0
8061;0
8070;0
8071;0
8072;0
8073;0
8074;0
8075;0
8076;0
8077;0
8078;0
8079;0
8080;0
8081;0
8082;0
8083;0
8097;0
8098;0
8099;0
8100;0
8101;0
8102;0
8103;0
8104;0
8105;0
8106;0
8107;0
8108;0
8109;0
8110;0
8111;0
8112;0
8113;0
8114;0
8115;0
8140;0
8149;0
8150;0
8151;0
8152;0
8171;0
8172;0
8173;0
8174;0
8175;0
8176;0
8177;0
8178;0
8179;0
8180;0
8181;0
8182;0
8183;0
8184;0
8185;0
8186;0
8209;0
8210;0
8211;0
8212;0
8213;0
8214;0
8215;0
8216;0
8217;0
8218;0
8219;0
8220;0
8221;0
8222;0
8223;0
8224;0
8225;0
8226;0
8227;0
8228;0
8229;0
8230;0
8231;0
8240;0
8241;0
8242;0
8243;0
8253;0
8254;0
8255;0
8256;0
8257;0
8258;0
8259;0
8260;0
8261;0
8262;0
8263;0
8264;0
8265;0
8266;0
8267;0
8268;0
8269;0
8270;0
8289;0
8290;0
8291;0
8292;0
8315;0
8316;0
8317;0
8318;0
8319;0
8320;0
8321;0
8322;0
8323;0
8324;0
8325;0
8326;0
8327;0
8328;0
8329;0
8330;0
8331;0
8332;0
8333;0
8334;0
8335;0
8336;0
8337;0
8338;0
8339;0
8340;0
8341;0
8342;0
8343;0
8344;0
8345;0
8346;0
8347;0
8348;0
8349;0
8350;0
8351;0
8352;0
8353;0
8354;0
8355;0
8356;0
8357;0
8358;0
8359;0
8360;0
8361;0
8362;0
8363;0
8364;0
8365;0
8366;0
8367;0
8368;0
8369;0
8370;0
8371;0
8372;0
8373;0
8374;0
8375;0
8376;0
8377;0
8378;0
8379;0
8380;0
8381;0
8382;0
8383;0
8384;0
8385;0
8386;0
8387;0
8388;0
8389;0
8390;0
8403;0
8404;0
8405;0
8406;0
8407;0
8408;0
8409;0
8410;0
8411;0
8412;0
8413;0
8414;0
8415;0
8416;0
8417;0
8418;0
8419;0
8420;0
8421;0
8422;0
8433;0
8434;0
8435;0
8436;0
8437;0
8438;0
8439;0
8440;0
8441;0
8442;0
8443;0
8444;0
8445;0
8446;0
8447;0
8448;0
8449;0
8450;0
8451;0
8452;0
8453;0
8454;0
8455;0
8456;0
8457;0
8458;0
8459;0
8460;0
8461;0
8478;0
8479;0
8480;0
8481;0
8482;0
8483;0
8484;0
8485;0
8494;0
8495;0
8496;0
8497;0
8498;0
8499;0
8500;0
8501;0
8502;0
8503;0
8504;0
8505;0
8506;0
8507;0
8508;0
8509;0
8510;0
8511;0
8512;0
8513;0
8514;0
8515;0
8530;0
8531;0
8532;0
8533;0
8534;0
8535;0
8536;0
8552;0
8553;0
8554;0
8555;0
8556;0
8570;0
8595;0
8596;0
8597;0
8598;0
8599;0
8638;0
8646;0
8647;0
8648;0
8649;0
8650;0
8651;0
8652;0
8653;0
8654;0
8655;0
8656;0
8657;0
8658;0
8672;0
8691;0
8692;0
8693;0
8694;0
8695;0
8696;0
8697;0
8698;0
8699;0
8700;0
8701;0
8702;0
8703;0
8712;0
8713;0
8714;0
8715;0
8716;0
8717;0
8718;0
8719;0
8720;0
8721;0
8722;0
8723;0
8724;0
8725;0
8726;0
8727;0
8728;0
8729;0
8730;0
8754;0
8755;0
8756;0
8757;0
8758;0
8759;0
8760;0
8761;0
8762;0
8763;0
8764;0
8765;0
8766;0
8767;0
8768;0
8769;0
8770;0
8771;0
8772;0
8773;0
8774;0
8775;0
8776;0
8777;0
8778;0
8779;0
8780;0
8781;0
8782;0
8783;0
8784;0
8785;0
8786;0
8787;0
8788;0
8789;0
8790;0
8791;0
8792;0
8793;0
8794;0
8795;0
8796;0
8797;0
8798;0
8799;0
8808;0
8818;0
8819;0
8820;0
8821;0
8822;0
8823;0
8824;0
8825;0
8826;0
8827;0
8828;0
8829;0
8830;0
8831;0
8832;0
8833;0
8834;0
8835;0
8836;0
8837;0
8838;0
8839;0
8840;0
8841;0
8842;0
8843;0
8855;0
8856;0
8857;0
8858;0
8859;0
8860;0
8861;0
8862;0
8863;0
8864;0
8876;0
8877;0
8878;0
8879;0
8880;0
8881;0
8882;0
8883;0
8884;0
8885;0
8886;0
8887;0
8888;0
8889;0
8890;0
8891;0
8892;0
8893;0
8894;0
8904;0
8905;0
8906;0
8918;0
8919;0
8920;0
8921;0
8922;0
8923;0
8924;0
8925;0
8926;0
8927;0
8928;0
8929;0
8930;0
8931;0
8932;0
8933;0
8934;0
8935;0
8936;0
8937;0
8938;0
8939;0
8940;0
8941;0
8942;0
8943;0
8944;0
8945;0
8946;0
8947;0
8948;0
8949;0
8950;0
8951;0
8952;0
8953;0
8954;0
8955;0
8956;0
8957;0
8958;0
8959;0
8960;0
8961;0
8962;0
8963;0
8964;0
8965;0
8966;0
8967;0
8968;0
8969;0
8970;0
8971;0
8972;0
8973;0
8982;0
8983;0
8984;0
8985;0
8986;0
8997;0
8998;0
8999;0
9000;0
9001;0
9002;0
9045;0
9046;0
9047;0
9048;0
9049;0
9050;0
9051;0
9052;0
9074;0
9075;0
9076;0
9077;0
9078;0
9079;0
9080;0
9081;0
9082;0
9083;0
9084;0
9105;0
9106;0
9107;0
9108;0
9109;0
9110;0
9111;0
9112;0
9113;0
9114;0
9115;0
9116;0
9117;0
9118;0
9119;0
9120;0
9121;0
9122;0
9123;0
9124;0
9125;0
9126;0
9127;0
9128;0
9129;0
9130;0
9131;0
9132;0
9133;0
9134;0
9135;0
9136;0
9137;0
9138;0
9139;0
9140;0
9141;0
9142;0
9143;0
9144;0
9145;0
9146;0
9147;0
9166;0
9167;0
9168;0
9169;0
9170;0
9171;0
9172;0
9183;0
9184;0
9185;0
9186;0
9187;0
9188;0
9189;0
9190;0
9191;0
9192;0
9193;0
9194;0
9195;0
9196;0
9197;0
9206;0
9207;0
9208;0
9209;0
9210;0
9211;0
9212;0
9213;0
9214;0
9215;0
9216;0
9217;0
9218;0
9219;0
9220;0
9221;0
9222;0
9223;0
9224;0
9225;0
9226;0
9227;0
9228;0
9229;0
9230;0
9231;0
9232;0
9233;0
9234;0
9244;0
9245;0
9246;0
9247;0
9248;0
9249;0
9250;0
9251;0
9252;0
9253;0
9254;0
9255;0
9256;0
9257;0
9258;0
9259;0
9260;0
9261;0
9262;0
9263;0
9264;0
9265;0
9266;0
9267;0
9268;0
9269;0
9270;0
9271;0
9272;0
9273;0
9274;0
9275;0
9276;0
9277;0
9278;0
9279;0
9280;0
9281;0
9282;0
9283;0
9295;0
9317;0
9318;0
9319;0
9320;0
9329;0
9330;0
9331;0
9332;0
9333;0
9334;0
9335;0
9350;0
9351;0
9352;0
9353;0
9354;0
9355;0
9356;0
9357;0
9366;0
9367;0
9368;0
9369;0
9370;0
9371;0
9372;0
9373;0
9374;0
9375;0
9376;0
9377;0
9378;0
9379;0
9380;0
9381;0
9382;0
9383;0
9395;0
9396;0
9397;0
9398;0
9399;0
9400;0
9401;0
9402;0
9411;0
9412;0
9413;0
9414;0
9415;0
9416;0
9417;0
9418;0
9419;0
9420;0
9421;0
9422;0
9423;0
9424;0
9425;0
9426;0
9427;0
9428;0
9429;0
9430;0
9431;0
9432;0
9433;0
9434;0
9435;0
9436;0
9437;0
9438;0
9439;0
9440;0
9441;0
9442;0
9443;0
9444;0
9445;0
9446;0
9447;0
9448;0
9449;0
9467;0
9468;0
9479;0
9480;0
9481;0
9482;0
9483;0
9484;0
9485;0
9500;0
9501;0
9514;0
9515;0
9516;0
9517;0
9518;0
9519;0
9520;0
9521;0
9522;0
9523;0
9540;0
9541;0
9556;0
9557;0
9558;0
9559;0
9560;0
9561;0
9562;0
9563;0
9564;0
9577;0
9643;0
9644;0
9645;0
9646;0
9647;0
9648;0
9649;0
9650;0
9651;0
9652;0
9653;0
9654;0
9655;0
9656;0
9657;0
9666;0
9667;0
9676;0
9677;0
9678;0
9679;0
9688;0
9689;0
9690;0
9691;0
9749;0
9750;0
9751;0
9752;0
9753;0
9754;0
9755;0
9756;0
9757;0
9758;0
9759;0
9760;0
9761;0
9776;0
9786;0
9787;0
9788;0
9789;0
9790;0
9791;0
9792;0
9793;0
9794;0
9795;0
9796;0
9797;0
9798;0
9799;0
9800;0
9801;0
9802;0
9803;0
9804;0
9805;0
9806;0
9807;0
9840;0
9841;0
9842;0
9843;0
9844;0
9845;0
9846;0
9847;0
9848;0
9849;0
9850;0
9851;0
9852;0
9853;0
9854;0
9855;0
9856;0
9857;0
9858;0
9859;0
9860;0
9861;0
9862;0
9863;0
9864;0
9865;0
9866;0
9867;0
9868;0
9869;0
9870;0
9871;0
9872;0
9873;0
9874;0
9875;0
9885;0
9886;0
9887;0
9888;0
9889;0
9890;0
9891;0
9892;0
9893;0
9894;0
9895;0
9913;0
9914;0
9915;0
9916;0
9917;0
9918;0
9919;0
9920;0
9921;0
9922;0
9923;0
9924;0
9925;0
9926;0
9927;0
9928;0
9929;0
9930;0
9931;0
9932;0
9933;0
9934;0
9935;0
9936;0
9937;0
9938;0
9939;0
9940;0
9941;0
9942;0
9943;0
9944;0
9945;0
9946;0
9947;0
9948;0
9957;0
9958;0
9959;0
9960;0
9961;0
9962;0
9963;0
9964;0
9965;0
9966;0
9967;0
9968;0
9969;0
9970;0
9971;0
9972;0
9973;0
9974;0
9975;0
9976;0
9977;0
9978;0
9979;0
9980;0
9981;0
9982;0
9983;0
9984;0
9985;0
9986;0
9987;0
9988;0
10002;0
10003;0
10004;0
10013;0
10014;0
10015;0
10016;0
10017;0
10018;0
10019;0
10020;0
10021;0
10022;0
10023;0
10024;0
10025;0
10026;0
10027;0
10028;0
10029;0
10078;0
10079;0
10080;0
10089;0
10090;0
10091;0
10101;0
10102;0
10103;0
10104;0
10105;0
10106;0
10107;0
10108;0
10109;0
10110;0
10111;0
10112;0
10113;0
10114;0
10115;0
10116;0
10117;0
10118;0
10119;0
10120;0
10121;0
10122;0
10123;0
10124;0
10125;0
10126;0
10127;0
10128;0
10129;0
10130;0
10131;0
10132;0
10133;0
10134;0
10135;0
10136;0
10137;0
10138;0
10139;0
10140;0
10141;0
10142;0
10143;0
10152;0
10153;0
10154;0
10155;0
10156;0
10157;0
10158;0
10159;0
10160;0
10161;0
10162;0
10163;0
10164;0
10165;0
10166;0
10167;0
10168;0
10169;0
10170;0
10171;0
10172;0
10173;0
10174;0
10175;0
10176;0
10177;0
10178;0
10179;0
10180;0
10181;0
10182;0
10183;0
10184;0
10185;0
10195;0
10196;0
10197;0
10198;0
10199;0
10200;0
10201;0
10202;0
10203;0
10204;0
10205;0
10206;0
10207;0
10208;0
10209;0
10210;0
10211;0
10212;0
10213;0
10214;0
10215;0
10216;0
10226;0
10227;0
10228;0
10229;0
10230;0
10231;0
10232;0
10233;0
10234;0
10235;0
10236;0
10237;0
10238;0
10239;0
10240;0
10241;0
10242;0
10243;0
10244;0
10245;0
10246;0
10247;0
10248;0
10249;0
10250;0
10251;0
10252;0
10253;0
10254;0
10255;0
10256;0
10257;0
10258;0
10259;0
10260;0
10261;0
10262;0
10263;0
10264;0
10265;0
10266;0
10267;0
10268;0
10269;0
10270;0
10271;0
10272;0
10273;0
10274;0
10275;0
10276;0
10277;0
10278;0
10279;0
10280;0
10281;0
10282;0
10283;0
10284;0
10285;0
10286;0
10287;0
10288;0
10289;0
10290;0
10291;0
10292;0
10293;0
10294;0
10306;0
10307;0
10308;0
10309;0
10310;0
10311;0
10312;0
10313;0
10314;0
10315;0
10316;0
10317;0
10318;0
10319;0
10320;0
10321;0
10322;0
10323;0
10324;0
10325;0
10326;0
10327;0
10328;0
10329;0
10330;0
10331;0
10332;0
10333;0
10334;0
10335;0
10346;0
10347;0
10348;0
10349;0
10350;0
10351;0
10352;0
10353;0
10354;0
10355;0
10356;0
10357;0
10358;0
10359;0
10360;0
10361;0
10362;0
10363;0
10364;0
10365;0
10366;0
10367;0
10368;0
10369;0
10370;0
10371;0
10372;0
10373;0
10374;0
10375;0
10376;0
10377;0
10378;0
10379;0
10400;0
10401;0
10402;0
10411;0
10412;0
10413;0
10414;0
10415;0
10416;0
10417;0
10418;0
10427;0
10428;0
10429;0
10430;0
10431;0
10432;0
10433;0
10434;0
10435;0
10436;0
10437;0
10438;0
10439;0
10440;0
10441;0
10442;0
10443;0
10444;0
10445;0
10446;0
10447;0
10448;0
10449;0
10450;0
10451;0
10452;0
10461;0
10462;0
10463;0
10473;0
10474;0
10475;0
10484;0
10485;0
10486;0
10487;0
10488;0
10489;0
10490;0
10491;0
10492;0
10493;0
10494;0
10495;0
10496;0
10497;0
10498;0
10499;0
10500;0
10501;0
10502;0
10503;0
10504;0
10513;0
10514;0
10515;0
10516;0
10517;0
10527;0
10528;0
10529;0
10530;0
10531;0
10532;0
10533;0
10534;0
10535;0
10536;0
10537;0
10538;0
10539;0
10540;0
10541;0
10542;0
10543;0
10544;0
10545;0
10546;0
10547;0
10548;0
10549;0
10550;0
10551;0
10552;0
10553;0
10554;0
10555;0
10556;0
10557;0
10558;0
10559;0
10560;0
10561;0
10562;0
10563;0
10564;0
10565;0
10566;0
10567;0
10568;0
10569;0
10578;0
10579;0
10580;0
10581;0
10582;0
10583;0
10584;0
10585;0
10596;0
10605;0
10606;0
10607;0
10608;0
10609;0
10610;0
10611;0
10612;0
10613;0
10629;0
10630;0
10631;0
10632;0
10633;0
10634;0
10635;0
10636;0
10637;0
10638;0
10639;0
10640;0
10641;0
10642;0
10643;0
10644;0
10645;0
10646;0
10647;0
10648;0
10669;0
10670;0
10671;0
10672;0
10673;0
10674;0
10675;0
10676;0
10677;0
10678;0
10679;0
10680;0
10681;0
10682;0
10683;0
10684;0
10685;0
10686;0
10695;0
10696;0
10697;0
10698;0
10699;0
10700;0
10701;0
10710;0
10711;0
10712;0
10713;0
10714;0
10715;0
10716;0
10717;0
10718;0
10719;0
10720;0
10721;0
10722;0
10723;0
10724;0
10725;0
10726;0
10727;0
10728;0
10729;0
10730;0
10731;0
10732;0
10733;0
10734;0
10735;0
10736;0
10737;0
10738;0
10739;0
10740;0
10741;0
10742;0
10743;0
10744;0
10745;0
10746;0
10747;0
10748;0
10749;0
10750;0
10751;0
10771;0
10772;0
10773;0
10774;0
10775;0
10776;0
10777;0
10778;0
10779;0
10780;0
10781;0
10782;0
10783;0
10784;0
10785;0
10786;0
10787;0
10788;0
10789;0
10790;0
10791;0
10792;0
10793;0
10794;0
10795;0
10796;0
10797;0
10798;0
10799;0
10800;0
10801;0
10802;0
10803;0
10804;0
10805;0
10806;0
10807;0
10808;0
10809;0
10810;0
10825;0
10826;0
10827;0
10828;0
10829;0
10830;0
10831;0
10832;0
10833;0
10834;0
10843;0
10844;0
10853;0
10874;0
10875;0
10882;0
10883;0
10884;0
10885;0
10886;0
10887;0
10888;0
10889;0
10890;0
10891;0
10892;0
10893;0
10894;0
10895;0
10904;0
10905;0
10906;0
10917;0
10918;0
10919;0
10920;0
10921;0
10922;0
10923;0
10924;0
10925;0
10926;0
10932;0
10933;0
10934;0
10935;0
10936;0
10945;0
10946;0
10947;0
10948;0
10949;0
10950;0
10951;0
10952;0
10953;0
10954;0
10955;0
10956;0
10957;0
10958;0
10959;0
10960;0
10961;0
10962;0
10963;0
10990;0
10991;0
10992;0
10993;0
10994;0
10995;0
10996;0
10997;0
10998;0
10999;0
11000;0
11001;0
11002;0
11003;0
11004;0
11005;0
11006;0
11007;0
11008;0
11009;0
11010;0
11011;0
11012;0
11013;0
11014;0
11015;0
11016;0
11017;0
11047;0
11048;0
11049;0
11050;0
11051;0
11052;0
11053;0
11054;0
11055;0
11056;0
11057;0
11058;0
11059;0
11108;0
11109;0
11110;0
11111;0
11112;0
11113;0
11114;0
11115;0
11116;0
11117;0
11118;0
11119;0
11120;0
11121;0
11122;0
11123;0
11232;0
11233;0
11234;0
11235;0
11236;0
11237;0
11238;0
11239;0
11240;0
11241;0
11242;0
11243;0
11244;0
11245;0
11246;0
11247;0
11248;0
11249;0
11250;0
11251;0
11252;0
11253;0
11254;0
11255;0
11256;0
11257;0
11258;0
11259;0
11260;0
11261;0
11262;0
11263;0
11264;0
11265;0
11266;0
11267;0
11268;0
11269;0
11270;0
11271;0
11272;0
11273;0
11274;0
11275;0
11276;0
11277;0
11278;0
11279;0
11280;0
11281;0
11282;0
11283;0
11284;0
11293;0
11305;0
11306;0
11307;0
11308;0
11309;0
11310;0
11311;0
11312;0
11313;0
11314;0
11315;0
11316;0
11317;0
11318;0
11319;0
11320;0
11321;0
11322;0
11323;0
11324;0
11325;0
11326;0
11327;0
11328;0
11329;0
11330;0
11331;0
11332;0
11333;0
11334;0
11335;0
11336;0
11337;0
11338;0
11339;0
11340;0
11341;0
11342;0
11343;0
11352;0
11372;0
11373;0
11374;0
11375;0
11376;0
11377;0
11378;0
11379;0
11380;0
11381;0
11382;0
11383;0
11384;0
11385;0
11386;0
11387;0
11388;0
11389;0
11390;0
11391;0
11392;0
11393;0
11394;0
11395;0
11396;0
11397;0
11398;0
11399;0
11400;0
11401;0
11402;0
11403;0
11412;0
11413;0
11414;0
11415;0
11416;0
11417;0
11418;0
11419;0
11420;0
11421;0
11441;0
11442;0
11443;0
11444;0
11445;0
11446;0
11447;0
11448;0
11449;0
11450;0
11451;0
11452;0
11453;0
11467;0
11468;0
11469;0
11470;0
11471;0
11472;0
11473;0
11474;0
11475;0
11494;0
11503;0
11504;0
11505;0
11506;0
11518;0
11519;0
11529;0
11560;0
11561;0
11562;0
11563;0
11564;0
11583;0
11584;0
11585;0
11586;0
11587;0
11588;0
11589;0
11598;0
11630;0
11665;0
11666;0
11667;0
11668;0
11669;0
11670;0
11671;0
11672;0
11673;0
11674;0
11675;0
11676;0
11677;0
11678;0
11679;0
11680;0
11681;0
11682;0
11683;0
11684;0
11685;0
11686;0
11687;0
11688;0
11689;0
11690;0
11718;0
11719;0
11720;0
11721;0
11722;0
11723;0
11724;0
11725;0
11726;0
11736;0
11737;0
11738;0
11739;0
11740;0
11741;0
11742;0
11743;0
11744;0
11745;0
11746;0
11747;0
11748;0
11749;0
11750;0
11760;0
11761;0
11762;0
11763;0
11764;0
11765;0
11766;0
11767;0
11768;0
11769;0
11770;0
11771;0
11772;0
11773;0
11774;0
11775;0
11776;0
11796;0
11797;0
11798;0
11799;0
11800;0
11801;0
11802;0
11803;0
11804;0
11809;0
11810;0
11811;0
11812;0
11813;0
11814;0
11815;0
11816;0
11817;0
11818;0
11819;0
11820;0
11821;0
11822;0
11823;0
11824;0
11825;0
11826;0
11827;0
11828;0
11829;0
11830;0
11831;0
11832;0
11833;0
11834;0
11835;0
11836;0
11837;0
11838;0
11865;0
11866;0
11867;0
11868;0
11869;0
11870;0
11871;0
11880;0
11881;0
11882;0
11883;0
11884;0
11885;0
11886;0
11887;0
11888;0
11889;0
11890;0
11902;0
11903;0
11904;0
11905;0
11906;0
11907;0
11908;0
11909;0
11924;0
11925;0
11926;0
11927;0
11928;0
11929;0
11930;0
11931;0
11932;0
11933;0
11934;0
11935;0
11936;0
11937;0
11938;0
11939;0
11959;0
11960;0
11961;0
11962;0
11963;0
11964;0
11965;0
11966;0
11967;0
11968;0
11969;0
11970;0
11971;0
11972;0
11973;0
11974;0
11975;0
11976;0
11977;0
11978;0
11979;0
11980;0
11981;0
12001;0
12002;0
12003;0
12004;0
12024;0
12025;0
12026;0
12027;0
12036;0
12037;0
12038;0
12039;0
12040;0
12055;0
12074;0
12075;0
12076;0
12077;0
12078;0
12079;0
12080;0
12081;0
12082;0
12083;0
12084;0
12085;0
12086;0
12087;0
12088;0
12089;0
12090;0
12091;0
12092;0
12093;0
12094;0
12095;0
12096;0
12097;0
12098;0
12099;0
12100;0
12101;0
12102;0
12103;0
12104;0
12105;0
12106;0
12107;0
12108;0
12109;0
12110;0
12111;0
12112;0
12113;0
12114;0
12115;0
12116;0
12117;0
12118;0
12119;0
12120;0
12121;0
12122;0
12123;0
12124;0
12125;0
12126;0
12127;0
12128;0
12129;0
12130;0
12131;0
12132;0
12133;0
12134;0
12135;0
12136;0
12137;0
12138;0
12139;0
12140;0
12141;0
12142;0
12143;0
12144;0
12145;0
12146;0
12147;0
12148;0
12149;0
12150;0
12160;0
12161;0
12162;0
12163;0
12164;0
12165;0
12166;0
12182;0
12183;0
12184;0
12185;0
12216;0
12217;0
12218;0
12219;0
12238;0
12239;0
12240;0
12241;0
12242;0
12243;0
12244;0
12245;0
12246;0
12247;0
12256;0
12257;0
12258;0
12259;0
12260;0
12261;0
12262;0
12263;0
12264;0
12265;0
12266;0
12282;0
12283;0
12284;0
12285;0
12286;0
12287;0
12288;0
12289;0
12290;0
12291;0
12292;0
12293;0
12294;0
12295;0
12296;0
12297;0
12298;0
12299;0
12300;0
12301;0
12302;0
12303;0
12304;0
12305;0
12306;0
12307;0
12308;0
12309;0
12318;0
12319;0
12320;0
12321;0
12322;0
12323;0
12324;0
12325;0
12326;0
12327;0
12328;0
12329;0
12330;0
12331;0
12341;0
12342;0
12343;0
12344;0
12345;0
12346;0
12347;0
12348;0
12349;0
12350;0
12351;0
12352;0
12353;0
12354;0
12355;0
12356;0
12357;0
12358;0
12359;0
12360;0
12361;0
12370;0
12371;0
12372;0
12373;0
12374;0
12375;0
12376;0
12392;0
12393;0
12418;0
12419;0
12420;0
12429;0
12430;0
12431;0
12432;0
12433;0
12434;0
12435;0
12436;0
12445;0
12446;0
12447;0
12448;0
12449;0
12450;0
12451;0
12452;0
12453;0
12454;0
12455;0
12456;0
12457;0
12458;0
12459;0
12460;0
12461;0
12462;0
12463;0
12464;0
12465;0
12466;0
12467;0
12468;0
12469;0
12470;0
12471;0
12472;0
12473;0
12482;0
12483;0
12484;0
12485;0
12486;0
12487;0
12488;0
12489;0
12490;0
12491;0
12492;0
12493;0
12494;0
12495;0
12496;0
12497;0
12498;0
12518;0
12519;0
12520;0
12521;0
12522;0
12523;0
12524;0
12525;0
12526;0
12527;0
12528;0
12539;0
12540;0
12541;0
12542;0
12543;0
12544;0
12555;0
12556;0
12557;0
12558;0
12559;0
12560;0
12561;0
12562;0
12563;0
12564;0
12565;0
12574;0
12575;0
12576;0
12577;0
12578;0
12579;0
12580;0
12597;0
12598;0
12599;0
12600;0
12601;0
12602;0
12603;0
12604;0
12605;0
12606;0
12607;0
12608;0
12609;0
12610;0
12611;0
12612;0
12613;0
12614;0
12615;0
12616;0
12617;0
12618;0
12619;0
12620;0
12621;0
12622;0
12623;0
12632;0
12633;0
12634;0
12635;0
12636;0
12637;0
12638;0
12639;0
12640;0
12641;0
12642;0
12643;0
12644;0
12645;0
12646;0
12647;0
12648;0
12649;0
12650;0
12651;0
12652;0
12653;0
12654;0
12655;0
12656;0
12657;0
12658;0
12659;0
12660;0
12661;0
12662;0
12663;0
12676;0
12677;0
12678;0
12679;0
12690;0
12691;0
12692;0
12693;0
12694;0
12695;0
12696;0
12697;0
12698;0
12699;0
12700;0
12701;0
12702;0
12703;0
12704;0
12705;0
12706;0
12707;0
12708;0
12709;0
12710;0
12711;0
12712;0
12721;0
12722;0
12723;0
12724;0
12725;0
12726;0
12727;0
12728;0
12729;0
12730;0
12731;0
12732;0
12733;0
12734;0
12735;0
12736;0
12737;0
12738;0
12739;0
12740;0
12741;0
12742;0
12743;0
12744;0
12745;0
12746;0
12747;0
12748;0
12749;0
12750;0
12751;0
12752;0
12753;0
12754;0
12755;0
12756;0
12757;0
12758;0
12759;0
12760;0
12761;0
12762;0
12763;0
12764;0
12765;0
12766;0
12767;0
12768;0
12769;0
12770;0
12771;0
12772;0
12773;0
12774;0
12775;0
12776;0
12777;0
12778;0
12779;0
12799;0
12800;0
12801;0
12802;0
12803;0
12804;0
12805;0
12821;0
12822;0
12823;0
12824;0
12825;0
12826;0
12827;0
12828;0
12839;0
12848;0
12849;0
12850;0
12851;0
12852;0
12861;0
12862;0
12863;0
12864;0
12865;0
12866;0
12867;0
12868;0
12869;0
12870;0
12871;0
12872;0
12873;0
12874;0
12875;0
12876;0
12877;0
12878;0
12879;0
12880;0
12893;0
12894;0
12895;0
12896;0
12901;0
12902;0
12903;0
12904;0
12905;0
12906;0
12907;0
12908;0
12909;0
12910;0
12911;0
12912;0
12913;0
12914;0
12924;0
12925;0
12926;0
12927;0
12928;0
12929;0
12930;0
12931;0
12932;0
12933;0
12934;0
12935;0
12936;0
12937;0
12938;0
12939;0
12940;0
12977;0
12978;0
12979;0
12980;0
12981;0
12982;0
12983;0
12984;0
12985;0
12986;0
12987;0
12988;0
12989;0
13004;0
13005;0
13006;0
13007;0
13008;0
13009;0
13010;0
13011;0
13012;0
13013;0
13014;0
13015;0
13016;0
13017;0
13018;0
13019;0
13020;0
13021;0
13022;0
13023;0
13024;0
13025;0
13026;0
13027;0
13028;0
13029;0
13030;0
13044;0
13045;0
13046;0
13047;0
13048;0
13049;0
13050;0
13051;0
13052;0
13053;0
13054;0
13055;0
13056;0
13057;0
13094;0
13095;0
13096;0
13097;0
13098;0
13099;0
13100;0
13101;0
13102;0
13103;0
13104;0
13105;0
13106;0
13107;0
13108;0
13109;0
13114;0
13115;0
13116;0
13117;0
13118;0
13119;0
13120;0
13121;0
13122;0
13123;0
13124;0
13125;0
13126;0
13136;0
13137;0
13138;0
13139;0
13140;0
13141;0
13142;0
13143;0
13144;0
13153;0
13154;0
13155;0
13156;0
13157;0
13158;0
13159;0
13160;0
13161;0
13162;0
13163;0
13164;0
13165;0
13166;0
13167;0
13168;0
13169;0
13170;0
13171;0
13172;0
13173;0
13174;0
13175;0
13176;0
13177;0
13178;0
13179;0
13180;0
13181;0
13182;0
13183;0
13184;0
13185;0
13186;0
13187;0
13196;0
13197;0
13198;0
13199;0
13208;0
13209;0
13210;0
13211;0
13212;0
13213;0
13214;0
13215;0
13216;0
13217;0
13226;0
13227;0
13228;0
13229;0
13230;0
13231;0
13232;0
13233;0
13234;0
13235;0
13236;0
13237;0
13238;0
13239;0
13240;0
13241;0
13242;0
13243;0
13244;0
13245;0
13246;0
13247;0
13248;0
13249;0
13250;0
13251;0
13252;0
13253;0
13254;0
13255;0
13256;0
13257;0
13258;0
13259;0
13260;0
13261;0
13262;0
13263;0
13264;0
13265;0
13266;0
13267;0
13268;0
13269;0
13270;0
13271;0
13272;0
13273;0
13274;0
13283;0
13284;0
13285;0
13286;0
13308;0
13309;0
13310;0
13311;0
13312;0
13313;0
13314;0
13315;0
13316;0
13317;0
13318;0
13330;0
13331;0
13332;0
13333;0
13334;0
13335;0
13336;0
13351;0
13377;0
13378;0
13379;0
13380;0
13381;0
13382;0
13383;0
13392;0
13393;0
13394;0
13395;0
13396;0
13397;0
13398;0
13399;0
13400;0
13401;0
13402;0
13403;0
13404;0
13405;0
13406;0
13407;0
13408;0
13409;0
13410;0
13411;0
13412;0
13413;0
13414;0
13415;0
13416;0
13417;0
13418;0
13419;0
13420;0
13421;0
13422;0
13423;0
13424;0
13425;0
13426;0
13427;0
13428;0
13429;0
13430;0
13431;0
13432;0
13433;0
13434;0
13435;0
13436;0
13437;0
13438;0
13439;0
13440;0
13441;0
13442;0
13443;0
13444;0
13445;0
13446;0
13447;0
13448;0
13449;0
13450;0
13451;0
13452;0
13453;0
13454;0
13455;0
13456;0
13457;0
13458;0
13459;0
13460;0
13461;0
13462;0
13463;0
13464;0
13465;0
13466;0
13467;0
13468;0
13469;0
13470;0
13471;0
13472;0
13473;0
13474;0
13475;0
13476;0
13477;0
13478;0
13479;0
13480;0
13481;0
13482;0
13483;0
13484;0
13485;0
13486;0
13487;0
13488;0
13489;0
13490;0
13491;0
13492;0
13493;0
13494;0
13495;0
13496;0
13497;0
13498;0
13499;0
13500;0
13501;0
13502;0
13503;0
13504;0
13505;0
13506;0
13507;0
13508;0
13509;0
13510;0
13511;0
13512;0
13513;0
13514;0
13524;0
13525;0
13526;0
13527;0
13528;0
13529;0
13530;0
13531;0
13532;0
13533;0
13534;0
13535;0
13536;0
13537;0
13538;0
13539;0
13540;0
13541;0
13542;0
13543;0
13544;0
13545;0
13554;0
13555;0
13556;0
13557;0
13558;0
13559;0
13560;0
13561;0
13562;0
13563;0
13564;0
13565;0
13566;0
13567;0
13568;0
13569;0
13570;0
13571;0
13572;0
13591;0
13592;0
13593;0
13594;0
13595;0
13596;0
13597;0
13598;0
13599;0
13600;0
13601;0
13602;0
13603;0
13604;0
13605;0
13606;0
13607;0
13608;0
13609;0
13610;0
13611;0
13612;0
13613;0
13614;0
13615;0
13616;0
13617;0
13618;0
13619;0
13620;0
13621;0
13622;0
13623;0
13624;0
13625;0
13626;0
13627;0
13628;0
13629;0
13638;0
13663;0
13664;0
13665;0
13666;0
13667;0
13668;0
13669;0
13670;0
13671;0
13672;0
13673;0
13674;0
13675;0
13676;0
13677;0
13678;0
13679;0
13680;0
13681;0
13682;0
13683;0
13684;0
13685;0
13713;0
13714;0
13715;0
13716;0
13717;0
13718;0
13719;0
13720;0
13721;0
13722;0
13723;0
13735;0
13736;0
13737;0
13738;0
13739;0
13740;0
13741;0
13742;0
13743;0
13757;0
13758;0
13759;0
13760;0
13761;0
13762;0
13763;0
13764;0
13765;0
13766;0
13767;0
13768;0
13769;0
13770;0
13779;0
13780;0
13781;0
13782;0
13783;0
13784;0
13785;0
13786;0
13787;0
13788;0
13789;0
13790;0
13791;0
13792;0
13793;0
13794;0
13795;0
13796;0
13797;0
13814;0
13824;0
13825;0
13826;0
13827;0
13852;0
13853;0
13854;0
13855;0
13856;0
13857;0
13858;0
13859;0
13860;0
13861;0
13890;0
13891;0
13892;0
13920;0
13921;0
13950;0
13951;0
13952;0
13953;0
13954;0
13955;0
13956;0
13957;0
13958;0
13959;0
13960;0
13961;0
13962;0
13963;0
13964;0
13965;0
13966;0
13967;0
13968;0
13969;0
13970;0
13971;0
13972;0
13973;0
13974;0
13975;0
13976;0
13977;0
13978;0
13979;0
13980;0
13981;0
13982;0
13983;0
13984;0
13985;0
13986;0
13987;0
13988;0
13989;0
13990;0
13991;0
13992;0
13993;0
13994;0
13995;0
13996;0
14017;0
14018;0
14019;0
14020;0
14021;0
14022;0
14023;0
14024;0
14025;0
14026;0
14027;0
14028;0
14029;0
14030;0
14031;0
14032;0
14033;0
14034;0
14035;0
14036;0
14037;0
14038;0
14039;0
14040;0
14041;0
14042;0
14043;0
14044;0
14045;0
14046;0
14047;0
14048;0
14049;0
14050;0
14051;0
14052;0
14053;0
14054;0
14055;0
14056;0
14057;0
14058;0
14059;0
14060;0
14061;0
14062;0
14063;0
14064;0
14065;0
14066;0
14067;0
14068;0
14069;0
14070;0
14071;0
14072;0
14073;0
14074;0
14075;0
14076;0
14077;0
14078;0
14079;0
14080;0
14081;0
14090;0
14091;0
14092;0
14093;0
14094;0
14095;0
14096;0
14097;0
14098;0
14099;0
14100;0
14101;0
14102;0
14103;0
14104;0
14113;0
14114;0
14115;0
14116;0
14117;0
14118;0
14119;0
14120;0
14121;0
14122;0
14123;0
14124;0
14125;0
14126;0
14127;0
14128;0
14129;0
14130;0
14131;0
14132;0
14133;0
14134;0
14135;0
14136;0
14148;0
14149;0
14159;0
14160;0
14161;0
14162;0
14173;0
14174;0
14175;0
14176;0
14177;0
14178;0
14179;0
14180;0
14181;0
14182;0
14183;0
14184;0
14185;0
14186;0
14187;0
14188;0
14197;0
14198;0
14199;0
14200;0
14201;0
14202;0
14203;0
14204;0
14205;0
14206;0
14207;0
14208;0
14209;0
14210;0
14211;0
14212;0
14213;0
14241;0
14264;0
14265;0
14266;0
14267;0
14268;0
14269;0
14270;0
14271;0
14272;0
14273;0
14274;0
14289;0
14290;0
14291;0
14309;0
14310;0
14311;0
14312;0
14313;0
14314;0
14323;0
14324;0
14325;0
14326;0
14327;0
14328;0
14329;0
14330;0
14331;0
14345;0
14346;0
14361;0
14362;0
14363;0
14364;0
14365;0
14366;0
14367;0
14368;0
14369;0
14370;0
14399;0
14400;0
14414;0
14415;0
14416;0
14417;0
14418;0
14419;0
14420;0
14421;0
14422;0
14423;0
14424;0
14425;0
14426;0
14427;0
14428;0
14448;0
14449;0
14450;0
14451;0
14452;0
14453;0
14454;0
14455;0
14456;0
14457;0
14458;0
14459;0
14460;0
14461;0
14462;0
14483;0
14484;0
14485;0
14486;0
14487;0
14488;0
14489;0
14490;0
14491;0
14492;0
14493;0
14494;0
14495;0
14496;0
14497;0
14498;0
14499;0
14500;0
14501;0
14502;0
14503;0
14504;0
14505;0
14506;0
14507;0
14508;0
14509;0
14510;0
14511;0
14512;0
14513;0
14522;0
14523;0
14524;0
14525;0
14526;0
14527;0
14528;0
14529;0
14530;0
14555;0
14556;0
14569;0
14570;0
14571;0
14572;0
14573;0
14574;0
14587;0
14588;0
14589;0
14590;0
14591;0
14592;0
14593;0
14594;0
14615;0
14616;0
14617;0
14618;0
14619;0
14620;0
14621;0
14622;0
14623;0
14624;0
14625;0
14626;0
14627;0
14628;0
14629;0
14630;0
14643;0
14644;0
14645;0
14646;0
14647;0
14648;0
14649;0
14650;0
14651;0
14652;0
14653;0
14654;0
14655;0
14656;0
14657;0
14658;0
14659;0
14672;0
14673;0
14674;0
14675;0
14676;0
14677;0
14678;0
14679;0
14680;0
14681;0
14691;0
14692;0
14693;0
14694;0
14695;0
14696;0
14697;0
14698;0
14699;0
14700;0
14701;0
14702;0
14703;0
14704;0
14705;0
14706;0
14707;0
14708;0
14709;0
14710;0
14760;0
14761;0
14762;0
14763;0
14764;0
14773;0
14774;0
14783;0
14784;0
14785;0
14786;0
14787;0
14788;0
14789;0
14790;0
14791;0
14792;0
14793;0
14794;0
14795;0
14796;0
14797;0
14798;0
14799;0
14800;0
14801;0
14802;0
14803;0
14804;0
14805;0
14806;0
14807;0
14808;0
14809;0
14810;0
14811;0
14812;0
14813;0
14814;0
14815;0
14816;0
14839;0
14840;0
14841;0
14842;0
14843;0
14844;0
14845;0
14846;0
14860;0
14861;0
14862;0
14863;0
14864;0
14865;0
14866;0
14867;0
14868;0
14869;0
14870;0
14871;0
14872;0
14873;0
14874;0
14875;0
14876;0
14877;0
14878;0
14879;0
14880;0
14881;0
14882;0
14883;0
14884;0
14885;0
14886;0
14887;0
14888;0
14889;0
14890;0
14891;0
14892;0
14893;0
14894;0
14895;0
14896;0
14897;0
14898;0
14899;0
14900;0
14901;0
14902;0
14903;0
14904;0
14905;0
14906;0
14907;0
14908;0
14909;0
14910;0
14911;0
14912;0
14913;0
14914;0
14915;0
14916;0
14917;0
14918;0
14919;0
14920;0
14921;0
14922;0
14923;0
14924;0
14925;0
14926;0
14927;0
14928;0
14929;0
14930;0
14931;0
14932;0
14933;0
14942;0
14943;0
14944;0
14945;0
14967;0
14968;0
14969;0
14970;0
14971;0
14972;0
14973;0
14974;0
14975;0
14976;0
14977;0
15001;0
15002;0
15003;0
15004;0
15005;0
15006;0
15007;0
15008;0
15009;0
15010;0
15011;0
15012;0
15013;0
15014;0
15015;0
15016;0
15017;0
15018;0
15019;0
15020;0
15021;0
15022;0
15023;0
15024;0
15025;0
15026;0
15027;0
15028;0
15029;0
15030;0
15031;0
15032;0
15033;0
15034;0
15035;0
15036;0
15037;0
15038;0
15039;0
15040;0
15041;0
15042;0
15043;0
15044;0
15045;0
15046;0
15047;0
15048;0
15049;0
15050;0
15057;0
15058;0
15059;0
15070;0
15071;0
15080;0
15081;0
15082;0
15083;0
15084;0
15085;0
15086;0
15087;0
15088;0
15089;0
15099;0
15100;0
15101;0
15102;0
15103;0
15104;0
15105;0
15106;0
15107;0
15108;0
15109;0
15110;0
15111;0
15112;0
15113;0
15114;0
15115;0
15116;0
15117;0
15118;0
15119;0
15120;0
15121;0
15122;0
15123;0
15124;0
15125;0
15126;0
15127;0
15128;0
15129;0
15130;0
15131;0
15132;0
15133;0
15134;0
15135;0
15136;0
15137;0
15138;0
15139;0
15140;0
15141;0
15142;0
15143;0
15144;0
15145;0
15146;0
15147;0
15148;0
15149;0
15150;0
15151;0
15152;0
15153;0
15154;0
15155;0
15174;0
15175;0
15176;0
15177;0
15178;0
15179;0
15180;0
15189;0
15190;0
15191;0
15192;0
15193;0
15194;0
15195;0
15196;0
15197;0
15198;0
15199;0
15211;0
15212;0
15213;0
15214;0
15215;0
15216;0
15217;0
15218;0
15219;0
15220;0
15221;0
15222;0
15223;0
15232;0
15233;0
15234;0
15235;0
15236;0
15237;0
15238;0
15239;0
15240;0
15241;0
15277;0
15278;0
15279;0
15280;0
15281;0
15282;0
15283;0
15284;0
15285;0
15286;0
15287;0
15288;0
15289;0
15290;0
15291;0
15292;0
15293;0
15294;0
15295;0
15325;0
15334;0
15335;0
15336;0
15337;0
15338;0
15349;0
15350;0
15351;0
15352;0
15353;0
15354;0
15355;0
15356;0
15357;0
15358;0
15359;0
15360;0
15361;0
15362;0
15363;0
15364;0
15365;0
15366;0
15367;0
15368;0
15369;0
15370;0
15371;0
15372;0
15373;0
15374;0
15375;0
15376;0
15377;0
15378;0
15379;0
15380;0
15381;0
15382;0
15383;0
15384;0
15385;0
15386;0
15387;0
15388;0
15389;0
15390;0
15391;0
15392;0
15393;0
15394;0
15395;0
15396;0
15397;0
15412;0
15413;0
15414;0
15415;0
15416;0
15417;0
15418;0
15419;0
15420;0
15421;0
15422;0
15423;0
15424;0
15425;0
15426;0
15427;0
15428;0
15429;0
15430;0
15431;0
15432;0
15433;0
15434;0
15435;0
15436;0
15445;0
15446;0
15447;0
15448;0
15449;0
15450;0
15451;0
15452;0
15453;0
15454;0
15455;0
15456;0
15457;0
15458;0
15459;0
15460;0
15461;0
15462;0
15463;0
15464;0
15465;0
15466;0
15467;0
15468;0
15469;0
15470;0
15471;0
15472;0
15493;0
15494;0
15495;0
15496;0
15497;0
15498;0
15499;0
15500;0
15501;0
15502;0
15503;0
15504;0
15505;0
15506;0
15507;0
15508;0
15509;0
15510;0
15511;0
15512;0
15513;0
15514;0
15537;0
15538;0
15539;0
15540;0
15541;0
15542;0
15543;0
15544;0
15545;0
15546;0
15547;0
15548;0
15549;0
15550;0
15579;0
15580;0
15581;0
15582;0
15583;0
15584;0
15585;0
15586;0
15587;0
15588;0
15589;0
15590;0
15591;0
15592;0
15593;0
15594;0
15595;0
15596;0
15597;0
15598;0
15599;0
15600;0
15601;0
15602;0
15603;0
15604;0
15605;0
15606;0
15607;0
15621;0
15622;0
15623;0
15624;0
15633;0
15634;0
15635;0
15636;0
15637;0
15638;0
15639;0
15655;0
15656;0
15657;0
15658;0
15659;0
15660;0
15661;0
15673;0
15674;0
15675;0
15676;0
15677;0
15678;0
15679;0
15680;0
15681;0
15682;0
15683;0
15684;0
15694;0
15695;0
15704;0
15705;0
15706;0
15707;0
15708;0
15709;0
15710;0
15711;0
15712;0
15713;0
15714;0
15715;0
15716;0
15717;0
15718;0
15719;0
15720;0
15741;0
15742;0
15743;0
15744;0
15745;0
15754;0
15755;0
15767;0
15777;0
15793;0
15842;0
15843;0
15844;0
15845;0
15846;0
15847;0
15848;0
15849;0
15850;0
15851;0
15852;0
15853;0
15854;0
15855;0
15856;0
15857;0
15858;0
15859;0
15860;0
15861;0
15886;0
15887;0
15888;0
15889;0
15890;0
15900;0
15901;0
15902;0
15903;0
15904;0
15905;0
15906;0
15907;0
15908;0
15909;0
15910;0
15922;0
15923;0
15924;0
15925;0
15926;0
15927;0
15928;0
15929;0
15930;0
15931;0
15932;0
15941;0
15942;0
15943;0
15944;0
15945;0
15946;0
15947;0
15948;0
15949;0
15950;0
15951;0
15952;0
15953;0
15954;0
15955;0
15956;0
15957;0
15958;0
15959;0
15960;0
15961;0
15962;0
15963;0
15964;0
15965;0
15966;0
15967;0
15968;0
15977;0
15978;0
15979;0
15980;0
15981;0
15982;0
15983;0
15984;0
15985;0
15986;0
15987;0
15988;0
16000;0
16001;0
16002;0
16003;0
16004;0
16005;0
16006;0
16007;0
16008;0
16009;0
16010;0
16011;0
16012;0
16013;0
16014;0
16015;0
16016;0
16017;0
16018;0
16019;0
16020;0
16021;0
16022;0
16023;0
16024;0
16025;0
16026;0
16027;0
16028;0
16029;0
16030;0
16031;0
16032;0
16033;0
16034;0
16035;0
16036;0
16037;0
16038;0
16039;0
16040;0
16041;0
16042;0
16043;0
16044;0
16045;0
16046;0
16060;0
16061;0
16062;0
16063;0
16064;0
16065;0
16066;0
16067;0
16068;0
16069;0
16070;0
16071;0
16072;0
16073;0
16074;0
16090;0
16091;0
16092;0
16093;0
16094;0
16095;0
16096;0
16097;0
16098;0
16099;0
16100;0
16101;0
16102;0
16118;0
16119;0
16128;0
16129;0
16138;0
16149;0
16150;0
16151;0
16152;0
16153;0
16154;0
16155;0
16156;0
16157;0
16158;0
16159;0
16160;0
16161;0
16162;0
16163;0
16164;0
16182;0
16193;0
16194;0
16195;0
16196;0
16197;0
16206;0
16207;0
16208;0
16209;0
16210;0
16211;0
16212;0
16213;0
16214;0
16215;0
16216;0
16217;0
16226;0
16227;0
16228;0
16229;0
16230;0
16231;0
16232;0
16233;0
16234;0
16235;0
16236;0
16237;0
16238;0
16239;0
16240;0
16241;0
16242;0
16243;0
16244;0
16245;0
16246;0
16247;0
16248;0
16249;0
16250;0
16251;0
16272;0
16273;0
16274;0
16275;0
16276;0
16277;0
16278;0
16279;0
16280;0
16281;0
16282;0
16283;0
16293;0
16294;0
16295;0
16296;0
16297;0
16298;0
16299;0
16300;0
16301;0
16302;0
16303;0
16304;0
16305;0
16306;0
16307;0
16325;0
16326;0
16327;0
16328;0
16329;0
16330;0
16331;0
16332;0
16333;0
16334;0
16335;0
16336;0
16337;0
16338;0
16339;0
16340;0
16341;0
16342;0
16343;0
16344;0
16345;0
16346;0
16361;0
16370;0
16371;0
16372;0
16373;0
16374;0
16375;0
16376;0
16377;0
16378;0
16379;0
16380;0
16381;0
16382;0
16383;0
16384;0
16385;0
16386;0
16387;0
16388;0
16389;0
16390;0
16391;0
16392;0
16393;0
16394;0
16395;0
16396;0
16397;0
16398;0
16399;0
16400;0
16401;0
16422;0
16423;0
16424;0
16425;0
16426;0
16427;0
16428;0
16429;0
16430;0
16431;0
16432;0
16433;0
16434;0
16435;0
16436;0
16437;0
16438;0
16439;0
16440;0
16441;0
16460;0
16461;0
16462;0
16463;0
16464;0
16465;0
16466;0
16467;0
16485;0
16486;0
16487;0
16488;0
16489;0
16490;0
16491;0
16492;0
16501;0
16502;0
16526;0
16527;0
16528;0
16529;0
16530;0
16531;0
16532;0
16533;0
16534;0
16535;0
16536;0
16537;0
16538;0
16539;0
16540;0
16541;0
16542;0
16564;0
16565;0
16566;0
16567;0
16568;0
16569;0
16570;0
16579;0
16580;0
16581;0
16601;0
16602;0
16603;0
16604;0
16605;0
16606;0
16607;0
16608;0
16609;0
16610;0
16611;0
16620;0
16621;0
16622;0
16623;0
16624;0
16625;0
16626;0
16627;0
16628;0
16629;0
16630;0
16631;0
16641;0
16642;0
16643;0
16644;0
16645;0
16646;0
16647;0
16648;0
16649;0
16650;0
16651;0
16652;0
16653;0
16654;0
16655;0
16656;0
16657;0
16658;0
16659;0
16660;0
16674;0
16675;0
16676;0
16677;0
16678;0
16679;0
16680;0
16681;0
16682;0
16683;0
16684;0
16685;0
16686;0
16687;0
16688;0
16689;0
16690;0
16691;0
16692;0
16693;0
16694;0
16695;0
16696;0
16697;0
16698;0
16699;0
16700;0
16701;0
16702;0
16703;0
16704;0
16705;0
16706;0
16707;0
16708;0
16709;0
16710;0
16711;0
16712;0
16713;0
16714;0
16715;0
16716;0
16717;0
16718;0
16719;0
16728;0
16729;0
16730;0
16731;0
16742;0
16743;0
16744;0
16745;0
16746;0
16747;0
16748;0
16749;0
16750;0
16751;0
16752;0
16753;0
16754;0
16755;0
16756;0
16757;0
16758;0
16759;0
16760;0
16761;0
16762;0
16763;0
16764;0
16765;0
16766;0
16767;0
16768;0
16769;0
16770;0
16771;0
16772;0
16773;0
16774;0
16783;0
16784;0
16785;0
16786;0
16787;0
16788;0
16789;0
16790;0
16791;0
16792;0
16793;0
16794;0
16795;0
16796;0
16797;0
16798;0
16817;0
16818;0
16819;0
16820;0
16821;0
16822;0
16823;0
16824;0
16825;0
16826;0
16827;0
16828;0
16829;0
16830;0
16831;0
16832;0
16833;0
16834;0
16835;0
16836;0
16837;0
16838;0
16839;0
16848;0
16849;0
16850;0
16851;0
16852;0
16853;0
16854;0
16855;0
16856;0
16857;0
16858;0
16859;0
16860;0
16861;0
16862;0
16863;0
16864;0
16865;0
16866;0
16867;0
16868;0
16869;0
16870;0
16871;0
16872;0
16873;0
16874;0
16875;0
16876;0
16877;0
16878;0
16879;0
16880;0
16881;0
16882;0
16883;0
16884;0
16885;0
16931;0
16932;0
16933;0
16934;0
16935;0
16936;0
16937;0
16938;0
16939;0
16940;0
16941;0
16942;0
16943;0
16944;0
16945;0
16946;0
16947;0
16948;0
16949;0
16950;0
16951;0
16952;0
16953;0
16954;0
16955;0
16956;0
16957;0
16958;0
16959;0
16960;0
16961;0
16962;0
16963;0
16964;0
16965;0
16966;0
16967;0
16968;0
16969;0
16970;0
16971;0
16972;0
16973;0
16974;0
16983;0
16984;0
16985;0
16986;0
16987;0
16988;0
16989;0
16990;0
16991;0
16992;0
16993;0
16994;0
16995;0
16996;0
16997;0
17006;0
17007;0
17008;0
17009;0
17010;0
17011;0
17012;0
17013;0
17014;0
17015;0
17024;0
17025;0
17026;0
17027;0
17028;0
17029;0
17030;0
17054;0
17055;0
17056;0
17057;0
17058;0
17059;0
17060;0
17069;0
17070;0
17071;0
17072;0
17073;0
17074;0
17075;0
17084;0
17085;0
17086;0
17087;0
17088;0
17089;0
17090;0
17091;0
17092;0
17093;0
17094;0
17095;0
17096;0
17097;0
17098;0
17099;0
17100;0
17101;0
17102;0
17103;0
17104;0
17113;0
17114;0
17115;0
17116;0
17117;0
17118;0
17119;0
17120;0
17121;0
17122;0
17123;0
17124;0
17125;0
17126;0
17127;0
17128;0
17129;0
17130;0
17131;0
17132;0
17133;0
17134;0
17135;0
17136;0
17137;0
17138;0
17139;0
17140;0
17141;0
17142;0
17143;0
17144;0
17145;0
17146;0
17147;0
17148;0
17149;0
17150;0
17151;0
17152;0
17153;0
17154;0
17155;0
17156;0
17157;0
17158;0
17159;0
17160;0
17161;0
17162;0
17163;0
17164;0
17165;0
17166;0
17167;0
17168;0
17169;0
17170;0
17171;0
17172;0
17173;0
17174;0
17175;0
17176;0
17177;0
17178;0
17179;0
17180;0
17181;0
17182;0
17183;0
17184;0
17185;0
17186;0
17187;0
17188;0
17189;0
17190;0
17191;0
17192;0
17241;0
17242;0
17243;0
17244;0
17245;0
17246;0
17247;0
17248;0
17249;0
17250;0
17251;0
17252;0
17253;0
17254;0
17255;0
17256;0
17257;0
17258;0
17259;0
17260;0
17261;0
17262;0
17263;0
17264;0
17294;0
17319;0
17320;0
17321;0
17322;0
17323;0
17324;0
17325;0
17326;0
17327;0
17328;0
17329;0
17330;0
17331;0
17332;0
17333;0
17334;0
17335;0
17336;0
17337;0
17338;0
17339;0
17340;0
17341;0
17342;0
17343;0
17344;0
17345;0
17346;0
17347;0
17372;0
17373;0
17374;0
17375;0
17376;0
17377;0
17378;0
17379;0
17380;0
17381;0
17382;0
17383;0
17384;0
17385;0
17386;0
17387;0
17388;0
17389;0
17390;0
17391;0
17392;0
17393;0
17394;0
17395;0
17404;0
17405;0
17406;0
17407;0
17408;0
17409;0
17410;0
17429;0
17430;0
17431;0
17432;0
17433;0
17434;0
17435;0
17436;0
17437;0
17438;0
17439;0
17440;0
17441;0
17442;0
17443;0
17444;0
17445;0
17446;0
17447;0
17448;0
17449;0
17450;0
17451;0
17452;0
17453;0
17454;0
17455;0
17456;0
17457;0
17458;0
17459;0
17460;0
17461;0
17462;0
17463;0
17464;0
17465;0
17466;0
17467;0
17468;0
17469;0
17470;0
17471;0
17472;0
17473;0
17474;0
17475;0
17476;0
17477;0
17478;0
17479;0
17480;0
17481;0
17482;0
17483;0
17484;0
17485;0
17486;0
17515;0
17516;0
17517;0
17518;0
17519;0
17538;0
17539;0
17540;0
17541;0
17542;0
17543;0
17544;0
17545;0
17546;0
17547;0
17548;0
17549;0
17550;0
17551;0
17552;0
17553;0
17554;0
17555;0
17556;0
17557;0
17558;0
17559;0
17560;0
17561;0
17562;0
17563;0
17564;0
17565;0
17566;0
17567;0
17568;0
17569;0
17578;0
17579;0
17580;0
17581;0
17582;0
17583;0
17584;0
17585;0
17586;0
17587;0
17588;0
17589;0
17590;0
17591;0
17592;0
17593;0
17594;0
17595;0
17596;0
17597;0
17598;0
17599;0
17600;0
17601;0
17602;0
17603;0
17604;0
17605;0
17606;0
17607;0
17608;0
17609;0
17610;0
17619;0
17620;0
17621;0
17622;0
17634;0
17635;0
17636;0
17637;0
17638;0
17639;0
17640;0
17641;0
17642;0
17665;0
17666;0
17667;0
17668;0
17669;0
17670;0
17671;0
17672;0
17673;0
17674;0
17675;0
17676;0
17677;0
17678;0
17679;0
17680;0
17681;0
17682;0
17683;0
17684;0
17685;0
17686;0
17714;0
17715;0
17716;0
17717;0
17718;0
17719;0
17720;0
17721;0
17722;0
17723;0
17724;0
17725;0
17726;0
17727;0
17736;0
17737;0
17738;0
17739;0
17740;0
17741;0
17742;0
17743;0
17744;0
17745;0
17746;0
17747;0
17748;0
17749;0
17750;0
17751;0
17781;0
17782;0
17783;0
17794;0
17795;0
17796;0
17797;0
17798;0
17799;0
17800;0
17801;0
17802;0
17803;0
17804;0
17805;0
17806;0
17807;0
17813;0
17814;0
17815;0
17816;0
17817;0
17818;0
17819;0
17820;0
17835;0
17836;0
17837;0
17838;0
17839;0
17840;0
17841;0
17842;0
17853;0
17854;0
17855;0
17856;0
17857;0
17872;0
17873;0
17896;0
17897;0
17898;0
17925;0
17926;0
17927;0
17928;0
17929;0
17930;0
17931;0
17932;0
17933;0
17934;0
17935;0
17936;0
17937;0
17955;0
17956;0
17965;0
17975;0
17976;0
17977;0
17978;0
17979;0
17980;0
17981;0
17982;0
17983;0
17996;0
17997;0
17998;0
17999;0
18000;0
18001;0
18002;0
18003;0
18012;0
18013;0
18014;0
18015;0
18016;0
18017;0
18018;0
18019;0
18020;0
18021;0
18022;0
18023;0
18024;0
18025;0
18026;0
18027;0
18028;0
18029;0
18030;0
18031;0
18032;0
18033;0
18034;0
18035;0
18057;0
18058;0
18059;0
18060;0
18061;0
18062;0
18063;0
18064;0
18065;0
18066;0
18067;0
18068;0
18069;0
18078;0
18079;0
18080;0
18081;0
18082;0
18083;0
18084;0
18093;0
18094;0
18095;0
18096;0
18097;0
18098;0
18099;0
18100;0
18101;0
18102;0
18103;0
18104;0
18113;0
18114;0
18115;0
18116;0
18117;0
18118;0
18119;0
18120;0
18121;0
18122;0
18154;0
18155;0
18156;0
18157;0
18158;0
18159;0
18177;0
18178;0
18179;0
18180;0
18181;0
18182;0
18183;0
18184;0
18185;0
18186;0
18209;0
18210;0
18211;0
18212;0
18213;0
18245;0
18246;0
18247;0
18248;0
18249;0
18250;0
18251;0
18252;0
18253;0
18254;0
18255;0
18256;0
18257;0
18258;0
18259;0
18260;0
18261;0
18262;0
18263;0
18264;0
18265;0
18266;0
18267;0
18268;0
18269;0
18270;0
18271;0
18272;0
18273;0
18274;0
18275;0
18276;0
18277;0
18278;0
18279;0
18280;0
18281;0
18282;0
18283;0
18284;0
18285;0
18286;0
18287;0
18288;0
18289;0
18290;0
18291;0
18292;0
18293;0
18294;0
18295;0
18296;0
18297;0
18298;0
18299;0
18300;0
18301;0
18302;0
18303;0
18304;0
18305;0
18306;0
18307;0
18308;0
18309;0
18310;0
18311;0
18312;0
18313;0
18314;0
18315;0
18316;0
18317;0
18318;0
18319;0
18320;0
18321;0
18322;0
18323;0
18324;0
18325;0
18326;0
18327;0
18328;0
18329;0
18330;0
18331;0
18332;0
18333;0
18338;0
18339;0
18340;0
18341;0
18342;0
18343;0
18344;0
18345;0
18346;0
18347;0
18348;0
18370;0
18371;0
18372;0
18373;0
18374;0
18375;0
18376;0
18377;0
18378;0
18379;0
18380;0
18381;0
18382;0
18383;0
18384;0
18385;0
18386;0
18387;0
18388;0
18389;0
18390;0
18391;0
18392;0
18393;0
18394;0
18395;0
18396;0
18397;0
18398;0
18409;0
18410;0
18411;0
18412;0
18413;0
18414;0
18415;0
18439;0
18440;0
18441;0
18442;0
18443;0
18453;0
18454;0
18455;0
18456;0
18457;0
18458;0
18459;0
18460;0
18461;0
18462;0
18463;0
18464;0
18465;0
18466;0
18476;0
18477;0
18496;0
18497;0
18498;0
18499;0
18500;0
18501;0
18502;0
18503;0
18504;0
18505;0
18506;0
18520;0
18521;0
18522;0
18523;0
18524;0
18525;0
18526;0
18527;0
18528;0
18529;0
18575;0
18576;0
18577;0
18578;0
18579;0
18580;0
18581;0
18582;0
18583;0
18584;0
18585;0
18586;0
18587;0
18588;0
18589;0
18590;0
18591;0
18592;0
18593;0
18594;0
18595;0
18596;0
18597;0
18598;0
18599;0
18600;0
18612;0
18613;0
18614;0
18615;0
18616;0
18617;0
18633;0
18634;0
18635;0
18636;0
18637;0
18646;0
18647;0
18648;0
18649;0
18650;0
18651;0
18652;0
18653;0
18654;0
18655;0
18656;0
18657;0
18658;0
18659;0
18660;0
18661;0
18662;0
18663;0
18664;0
18665;0
18666;0
18667;0
18668;0
18669;0
18670;0
18671;0
18672;0
18673;0
18674;0
18675;0
18676;0
18677;0
18678;0
18679;0
18692;0
18702;0
18703;0
18704;0
18705;0
18706;0
18707;0
18708;0
18709;0
18710;0
18711;0
18720;0
18721;0
18738;0
18739;0
18740;0
18741;0
18742;0
18743;0
18744;0
18745;0
18746;0
18747;0
18748;0
18749;0
18750;0
18751;0
18752;0
18753;0
18754;0
18755;0
18756;0
18757;0
18758;0
18759;0
18760;0
18761;0
18762;0
18763;0
18776;0
18777;0
18778;0
18779;0
18780;0
18781;0
18782;0
18783;0
18784;0
18785;0
18786;0
18787;0
18788;0
18789;0
18790;0
18791;0
18792;0
18793;0
18794;0
18795;0
18796;0
18797;0
18798;0
18799;0
18800;0
18801;0
18802;0
18803;0
18804;0
18805;0
18806;0
18807;0
18808;0
18809;0
18810;0
18811;0
18812;0
18821;0
18822;0
18823;0
18824;0
18825;0
18826;0
18827;0
18828;0
18829;0
18830;0
18831;0
18832;0
18833;0
18834;0
18835;0
18836;0
18837;0
18838;0
18839;0
18840;0
18841;0
18842;0
18843;0
18844;0
18845;0
18846;0
18847;0
18848;0
18849;0
18850;0
18851;0
18852;0
18853;0
18854;0
18855;0
18856;0
18857;0
18858;0
18859;0
18868;0
18869;0
18870;0
18871;0
18872;0
18873;0
18882;0
18883;0
18884;0
18885;0
18886;0
18887;0
18888;0
18889;0
18890;0
18891;0
18892;0
18893;0
18894;0
18895;0
18896;0
18897;0
18898;0
18899;0
18900;0
18901;0
18902;0
18903;0
18904;0
18905;0
18906;0
18907;0
18908;0
18909;0
18910;0
18911;0
18912;0
18913;0
18914;0
18915;0
18916;0
18917;0
18918;0
18919;0
18920;0
18921;0
18922;0
18923;0
18924;0
18925;0
18926;0
18927;0
18937;0
18938;0
18939;0
18940;0
18941;0
18942;0
18943;0
18944;0
18945;0
18950;0
18951;0
18952;0
18953;0
18954;0
18955;0
18956;0
18957;0
18958;0
18959;0
18960;0
18961;0
18962;0
18963;0
18964;0
18965;0
18966;0
18975;0
18976;0
18977;0
18978;0
18979;0
18980;0
18981;0
18982;0
18983;0
18984;0
18985;0
18986;0
18987;0
18996;0
18997;0
18998;0
18999;0
19008;0
19009;0
19010;0
19011;0
19012;0
19013;0
19014;0
19015;0
19016;0
19017;0
19018;0
19019;0
19020;0
19029;0
19030;0
19031;0
19032;0
19033;0
19034;0
19035;0
19036;0
19037;0
19038;0
19039;0
19040;0
19041;0
19042;0
19043;0
19044;0
19045;0
19046;0
19047;0
19048;0
19064;0
19065;0
19066;0
19067;0
19068;0
19069;0
19070;0
19071;0
19072;0
19090;0
19091;0
19092;0
19093;0
19094;0
19095;0
19096;0
19097;0
19098;0
19099;0
19100;0
19101;0
19102;0
19103;0
19104;0
19105;0
19106;0
19107;0
19108;0
19109;0
19110;0
19111;0
19112;0
19139;0
19140;0
19155;0
19164;0
19165;0
19166;0
19167;0
19180;0
19181;0
19182;0
19183;0
19184;0
19185;0
19199;0
19200;0
19201;0
19202;0
19203;0
19204;0
19205;0
19206;0
19207;0
19208;0
19209;0
19210;0
19211;0
19212;0
19213;0
19214;0
19215;0
19216;0
19217;0
19218;0
19219;0
19220;0
19221;0
19222;0
19233;0
19242;0
19243;0
19244;0
19245;0
19246;0
19247;0
19248;0
19249;0
19250;0
19251;0
19252;0
19253;0
19254;0
19255;0
19256;0
19257;0
19267;0
19268;0
19269;0
19270;0
19271;0
19272;0
19273;0
19274;0
19275;0
19276;0
19277;0
19278;0
19279;0
19280;0
19281;0
19282;0
19283;0
19284;0
19297;0
19298;0
19299;0
19313;0
19314;0
19315;0
19385;0
19386;0
19387;0
19388;0
19389;0
19390;0
19391;0
19392;0
19393;0
19394;0
19395;0
19419;0
19420;0
19421;0
19422;0
19423;0
19432;0
19433;0
19434;0
19443;0
19444;0
19445;0
19446;0
19447;0
19448;0
19449;0
19450;0
19451;0
19452;0
19453;0
19454;0
19455;0
19456;0
19457;0
19458;0
19459;0
19460;0
19461;0
19462;0
19463;0
19464;0
19465;0
19466;0
19467;0
19468;0
19469;0
19470;0
19471;0
19472;0
19473;0
19474;0
19475;0
19476;0
19477;0
19478;0
19479;0
19480;0
19481;0
19482;0
19483;0
19484;0
19485;0
19486;0
19487;0
19488;0
19489;0
19490;0
19491;0
19492;0
19493;0
19494;0
19495;0
19496;0
19497;0
19498;0
19499;0
19500;0
19501;0
19502;0
19503;0
19504;0
19505;0
19506;0
19507;0
19508;0
19517;0
19518;0
19519;0
19520;0
19521;0
19522;0
19523;0
19524;0
19525;0
19526;0
19527;0
19528;0
19529;0
19530;0
19531;0
19532;0
19533;0
19534;0
19535;0
19536;0
19537;0
19538;0
19539;0
19540;0
19541;0
19542;0
19543;0
19544;0
19545;0
19546;0
19570;0
19571;0
19572;0
19573;0
19574;0
19575;0
19588;0
19589;0
19590;0
19591;0
19592;0
19593;0
19594;0
19595;0
19596;0
19597;0
19598;0
19599;0
19600;0
19601;0
19602;0
19603;0
19604;0
19605;0
19606;0
19607;0
19608;0
19609;0
19610;0
19611;0
19612;0
19613;0
19614;0
19615;0
19616;0
19628;0
19629;0
19652;0
19653;0
19654;0
19655;0
19656;0
19670;0
19671;0
19682;0
19683;0
19684;0
19685;0
19686;0
19687;0
19688;0
19709;0
19719;0
19720;0
19721;0
19722;0
19723;0
19724;0
19735;0
19736;0
19737;0
19738;0
19739;0
19740;0
19741;0
19763;0
19764;0
19775;0
19776;0
19777;0
19778;0
19779;0
19780;0
19781;0
19782;0
19783;0
19784;0
19785;0
19786;0
19787;0
19788;0
19789;0
19790;0
19791;0
19792;0
19793;0
19794;0
19795;0
19796;0
19797;0
19798;0
19799;0
19800;0
19801;0
19802;0
19803;0
19804;0
19805;0
19806;0
19807;0
19808;0
19809;0
19810;0
19811;0
19812;0
19813;0
19814;0
19815;0
19816;0
19817;0
19818;0
19819;0
19820;0
19821;0
19853;0
19854;0
19855;0
19856;0
19857;0
19858;0
19859;0
19868;0
19869;0
19870;0
19871;0
19872;0
19873;0
19874;0
19875;0
19876;0
19877;0
19878;0
19879;0
19880;0
19881;0
19882;0
19883;0
19884;0
19885;0
19886;0
19887;0
19888;0
19889;0
19890;0
19891;0
19892;0
19893;0
19894;0
19895;0
19896;0
19897;0
19898;0
19899;0
19900;0
19901;0
19902;0
19903;0
19904;0
19905;0
19906;0
19907;0
19922;0
19923;0
19924;0
19925;0
19926;0
19927;0
19928;0
19929;0
19930;0
19931;0
19932;0
19933;0
19934;0
19935;0
19936;0
19937;0
19938;0
19947;0
19948;0
19949;0
19950;0
19951;0
19952;0
19953;0
19954;0
19955;0
19956;0
19957;0
19958;0
19959;0
19960;0
19961;0
19962;0
19963;0
19964;0
19965;0
19966;0
19967;0
19968;0
19969;0
20003;0
20004;0
20005;0
20006;0
20007;0
20008;0
20009;0
20010;0
20011;0
20012;0
20013;0
20014;0
20015;0
20016;0
20017;0
20018;0
20028;0
20029;0
20030;0
20031;0
20032;0
20033;0
20034;0
20035;0
20036;0
20037;0
20038;0
20039;0
20040;0
20041;0
20055;0
20056;0
20057;0
20058;0
20059;0
20060;0
20061;0
20062;0
20063;0
20064;0
20065;0
20066;0
20067;0
20068;0
20069;0
20070;0
20071;0
20072;0
20073;0
20074;0
20075;0
20076;0
20077;0
20078;0
20079;0
20080;0
20081;0
20082;0
20083;0
20084;0
20085;0
20086;0
20087;0
20088;0
20089;0
20090;0
20091;0
20092;0
20093;0
20094;0
20104;0
20105;0
20117;0
20118;0
20119;0
20120;0
20121;0
20122;0
20123;0
20124;0
20125;0
20126;0
20127;0
20128;0
20129;0
20130;0
20131;0
20132;0
20133;0
20134;0
20135;0
20136;0
20137;0
20138;0
20139;0
20140;0
20166;0
20167;0
20168;0
20169;0
20170;0
20171;0
20172;0
20173;0
20174;0
20199;0
20200;0
20201;0
20202;0
20203;0
20204;0
20238;0
20239;0
20240;0
20241;0
20242;0
20243;0
20244;0
20245;0
20246;0
20266;0
20267;0
20268;0
20269;0
20270;0
20271;0
20272;0
20282;0
20283;0
20284;0
20285;0
20286;0
20287;0
20288;0
20289;0
20290;0
20291;0
20292;0
20293;0
20294;0
20295;0
20296;0
20297;0
20298;0
20307;0
20308;0
20309;0
20310;0
20311;0
20312;0
20313;0
20314;0
20315;0
20316;0
20317;0
20318;0
20319;0
20320;0
20321;0
20322;0
20323;0
20324;0
20325;0
20326;0
20327;0
20328;0
20329;0
20330;0
20331;0
20332;0
20341;0
20342;0
20343;0
20344;0
20345;0
20346;0
20347;0
20348;0
20349;0
20350;0
20351;0
20352;0
20353;0
20354;0
20355;0
20356;0
20357;0
20358;0
20373;0
20374;0
20375;0
20376;0
20377;0
20378;0
20379;0
20380;0
20381;0
20382;0
20383;0
20384;0
20385;0
20386;0
20387;0
20388;0
20389;0
20390;0
20391;0
20392;0
20393;0
20394;0
20395;0
20396;0
20397;0
20398;0
20399;0
20400;0
20401;0
20402;0
20403;0
20404;0
20405;0
20406;0
20407;0
20408;0
20409;0
20410;0
20431;0
20440;0
20441;0
20442;0
20443;0
20455;0
20456;0
20461;0
20462;0
20463;0
20464;0
20465;0
20466;0
20467;0
20468;0
20469;0
20470;0
20471;0
20472;0
20473;0
20474;0
20475;0
20476;0
20477;0
20478;0
20479;0
20480;0
20481;0
20482;0
20483;0
20484;0
20526;0
20548;0
20553;0
20554;0
20564;0
20565;0
20566;0
20567;0
20568;0
20569;0
20570;0
20571;0
20572;0
20573;0
20574;0
20575;0
20576;0
20577;0
20578;0
20579;0
20580;0
20581;0
20582;0
20583;0
20593;0
20594;0
20634;0
20653;0
20654;0
20655;0
20656;0
20657;0
20658;0
20659;0
20660;0
20661;0
20662;0
20663;0
20664;0
20665;0
20666;0
20667;0
20668;0
20669;0
20670;0
20671;0
20672;0
20673;0
20674;0
20675;0
20676;0
20677;0
20678;0
20679;0
20680;0
20681;0
20682;0
20683;0
20684;0
20685;0
20686;0
20687;0
20688;0
20689;0
20690;0
20691;0
20692;0
20693;0
20728;0
20729;0
20730;0
20731;0
20732;0
20733;0
20751;0
20752;0
20753;0
20754;0
20755;0
20756;0
20757;0
20758;0
20759;0
20760;0
20761;0
20762;0
20763;0
20764;0
20765;0
20774;0
20783;0
20784;0
20793;0
20794;0
20795;0
20816;0
20817;0
20818;0
20832;0
20833;0
20834;0
20835;0
20836;0
20837;0
20838;0
20839;0
20840;0
20841;0
20842;0
20843;0
20844;0
20845;0
20846;0
20847;0
20848;0
20849;0
20850;0
20851;0
20852;0
20853;0
20854;0
20855;0
20856;0
20857;0
20881;0
20882;0
20883;0
20884;0
20885;0
20886;0
20887;0
20888;0
20897;0
20898;0
20922;0
20931;0
20932;0
20933;0
20934;0
20935;0
20936;0
20937;0
20938;0
20939;0
20940;0
20941;0
20942;0
20943;0
20944;0
20945;0
20946;0
20947;0
20948;0
20949;0
20950;0
20951;0
20952;0
20953;0
20954;0
20955;0
20956;0
20957;0
20958;0
20959;0
20960;0
20961;0
20962;0
20963;0
20964;0
20965;0
20966;0
20967;0
20977;0
20978;0
20987;0
21002;0
21003;0
21004;0
21005;0
21006;0
21007;0
21008;0
21009;0
21010;0
21011;0
21012;0
21013;0
21014;0
21015;0
21016;0
21033;0
21034;0
21035;0
21036;0
21037;0
21038;0
21047;0
21048;0
21049;0
21050;0
21051;0
21052;0
21053;0
21054;0
21055;0
21056;0
21057;0
21058;0
21059;0
21060;0
21061;0
21062;0
21063;0
21064;0
21065;0
21066;0
21067;0
21068;0
21097;0
21098;0
21099;0
21100;0
21101;0
21125;0
21126;0
21127;0
21128;0
21129;0
21130;0
21131;0
21132;0
21133;0
21134;0
21135;0
21136;0
21137;0
21138;0
21139;0
21140;0
21141;0
21142;0
21143;0
21144;0
21145;0
21146;0
21147;0
21148;0
21149;0
21150;0
21151;0
21152;0
21153;0
21154;0
21155;0
21156;0
21157;0
21158;0
21159;0
21160;0
21161;0
21162;0
21182;0
21183;0
21184;0
21185;0
21186;0
21195;0
21196;0
21197;0
21198;0
21199;0
21200;0
21201;0
21202;0
21203;0
21204;0
21205;0
21214;0
21215;0
21216;0
21217;0
21218;0
21219;0
21220;0
21221;0
21222;0
21223;0
21224;0
21225;0
21226;0
21227;0
21228;0
21229;0
21230;0
21231;0
21232;0
21233;0
21234;0
21249;0
21250;0
21251;0
21252;0
21253;0
21254;0
21255;0
21256;0
21257;0
21258;0
21259;0
21287;0
21297;0
21298;0
21299;0
21300;0
21301;0
21302;0
21303;0
21304;0
21305;0
21306;0
21307;0
21308;0
21309;0
21310;0
21311;0
21312;0
21313;0
21314;0
21315;0
21316;0
21317;0
21318;0
21319;0
21320;0
21321;0
21322;0
21323;0
21324;0
21325;0
21326;0
21327;0
21328;0
21329;0
21330;0
21339;0
21340;0
21341;0
21342;0
21343;0
21352;0
21353;0
21358;0
21359;0
21375;0
21394;0
21395;0
21396;0
21426;0
21427;0
21428;0
21429;0
21430;0
21431;0
21432;0
21433;0
21434;0
21435;0
21436;0
21437;0
21438;0
21454;0
21455;0
21456;0
21457;0
21458;0
21459;0
21460;0
21485;0
21486;0
21487;0
21488;0
21489;0
21490;0
21491;0
21492;0
21493;0
21494;0
21539;0
21540;0
21541;0
21550;0
21551;0
21552;0
21553;0
21554;0
21555;0
21556;0
21557;0
21558;0
21559;0
21560;0
21561;0
21562;0
21594;0
21595;0
21596;0
21597;0
21598;0
21599;0
21600;0
21616;0
21617;0
21618;0
21619;0
21620;0
21621;0
21622;0
21623;0
21624;0
21625;0
21626;0
21627;0
21636;0
21637;0
21638;0
21639;0
21640;0
21641;0
21642;0
21643;0
21653;0
21654;0
21655;0
21656;0
21657;0
21658;0
21659;0
21660;0
21661;0
21662;0
21663;0
21664;0
21665;0
21666;0
21667;0
21668;0
21669;0
21670;0
21671;0
21672;0
21673;0
21674;0
21675;0
21676;0
21685;0
21686;0
21687;0
21688;0
21689;0
21708;0
21717;0
21718;0
21719;0
21720;0
21721;0
21722;0
21723;0
21724;0
21725;0
21726;0
21727;0
21748;0
21749;0
21750;0
21751;0
21752;0
21753;0
21754;0
21755;0
21756;0
21757;0
21758;0
21759;0
21760;0
21761;0
21762;0
21763;0
21764;0
21765;0
21766;0
21767;0
21768;0
21769;0
21770;0
21771;0
21772;0
21773;0
21774;0
21775;0
21776;0
21777;0
21778;0
21779;0
21780;0
21781;0
21782;0
21783;0
21784;0
21793;0
21794;0
21795;0
21796;0
21797;0
21798;0
21799;0
21800;0
21801;0
21802;0
21803;0
21804;0
21805;0
21806;0
21807;0
21816;0
21817;0
21818;0
21819;0
21820;0
21861;0
21862;0
21863;0
21864;0
21865;0
21866;0
21867;0
21868;0
21869;0
21878;0
21888;0
21889;0
21890;0
21891;0
21892;0
21893;0
21894;0
21895;0
21896;0
21897;0
21898;0
21899;0
21900;0
21901;0
21910;0
21911;0
21912;0
21913;0
21914;0
21915;0
21924;0
21925;0
21926;0
21927;0
21928;0
21929;0
21930;0
21931;0
21932;0
21933;0
21934;0
21935;0
21936;0
21937;0
21938;0
21973;0
21974;0
21975;0
21976;0
21977;0
21978;0
21979;0
21980;0
21981;0
22017;0
22018;0
22019;0
22020;0
22021;0
22022;0
22023;0
22044;0
22045;0
22046;0
22047;0
22048;0
22049;0
22050;0
22051;0
22052;0
22053;0
22054;0
22055;0
22095;0
22096;0
22097;0
22098;0
22099;0
22116;0
22117;0
22126;0
22127;0
22128;0
22129;0
22130;0
22131;0
22132;0
22133;0
22134;0
22180;0
22181;0
22182;0
22183;0
22184;0
22185;0
22186;0
22187;0
22188;0
22189;0
22190;0
22191;0
22192;0
22193;0
22194;0
22195;0
22196;0
22197;0
22198;0
22199;0
22200;0
22201;0
22202;0
22203;0
22204;0
22205;0
22206;0
22207;0
22208;0
22209;0
22210;0
22211;0
22212;0
22213;0
22214;0
22215;0
22216;0
22217;0
22218;0
22219;0
22220;0
22221;0
22222;0
22223;0
22224;0
22225;0
22226;0
22227;0
22228;0
22229;0
22230;0
22251;0
22252;0
22253;0
22254;0
22255;0
22256;0
22257;0
22258;0
22259;0
22260;0
22261;0
22262;0
22263;0
22264;0
22265;0
22266;0
22267;0
22268;0
22269;0
22281;0
22282;0
22283;0
22284;0
22285;0
22286;0
22294;0
22295;0
22296;0
22311;0
22312;0
22313;0
22314;0
22315;0
22325;0
22326;0
22327;0
22328;0
22329;0
22330;0
22331;0
22332;0
22333;0
22334;0
22335;0
22336;0
22337;0
22338;0
22339;0
22348;0
22349;0
22350;0
22351;0
22352;0
22353;0
22354;0
22355;0
22356;0
22357;0
22358;0
22359;0
22360;0
22361;0
22362;0
22363;0
22364;0
22365;0
22366;0
22367;0
22368;0
22369;0
22370;0
22371;0
22372;0
22373;0
22374;0
22375;0
22376;0
22377;0
22378;0
22379;0
22380;0
22381;0
22417;0
22418;0
22430;0
22431;0
22432;0
22433;0
22434;0
22435;0
22436;0
22437;0
22438;0
22439;0
22459;0
22460;0
22461;0
22462;0
22463;0
22464;0
22465;0
22466;0
22467;0
22468;0
22469;0
22470;0
22471;0
22472;0
22481;0
22482;0
22483;0
22499;0
22500;0
22521;0
22522;0
22561;0
22562;0
22563;0
22564;0
22565;0
22566;0
22567;0
22568;0
22569;0
22570;0
22571;0
22572;0
22573;0
22574;0
22575;0
22576;0
22577;0
22586;0
22587;0
22588;0
22589;0
22590;0
22591;0
22592;0
22593;0
22594;0
22595;0
22596;0
22597;0
22598;0
22599;0
22600;0
22621;0
22653;0
22654;0
22655;0
22656;0
22657;0
22658;0
22659;0
22660;0
22669;0
22670;0
22671;0
22672;0
22673;0
22674;0
22675;0
22676;0
22677;0
22703;0
22739;0
22763;0
22764;0
22785;0
22786;0
22787;0
22788;0
22789;0
22790;0
22791;0
22792;0
22793;0
22794;0
22795;0
22796;0
22851;0
22852;0
22853;0
22854;0
22855;0
22856;0
22857;0
22858;0
22859;0
22860;0
22861;0
22862;0
22863;0
22864;0
22865;0
22866;0
22867;0
22868;0
22869;0
22870;0
22871;0
22872;0
22873;0
22874;0
22875;0
22876;0
22877;0
22878;0
22879;0
22880;0
22881;0
22882;0
22883;0
22884;0
22885;0
22886;0
22887;0
22888;0
22889;0
22890;0
22891;0
22892;0
22893;0
22894;0
22895;0
22896;0
22897;0
22898;0
22899;0
22900;0
22913;0
22914;0
22915;0
22916;0
22917;0
22918;0
22919;0
22920;0
22921;0
22922;0
22923;0
22924;0
22925;0
22926;0
22927;0
22928;0
22929;0
22938;0
22939;0
22940;0
22941;0
22942;0
22943;0
22944;0
22945;0
22946;0
22947;0
22948;0
22976;0
22977;0
22978;0
22979;0
22980;0
22981;0
22982;0
22983;0
22984;0
22985;0
22986;0
22987;0
22988;0
22989;0
22990;0
22991;0
22992;0
22993;0
22994;0
22995;0
22996;0
22997;0
22998;0
22999;0
23000;0
23001;0
23002;0
23003;0
23004;0
23005;0
23006;0
23007;0
23008;0
23009;0
23010;0
23011;0
23037;0
23038;0
23039;0
23048;0
23049;0
23050;0
23051;0
23052;0
23053;0
23054;0
23055;0
23056;0
23057;0
23058;0
23059;0
23060;0
23061;0
23062;0
23063;0
23064;0
23065;0
23066;0
23067;0
23068;0
23069;0
23070;0
23071;0
23072;0
23081;0
23082;0
23083;0
23084;0
23085;0
23086;0
23087;0
23108;0
23109;0
23110;0
23111;0
23112;0
23113;0
23114;0
23115;0
23116;0
23117;0
23118;0
23119;0
23120;0
23121;0
23122;0
23123;0
23124;0
23125;0
23139;0
23140;0
23141;0
23142;0
23143;0
23148;0
23149;0
23150;0
23151;0
23152;0
23153;0
23154;0
23155;0
23156;0
23157;0
23158;0
23187;0
23188;0
23189;0
23190;0
23191;0
23192;0
23193;0
23194;0
23195;0
23196;0
23197;0
23198;0
23199;0
23200;0
23201;0
23202;0
23203;0
23204;0
23205;0
23206;0
23207;0
23208;0
23209;0
23210;0
23211;0
23212;0
23213;0
23214;0
23215;0
23216;0
23217;0
23218;0
23219;0
23220;0
23221;0
23222;0
23223;0
23235;0
23236;0
23237;0
23238;0
23239;0
23240;0
23241;0
23242;0
23243;0
23244;0
23245;0
23246;0
23247;0
23248;0
23249;0
23250;0
23251;0
23252;0
23253;0
23254;0
23255;0
23256;0
23257;0
23258;0
23259;0
23260;0
23261;0
23262;0
23263;0
23264;0
23265;0
23266;0
23267;0
23268;0
23269;0
23270;0
23271;0
23272;0
23299;0
23300;0
23301;0
23302;0
23303;0
23304;0
23305;0
23306;0
23358;0
23375;0
23376;0
23377;0
23378;0
23379;0
23380;0
23381;0
23382;0
23393;0
23394;0
23395;0
23396;0
23397;0
23398;0
23408;0
23409;0
23410;0
23423;0
23424;0
23435;0
23436;0
23445;0
23446;0
23447;0
23448;0
23449;0
23450;0
23451;0
23452;0
23453;0
23454;0
23455;0
23456;0
23457;0
23458;0
23459;0
23460;0
23461;0
23462;0
23463;0
23464;0
23465;0
23466;0
23467;0
23488;0
23489;0
23490;0
23491;0
23492;0
23493;0
23494;0
23495;0
23496;0
23497;0
23498;0
23499;0
23500;0
23501;0
23502;0
23503;0
23512;0
23513;0
23514;0
23515;0
23527;0
23543;0
23544;0
23545;0
23555;0
23556;0
23557;0
23558;0
23559;0
23560;0
23561;0
23562;0
23571;0
23572;0
23573;0
23574;0
23575;0
23576;0
23577;0
23578;0
23579;0
23580;0
23581;0
23582;0
23583;0
23584;0
23585;0
23586;0
23587;0
23588;0
23589;0
23590;0
23591;0
23592;0
23593;0
23594;0
23595;0
23596;0
23597;0
23598;0
23599;0
23600;0
23601;0
23602;0
23603;0
23604;0
23605;0
23606;0
23607;0
23608;0
23609;0
23610;0
23611;0
23612;0
23613;0
23614;0
23615;0
23616;0
23617;0
23618;0
23619;0
23620;0
23621;0
23622;0
23623;0
23624;0
23625;0
23626;0
23627;0
23628;0
23629;0
23630;0
23631;0
23642;0
23643;0
23644;0
23645;0
23646;0
23647;0
23648;0
23649;0
23650;0
23651;0
23652;0
23653;0
23654;0
23655;0
23656;0
23657;0
23658;0
23659;0
23660;0
23661;0
23662;0
23663;0
23664;0
23665;0
23666;0
23667;0
23668;0
23669;0
23670;0
23671;0
23672;0
23673;0
23674;0
23684;0
23700;0
23701;0
23702;0
23719;0
23720;0
23721;0
23722;0
23723;0
23724;0
23725;0
23738;0
23739;0
23748;0
23757;0
23758;0
23775;0
23776;0
23777;0
23778;0
23779;0
23780;0
23781;0
23782;0
23783;0
23794;0
23795;0
23796;0
23797;0
23798;0
23799;0
23811;0
23812;0
23813;0
23814;0
23815;0
23816;0
23817;0
23818;0
23819;0
23828;0
23829;0
23830;0
23831;0
23840;0
23841;0
23850;0
23851;0
23852;0
23853;0
23854;0
23855;0
23856;0
23857;0
23858;0
23859;0
23860;0
23861;0
23862;0
23863;0
23864;0
23865;0
23866;0
23867;0
23868;0
23869;0
23870;0
23871;0
23872;0
23873;0
23874;0
23875;0
23876;0
23877;0
23878;0
23902;0
23903;0
23912;0
23913;0
23914;0
23915;0
23916;0
23917;0
23982;0
23983;0
23984;0
23985;0
23986;0
23987;0
23988;0
23989;0
23990;0
23991;0
24005;0
24006;0
24007;0
24008;0
24009;0
24010;0
24011;0
24027;0
24028;0
24029;0
24030;0
24031;0
24032;0
24033;0
24034;0
24035;0
24036;0
24037;0
24038;0
24039;0
24040;0
24041;0
24042;0
24043;0
24044;0
24070;0
24071;0
24072;0
24073;0
24074;0
24075;0
24076;0
24077;0
24078;0
24086;0
24087;0
24088;0
24089;0
24090;0
24091;0
24092;0
24093;0
24094;0
24095;0
24096;0
24097;0
24098;0
24099;0
24100;0
24101;0
24102;0
24103;0
24104;0
24105;0
24106;0
24107;0
24116;0
24117;0
24118;0
24119;0
24120;0
24121;0
24122;0
24123;0
24124;0
24125;0
24126;0
24127;0
24128;0
24129;0
24130;0
24131;0
24132;0
24133;0
24134;0
24135;0
24136;0
24137;0
24138;0
24139;0
24140;0
24141;0
24142;0
24143;0
24144;0
24145;0
24146;0
24147;0
24148;0
24149;0
24150;0
24151;0
24152;0
24165;0
24166;0
24176;0
24177;0
24178;0
24179;0
24180;0
24181;0
24182;0
24183;0
24184;0
24185;0
24186;0
24187;0
24188;0
24189;0
24190;0
24191;0
24192;0
24193;0
24194;0
24195;0
24196;0
24197;0
24198;0
24199;0
24200;0
24201;0
24202;0
24203;0
24204;0
24205;0
24206;0
24207;0
24208;0
24209;0
24210;0
24211;0
24212;0
24213;0
24214;0
24215;0
24216;0
24217;0
24218;0
24219;0
24220;0
24221;0
24222;0
24223;0
24224;0
24245;0
24256;0
24265;0
24266;0
24267;0
24268;0
24269;0
24270;0
24271;0
24272;0
24273;0
24274;0
24275;0
24276;0
24277;0
24278;0
24279;0
24280;0
24281;0
24282;0
24283;0
24284;0
24285;0
24286;0
24287;0
24288;0
24289;0
24290;0
24291;0
24292;0
24293;0
24294;0
24295;0
24296;0
24297;0
24298;0
24308;0
24309;0
24310;0
24311;0
24320;0
24321;0
24322;0
24323;0
24324;0
24325;0
24326;0
24351;0
24352;0
24365;0
24366;0
24400;0
24411;0
24412;0
24413;0
24414;0
24415;0
24416;0
24417;0
24418;0
24419;0
24437;0
24438;0
24439;0
24440;0
24441;0
24442;0
24443;0
24444;0
24445;0
24446;0
24447;0
24448;0
24449;0
24450;0
24451;0
24452;0
24453;0
24454;0
24455;0
24456;0
24465;0
24466;0
24467;0
24468;0
24469;0
24470;0
24471;0
24472;0
24473;0
24474;0
24475;0
24476;0
24477;0
24478;0
24504;0
24505;0
24506;0
24507;0
24508;0
24509;0
24510;0
24511;0
24512;0
24513;0
24514;0
24515;0
24516;0
24517;0
24518;0
24519;0
24520;0
24521;0
24522;0
24523;0
24524;0
24525;0
24526;0
24527;0
24528;0
24529;0
24530;0
24531;0
24532;0
24533;0
24534;0
24535;0
24536;0
24537;0
24538;0
24539;0
24540;0
24541;0
24542;0
24543;0
24544;0
24545;0
24546;0
24547;0
24548;0
24549;0
24550;0
24551;0
24552;0
24553;0
24554;0
24555;0
24556;0
24557;0
24558;0
24574;0
24601;0
24602;0
24603;0
24604;0
24625;0
24626;0
24627;0
24628;0
24629;0
24638;0
24639;0
24640;0
24641;0
24650;0
24651;0
24652;0
24653;0
24654;0
24655;0
24656;0
24657;0
24658;0
24659;0
24660;0
24661;0
24662;0
24663;0
24664;0
24665;0
24666;0
24671;0
24672;0
24673;0
24674;0
24675;0
24693;0
24694;0
24695;0
24696;0
24697;0
24698;0
24699;0
24700;0
24701;0
24702;0
24703;0
24704;0
24705;0
24706;0
24707;0
24708;0
24709;0
24710;0
24711;0
24712;0
24713;0
24714;0
24715;0
24716;0
24717;0
24718;0
24731;0
24732;0
24733;0
24734;0
24735;0
24736;0
24737;0
24738;0
24739;0
24740;0
24741;0
24742;0
24743;0
24744;0
24745;0
24746;0
24758;0
24759;0
24760;0
24761;0
24762;0
24763;0
24764;0
24765;0
24766;0
24767;0
24768;0
24769;0
24770;0
24771;0
24772;0
24773;0
24787;0
24788;0
24789;0
24790;0
24791;0
24792;0
24803;0
24804;0
24805;0
24806;0
24807;0
24808;0
24809;0
24810;0
24811;0
24812;0
24829;0
24830;0
24831;0
24832;0
24833;0
24834;0
24835;0
24836;0
24837;0
24849;0
24850;0
24851;0
24863;0
24898;0
24899;0
24900;0
24901;0
24902;0
24903;0
24904;0
24905;0
24906;0
24907;0
24908;0
24918;0
24919;0
24920;0
24921;0
24945;0
24946;0
24947;0
24978;0
24979;0
24980;0
24981;0
24982;0
24983;0
24984;0
24985;0
24986;0
24987;0
24988;0
24989;0
24990;0
24991;0
24992;0
24993;0
24994;0
24995;0
24996;0
24997;0
24998;0
24999;0
25000;0
25001;0
25002;0
25003;0
25004;0
25005;0
25006;0
25007;0
25008;0
25009;0
25010;0
25011;0
25012;0
25013;0
25014;0
25015;0
25016;0
25017;0
25018;0
25019;0
25020;0
25042;0
25043;0
25044;0
25045;0
25046;0
25047;0
25048;0
25049;0
25050;0
25051;0
25052;0
25053;0
25054;0
25055;0
25056;0
25057;0
25058;0
25059;0
25060;0
25061;0
25062;0
25063;0
25064;0
25065;0
25066;0
25067;0
25068;0
25069;0
25070;0
25071;0
25072;0
25073;0
25074;0
25075;0
25108;0
25109;0
25110;0
25111;0
25112;0
25113;0
25114;0
25115;0
25116;0
25117;0
25118;0
25119;0
25120;0
25121;0
25122;0
25123;0
25124;0
25125;0
25126;0
25127;0
25128;0
25129;0
25130;0
25147;0
25148;0
25149;0
25150;0
25151;0
25152;0
25153;0
25154;0
25155;0
25156;0
25157;0
25158;0
25159;0
25160;0
25161;0
25162;0
25180;0
25181;0
25182;0
25183;0
25184;0
25185;0
25207;0
25208;0
25209;0
25210;0
25211;0
25212;0
25213;0
25214;0
25215;0
25216;0
25217;0
25218;0
25219;0
25220;0
25221;0
25222;0
25237;0
25238;0
25239;0
25240;0
25241;0
25242;0
25243;0
25244;0
25270;0
25271;0
25272;0
25273;0
25274;0
25275;0
25276;0
25277;0
25285;0
25294;0
25295;0
25296;0
25297;0
25298;0
25299;0
25300;0
25301;0
25302;0
25303;0
25304;0
25305;0
25306;0
25307;0
25308;0
25309;0
25319;0
25320;0
25321;0
25322;0
25335;0
25336;0
25337;0
25338;0
25339;0
25340;0
25341;0
25342;0
25343;0
25344;0
25354;0
25355;0
25356;0
25357;0
25358;0
25359;0
25360;0
25361;0
25370;0
25371;0
25381;0
25382;0
25383;0
25384;0
25385;0
25386;0
25387;0
25388;0
25389;0
25390;0
25391;0
25392;0
25421;0
25422;0
25423;0
25424;0
25425;0
25426;0
25454;0
25455;0
25456;0
25457;0
25458;0
25459;0
25460;0
25461;0
25462;0
25463;0
25464;0
25465;0
25476;0
25477;0
25478;0
25479;0
25480;0
25481;0
25482;0
25483;0
25484;0
25485;0
25486;0
25487;0
25488;0
25489;0
25490;0
25491;0
25492;0
25493;0
25494;0
25495;0
25496;0
25497;0
25498;0
25499;0
25500;0
25501;0
25502;0
25503;0
25504;0
25505;0
25506;0
25507;0
25508;0
25509;0
25519;0
25520;0
25521;0
25522;0
25523;0
25524;0
25525;0
25526;0
25527;0
25528;0
25529;0
25530;0
25531;0
25532;0
25533;0
25534;0
25535;0
25536;0
25537;0
25538;0
25539;0
25540;0
25541;0
25542;0
25543;0
25544;0
25545;0
25546;0
25547;0
25548;0
25549;0
25550;0
25560;0
25572;0
25573;0
25574;0
25575;0
25592;0
25603;0
25604;0
25605;0
25614;0
25615;0
25616;0
25617;0
25618;0
25619;0
25620;0
25621;0
25622;0
25623;0
25624;0
25625;0
25626;0
25627;0
25628;0
25629;0
25630;0
25631;0
25632;0
25633;0
25634;0
25635;0
25636;0
25637;0
25638;0
25639;0
25640;0
25641;0
25660;0
25661;0
25662;0
25663;0
25664;0
25665;0
25666;0
25667;0
25668;0
25669;0
25670;0
25671;0
25672;0
25673;0
25674;0
25675;0
25676;0
25677;0
25678;0
25679;0
25680;0
25681;0
25682;0
25683;0
25684;0
25685;0
25705;0
25706;0
25707;0
25708;0
25709;0
25719;0
25720;0
25721;0
25722;0
25732;0
25733;0
25734;0
25735;0
25775;0
25776;0
25777;0
25793;0
25794;0
25795;0
25796;0
25797;0
25798;0
25811;0
25812;0
25813;0
25814;0
25815;0
25841;0
25842;0
25843;0
25844;0
25845;0
25846;0
25847;0
25848;0
25849;0
25850;0
25851;0
25852;0
25853;0
25854;0
25855;0
25856;0
25857;0
25858;0
25859;0
25860;0
25861;0
25862;0
25863;0
25864;0
25865;0
25866;0
25867;0
25868;0
25869;0
25870;0
25871;0
25872;0
25873;0
25874;0
25875;0
25876;0
25877;0
25878;0
25879;0
25880;0
25881;0
25882;0
25883;0
25884;0
25885;0
25886;0
25887;0
25888;0
25889;0
25890;0
25891;0
25892;0
25893;0
25894;0
25895;0
25896;0
25897;0
25898;0
25899;0
25900;0
25901;0
25902;0
25903;0
25904;0
25905;0
25914;0
25915;0
25916;0
25917;0
25918;0
25919;0
25920;0
25921;0
25922;0
25923;0
25924;0
25925;0
25926;0
25927;0
25928;0
25929;0
25930;0
25931;0
25948;0
25949;0
25950;0
25951;0
25952;0
25953;0
25954;0
25955;0
25956;0
25957;0
25958;0
25959;0
25960;0
25961;0
25962;0
25963;0
25964;0
25965;0
25966;0
25976;0
25977;0
25978;0
25979;0
25980;0
25981;0
25982;0
25983;0
25995;0
25996;0
25997;0
25998;0
26015;0
26016;0
26017;0
26018;0
26019;0
26020;0
26021;0
26022;0
26023;0
26024;0
26049;0
26071;0
26072;0
26073;0
26074;0
26075;0
26076;0
26105;0
26106;0
26107;0
26108;0
26109;0
26110;0
26111;0
26112;0
26113;0
26114;0
26115;0
26116;0
26117;0
26118;0
26119;0
26120;0
26121;0
26122;0
26123;0
26134;0
26135;0
26136;0
26137;0
26138;0
26139;0
26140;0
26141;0
26142;0
26143;0
26144;0
26145;0
26146;0
26147;0
26148;0
26149;0
26150;0
26151;0
26152;0
26153;0
26154;0
26155;0
26156;0
26157;0
26158;0
26159;0
26160;0
26161;0
26162;0
26163;0
26164;0
26165;0
26166;0
26167;0
26168;0
26169;0
26170;0
26171;0
26172;0
26173;0
26174;0
26183;0
26184;0
26185;0
26186;0
26187;0
26188;0
26189;0
26190;0
26191;0
26192;0
26193;0
26194;0
26195;0
26196;0
26197;0
26198;0
26199;0
26200;0
26201;0
26202;0
26203;0
26204;0
26205;0
26206;0
26207;0
26208;0
26209;0
26210;0
26211;0
26212;0
26213;0
26214;0
26231;0
26232;0
26233;0
26234;0
26235;0
26236;0
26237;0
26238;0
26239;0
26240;0
26241;0
26242;0
26243;0
26244;0
26245;0
26246;0
26247;0
26248;0
26249;0
26250;0
26251;0
26252;0
26253;0
26254;0
26255;0
26256;0
26257;0
26258;0
26259;0
26260;0
26261;0
26262;0
26263;0
26264;0
26265;0
26266;0
26267;0
26268;0
26269;0
26270;0
26271;0
26272;0
26273;0
26274;0
26275;0
26276;0
26277;0
26278;0
26279;0
26290;0
26291;0
26292;0
26293;0
26294;0
26295;0
26296;0
26297;0
26321;0
26322;0
26323;0
26324;0
26325;0
26326;0
26327;0
26328;0
26329;0
26330;0
26331;0
26332;0
26333;0
26334;0
26335;0
26347;0
26348;0
26349;0
26350;0
26351;0
26352;0
26353;0
26354;0
26355;0
26356;0
26357;0
26358;0
26359;0
26360;0
26361;0
26362;0
26363;0
26364;0
26365;0
26366;0
26367;0
26368;0
26374;0
26383;0
26384;0
26385;0
26394;0
26395;0
26396;0
26397;0
26398;0
26410;0
26420;0
26421;0
26422;0
26423;0
26424;0
26425;0
26426;0
26427;0
26428;0
26429;0
26430;0
26431;0
26463;0
26464;0
26465;0
26466;0
26467;0
26468;0
26469;0
26470;0
26471;0
26472;0
26473;0
26474;0
26475;0
26476;0
26477;0
26478;0
26479;0
26480;0
26481;0
26482;0
26483;0
26531;0
26532;0
26533;0
26534;0
26535;0
26536;0
26537;0
26538;0
26539;0
26540;0
26541;0
26542;0
26543;0
26544;0
26545;0
26546;0
26547;0
26548;0
26549;0
26550;0
26551;0
26552;0
26553;0
26554;0
26555;0
26565;0
26566;0
26567;0
26568;0
26569;0
26578;0
26579;0
26580;0
26581;0
26582;0
26583;0
26584;0
26585;0
26586;0
26615;0
26634;0
26635;0
26636;0
26637;0
26638;0
26639;0
26640;0
26641;0
26642;0
26651;0
26691;0
26692;0
26693;0
26694;0
26695;0
26704;0
26735;0
26736;0
26737;0
26738;0
26739;0
26740;0
26741;0
26742;0
26743;0
26744;0
26745;0
26746;0
26747;0
26748;0
26749;0
26750;0
26751;0
26752;0
26753;0
26754;0
26755;0
26756;0
26757;0
26758;0
26759;0
26760;0
26761;0
26762;0
26763;0
26764;0
26765;0
26766;0
26767;0
26768;0
26769;0
26770;0
26771;0
26772;0
26773;0
26774;0
26775;0
26776;0
26777;0
26778;0
26779;0
26780;0
26781;0
26782;0
26783;0
26784;0
26785;0
26786;0
26787;0
26805;0
26806;0
26807;0
26808;0
26827;0
26828;0
26829;0
26830;0
26831;0
26832;0
26833;0
26834;0
26835;0
26836;0
26837;0
26838;0
26839;0
26840;0
26841;0
26842;0
26843;0
26844;0
26845;0
26846;0
26856;0
26857;0
26874;0
26875;0
26876;0
26877;0
26878;0
26879;0
26880;0
26881;0
26882;0
26883;0
26884;0
26885;0
26886;0
26887;0
26888;0
26889;0
26890;0
26891;0
26892;0
26893;0
26894;0
26908;0
26909;0
26910;0
26911;0
26912;0
26913;0
26914;0
26915;0
26916;0
26917;0
26918;0
26919;0
26920;0
26921;0
26922;0
26923;0
26932;0
26933;0
26934;0
26935;0
26936;0
26937;0
26938;0
26939;0
26940;0
26941;0
26942;0
26943;0
26944;0
26945;0
26946;0
26947;0
26948;0
26949;0
26950;0
26951;0
26952;0
26953;0
26954;0
26955;0
26956;0
26957;0
26958;0
26959;0
26960;0
26961;0
26962;0
26963;0
26964;0
26965;0
26966;0
26967;0
26968;0
26969;0
26970;0
26971;0
26972;0
26973;0
26974;0
26975;0
26976;0
26977;0
26978;0
26979;0
26980;0
26981;0
26982;0
26983;0
26984;0
26985;0
26986;0
26987;0
26988;0
26989;0
26990;0
26991;0
26992;0
26993;0
26994;0
26995;0
26996;0
26997;0
26998;0
26999;0
27000;0
27001;0
27002;0
27003;0
27012;0
27013;0
27014;0
27028;0
27029;0
27030;0
27031;0
27032;0
27033;0
27034;0
27035;0
27036;0
27037;0
27038;0
27039;0
27040;0
27041;0
27042;0
27043;0
27044;0
27045;0
27046;0
27047;0
27048;0
27049;0
27050;0
27051;0
27062;0
27063;0
27064;0
27065;0
27066;0
27067;0
27068;0
27069;0
27070;0
27071;0
27072;0
27073;0
27074;0
27075;0
27076;0
27077;0
27078;0
27079;0
27080;0
27081;0
27082;0
27083;0
27084;0
27085;0
27086;0
27087;0
27088;0
27089;0
27090;0
27091;0
27092;0
27093;0
27094;0
27095;0
27096;0
27097;0
27106;0
27107;0
27108;0
27109;0
27110;0
27111;0
27112;0
27113;0
27114;0
27115;0
27116;0
27117;0
27118;0
27119;0
27120;0
27121;0
27122;0
27123;0
27124;0
27125;0
27126;0
27142;0
27143;0
27144;0
27145;0
27146;0
27147;0
27156;0
27174;0
27175;0
27176;0
27177;0
27178;0
27179;0
27188;0
27189;0
27190;0
27191;0
27192;0
27193;0
27194;0
27195;0
27196;0
27197;0
27198;0
27208;0
27209;0
27210;0
27211;0
27212;0
27213;0
27214;0
27215;0
27216;0
27217;0
27218;0
27219;0
27220;0
27221;0
27222;0
27231;0
27232;0
27233;0
27234;0
27280;0
27298;0
27299;0
27300;0
27301;0
27302;0
27303;0
27323;0
27324;0
27325;0
27326;0
27327;0
27328;0
27329;0
27330;0
27331;0
27332;0
27333;0
27356;0
27357;0
27358;0
27359;0
27360;0
27361;0
27362;0
27363;0
27364;0
27365;0
27366;0
27367;0
27368;0
27369;0
27370;0
27371;0
27380;0
27381;0
27382;0
27383;0
27384;0
27385;0
27386;0
27387;0
27388;0
27389;0
27390;0
27391;0
27392;0
27393;0
27394;0
27395;0
27396;0
27397;0
27398;0
27399;0
27424;0
27425;0
27426;0
27427;0
27428;0
27429;0
27430;0
27431;0
27432;0
27433;0
27434;0
27435;0
27436;0
27437;0
27438;0
27439;0
27440;0
27441;0
27442;0
27443;0
27444;0
27445;0
27446;0
27447;0
27448;0
27457;0
27458;0
27459;0
27460;0
27461;0
27475;0
27476;0
27477;0
27478;0
27487;0
27488;0
27489;0
27490;0
27491;0
27492;0
27493;0
27494;0
27495;0
27496;0
27497;0
27509;0
27510;0
27511;0
27512;0
27513;0
27514;0
27515;0
27516;0
27517;0
27526;0
27527;0
27536;0
27537;0
27538;0
27539;0
27540;0
27559;0
27560;0
27561;0
27571;0
27572;0
27573;0
27574;0
27575;0
27576;0
27577;0
27578;0
27579;0
27580;0
27581;0
27582;0
27583;0
27584;0
27585;0
27594;0
27595;0
27596;0
27597;0
27598;0
27599;0
27600;0
27601;0
27602;0
27603;0
27604;0
27605;0
27606;0
27607;0
27608;0
27609;0
27610;0
27611;0
27612;0
27613;0
27614;0
27615;0
27616;0
27617;0
27618;0
27619;0
27620;0
27621;0
27622;0
27623;0
27624;0
27625;0
27626;0
27627;0
27628;0
27629;0
27630;0
27631;0
27632;0
27633;0
27634;0
27635;0
27636;0
27637;0
27638;0
27639;0
27640;0
27641;0
27650;0
27651;0
27652;0
27662;0
27663;0
27664;0
27665;0
27666;0
27667;0
27668;0
27669;0
27670;0
27671;0
27672;0
27673;0
27674;0
27675;0
27676;0
27677;0
27678;0
27679;0
27680;0
27681;0
27682;0
27683;0
27701;0
27702;0
27703;0
27704;0
27705;0
27706;0
27707;0
27708;0
27709;0
27710;0
27711;0
27712;0
27713;0
27732;0
27759;0
27760;0
27794;0
27795;0
27796;0
27797;0
27798;0
27799;0
27800;0
27801;0
27802;0
27846;0
27847;0
27863;0
27864;0
27865;0
27866;0
27867;0
27868;0
27874;0
27875;0
27876;0
27877;0
27878;0
27879;0
27880;0
27881;0
27882;0
27883;0
27884;0
27885;0
27886;0
27887;0
27924;0
27948;0
27949;0
27950;0
27951;0
27952;0
27953;0
27954;0
27955;0
27956;0
27957;0
27958;0
27967;0
27968;0
27969;0
27970;0
27979;0
27980;0
27981;0
27982;0
27983;0
27984;0
27985;0
27986;0
27987;0
27988;0
27989;0
27990;0
27991;0
27992;0
27993;0
27994;0
27995;0
27996;0
27997;0
27998;0
27999;0
28000;0
28001;0
28002;0
28003;0
28004;0
28005;0
28006;0
28007;0
28016;0
28030;0
28039;0
28040;0
28041;0
28042;0
28043;0
28044;0
28045;0
28046;0
28072;0
28073;0
28074;0
28075;0
28076;0
28077;0
28078;0
28079;0
28080;0
28081;0
28082;0
28083;0
28084;0
28085;0
28110;0
28111;0
28112;0
28113;0
28114;0
28115;0
28116;0
28117;0
28118;0
28119;0
28120;0
28121;0
28122;0
28123;0
28124;0
28125;0
28126;0
28127;0
28171;0
28172;0
28173;0
28174;0
28175;0
28176;0
28177;0
28178;0
28179;0
28180;0
28181;0
28182;0
28183;0
28184;0
28185;0
28186;0
28187;0
28188;0
28189;0
28190;0
28191;0
28192;0
28193;0
28194;0
28195;0
28196;0
28197;0
28198;0
28199;0
28200;0
28201;0
28202;0
28203;0
28204;0
28205;0
28206;0
28207;0
28208;0
28209;0
28210;0
28211;0
28212;0
28213;0
28214;0
28215;0
28216;0
28225;0
28226;0
28227;0
28228;0
28229;0
28230;0
28231;0
28232;0
28233;0
28234;0
28235;0
28236;0
28237;0
28238;0
28239;0
28240;0
28257;0
28258;0
28259;0
28260;0
28261;0
28262;0
28263;0
28279;0
28280;0
28281;0
28282;0
28283;0
28284;0
28285;0
28286;0
28287;0
28288;0
28289;0
28290;0
28291;0
28292;0
28293;0
28294;0
28295;0
28296;0
28297;0
28298;0
28299;0
28300;0
28301;0
28302;0
28303;0
28304;0
28305;0
28306;0
28307;0
28308;0
28309;0
28310;0
28311;0
28312;0
28313;0
28314;0
28315;0
28316;0
28317;0
28318;0
28319;0
28320;0
28321;0
28322;0
28323;0
28324;0
28325;0
28326;0
28327;0
28328;0
28329;0
28330;0
28345;0
28358;0
28359;0
28360;0
28361;0
28370;0
28371;0
28372;0
28373;0
28374;0
28375;0
28376;0
28377;0
28378;0
28379;0
28380;0
28381;0
28382;0
28383;0
28384;0
28385;0
28386;0
28387;0
28388;0
28389;0
28390;0
28391;0
28392;0
28393;0
28394;0
28395;0
28396;0
28397;0
28398;0
28399;0
28400;0
28401;0
28402;0
28403;0
28404;0
28405;0
28406;0
28407;0
28416;0
28417;0
28418;0
28419;0
28420;0
28421;0
28422;0
28423;0
28424;0
28425;0
28426;0
28427;0
28428;0
28429;0
28430;0
28431;0
28432;0
28433;0
28434;0
28435;0
28445;0
28446;0
28447;0
28448;0
28449;0
28450;0
28451;0
28452;0
28453;0
28454;0
28455;0
28456;0
28457;0
28458;0
28459;0
28460;0
28461;0
28462;0
28463;0
28464;0
28465;0
28466;0
28467;0
28468;0
28469;0
28470;0
28471;0
28472;0
28473;0
28474;0
28475;0
28476;0
28477;0
28478;0
28479;0
28480;0
28481;0
28482;0
28483;0
28484;0
28485;0
28486;0
28487;0
28488;0
28489;0
28490;0
28491;0
28492;0
28493;0
28494;0
28495;0
28496;0
28497;0
28498;0
28499;0
28500;0
28501;0
28502;0
28503;0
28504;0
28505;0
28506;0
28507;0
28508;0
28509;0
28510;0
28511;0
28512;0
28513;0
28514;0
28515;0
28516;0
28517;0
28518;0
28519;0
28520;0
28521;0
28522;0
28523;0
28524;0
28525;0
28526;0
28527;0
28528;0
28529;0
28530;0
28531;0
28532;0
28533;0
28534;0
28535;0
28536;0
28537;0
28538;0
28539;0
28540;0
28541;0
28542;0
28543;0
28544;0
28545;0
28546;0
28547;0
28548;0
28549;0
28550;0
28551;0
28552;0
28553;0
28554;0
28555;0
28556;0
28557;0
28558;0
28559;0
28560;0
28561;0
28562;0
28563;0
28564;0
28565;0
28566;0
28567;0
28568;0
28569;0
28570;0
28571;0
28572;0
28573;0
28574;0
28575;0
28576;0
28577;0
28578;0
28579;0
28580;0
28581;0
28582;0
28583;0
28584;0
28585;0
28586;0
28587;0
28588;0
28604;0
28605;0
28606;0
28607;0
28608;0
28609;0
28610;0
28611;0
28612;0
28613;0
28614;0
28615;0
28616;0
28635;0
28636;0
28637;0
28638;0
28639;0
28640;0
28651;0
28652;0
28653;0
28654;0
28655;0
28656;0
28657;0
28658;0
28659;0
28660;0
28661;0
28662;0
28663;0
28664;0
28665;0
28666;0
28667;0
28668;0
28669;0
28670;0
28671;0
28672;0
28673;0
28674;0
28675;0
28676;0
28677;0
28678;0
28679;0
28680;0
28681;0
28682;0
28683;0
28684;0
28685;0
28686;0
28687;0
28688;0
28689;0
28690;0
28691;0
28692;0
28693;0
28694;0
28695;0
28696;0
28697;0
28698;0
28699;0
28700;0
28701;0
28702;0
28703;0
28704;0
28705;0
28706;0
28707;0
28708;0
28709;0
28710;0
28711;0
28712;0
28713;0
28714;0
28715;0
28716;0
28717;0
28718;0
28719;0
28720;0
28721;0
28722;0
28723;0
28724;0
28725;0
28726;0
28727;0
28728;0
28729;0
28730;0
28731;0
28732;0
28733;0
28734;0
28735;0
28736;0
28737;0
28738;0
28739;0
28740;0
28741;0
28742;0
28743;0
28744;0
28745;0
28746;0
28747;0
28748;0
28749;0
28758;0
28759;0
28760;0
28761;0
28762;0
28763;0
28773;0
28774;0
28775;0
28785;0
28786;0
28787;0
28788;0
28789;0
28790;0
28791;0
28792;0
28793;0
28794;0
28803;0
28804;0
28805;0
28806;0
28807;0
28808;0
28809;0
28810;0
28811;0
28812;0
28813;0
28814;0
28815;0
28816;0
28817;0
28818;0
28819;0
28820;0
28821;0
28822;0
28832;0
28833;0
28834;0
28835;0
28836;0
28837;0
28838;0
28839;0
28840;0
28841;0
28842;0
28843;0
28844;0
28845;0
28846;0
28847;0
28848;0
28849;0
28850;0
28864;0
28865;0
28874;0
28875;0
28876;0
28877;0
28878;0
28879;0
28880;0
28881;0
28882;0
28883;0
28884;0
28906;0
28915;0
28916;0
28917;0
28918;0
28919;0
28928;0
28929;0
28930;0
28931;0
28932;0
28933;0
28934;0
28935;0
28936;0
28937;0
28938;0
28939;0
28940;0
28941;0
28942;0
28943;0
28944;0
28945;0
28946;0
28947;0
28948;0
28949;0
28950;0
28951;0
28952;0
28961;0
28962;0
29008;0
29009;0
29010;0
29011;0
29012;0
29013;0
29014;0
29023;0
29024;0
29025;0
29026;0
29027;0
29028;0
29029;0
29030;0
29031;0
29032;0
29033;0
29034;0
29043;0
29044;0
29045;0
29046;0
29047;0
29048;0
29049;0
29050;0
29051;0
29052;0
29053;0
29054;0
29055;0
29056;0
29057;0
29058;0
29059;0
29060;0
29061;0
29062;0
29063;0
29064;0
29065;0
29066;0
29085;0
29086;0
29095;0
29096;0
29097;0
29098;0
29099;0
29100;0
29101;0
29102;0
29103;0
29104;0
29105;0
29106;0
29107;0
29108;0
29109;0
29110;0
29111;0
29139;0
29140;0
29141;0
29142;0
29143;0
29144;0
29145;0
29146;0
29147;0
29148;0
29149;0
29150;0
29151;0
29161;0
29162;0
29163;0
29164;0
29165;0
29166;0
29167;0
29168;0
29169;0
29170;0
29171;0
29172;0
29173;0
29174;0
29175;0
29176;0
29177;0
29178;0
29179;0
29180;0
29181;0
29182;0
29183;0
29184;0
29185;0
29186;0
29187;0
29188;0
29197;0
29198;0
29199;0
29200;0
29201;0
29202;0
29203;0
29204;0
29205;0
29206;0
29207;0
29208;0
29209;0
29210;0
29211;0
29212;0
29213;0
29214;0
29215;0
29216;0
29217;0
29218;0
29219;0
29220;0
29221;0
29222;0
29223;0
29224;0
29225;0
29226;0
29227;0
29228;0
29229;0
29230;0
29231;0
29232;0
29233;0
29234;0
29235;0
29236;0
29237;0
29238;0
29239;0
29240;0
29241;0
29242;0
29243;0
29244;0
29245;0
29261;0
29262;0
29263;0
29264;0
29265;0
29266;0
29267;0
29268;0
29269;0
29270;0
29271;0
29272;0
29273;0
29274;0
29275;0
29276;0
29277;0
29278;0
29279;0
29280;0
29281;0
29282;0
29283;0
29284;0
29285;0
29286;0
29287;0
29288;0
29289;0
29290;0
29291;0
29292;0
29293;0
29294;0
29295;0
29307;0
29308;0
29309;0
29310;0
29311;0
29312;0
29340;0
29341;0
29342;0
29343;0
29344;0
29345;0
29346;0
29347;0
29348;0
29349;0
29350;0
29351;0
29352;0
29374;0
29375;0
29376;0
29377;0
29378;0
29395;0
29396;0
29397;0
29398;0
29399;0
29400;0
29401;0
29402;0
29403;0
29404;0
29405;0
29406;0
29407;0
29408;0
29409;0
29410;0
29411;0
29412;0
29413;0
29414;0
29415;0
29416;0
29417;0
29418;0
29419;0
29420;0
29421;0
29422;0
29423;0
29424;0
29425;0
29426;0
29427;0
29443;0
29444;0
29445;0
29446;0
29447;0
29448;0
29449;0
29450;0
29451;0
29452;0
29464;0
29465;0
29466;0
29467;0
29468;0
29469;0
29470;0
29471;0
29472;0
29473;0
29474;0
29475;0
29476;0
29477;0
29478;0
29479;0
29489;0
29490;0
29491;0
29492;0
29493;0
29494;0
29495;0
29496;0
29497;0
29498;0
29499;0
29500;0
29501;0
29502;0
29503;0
29504;0
29513;0
29523;0
29524;0
29525;0
29526;0
29527;0
29528;0
29529;0
29530;0
29531;0
29532;0
29533;0
29534;0
29535;0
29545;0
29546;0
29547;0
29560;0
29561;0
29562;0
29563;0
29564;0
29565;0
29566;0
29567;0
29568;0
29569;0
29570;0
29571;0
29572;0
29573;0
29574;0
29575;0
29576;0
29577;0
29578;0
29579;0
29580;0
29581;0
29582;0
29583;0
29584;0
29585;0
29586;0
29587;0
29588;0
29589;0
29590;0
29591;0
29592;0
29593;0
29594;0
29595;0
29596;0
29597;0
29598;0
29599;0
29622;0
29623;0
29624;0
29625;0
29626;0
29627;0
29628;0
29629;0
29630;0
29631;0
29632;0
29633;0
29643;0
29644;0
29645;0
29646;0
29647;0
29648;0
29649;0
29676;0
29677;0
29678;0
29679;0
29680;0
29695;0
29696;0
29697;0
29698;0
29699;0
29700;0
29701;0
29702;0
29703;0
29704;0
29727;0
29728;0
29729;0
29730;0
29731;0
29732;0
29733;0
29734;0
29735;0
29736;0
29737;0
29738;0
29739;0
29740;0
29741;0
29742;0
29743;0
29744;0
29745;0
29746;0
29747;0
29748;0
29749;0
29750;0
29751;0
29752;0
29753;0
29754;0
29755;0
29756;0
29757;0
29758;0
29759;0
29760;0
29761;0
29762;0
29763;0
29764;0
29765;0
29766;0
29767;0
29768;0
29769;0
29770;0
29771;0
29772;0
29773;0
29774;0
29775;0
29776;0
29777;0
29778;0
29779;0
29795;0
29796;0
29797;0
29798;0
29799;0
29800;0
29801;0
29802;0
29803;0
29804;0
29805;0
29806;0
29834;0
29835;0
29836;0
29859;0
29877;0
29878;0
29879;0
29880;0
29881;0
29882;0
29883;0
29884;0
29885;0
29886;0
29887;0
29888;0
29889;0
29890;0
29891;0
29892;0
29893;0
29894;0
29895;0
29896;0
29897;0
29898;0
29899;0
29900;0
29901;0
29902;0
29903;0
