Location	Bat	Rdog	Pang	Human
1	0	0	0	0
2	0	0	0	0
3	0	0	0	0
4	0	0	0	0
5	0	0	0	0
6	0	0	0	0
7	0	0	0	0
8	0	0	0	0
9	0	0	0	0
10	0	0	0	0
11	0	0	0	0
12	0	0	0	0
13	0	2	0	1
14	0	2	0	1
15	0	2	0	0
16	0	2	0	0
17	0	2	0	0
18	1	4	1	1
19	2	3	1	3
20	2	3	1	4
21	2	3	1	4
22	2	2	1	4
23	2	2	1	5
24	2	2	1	5
25	3	2	1	5
26	3	0	1	5
27	2	0	1	2
28	2	1	3	1
29	2	1	3	2
30	2	1	3	3
31	2	1	3	2
32	2	1	3	2
33	0	1	3	2
34	0	1	2	2
35	0	1	2	2
36	0	1	1	2
37	0	0	0	1
38	0	0	0	0
39	0	0	0	0
40	0	0	0	0
41	0	0	0	0
42	0	0	0	0
43	0	0	0	0
44	0	0	0	0
45	0	0	0	0
46	0	0	0	0
47	0	0	0	0
48	0	0	0	0
49	0	0	0	0
50	0	0	0	0
51	0	0	0	0
52	0	0	0	0
53	0	0	0	0
54	0	0	0	0
55	0	0	0	1
56	0	0	0	1
57	0	0	0	1
58	0	0	0	1
59	0	0	0	1
60	0	0	0	1
61	0	0	0	1
62	0	0	1	1
63	0	0	1	0
64	0	0	1	0
65	0	0	1	0
66	0	0	1	0
67	0	0	1	0
68	0	0	1	0
69	0	0	1	0
70	0	0	0	1
71	0	0	0	1
72	0	0	0	1
73	0	0	0	1
74	0	0	0	1
75	0	0	0	1
76	0	0	0	1
77	0	1	2	1
78	1	1	3	0
79	1	1	3	0
80	1	1	3	0
81	3	1	4	1
82	3	1	4	1
83	3	1	4	1
84	3	1	4	1
85	3	1	3	0
86	3	1	1	0
87	4	0	1	2
88	4	0	2	2
89	3	0	1	2
90	3	0	1	2
91	3	0	1	2
92	3	0	1	2
93	3	0	1	3
94	3	0	1	3
95	1	0	1	1
96	1	0	0	1
97	0	0	0	1
98	0	0	0	1
99	0	0	1	1
100	0	0	1	1
101	0	0	1	0
102	0	0	1	0
103	0	0	0	0
104	0	0	0	0
105	0	0	0	0
106	0	0	0	0
107	0	0	0	0
108	0	0	0	0
109	0	0	0	0
110	0	0	0	0
111	0	0	0	0
112	0	0	0	0
113	0	0	0	0
114	0	0	0	0
115	0	0	0	0
116	0	0	0	0
117	0	0	0	0
118	0	0	0	0
119	0	0	0	0
120	0	0	0	0
121	0	0	0	0
122	0	0	0	0
123	1	0	0	0
124	1	0	0	0
125	1	0	0	0
126	1	0	0	0
127	1	0	0	0
128	1	1	0	0
129	1	1	0	0
130	1	1	1	0
131	1	1	2	0
132	1	2	2	0
133	7	3	4	3
134	7	3	5	5
135	7	4	5	5
136	7	3	5	5
137	7	3	5	5
138	7	3	4	6
139	7	4	4	6
140	6	3	3	6
141	3	2	1	4
142	0	2	0	1
143	0	1	0	1
144	0	1	0	1
145	0	1	0	1
146	0	1	0	0
147	0	0	0	0
148	0	0	0	0
149	0	0	0	0
150	0	0	0	0
151	0	0	0	0
152	0	0	0	0
153	0	0	0	0
154	0	0	0	0
155	0	0	0	0
156	0	0	0	0
157	0	0	0	0
158	0	0	0	0
159	0	0	0	0
160	0	0	0	0
161	0	0	0	0
162	0	0	0	0
163	0	0	0	0
164	0	0	0	0
165	0	0	0	0
166	0	0	0	0
167	0	0	0	0
168	0	0	0	0
169	0	0	0	0
170	0	0	0	0
171	0	0	0	0
172	0	0	0	0
173	0	0	0	0
174	0	0	0	0
175	0	0	0	0
176	0	0	0	0
177	0	0	0	0
178	0	0	0	0
179	0	0	0	0
180	0	0	0	0
181	0	0	0	0
182	0	0	0	0
183	0	0	0	0
184	0	0	0	0
185	0	0	0	1
186	0	0	0	2
187	0	0	0	2
188	0	0	0	2
189	0	0	0	2
190	0	0	0	2
191	0	0	0	2
192	0	0	0	2
193	0	0	0	1
194	0	0	0	1
195	0	0	0	0
196	0	0	0	0
197	0	0	0	0
198	0	0	0	0
199	0	0	0	0
200	0	0	0	0
201	0	0	0	0
202	0	0	0	0
203	0	0	0	0
204	0	0	0	0
205	0	0	0	0
206	0	0	0	0
207	0	0	0	0
208	0	0	0	0
209	0	0	0	0
210	0	0	0	0
211	0	0	0	0
212	0	0	0	0
213	0	0	0	0
214	0	0	0	0
215	0	0	0	0
216	0	0	0	0
217	0	0	0	0
218	0	0	0	0
219	0	0	0	0
220	0	0	0	0
221	0	0	0	0
222	0	0	0	0
223	0	0	0	0
224	0	0	1	0
225	0	0	1	0
226	0	0	1	0
227	0	0	1	0
228	1	0	1	0
229	1	0	1	9
230	1	0	1	9
231	1	0	1	9
232	1	0	1	9
233	1	0	0	9
234	1	0	0	9
235	1	0	0	9
236	0	0	0	9
237	0	0	0	0
238	0	0	0	0
239	0	0	0	0
240	0	0	0	0
241	0	0	0	0
242	0	0	0	0
243	0	0	0	0
244	0	0	0	0
245	0	0	0	0
246	0	0	0	0
247	0	0	0	0
248	0	0	0	0
249	0	0	0	0
250	0	0	0	0
251	0	0	0	0
252	0	0	0	0
253	0	0	0	0
254	0	0	0	0
255	0	0	0	0
256	0	0	0	1
257	0	0	0	1
258	0	0	0	1
259	0	0	0	1
260	0	0	0	1
261	0	0	0	1
262	0	1	4	2
263	0	2	4	2
264	0	2	4	1
265	0	2	4	1
266	0	2	4	1
267	0	2	4	1
268	1	2	4	1
269	1	2	4	1
270	1	1	0	0
271	1	0	0	0
272	1	0	1	0
273	1	0	2	0
274	1	1	2	0
275	2	1	2	0
276	2	1	2	0
277	2	1	2	0
278	1	5	2	0
279	1	5	2	0
280	1	5	1	0
281	1	5	0	0
282	1	5	0	0
283	0	5	0	0
284	0	4	0	0
285	0	4	0	0
286	0	0	0	0
287	0	0	0	0
288	0	0	0	0
289	0	0	0	0
290	0	0	0	1
291	0	0	0	2
292	0	1	0	2
293	0	1	0	2
294	0	1	0	2
295	0	1	0	2
296	0	1	0	2
297	0	1	0	2
298	0	1	0	1
299	0	1	0	0
300	0	0	0	0
301	0	0	0	0
302	0	0	0	0
303	0	0	0	0
304	0	0	0	0
305	0	0	0	0
306	0	0	0	0
307	0	0	0	0
308	0	0	0	0
309	0	0	0	0
310	0	0	0	0
311	0	1	0	0
312	0	1	0	0
313	0	1	0	0
314	0	1	0	0
315	0	1	0	0
316	2	1	0	0
317	2	1	0	0
318	2	1	0	0
319	2	1	0	0
320	2	1	1	0
321	2	1	1	0
322	2	1	1	0
323	3	1	1	0
324	1	1	1	0
325	1	1	1	1
326	1	1	1	1
327	1	1	1	1
328	1	1	0	1
329	1	0	0	0
330	1	0	0	0
331	0	0	0	0
332	0	0	0	0
333	0	0	0	0
334	0	0	0	0
335	0	0	0	0
336	0	0	0	0
337	0	0	0	0
338	0	0	0	0
339	0	0	0	0
340	0	0	0	0
341	0	0	0	0
342	0	0	0	0
343	0	0	0	0
344	0	0	0	0
345	0	0	0	0
346	0	0	0	0
347	0	0	0	0
348	0	0	0	0
349	0	0	0	0
350	0	0	0	0
351	0	0	0	0
352	0	0	1	0
353	0	0	1	0
354	0	0	1	0
355	0	0	1	0
356	0	0	1	0
357	0	0	1	0
358	0	0	1	0
359	0	0	1	0
360	0	0	0	0
361	0	0	0	0
362	0	0	0	0
363	0	0	0	0
364	0	0	0	0
365	0	0	0	1
366	0	0	0	1
367	0	0	0	1
368	0	0	0	1
369	0	0	0	1
370	0	0	0	1
371	0	0	0	1
372	0	0	0	1
373	0	0	0	0
374	0	0	0	0
375	0	0	0	0
376	0	0	0	0
377	0	0	0	0
378	0	0	0	0
379	0	0	0	0
380	0	0	0	0
381	0	0	0	0
382	0	0	0	0
383	0	0	0	0
384	0	0	0	0
385	0	0	0	0
386	0	0	0	0
387	0	0	0	0
388	0	0	0	0
389	0	0	0	0
390	0	0	0	0
391	0	0	0	0
392	0	0	0	0
393	0	0	0	0
394	0	0	0	0
395	0	0	0	0
396	0	0	0	0
397	0	0	0	0
398	0	0	0	0
399	1	0	0	0
400	1	0	1	0
401	1	0	2	1
402	1	1	2	1
403	1	1	3	1
404	1	1	3	1
405	1	1	3	1
406	1	1	3	1
407	0	2	4	1
408	1	2	3	1
409	1	2	2	0
410	2	1	2	0
411	2	2	1	0
412	2	2	1	0
413	2	2	1	0
414	2	2	1	0
415	2	1	1	0
416	1	2	0	0
417	1	2	0	1
418	0	2	0	1
419	0	1	0	1
420	0	1	0	1
421	0	1	0	1
422	0	1	0	1
423	0	1	0	1
424	0	1	0	1
425	1	0	0	1
426	1	0	0	0
427	1	0	0	0
428	1	0	0	0
429	2	0	0	0
430	3	0	0	0
431	3	0	0	0
432	3	0	0	0
433	3	0	0	0
434	2	0	0	0
435	2	0	0	0
436	2	0	0	0
437	2	0	0	5
438	0	0	0	5
439	0	0	0	6
440	0	0	0	6
441	0	0	2	6
442	0	0	2	6
443	0	0	2	6
444	0	0	2	6
445	0	0	2	1
446	0	0	2	1
447	0	0	2	1
448	0	1	2	0
449	0	1	0	0
450	0	1	0	0
451	0	1	0	0
452	0	1	0	0
453	0	1	0	0
454	0	1	0	0
455	0	1	0	0
456	0	0	0	0
457	0	0	0	0
458	0	0	0	0
459	0	0	0	0
460	1	0	0	0
461	1	0	0	0
462	1	0	0	0
463	1	0	0	0
464	1	0	0	0
465	1	0	0	0
466	1	0	0	0
467	1	0	0	0
468	0	0	0	0
469	0	0	0	0
470	0	0	1	0
471	0	0	1	0
472	0	0	1	0
473	0	0	1	0
474	0	0	1	0
475	0	0	1	0
476	0	0	1	0
477	0	0	1	0
478	0	0	0	0
479	0	0	0	0
480	0	0	0	0
481	0	0	0	0
482	0	0	0	0
483	0	0	0	0
484	0	0	0	0
485	0	0	0	0
486	0	0	0	0
487	0	0	0	0
488	0	0	0	0
489	0	0	0	0
490	0	0	0	0
491	0	0	0	0
492	0	0	0	0
493	0	0	0	0
494	0	0	0	0
495	0	0	0	0
496	0	0	0	0
497	0	0	0	1
498	0	0	0	1
499	0	0	0	1
500	0	0	0	1
501	0	0	0	2
502	0	0	0	2
503	0	0	0	2
504	0	0	0	2
505	0	0	0	1
506	0	0	1	1
507	0	0	1	1
508	0	0	1	1
509	0	0	1	0
510	0	0	1	0
511	0	0	1	0
512	0	0	1	0
513	0	0	1	0
514	0	0	1	0
515	0	0	0	1
516	0	0	0	1
517	0	0	1	1
518	0	0	1	1
519	0	0	1	1
520	0	0	1	1
521	0	0	1	1
522	0	0	1	1
523	0	0	1	0
524	0	0	1	0
525	0	0	0	0
526	0	0	0	0
527	0	0	1	0
528	0	0	1	0
529	0	0	1	0
530	0	0	1	0
531	0	0	1	0
532	0	0	1	0
533	0	0	1	0
534	0	0	1	0
535	0	0	0	0
536	0	0	0	0
537	0	0	0	0
538	0	0	0	0
539	0	0	1	0
540	0	0	1	0
541	0	0	1	0
542	1	0	1	0
543	1	0	1	0
544	1	0	1	0
545	1	0	1	0
546	1	0	1	0
547	1	0	0	0
548	1	0	0	0
549	1	0	0	0
550	0	0	0	0
551	0	0	0	0
552	0	0	0	0
553	0	0	0	0
554	0	0	0	0
555	0	0	0	0
556	0	0	0	0
557	0	0	0	0
558	0	0	0	0
559	0	0	0	0
560	0	0	0	0
561	0	0	0	0
562	0	0	0	0
563	0	0	0	0
564	0	0	0	0
565	0	0	0	0
566	0	0	0	0
567	0	0	0	0
568	0	0	0	0
569	0	0	0	0
570	0	1	0	0
571	0	1	0	0
572	0	1	0	0
573	0	1	0	0
574	1	1	0	0
575	1	1	0	0
576	1	1	0	0
577	1	1	1	0
578	2	0	1	0
579	2	0	1	0
580	3	1	1	0
581	3	1	2	0
582	2	1	2	0
583	2	1	2	0
584	2	1	2	0
585	2	1	1	0
586	1	1	1	0
587	1	1	1	0
588	0	0	1	0
589	0	0	0	0
590	0	0	0	0
591	0	0	0	0
592	0	0	0	0
593	0	0	0	0
594	0	0	1	0
595	0	0	1	0
596	0	0	1	0
597	0	0	1	0
598	0	0	1	0
599	0	0	1	0
600	0	0	1	0
601	0	0	1	0
602	0	0	0	0
603	0	0	0	0
604	0	0	0	0
605	0	0	0	0
606	0	0	0	0
607	0	0	0	0
608	0	1	0	0
609	0	1	0	0
610	0	1	0	1
611	0	1	0	1
612	0	1	0	1
613	0	2	0	1
614	0	2	0	1
615	0	2	0	1
616	0	1	0	1
617	0	1	0	1
618	0	1	0	1
619	0	1	0	0
620	0	1	0	0
621	0	0	0	0
622	0	0	0	0
623	0	0	0	0
624	0	0	0	0
625	0	0	0	0
626	0	0	0	0
627	0	0	0	0
628	0	0	0	0
629	0	0	0	0
630	0	0	0	0
631	0	0	0	0
632	0	0	0	0
633	0	0	0	0
634	0	0	0	0
635	0	0	0	0
636	0	0	0	0
637	0	0	0	0
638	0	0	0	0
639	0	0	0	0
640	0	0	0	0
641	0	0	0	0
642	0	0	0	0
643	0	0	0	0
644	0	0	0	0
645	0	0	0	0
646	0	0	0	0
647	0	0	0	0
648	0	0	0	0
649	0	0	0	0
650	0	0	0	0
651	0	0	0	1
652	0	1	0	4
653	1	1	0	4
654	2	2	0	4
655	2	3	0	4
656	2	3	0	4
657	2	3	0	4
658	2	3	1	4
659	2	3	1	3
660	2	2	1	1
661	1	2	1	1
662	0	1	1	1
663	0	0	1	1
664	0	0	1	1
665	0	0	1	1
666	0	0	0	1
667	0	0	0	1
668	0	0	0	0
669	0	0	0	0
670	0	0	0	0
671	0	0	0	0
672	0	0	0	0
673	0	0	0	0
674	0	0	0	0
675	0	0	0	0
676	0	0	0	0
677	0	0	0	0
678	0	0	0	0
679	0	0	0	0
680	0	0	0	0
681	0	0	0	0
682	0	0	0	0
683	0	0	0	0
684	0	0	0	0
685	0	0	0	0
686	0	0	0	0
687	0	0	0	2
688	0	0	0	2
689	2	0	0	2
690	2	0	0	2
691	2	0	1	2
692	2	0	1	2
693	2	0	1	2
694	2	0	1	2
695	2	0	1	1
696	2	0	1	0
697	0	0	1	0
698	0	0	1	0
699	0	0	0	0
700	0	0	0	0
701	0	0	0	0
702	0	0	0	0
703	0	0	0	0
704	0	0	0	0
705	0	0	0	0
706	0	0	0	0
707	0	0	0	0
708	0	0	0	0
709	0	0	0	0
710	0	0	0	0
711	0	0	0	0
712	0	0	0	0
713	0	0	0	0
714	1	1	2	1
715	1	1	2	1
716	1	1	2	1
717	1	1	2	1
718	1	1	2	1
719	1	1	2	1
720	1	1	2	1
721	1	1	2	1
722	0	0	0	0
723	0	0	0	1
724	0	0	0	1
725	0	0	0	1
726	2	1	0	1
727	2	1	0	1
728	3	1	0	2
729	4	2	0	3
730	5	2	2	4
731	7	3	3	4
732	8	6	5	3
733	8	6	5	4
734	8	7	5	4
735	8	7	6	6
736	6	7	7	6
737	6	7	9	8
738	5	9	10	8
739	4	9	10	8
740	1	5	11	8
741	2	5	11	8
742	1	3	23	7
743	1	4	23	5
744	2	4	24	5
745	2	4	24	3
746	2	1	19	1
747	2	1	19	2
748	2	1	15	2
749	2	2	15	2
750	2	2	4	2
751	1	1	2	2
752	0	1	1	2
753	0	1	0	2
754	0	1	0	2
755	0	1	0	1
756	0	1	0	1
757	0	0	0	0
758	0	1	0	0
759	0	1	0	0
760	0	1	0	0
761	0	2	0	0
762	0	2	0	0
763	0	2	0	0
764	0	2	0	1
765	0	2	0	1
766	0	1	0	1
767	0	1	0	1
768	0	1	0	1
769	0	0	0	1
770	0	0	0	1
771	0	0	0	1
772	0	0	0	0
773	0	0	0	0
774	0	0	0	0
775	0	0	0	0
776	0	0	0	0
777	0	0	0	0
778	0	0	0	0
779	0	0	0	0
780	0	0	0	0
781	0	0	0	0
782	1	0	0	0
783	1	0	0	0
784	1	0	0	0
785	1	0	0	0
786	1	0	0	0
787	1	0	0	0
788	1	0	0	0
789	1	0	0	0
790	0	0	0	0
791	0	0	0	0
792	0	0	0	0
793	0	0	0	0
794	0	0	0	0
795	0	0	0	0
796	0	0	0	0
797	0	0	0	0
798	0	0	0	0
799	0	0	0	0
800	0	0	0	0
801	0	0	0	0
802	0	0	0	0
803	0	0	0	0
804	0	0	0	0
805	0	0	0	0
806	0	0	0	0
807	0	0	0	0
808	0	0	0	0
809	0	0	0	0
810	0	0	0	0
811	0	0	0	0
812	0	0	0	0
813	0	0	0	0
814	0	0	0	0
815	0	0	0	0
816	0	0	0	0
817	0	0	0	0
818	0	0	0	0
819	0	0	0	0
820	0	0	0	0
821	0	0	0	0
822	0	0	0	0
823	0	0	0	0
824	0	0	0	0
825	0	0	0	0
826	0	0	0	0
827	0	0	0	0
828	0	0	0	0
829	0	0	0	0
830	0	0	0	0
831	0	0	0	0
832	0	1	0	0
833	0	2	1	0
834	0	2	1	0
835	0	2	3	0
836	0	3	3	1
837	0	3	3	1
838	0	3	3	1
839	0	3	3	1
840	0	2	3	1
841	0	1	2	1
842	0	1	2	1
843	0	2	2	1
844	0	1	0	0
845	0	1	0	0
846	0	1	0	0
847	0	1	0	0
848	0	1	0	0
849	0	1	0	0
850	0	1	0	0
851	0	0	0	0
852	0	0	0	0
853	0	0	0	0
854	0	0	0	0
855	0	0	0	0
856	0	0	0	0
857	0	0	0	1
858	0	0	0	1
859	0	0	1	1
860	0	0	1	1
861	0	0	1	1
862	0	0	2	1
863	0	0	2	1
864	0	0	2	1
865	0	0	2	0
866	0	0	2	0
867	0	0	1	0
868	0	0	1	1
869	0	0	1	1
870	0	0	0	1
871	0	0	1	1
872	0	0	1	1
873	0	0	1	1
874	0	0	1	1
875	0	0	2	1
876	0	0	2	0
877	0	0	2	0
878	0	0	2	0
879	0	0	2	0
880	0	0	1	0
881	0	0	1	0
882	0	0	1	0
883	0	0	0	0
884	0	0	0	0
885	0	0	0	0
886	0	0	0	0
887	0	0	0	0
888	0	0	0	0
889	0	0	0	0
890	0	0	0	0
891	0	0	0	0
892	0	0	0	0
893	2	0	0	0
894	2	0	0	0
895	2	0	0	0
896	2	0	0	0
897	2	0	0	1
898	2	0	0	1
899	2	0	0	1
900	2	0	0	1
901	0	0	0	1
902	0	0	0	1
903	0	0	0	1
904	0	0	0	1
905	0	0	0	0
906	0	0	0	0
907	0	0	0	0
908	0	0	0	0
909	0	0	0	0
910	0	0	0	0
911	0	0	0	0
912	0	0	0	0
913	0	0	0	0
914	0	0	0	0
915	0	0	0	0
916	0	0	0	0
917	0	0	0	0
918	0	1	0	0
919	0	1	0	0
920	0	1	0	1
921	0	1	0	1
922	0	1	0	1
923	0	1	0	1
924	0	1	0	1
925	0	1	0	1
926	0	1	0	1
927	0	0	0	1
928	0	0	0	1
929	0	0	0	0
930	0	0	0	0
931	0	0	1	0
932	0	0	1	0
933	0	0	1	0
934	0	0	1	0
935	0	0	1	0
936	0	0	1	0
937	0	0	1	0
938	0	0	1	0
939	0	0	0	0
940	0	0	0	0
941	0	0	0	0
942	0	0	0	0
943	0	0	0	0
944	0	0	0	0
945	0	0	0	0
946	0	0	0	0
947	0	0	0	0
948	0	0	0	0
949	0	0	0	0
950	0	0	0	0
951	0	0	0	0
952	0	0	1	0
953	0	0	1	0
954	0	0	1	1
955	0	2	1	1
956	0	2	1	1
957	0	2	1	1
958	2	5	1	1
959	3	6	1	1
960	3	6	0	1
961	3	6	0	1
962	2	5	0	2
963	2	3	0	1
964	2	3	0	1
965	3	3	0	2
966	2	1	0	1
967	1	1	0	1
968	1	0	0	1
969	1	0	0	1
970	1	0	0	2
971	1	0	0	2
972	1	0	0	3
973	0	0	0	3
974	1	0	0	2
975	1	0	0	2
976	1	0	0	2
977	1	0	0	2
978	1	0	0	2
979	1	0	0	1
980	1	0	0	0
981	1	0	0	0
982	0	0	0	0
983	0	0	0	0
984	0	0	0	0
985	0	0	0	0
986	0	0	0	0
987	0	0	0	0
988	0	0	0	0
989	0	0	0	0
990	0	0	0	0
991	0	0	0	0
992	0	0	0	0
993	0	0	0	0
994	0	0	0	0
995	0	0	0	0
996	0	0	0	0
997	0	0	0	0
998	0	0	0	0
999	0	0	0	0
1000	0	0	0	0
1001	0	1	1	0
1002	0	1	1	0
1003	1	1	1	0
1004	1	1	1	0
1005	1	1	0	0
1006	1	1	0	0
1007	1	1	1	0
1008	1	1	2	0
1009	1	1	2	0
1010	1	0	2	0
1011	1	0	3	0
1012	0	0	3	0
1013	0	0	3	0
1014	0	0	3	0
1015	0	0	2	0
1016	0	0	1	0
1017	0	0	1	1
1018	0	0	1	1
1019	0	0	0	1
1020	0	0	0	2
1021	1	0	0	3
1022	1	1	0	3
1023	1	1	1	3
1024	1	1	1	4
1025	1	1	2	3
1026	1	1	2	4
1027	1	1	3	4
1028	1	1	9	5
1029	0	5	10	4
1030	0	4	12	3
1031	0	6	12	3
1032	0	6	13	2
1033	0	6	12	6
1034	0	7	12	6
1035	0	8	11	5
1036	0	10	5	4
1037	0	10	7	4
1038	0	10	8	5
1039	0	9	6	7
1040	0	9	5	7
1041	0	9	5	6
1042	0	9	5	5
1043	0	7	5	9
1044	1	7	5	10
1045	1	3	2	10
1046	1	1	0	10
1047	1	1	0	10
1048	1	1	0	9
1049	1	1	1	7
1050	2	2	1	6
1051	2	2	1	2
1052	1	4	1	1
1053	1	5	1	1
1054	1	6	1	1
1055	1	5	1	1
1056	1	5	1	1
1057	1	5	1	1
1058	1	4	0	1
1059	1	4	0	1
1060	0	3	0	1
1061	0	1	0	1
1062	0	0	0	1
1063	0	1	0	0
1064	0	1	0	0
1065	0	1	0	0
1066	0	1	0	0
1067	0	1	0	0
1068	0	1	0	0
1069	0	1	1	0
1070	0	1	1	1
1071	0	0	1	1
1072	0	0	1	1
1073	0	0	1	1
1074	0	0	1	1
1075	0	0	1	1
1076	0	0	1	1
1077	1	0	0	3
1078	1	1	1	3
1079	1	1	1	3
1080	2	2	1	4
1081	2	2	1	4
1082	2	2	2	4
1083	2	3	2	5
1084	3	4	4	6
1085	3	5	4	5
1086	5	7	4	4
1087	6	7	4	4
1088	6	6	4	4
1089	6	7	4	4
1090	6	7	4	4
1091	7	6	4	4
1092	6	5	2	4
1093	5	5	2	3
1094	3	4	1	3
1095	2	4	1	3
1096	1	3	2	2
1097	1	3	4	3
1098	1	4	3	4
1099	0	4	3	3
1100	0	4	3	3
1101	0	3	3	2
1102	0	4	3	2
1103	0	4	3	3
1104	0	4	3	4
1105	0	2	2	3
1106	0	1	1	3
1107	0	1	1	2
1108	0	1	1	2
1109	0	1	1	2
1110	0	0	1	2
1111	0	0	1	2
1112	0	0	0	1
1113	1	0	0	0
1114	1	0	0	0
1115	1	0	0	0
1116	1	0	0	0
1117	1	0	0	0
1118	1	0	0	0
1119	1	0	0	0
1120	1	0	0	0
1121	0	0	0	0
1122	0	2	0	0
1123	0	2	0	0
1124	0	2	0	0
1125	0	3	0	0
1126	0	2	0	0
1127	0	3	0	0
1128	2	6	1	2
1129	3	16	2	3
1130	3	15	3	3
1131	3	17	3	3
1132	3	17	3	3
1133	3	16	3	3
1134	3	16	3	3
1135	5	15	3	3
1136	4	12	2	3
1137	3	2	1	2
1138	3	2	1	3
1139	5	0	0	3
1140	5	0	0	3
1141	6	0	0	2
1142	6	0	0	2
1143	5	0	0	2
1144	4	0	0	1
1145	3	0	0	2
1146	3	0	0	2
1147	2	0	0	2
1148	1	0	0	2
1149	2	0	0	2
1150	1	0	0	2
1151	1	0	0	2
1152	1	0	0	2
1153	1	0	0	1
1154	1	0	0	1
1155	1	0	0	0
1156	1	0	0	0
1157	0	0	0	0
1158	0	0	0	0
1159	0	0	0	0
1160	0	0	0	0
1161	0	0	0	0
1162	0	0	0	0
1163	0	0	0	0
1164	0	0	0	0
1165	0	0	0	0
1166	0	0	0	0
1167	0	0	0	0
1168	0	0	0	0
1169	0	0	0	0
1170	0	0	0	0
1171	0	0	0	0
1172	0	0	0	0
1173	0	0	0	0
1174	0	0	0	0
1175	0	0	0	0
1176	0	0	0	0
1177	0	0	0	0
1178	0	0	0	0
1179	0	0	0	0
1180	0	0	0	0
1181	0	0	0	0
1182	0	0	0	0
1183	0	0	0	0
1184	0	0	0	0
1185	0	0	0	0
1186	0	0	0	0
1187	0	0	0	0
1188	0	0	0	0
1189	0	0	0	0
1190	0	0	0	0
1191	0	0	1	0
1192	0	0	1	0
1193	0	0	1	0
1194	0	0	1	0
1195	0	0	1	0
1196	0	1	6	0
1197	0	1	6	1
1198	0	1	7	1
1199	1	1	6	2
1200	1	1	6	2
1201	1	1	6	2
1202	1	1	6	2
1203	1	1	6	2
1204	1	0	2	2
1205	1	0	2	1
1206	1	0	1	1
1207	1	0	2	1
1208	1	0	2	1
1209	1	0	2	1
1210	1	0	2	1
1211	1	1	2	1
1212	1	1	1	1
1213	1	1	1	1
1214	1	1	1	1
1215	0	1	1	0
1216	0	1	0	0
1217	0	1	1	0
1218	0	1	1	0
1219	0	1	1	0
1220	1	0	1	1
1221	1	0	1	3
1222	1	0	1	3
1223	2	0	1	3
1224	1	0	1	3
1225	1	0	1	3
1226	1	0	0	3
1227	1	1	0	3
1228	1	1	0	2
1229	1	2	0	0
1230	1	2	0	0
1231	0	2	0	0
1232	0	2	0	0
1233	0	2	1	0
1234	0	2	2	0
1235	0	2	3	0
1236	0	3	3	0
1237	0	2	3	2
1238	0	3	3	2
1239	1	3	3	2
1240	1	3	3	2
1241	1	4	3	2
1242	1	4	3	2
1243	2	3	2	2
1244	2	2	2	2
1245	2	2	2	0
1246	2	1	2	0
1247	2	1	2	1
1248	2	1	2	1
1249	2	0	2	1
1250	2	0	2	1
1251	1	0	0	1
1252	1	0	0	1
1253	1	0	0	1
1254	0	0	0	1
1255	0	0	0	0
1256	0	0	0	0
1257	0	0	0	0
1258	0	0	0	0
1259	0	0	0	0
1260	0	0	0	0
1261	0	0	0	0
1262	0	0	0	0
1263	0	0	0	0
1264	0	0	0	0
1265	0	0	0	0
1266	0	0	0	0
1267	0	0	0	0
1268	0	0	0	0
1269	0	0	0	0
1270	0	1	0	0
1271	0	1	0	0
1272	0	1	0	0
1273	0	1	0	0
1274	0	1	0	1
1275	1	1	0	1
1276	1	1	0	1
1277	1	1	0	1
1278	1	0	0	1
1279	1	0	0	1
1280	1	0	0	1
1281	1	0	0	1
1282	1	0	0	0
1283	0	0	0	0
1284	0	0	0	0
1285	0	0	0	0
1286	0	0	0	0
1287	0	0	0	0
1288	0	0	0	0
1289	0	0	0	0
1290	0	0	0	0
1291	0	0	0	0
1292	0	0	0	0
1293	0	0	0	0
1294	1	0	0	0
1295	1	1	0	0
1296	1	2	0	0
1297	1	2	0	1
1298	1	2	0	1
1299	1	2	0	1
1300	1	3	0	1
1301	1	3	0	1
1302	0	3	0	1
1303	0	3	0	2
1304	0	1	0	2
1305	0	1	0	2
1306	0	1	0	2
1307	0	1	0	1
1308	0	0	1	1
1309	0	1	2	1
1310	0	2	2	1
1311	0	2	2	0
1312	0	2	2	0
1313	0	2	2	0
1314	0	2	2	0
1315	0	2	2	0
1316	0	2	1	0
1317	0	1	0	0
1318	0	0	0	0
1319	0	0	0	0
1320	0	0	0	0
1321	0	0	1	0
1322	0	0	1	0
1323	0	0	1	0
1324	0	0	1	0
1325	0	0	1	0
1326	0	0	1	0
1327	0	0	1	0
1328	0	0	1	0
1329	0	0	1	0
1330	0	0	0	0
1331	0	0	0	0
1332	0	0	0	0
1333	0	0	1	1
1334	0	0	1	1
1335	0	0	1	1
1336	0	0	1	1
1337	0	0	1	1
1338	0	0	1	1
1339	0	0	1	1
1340	0	0	1	1
1341	0	1	1	0
1342	0	1	0	0
1343	0	1	0	0
1344	0	2	0	0
1345	0	3	0	0
1346	0	3	0	0
1347	0	3	0	0
1348	0	3	0	1
1349	0	2	0	1
1350	0	1	0	1
1351	1	1	1	1
1352	1	0	1	1
1353	1	0	1	1
1354	1	0	2	2
1355	1	2	4	3
1356	1	2	7	4
1357	1	2	7	4
1358	3	2	7	4
1359	4	2	8	4
1360	4	3	8	4
1361	4	5	7	4
1362	4	6	6	3
1363	4	4	5	3
1364	5	6	6	4
1365	5	6	4	3
1366	5	6	3	3
1367	5	6	2	4
1368	4	5	1	4
1369	2	4	1	4
1370	2	2	1	5
1371	2	2	1	6
1372	0	1	0	3
1373	0	1	0	3
1374	0	0	0	3
1375	0	0	0	1
1376	0	0	0	1
1377	0	0	0	1
1378	0	0	0	1
1379	0	0	0	1
1380	0	0	1	1
1381	0	0	1	1
1382	0	0	1	1
1383	0	0	1	1
1384	0	0	1	1
1385	0	1	1	1
1386	0	1	1	1
1387	0	1	1	0
1388	0	1	0	0
1389	0	1	0	0
1390	0	1	0	0
1391	0	1	0	0
1392	0	1	0	0
1393	0	0	0	0
1394	0	0	0	0
1395	0	0	0	0
1396	0	0	0	0
1397	0	1	0	0
1398	0	1	1	0
1399	0	1	2	1
1400	0	1	2	2
1401	0	1	2	2
1402	0	1	2	2
1403	0	1	2	2
1404	0	1	2	2
1405	0	0	2	2
1406	0	0	1	2
1407	0	0	0	1
1408	0	1	0	1
1409	0	1	0	0
1410	0	1	0	0
1411	0	1	0	0
1412	0	1	0	0
1413	0	1	0	0
1414	0	1	0	0
1415	0	1	0	0
1416	0	0	0	0
1417	0	0	0	0
1418	0	0	0	0
1419	0	0	0	0
1420	0	0	0	0
1421	0	0	0	0
1422	0	0	0	0
1423	0	0	0	0
1424	0	0	0	0
1425	0	0	0	0
1426	0	1	0	0
1427	0	1	0	0
1428	0	1	0	0
1429	0	1	0	0
1430	0	1	0	0
1431	0	1	0	0
1432	0	1	0	0
1433	0	1	0	0
1434	1	0	0	0
1435	1	0	1	0
1436	1	0	2	0
1437	1	0	2	0
1438	2	0	2	0
1439	2	0	2	1
1440	2	0	2	1
1441	2	0	2	1
1442	2	0	2	1
1443	1	0	1	1
1444	1	0	0	1
1445	1	0	0	2
1446	0	0	0	2
1447	0	0	0	2
1448	0	0	0	1
1449	0	0	0	1
1450	0	0	0	1
1451	0	0	0	1
1452	0	0	0	1
1453	0	0	0	0
1454	0	0	0	0
1455	0	0	0	0
1456	0	0	0	0
1457	0	0	0	0
1458	0	0	0	0
1459	0	0	0	0
1460	0	0	0	0
1461	0	0	0	0
1462	0	0	0	0
1463	0	0	0	0
1464	0	0	0	0
1465	0	0	0	0
1466	0	0	0	0
1467	0	0	0	0
1468	0	0	0	0
1469	0	0	0	0
1470	0	0	1	0
1471	0	0	1	0
1472	0	0	1	0
1473	0	0	1	0
1474	0	0	1	0
1475	0	0	1	0
1476	0	0	1	0
1477	0	0	1	0
1478	0	0	0	0
1479	0	0	0	0
1480	0	0	0	0
1481	0	0	0	0
1482	1	0	2	0
1483	1	1	2	0
1484	2	2	2	0
1485	2	2	2	3
1486	2	2	3	4
1487	3	2	3	4
1488	3	4	3	4
1489	3	4	3	4
1490	3	4	2	4
1491	3	3	2	5
1492	2	2	1	5
1493	3	2	1	2
1494	2	2	0	2
1495	2	2	1	2
1496	2	0	1	2
1497	3	0	1	3
1498	3	0	1	3
1499	3	0	2	2
1500	3	0	4	2
1501	1	1	5	2
1502	1	1	5	1
1503	0	1	4	1
1504	1	1	4	1
1505	1	1	4	1
1506	1	1	4	1
1507	1	1	3	0
1508	1	1	3	0
1509	1	1	0	0
1510	1	0	0	0
1511	1	0	0	2
1512	1	0	0	2
1513	0	0	0	2
1514	0	0	0	2
1515	0	0	0	2
1516	0	0	0	2
1517	0	0	0	2
1518	0	0	0	2
1519	0	0	0	0
1520	0	0	0	0
1521	0	0	0	0
1522	0	0	0	0
1523	0	0	0	0
1524	0	0	0	0
1525	0	0	0	0
1526	0	0	0	1
1527	0	0	1	1
1528	0	0	1	1
1529	0	1	1	1
1530	0	1	1	1
1531	0	1	1	1
1532	0	1	1	1
1533	0	1	1	1
1534	0	1	1	0
1535	0	1	1	0
1536	0	1	0	0
1537	0	0	0	0
1538	0	0	0	0
1539	0	0	0	0
1540	0	0	0	0
1541	0	0	0	0
1542	0	0	0	0
1543	0	0	0	0
1544	0	0	0	0
1545	0	0	0	0
1546	0	0	0	0
1547	0	0	0	0
1548	0	0	0	0
1549	0	0	0	0
1550	0	0	0	0
1551	0	0	0	0
1552	0	0	0	0
1553	0	0	0	0
1554	0	0	0	0
1555	0	0	0	0
1556	1	0	0	0
1557	1	0	0	0
1558	1	0	0	0
1559	1	0	0	0
1560	1	0	0	0
1561	1	0	0	0
1562	1	0	0	0
1563	1	0	0	0
1564	0	0	0	0
1565	0	0	0	0
1566	0	1	0	0
1567	0	1	0	0
1568	0	1	0	0
1569	0	1	0	0
1570	0	1	0	0
1571	0	1	0	0
1572	0	1	0	0
1573	0	1	0	0
1574	0	0	0	0
1575	0	0	0	0
1576	0	0	1	0
1577	0	1	1	0
1578	0	3	1	0
1579	0	3	1	0
1580	0	4	1	0
1581	0	3	1	0
1582	0	3	2	0
1583	0	3	2	0
1584	0	3	1	0
1585	0	3	1	0
1586	0	2	1	0
1587	0	1	1	0
1588	0	0	1	0
1589	0	0	1	0
1590	0	0	0	0
1591	0	0	0	0
1592	0	0	0	0
1593	0	0	0	0
1594	0	0	0	0
1595	0	0	0	0
1596	0	0	0	0
1597	0	0	0	0
1598	0	0	0	0
1599	0	0	0	0
1600	0	0	0	0
1601	0	0	0	0
1602	0	0	0	0
1603	0	0	0	0
1604	0	0	0	0
1605	0	0	0	0
1606	0	0	0	0
1607	0	0	0	0
1608	0	0	0	0
1609	0	0	0	0
1610	0	0	0	0
1611	1	1	0	0
1612	1	1	0	0
1613	2	1	0	0
1614	2	1	0	0
1615	2	1	0	0
1616	2	1	0	0
1617	2	1	0	0
1618	2	1	0	0
1619	2	1	0	3
1620	4	1	0	3
1621	4	2	0	5
1622	4	3	1	5
1623	4	3	1	5
1624	4	3	1	5
1625	4	4	3	5
1626	5	4	4	5
1627	5	5	5	5
1628	3	4	6	2
1629	4	4	6	1
1630	5	3	5	1
1631	4	3	5	2
1632	5	3	5	3
1633	5	2	3	3
1634	8	3	3	8
1635	9	2	3	8
1636	8	2	2	8
1637	7	1	2	8
1638	7	1	3	8
1639	6	1	3	7
1640	6	2	4	6
1641	6	2	4	6
1642	4	1	5	1
1643	0	1	3	1
1644	0	1	3	1
1645	0	1	3	0
1646	0	1	3	0
1647	0	1	3	0
1648	0	0	2	0
1649	0	1	2	0
1650	0	1	1	0
1651	0	1	1	1
1652	0	1	1	1
1653	0	1	1	1
1654	1	2	1	1
1655	1	2	1	1
1656	1	2	1	2
1657	1	2	1	2
1658	1	2	1	2
1659	1	2	1	2
1660	1	2	1	2
1661	1	2	2	2
1662	1	1	2	1
1663	0	1	2	2
1664	0	1	2	2
1665	0	0	2	2
1666	0	0	2	3
1667	0	0	1	3
1668	0	0	1	4
1669	0	1	0	5
1670	0	2	0	7
1671	0	2	0	6
1672	0	2	0	5
1673	0	2	0	5
1674	0	2	0	4
1675	0	2	0	4
1676	0	2	0	3
1677	0	2	0	3
1678	0	1	0	1
1679	0	0	0	0
1680	0	0	0	0
1681	0	0	0	0
1682	0	0	0	0
1683	0	0	0	0
1684	0	0	0	0
1685	0	0	0	0
1686	0	0	0	0
1687	0	0	0	0
1688	0	0	0	0
1689	0	0	0	0
1690	0	1	0	0
1691	0	2	0	0
1692	2	4	1	0
1693	3	5	1	2
1694	3	6	2	5
1695	4	6	2	7
1696	5	6	2	7
1697	6	7	4	7
1698	8	7	4	7
1699	8	6	4	7
1700	5	6	3	8
1701	4	5	3	8
1702	5	3	2	6
1703	5	4	2	3
1704	4	4	2	2
1705	3	3	0	1
1706	2	3	1	1
1707	1	3	1	1
1708	1	1	2	1
1709	1	1	3	1
1710	1	0	3	1
1711	1	0	3	1
1712	1	0	3	1
1713	1	0	4	1
1714	1	0	3	1
1715	2	0	3	1
1716	2	0	4	1
1717	2	0	3	1
1718	2	0	3	1
1719	2	0	2	1
1720	1	0	2	1
1721	1	0	3	1
1722	1	0	3	1
1723	0	0	3	1
1724	0	0	2	0
1725	0	0	2	0
1726	0	0	2	0
1727	0	0	2	0
1728	0	0	3	4
1729	0	2	3	4
1730	0	2	3	4
1731	0	2	14	4
1732	0	2	14	4
1733	0	2	14	4
1734	0	2	14	4
1735	0	2	14	4
1736	0	2	14	0
1737	1	0	11	0
1738	1	0	11	0
1739	1	0	11	0
1740	1	0	0	0
1741	0	1	0	0
1742	1	1	0	1
1743	1	1	0	1
1744	1	1	0	1
1745	1	1	0	1
1746	1	1	0	1
1747	1	1	0	1
1748	1	1	0	1
1749	1	0	0	1
1750	0	0	0	0
1751	0	0	0	0
1752	0	0	0	1
1753	0	1	0	1
1754	0	1	0	1
1755	0	2	0	2
1756	1	2	0	3
1757	1	6	0	3
1758	2	6	0	5
1759	3	6	1	6
1760	3	6	1	5
1761	3	5	1	5
1762	3	5	1	6
1763	22	4	3	5
1764	0	4	3	4
1765	0	1	3	4
1766	0	0	3	2
1767	0	0	3	0
1768	0	0	4	1
1769	0	1	4	1
1770	0	1	4	1
1771	0	1	3	1
1772	14	1	2	1
1773	0	1	2	1
1774	0	1	2	1
1775	0	1	1	1
1776	0	1	0	0
1777	0	1	1	0
1778	0	1	1	0
1779	0	1	1	0
1780	0	0	1	0
1781	0	0	1	1
1782	0	0	2	2
1783	1	1	2	3
1784	1	1	2	4
1785	3	2	2	4
1786	4	2	2	5
1787	4	3	3	5
1788	4	4	3	4
1789	3	4	2	4
1790	3	4	3	4
1791	5	5	4	10
1792	7	8	8	15
1793	8	9	8	17
1794	6	8	9	18
1795	7	7	8	18
1796	9	7	10	18
1797	9	6	11	16
1798	9	8	11	16
1799	8	8	12	14
1800	6	7	7	7
1801	3	6	6	3
1802	3	7	6	5
1803	2	7	6	5
1804	2	8	5	6
1805	1	7	17	7
1806	5	7	22	7
1807	6	8	24	7
1808	7	8	25	7
1809	7	7	26	9
1810	7	6	24	6
1811	7	6	24	5
1812	6	5	24	4
1813	6	5	11	3
1814	3	3	7	3
1815	1	1	2	2
1816	0	1	1	2
1817	1	1	0	0
1818	1	1	0	0
1819	2	1	0	0
1820	2	2	0	0
1821	3	2	1	0
1822	2	3	1	0
1823	2	3	1	0
1824	2	3	1	0
1825	2	3	1	0
1826	2	3	1	0
1827	1	2	1	0
1828	1	2	1	0
1829	0	1	1	0
1830	0	0	1	0
1831	1	0	1	0
1832	2	0	1	0
1833	2	1	1	0
1834	2	1	2	1
1835	2	1	2	1
1836	3	1	2	2
1837	3	1	1	2
1838	3	1	1	2
1839	3	1	2	2
1840	2	1	2	2
1841	1	1	2	2
1842	1	0	3	2
1843	1	0	3	1
1844	0	3	4	4
1845	0	3	4	4
1846	0	3	4	4
1847	0	3	3	4
1848	0	3	2	4
1849	0	3	2	4
1850	0	3	2	4
1851	0	3	3	4
1852	0	1	1	3
1853	0	1	1	0
1854	0	0	2	0
1855	0	0	2	0
1856	0	0	2	0
1857	0	0	2	0
1858	0	0	2	0
1859	0	0	1	0
1860	0	0	1	1
1861	0	0	1	1
1862	0	0	0	1
1863	0	2	0	1
1864	1	2	1	1
1865	2	2	2	1
1866	2	2	2	2
1867	2	2	3	2
1868	2	2	3	1
1869	2	2	3	1
1870	2	2	3	1
1871	2	0	4	2
1872	2	0	4	2
1873	1	0	3	2
1874	2	0	2	1
1875	2	0	2	1
1876	2	1	3	1
1877	2	1	3	1
1878	2	1	3	1
1879	2	1	2	0
1880	1	1	2	0
1881	1	1	2	0
1882	1	1	2	0
1883	0	1	1	0
1884	0	0	1	0
1885	0	0	0	0
1886	0	0	0	0
1887	0	0	0	0
1888	0	0	0	0
1889	0	0	0	0
1890	0	0	0	0
1891	0	0	0	0
1892	0	0	0	0
1893	0	0	0	0
1894	0	0	0	0
1895	0	0	0	0
1896	0	0	0	0
1897	0	0	0	0
1898	0	0	0	0
1899	0	0	0	0
1900	1	0	0	0
1901	1	0	0	0
1902	1	0	0	0
1903	1	0	0	0
1904	1	0	0	0
1905	1	0	0	0
1906	1	0	0	0
1907	1	0	0	0
1908	1	0	0	0
1909	0	0	0	0
1910	0	1	0	0
1911	0	1	0	0
1912	0	1	0	0
1913	0	1	0	0
1914	0	1	0	0
1915	0	1	0	0
1916	0	1	0	0
1917	0	1	0	0
1918	0	0	0	0
1919	0	1	0	0
1920	0	1	0	0
1921	0	1	0	0
1922	0	1	0	0
1923	0	1	0	0
1924	0	1	0	0
1925	0	5	0	0
1926	0	5	0	0
1927	1	5	1	0
1928	1	4	1	0
1929	1	4	1	0
1930	1	4	1	0
1931	1	4	1	0
1932	1	5	1	0
1933	1	1	1	0
1934	1	1	1	0
1935	1	1	0	0
1936	1	1	0	0
1937	2	1	0	0
1938	3	1	0	0
1939	3	1	0	0
1940	3	0	0	0
1941	3	0	0	0
1942	3	0	0	0
1943	2	0	0	0
1944	2	0	1	0
1945	1	0	1	0
1946	0	0	1	0
1947	0	0	1	0
1948	0	0	1	1
1949	0	0	1	1
1950	0	0	1	1
1951	0	0	1	1
1952	0	0	0	1
1953	0	0	0	1
1954	0	0	0	1
1955	0	0	0	1
1956	0	0	0	0
1957	0	0	0	0
1958	0	0	0	0
1959	0	0	0	0
1960	0	0	0	0
1961	0	0	0	0
1962	0	0	0	0
1963	0	0	0	0
1964	0	0	0	0
1965	0	0	0	0
1966	0	0	0	0
1967	0	0	0	0
1968	0	0	0	0
1969	0	0	1	0
1970	1	0	1	0
1971	1	0	1	0
1972	1	2	1	0
1973	1	2	1	0
1974	1	2	1	1
1975	1	2	1	1
1976	1	2	1	1
1977	1	2	1	1
1978	0	2	2	1
1979	0	2	2	1
1980	0	0	1	1
1981	0	0	1	1
1982	1	0	1	1
1983	1	0	1	1
1984	2	0	1	1
1985	2	0	1	1
1986	2	0	1	0
1987	2	0	1	1
1988	2	0	2	1
1989	3	1	2	1
1990	2	1	2	1
1991	2	1	2	1
1992	2	1	2	1
1993	1	1	2	1
1994	1	1	1	1
1995	1	1	1	0
1996	1	1	1	0
1997	0	0	2	0
1998	0	0	2	0
1999	0	0	2	0
2000	0	0	1	0
2001	0	0	1	0
2002	0	0	1	0
2003	0	0	1	0
2004	0	0	1	0
2005	0	0	1	0
2006	0	0	0	1
2007	0	0	0	1
2008	0	1	0	1
2009	0	1	0	1
2010	0	1	0	1
2011	0	1	0	2
2012	0	1	0	2
2013	0	1	0	2
2014	0	1	0	2
2015	0	1	0	3
2016	0	0	0	3
2017	0	0	0	3
2018	0	0	0	3
2019	0	0	0	2
2020	0	0	0	2
2021	1	0	0	2
2022	1	0	0	2
2023	1	0	1	2
2024	1	0	1	2
2025	1	0	1	2
2026	1	0	1	2
2027	1	0	1	2
2028	1	0	1	2
2029	1	0	0	2
2030	0	0	0	2
2031	0	0	0	1
2032	0	0	0	1
2033	0	0	0	0
2034	0	0	0	0
2035	0	0	0	0
2036	0	0	0	0
2037	0	0	1	0
2038	0	0	1	0
2039	0	0	1	0
2040	0	0	1	0
2041	0	0	1	0
2042	0	0	1	0
2043	0	0	1	1
2044	0	0	1	1
2045	0	0	1	2
2046	1	0	1	2
2047	1	0	1	2
2048	1	0	1	2
2049	1	0	1	2
2050	1	0	1	2
2051	0	0	1	1
2052	0	1	1	1
2053	0	1	0	0
2054	0	1	0	0
2055	0	1	0	0
2056	0	1	0	0
2057	0	1	0	0
2058	0	1	0	0
2059	0	1	0	0
2060	0	0	1	0
2061	0	0	1	0
2062	0	0	1	0
2063	0	0	1	0
2064	0	0	1	1
2065	0	0	1	1
2066	1	0	1	1
2067	1	1	1	1
2068	2	1	0	1
2069	2	1	0	1
2070	2	1	0	1
2071	2	1	0	1
2072	2	1	0	0
2073	2	2	0	0
2074	3	2	0	0
2075	2	2	0	0
2076	2	1	0	0
2077	1	1	0	0
2078	1	1	0	0
2079	1	1	0	0
2080	1	1	0	0
2081	1	0	0	0
2082	1	2	0	0
2083	0	2	0	0
2084	0	2	0	0
2085	0	2	0	0
2086	0	2	0	0
2087	0	2	0	0
2088	0	2	0	0
2089	0	2	0	0
2090	0	0	0	0
2091	0	0	0	0
2092	0	0	0	0
2093	0	0	0	0
2094	0	0	0	0
2095	0	0	0	0
2096	0	0	0	0
2097	0	0	0	0
2098	0	0	0	0
2099	0	0	0	0
2100	0	0	0	0
2101	0	0	0	0
2102	0	0	0	0
2103	0	0	0	0
2104	0	0	1	0
2105	0	0	1	0
2106	0	0	1	0
2107	0	0	1	0
2108	0	0	1	0
2109	0	0	1	0
2110	0	0	1	0
2111	0	0	1	0
2112	0	0	0	0
2113	0	0	1	0
2114	0	0	1	0
2115	0	1	1	0
2116	0	1	3	0
2117	0	2	3	0
2118	0	2	3	0
2119	0	3	3	0
2120	0	3	4	1
2121	0	5	3	1
2122	1	5	3	1
2123	1	5	3	1
2124	1	4	3	0
2125	1	4	2	0
2126	3	4	3	0
2127	4	6	3	0
2128	4	6	2	0
2129	4	5	2	0
2130	4	5	2	1
2131	3	5	2	1
2132	3	5	1	1
2133	3	5	1	1
2134	2	4	0	1
2135	1	3	0	1
2136	0	2	0	1
2137	0	1	0	1
2138	0	1	0	1
2139	0	0	0	0
2140	0	0	0	0
2141	0	0	0	0
2142	0	0	0	0
2143	0	0	0	0
2144	0	0	0	0
2145	0	0	0	0
2146	0	0	0	0
2147	0	0	0	0
2148	0	0	0	0
2149	0	0	0	0
2150	0	0	0	1
2151	0	0	0	1
2152	0	0	0	1
2153	0	0	0	1
2154	0	0	0	1
2155	0	0	0	1
2156	0	0	0	1
2157	0	0	0	1
2158	0	0	0	1
2159	0	0	0	0
2160	0	0	0	1
2161	0	0	2	1
2162	0	0	2	1
2163	0	0	2	2
2164	0	1	4	3
2165	0	2	6	3
2166	0	2	7	4
2167	6	2	7	4
2168	6	3	7	3
2169	5	3	4	3
2170	5	3	4	3
2171	5	3	3	2
2172	5	2	2	1
2173	3	1	1	1
2174	0	1	1	0
2175	0	1	0	0
2176	0	0	0	0
2177	0	0	0	0
2178	0	0	1	0
2179	0	0	1	0
2180	1	1	1	0
2181	1	1	1	0
2182	1	1	1	0
2183	1	1	1	0
2184	1	1	2	0
2185	1	3	2	0
2186	1	3	1	1
2187	1	3	1	1
2188	0	3	1	1
2189	0	2	1	1
2190	0	2	1	1
2191	0	2	1	1
2192	0	2	0	1
2193	0	0	0	1
2194	0	0	0	0
2195	0	0	0	0
2196	0	0	0	0
2197	0	0	0	0
2198	0	0	0	1
2199	0	0	0	1
2200	0	0	0	1
2201	0	0	0	1
2202	0	0	0	1
2203	0	0	0	1
2204	0	0	0	1
2205	1	1	0	1
2206	1	1	0	0
2207	2	1	0	0
2208	4	1	0	1
2209	5	3	1	1
2210	5	3	3	7
2211	5	3	4	8
2212	5	3	6	8
2213	8	4	8	10
2214	7	4	8	9
2215	6	4	8	9
2216	4	5	8	8
2217	3	3	7	9
2218	3	3	7	5
2219	3	3	6	3
2220	3	3	6	3
2221	0	1	2	1
2222	1	1	1	1
2223	1	1	1	1
2224	1	0	1	2
2225	1	0	1	1
2226	1	0	0	1
2227	1	0	0	1
2228	1	0	0	1
2229	1	0	0	1
2230	0	0	0	1
2231	0	0	0	1
2232	0	0	0	0
2233	0	0	0	1
2234	0	0	0	1
2235	0	0	0	1
2236	0	0	0	1
2237	0	0	0	1
2238	0	0	0	1
2239	0	0	0	1
2240	0	0	0	1
2241	0	0	0	0
2242	0	0	0	0
2243	0	0	0	0
2244	0	0	0	0
2245	0	0	0	0
2246	0	0	0	0
2247	0	0	0	0
2248	0	0	0	0
2249	0	0	0	0
2250	0	0	0	0
2251	0	0	0	0
2252	1	0	0	0
2253	1	0	0	0
2254	1	0	0	0
2255	1	0	0	0
2256	1	0	0	0
2257	1	0	0	0
2258	1	0	0	0
2259	1	0	0	0
2260	0	0	0	0
2261	0	0	1	0
2262	1	0	1	0
2263	1	0	1	0
2264	1	1	1	0
2265	1	1	1	0
2266	1	1	1	0
2267	2	3	1	0
2268	3	5	1	1
2269	3	5	0	1
2270	2	5	0	1
2271	2	5	1	1
2272	3	6	1	1
2273	3	6	1	1
2274	5	7	3	2
2275	6	7	3	2
2276	5	4	3	4
2277	4	5	3	4
2278	3	5	3	4
2279	3	5	2	4
2280	2	3	2	5
2281	3	3	2	4
2282	2	4	0	3
2283	1	4	1	3
2284	1	4	1	3
2285	1	2	2	2
2286	1	2	2	2
2287	1	3	2	2
2288	1	3	1	1
2289	2	3	1	1
2290	1	2	1	1
2291	1	2	1	1
2292	2	2	1	1
2293	2	3	0	1
2294	3	3	0	1
2295	4	2	0	1
2296	4	2	0	1
2297	3	2	0	1
2298	2	2	0	1
2299	2	2	0	1
2300	1	1	0	0
2301	1	0	0	0
2302	1	0	0	0
2303	0	0	0	0
2304	0	0	0	0
2305	0	1	1	0
2306	0	3	1	0
2307	0	3	2	0
2308	0	4	2	1
2309	0	4	2	1
2310	0	5	2	2
2311	1	6	3	2
2312	2	7	3	4
2313	3	6	2	4
2314	3	6	2	5
2315	4	4	1	5
2316	5	4	3	7
2317	6	4	3	7
2318	6	3	3	5
2319	8	2	2	7
2320	8	3	3	5
2321	8	3	3	5
2322	7	4	5	8
2323	5	4	5	7
2324	4	3	5	5
2325	3	3	4	6
2326	3	3	3	7
2327	2	3	3	6
2328	1	1	3	6
2329	0	1	3	5
2330	0	0	0	2
2331	0	0	0	2
2332	0	0	0	2
2333	0	0	0	2
2334	0	0	0	0
2335	0	0	0	0
2336	0	0	0	0
2337	1	1	0	1
2338	2	1	1	1
2339	2	1	1	1
2340	2	1	1	1
2341	2	1	1	1
2342	2	1	1	2
2343	2	1	1	2
2344	2	1	1	2
2345	1	0	2	1
2346	0	0	2	1
2347	0	0	2	1
2348	0	0	1	1
2349	0	0	1	1
2350	0	0	1	0
2351	0	0	1	0
2352	0	0	1	0
2353	0	0	0	0
2354	0	0	0	0
2355	0	0	0	0
2356	0	0	0	0
2357	0	0	0	0
2358	0	0	0	0
2359	0	0	0	0
2360	0	1	0	0
2361	0	1	0	0
2362	0	1	0	0
2363	0	1	2	0
2364	0	1	2	0
2365	0	1	2	0
2366	0	1	2	0
2367	0	1	3	0
2368	0	1	3	1
2369	0	1	3	1
2370	0	1	3	1
2371	0	1	3	1
2372	0	1	2	2
2373	0	1	2	2
2374	0	1	2	2
2375	1	1	2	2
2376	1	0	2	1
2377	1	0	2	1
2378	1	0	3	1
2379	1	1	3	1
2380	1	2	2	2
2381	1	2	2	2
2382	1	2	3	3
2383	1	2	2	3
2384	0	3	2	3
2385	0	3	2	3
2386	0	3	1	3
2387	0	3	1	3
2388	0	1	1	1
2389	0	1	1	1
2390	0	1	3	0
2391	0	1	2	0
2392	0	1	2	0
2393	0	1	2	0
2394	0	0	1	0
2395	0	0	1	0
2396	0	0	1	0
2397	0	0	1	0
2398	0	0	0	0
2399	0	0	0	0
2400	0	0	0	0
2401	0	0	0	0
2402	0	0	0	0
2403	0	1	0	0
2404	1	1	0	0
2405	1	1	0	0
2406	1	1	0	0
2407	1	1	0	0
2408	1	1	0	0
2409	2	1	0	0
2410	2	1	0	0
2411	2	1	0	0
2412	1	1	0	0
2413	1	1	0	0
2414	1	0	0	18
2415	1	0	0	18
2416	1	0	0	18
2417	2	0	1	18
2418	1	0	1	18
2419	2	2	2	18
2420	2	2	2	19
2421	2	2	3	19
2422	2	2	3	19
2423	2	2	3	19
2424	2	2	3	1
2425	1	2	2	2
2426	1	2	2	2
2427	0	0	3	2
2428	1	0	2	1
2429	1	0	1	2
2430	1	1	2	2
2431	1	1	4	2
2432	2	3	6	2
2433	2	3	7	1
2434	3	2	6	1
2435	3	3	5	2
2436	3	3	5	3
2437	3	3	5	3
2438	3	4	5	2
2439	4	4	4	4
2440	3	3	2	4
2441	3	3	2	4
2442	2	4	2	4
2443	2	3	2	3
2444	2	2	0	3
2445	1	2	0	3
2446	1	2	0	2
2447	0	2	0	0
2448	0	1	0	0
2449	1	1	1	0
2450	1	0	1	0
2451	1	0	1	0
2452	1	0	1	0
2453	1	0	1	0
2454	1	0	1	0
2455	1	0	1	0
2456	1	0	1	0
2457	0	0	1	0
2458	0	0	0	0
2459	0	0	0	0
2460	0	0	0	0
2461	0	0	2	0
2462	0	0	2	0
2463	0	0	2	0
2464	0	0	2	0
2465	0	0	2	0
2466	1	0	2	2
2467	1	1	2	2
2468	1	1	2	2
2469	1	3	1	2
2470	1	3	1	2
2471	1	3	1	2
2472	1	3	1	2
2473	1	3	1	2
2474	2	3	1	1
2475	2	3	1	1
2476	1	3	1	0
2477	2	0	1	0
2478	2	1	2	3
2479	2	1	4	5
2480	3	1	4	6
2481	4	1	4	6
2482	3	2	4	7
2483	3	2	3	7
2484	3	2	3	7
2485	2	2	3	7
2486	2	1	2	4
2487	2	1	0	2
2488	1	1	0	1
2489	0	1	0	1
2490	0	1	0	0
2491	1	1	0	1
2492	1	1	0	1
2493	1	1	0	1
2494	1	1	0	1
2495	1	0	0	1
2496	1	2	2	3
2497	1	2	2	3
2498	1	2	2	3
2499	1	2	3	2
2500	0	2	3	2
2501	0	2	4	2
2502	0	2	4	2
2503	1	2	4	2
2504	1	0	3	0
2505	1	0	3	0
2506	1	0	3	0
2507	1	0	2	0
2508	1	0	2	0
2509	1	0	2	1
2510	1	0	3	1
2511	0	0	3	1
2512	0	0	2	1
2513	0	1	1	1
2514	0	3	1	1
2515	1	3	1	1
2516	1	3	1	1
2517	1	3	1	0
2518	1	3	1	0
2519	1	3	1	0
2520	1	3	1	0
2521	2	2	1	0
2522	2	1	1	1
2523	1	0	1	1
2524	1	0	1	1
2525	1	0	1	1
2526	1	0	0	1
2527	1	0	1	1
2528	1	0	1	1
2529	0	0	1	1
2530	3	0	1	0
2531	3	0	1	0
2532	4	0	1	0
2533	4	0	2	0
2534	4	0	3	1
2535	4	0	2	1
2536	4	0	3	1
2537	5	0	3	1
2538	3	0	3	1
2539	2	0	3	1
2540	2	1	3	3
2541	3	1	3	3
2542	2	1	2	2
2543	2	1	2	2
2544	2	3	4	2
2545	2	3	5	2
2546	1	3	5	2
2547	1	3	5	2
2548	2	2	5	2
2549	1	2	5	1
2550	1	2	5	1
2551	1	2	5	1
2552	2	0	3	1
2553	2	0	1	1
2554	2	0	1	1
2555	2	1	1	1
2556	1	1	1	0
2557	1	1	1	0
2558	1	1	1	0
2559	2	1	1	0
2560	2	1	0	0
2561	1	1	0	0
2562	1	1	0	0
2563	1	1	0	0
2564	1	1	0	0
2565	1	1	0	0
2566	1	1	0	0
2567	0	1	0	0
2568	0	0	0	0
2569	0	0	0	0
2570	0	0	0	0
2571	0	0	0	0
2572	0	0	0	0
2573	0	0	0	0
2574	0	0	0	0
2575	0	0	0	0
2576	0	0	0	0
2577	0	0	0	0
2578	0	0	0	0
2579	0	0	0	0
2580	0	0	0	0
2581	0	0	0	0
2582	0	0	0	0
2583	0	0	0	0
2584	0	0	0	0
2585	0	0	0	0
2586	0	0	0	0
2587	0	0	0	0
2588	0	0	0	0
2589	0	0	0	0
2590	0	0	0	0
2591	0	0	0	0
2592	1	0	0	0
2593	1	0	0	0
2594	1	0	0	0
2595	1	0	0	0
2596	1	0	0	0
2597	1	0	0	0
2598	1	0	0	0
2599	1	0	0	0
2600	0	0	0	0
2601	0	0	0	0
2602	0	0	0	0
2603	0	0	0	0
2604	0	0	0	1
2605	0	0	0	1
2606	0	0	1	1
2607	0	0	1	1
2608	0	1	1	1
2609	0	1	2	1
2610	0	1	2	1
2611	0	1	2	1
2612	0	1	3	0
2613	1	1	3	0
2614	1	1	2	0
2615	1	1	2	0
2616	1	0	2	0
2617	1	0	1	0
2618	1	0	1	0
2619	1	0	1	0
2620	1	0	0	0
2621	0	0	0	0
2622	0	0	0	0
2623	0	0	0	0
2624	0	0	0	0
2625	0	0	0	0
2626	0	0	0	0
2627	0	0	0	0
2628	0	0	0	0
2629	0	0	0	0
2630	0	0	0	0
2631	0	0	0	0
2632	0	0	0	0
2633	0	0	0	0
2634	0	0	0	0
2635	0	0	0	0
2636	0	0	0	0
2637	0	0	0	0
2638	0	0	0	0
2639	0	0	0	0
2640	0	0	0	0
2641	0	0	0	0
2642	0	0	0	0
2643	0	0	0	0
2644	0	1	1	2
2645	6	8	5	4
2646	6	8	6	6
2647	6	8	7	6
2648	6	9	7	8
2649	6	9	8	10
2650	6	9	10	10
2651	6	9	10	10
2652	6	8	10	9
2653	3	5	8	8
2654	1	3	5	6
2655	1	2	4	5
2656	1	0	4	5
2657	0	0	2	0
2658	1	1	2	1
2659	1	1	1	1
2660	1	1	1	1
2661	1	1	1	1
2662	1	0	1	1
2663	1	0	1	1
2664	1	0	1	1
2665	1	0	1	1
2666	1	0	1	0
2667	0	0	1	0
2668	0	0	0	0
2669	0	1	0	0
2670	0	1	0	0
2671	0	1	0	0
2672	0	1	0	0
2673	0	1	0	0
2674	0	1	0	0
2675	0	1	0	0
2676	0	1	0	0
2677	0	0	0	0
2678	0	0	0	1
2679	0	0	0	1
2680	1	0	0	1
2681	1	0	0	1
2682	1	0	0	1
2683	1	0	0	3
2684	2	0	0	3
2685	2	0	0	3
2686	2	0	0	2
2687	2	1	0	2
2688	2	1	0	2
2689	2	1	0	5
2690	1	1	0	5
2691	1	1	0	3
2692	0	1	0	3
2693	0	1	0	3
2694	0	1	0	4
2695	1	2	0	5
2696	1	1	0	5
2697	1	1	0	4
2698	1	1	0	2
2699	1	1	0	2
2700	1	1	0	2
2701	1	1	0	2
2702	1	1	1	2
2703	0	0	2	0
2704	0	1	2	0
2705	0	1	2	0
2706	0	1	2	0
2707	0	1	2	0
2708	0	1	2	0
2709	0	1	2	0
2710	0	1	1	0
2711	0	1	0	0
2712	0	0	0	0
2713	0	0	0	0
2714	0	0	0	0
2715	0	0	0	0
2716	0	0	0	0
2717	0	0	0	0
2718	0	0	0	0
2719	0	0	0	0
2720	0	0	0	0
2721	0	0	0	0
2722	0	0	0	0
2723	0	0	0	0
2724	0	0	0	0
2725	1	1	0	0
2726	1	1	0	0
2727	3	1	0	0
2728	3	1	0	0
2729	3	1	0	0
2730	3	1	0	0
2731	3	3	0	0
2732	3	3	0	1
2733	2	3	0	1
2734	2	2	0	1
2735	0	2	0	1
2736	0	3	0	1
2737	0	3	0	1
2738	0	3	0	1
2739	0	2	0	1
2740	0	1	0	0
2741	0	1	0	0
2742	0	1	0	0
2743	0	1	0	0
2744	0	1	0	0
2745	0	1	0	0
2746	0	1	0	0
2747	0	1	0	0
2748	0	1	0	0
2749	0	0	0	0
2750	0	0	0	0
2751	0	0	0	0
2752	0	0	0	0
2753	1	0	0	0
2754	1	0	0	0
2755	1	0	0	0
2756	1	1	1	0
2757	1	1	1	0
2758	2	1	1	0
2759	2	1	1	0
2760	2	1	1	0
2761	1	1	1	1
2762	0	1	2	1
2763	0	1	2	1
2764	0	0	1	1
2765	0	1	1	1
2766	0	1	1	1
2767	0	1	1	1
2768	0	1	1	1
2769	0	1	1	1
2770	0	1	0	1
2771	0	1	0	0
2772	0	1	0	0
2773	0	1	0	0
2774	0	1	0	0
2775	0	2	0	0
2776	1	3	2	0
2777	2	7	2	1
2778	2	7	2	1
2779	2	7	2	1
2780	2	6	2	1
2781	2	7	2	2
2782	2	7	2	2
2783	2	6	3	2
2784	3	7	3	2
2785	1	3	1	1
2786	1	2	1	1
2787	1	2	1	1
2788	1	2	1	1
2789	1	1	1	0
2790	1	1	1	0
2791	1	2	0	0
2792	0	2	0	0
2793	0	1	0	0
2794	0	1	1	0
2795	1	1	2	0
2796	2	1	2	0
2797	2	1	3	0
2798	2	1	3	0
2799	2	0	4	0
2800	2	0	4	0
2801	2	0	4	0
2802	2	0	3	0
2803	3	0	2	0
2804	1	0	2	0
2805	1	0	1	0
2806	1	0	1	0
2807	0	0	0	0
2808	0	0	0	0
2809	0	0	0	1
2810	1	0	0	1
2811	1	0	0	1
2812	1	0	0	1
2813	1	0	0	1
2814	1	0	0	1
2815	1	0	0	1
2816	1	0	0	1
2817	0	1	0	0
2818	0	2	0	0
2819	0	2	1	0
2820	1	2	1	1
2821	1	2	1	2
2822	1	2	1	3
2823	1	2	1	4
2824	1	2	1	4
2825	1	1	1	4
2826	1	0	1	4
2827	1	0	1	4
2828	1	0	2	3
2829	1	0	2	3
2830	1	1	3	1
2831	0	1	2	0
2832	0	1	2	0
2833	0	1	2	0
2834	0	1	2	0
2835	0	1	2	0
2836	0	1	1	0
2837	0	1	1	0
2838	0	0	1	0
2839	0	0	0	1
2840	0	0	0	1
2841	0	0	0	1
2842	0	0	0	1
2843	0	0	0	1
2844	0	0	0	1
2845	0	0	0	1
2846	0	0	0	1
2847	0	0	0	0
2848	0	0	0	0
2849	0	0	0	1
2850	0	0	0	1
2851	0	0	0	1
2852	0	0	0	1
2853	0	0	0	1
2854	0	0	0	1
2855	0	0	0	1
2856	0	0	0	1
2857	0	0	0	0
2858	0	0	0	0
2859	0	0	0	0
2860	0	0	0	0
2861	0	0	0	0
2862	0	0	0	0
2863	1	0	0	0
2864	1	0	0	0
2865	1	0	0	0
2866	1	1	0	0
2867	1	1	0	0
2868	1	1	0	0
2869	1	1	0	0
2870	1	1	0	0
2871	0	1	0	0
2872	0	1	0	0
2873	0	1	0	0
2874	0	0	0	0
2875	0	0	0	0
2876	0	0	0	0
2877	0	0	0	0
2878	0	0	0	0
2879	0	0	0	0
2880	0	0	0	0
2881	0	0	0	0
2882	0	0	0	0
2883	0	0	0	0
2884	0	1	0	0
2885	0	1	0	0
2886	0	1	1	0
2887	0	1	1	0
2888	0	1	1	1
2889	0	1	2	1
2890	0	1	2	2
2891	0	1	2	3
2892	0	1	3	5
2893	0	2	3	5
2894	0	2	4	5
2895	0	1	3	5
2896	0	1	3	4
2897	0	2	2	4
2898	0	3	2	4
2899	0	3	2	3
2900	0	3	2	1
2901	0	3	1	1
2902	0	2	1	1
2903	0	2	0	1
2904	0	2	0	1
2905	0	1	0	2
2906	1	0	0	3
2907	1	0	0	3
2908	1	0	1	4
2909	1	0	1	3
2910	1	1	2	4
2911	1	3	2	4
2912	1	3	1	4
2913	2	3	1	4
2914	1	3	1	4
2915	1	3	1	2
2916	1	3	1	1
2917	1	3	1	1
2918	1	2	0	0
2919	1	0	0	0
2920	1	1	0	1
2921	0	1	0	1
2922	0	1	0	1
2923	0	1	0	1
2924	1	2	0	1
2925	1	2	0	1
2926	1	2	0	1
2927	1	2	1	1
2928	1	1	1	0
2929	1	1	1	0
2930	1	1	1	0
2931	1	1	1	0
2932	1	0	1	0
2933	1	0	1	0
2934	1	0	1	0
2935	1	0	0	0
2936	0	0	0	0
2937	0	0	0	0
2938	0	0	0	0
2939	0	0	0	0
2940	0	0	0	0
2941	0	0	0	0
2942	0	0	1	0
2943	0	0	1	0
2944	0	0	1	0
2945	0	0	1	1
2946	0	0	2	1
2947	0	0	2	1
2948	0	0	2	1
2949	0	0	2	1
2950	0	0	1	1
2951	0	0	1	1
2952	0	0	1	1
2953	0	2	1	0
2954	0	2	0	0
2955	0	3	0	0
2956	0	3	0	0
2957	0	3	0	1
2958	0	3	0	1
2959	0	3	0	1
2960	0	3	0	1
2961	0	1	0	1
2962	0	1	0	1
2963	0	0	1	1
2964	0	0	1	1
2965	0	0	1	0
2966	0	0	1	0
2967	0	0	1	0
2968	0	0	1	0
2969	0	0	1	0
2970	0	0	1	0
2971	0	0	1	0
2972	0	0	0	0
2973	0	0	0	0
2974	0	0	0	0
2975	0	1	0	0
2976	0	1	0	0
2977	1	1	0	0
2978	1	1	0	0
2979	1	1	0	0
2980	1	1	0	0
2981	1	1	0	0
2982	1	1	0	0
2983	1	0	0	0
2984	1	1	0	0
2985	0	1	0	0
2986	0	1	0	0
2987	0	1	0	0
2988	1	1	0	1
2989	2	2	0	1
2990	2	2	0	1
2991	3	2	0	1
2992	3	2	1	1
2993	4	1	1	1
2994	5	1	1	1
2995	5	1	1	1
2996	4	1	1	1
2997	3	0	2	1
2998	3	0	2	1
2999	3	0	2	1
3000	3	0	1	1
3001	2	0	1	1
3002	1	0	1	1
3003	1	0	1	1
3004	1	0	1	1
3005	1	0	0	1
3006	1	0	0	0
3007	1	0	1	0
3008	2	0	1	0
3009	2	1	1	0
3010	2	2	1	0
3011	2	2	1	0
3012	1	2	1	0
3013	1	2	1	0
3014	1	2	1	1
3015	1	2	0	1
3016	0	3	0	1
3017	0	2	0	1
3018	0	1	0	1
3019	1	2	0	1
3020	1	3	2	1
3021	2	3	2	1
3022	3	3	2	0
3023	3	3	2	0
3024	3	4	3	1
3025	3	3	3	2
3026	3	3	4	2
3027	2	3	5	2
3028	2	2	3	2
3029	2	2	3	2
3030	1	3	3	2
3031	1	3	3	2
3032	1	2	2	2
3033	0	2	2	3
3034	1	2	2	2
3035	2	2	1	2
3036	3	1	1	2
3037	3	1	1	2
3038	3	0	1	2
3039	3	0	1	2
3040	3	0	1	2
3041	3	0	1	1
3042	2	0	0	0
3043	1	0	0	0
3044	0	0	0	0
3045	0	0	0	0
3046	0	0	0	0
3047	0	1	0	0
3048	0	2	1	0
3049	1	3	1	0
3050	2	4	1	1
3051	6	6	5	4
3052	7	6	7	5
3053	7	9	8	5
3054	8	9	9	5
3055	8	11	9	5
3056	10	12	10	6
3057	12	10	10	6
3058	10	9	10	6
3059	7	7	6	3
3060	6	7	5	2
3061	7	5	4	2
3062	8	5	2	2
3063	7	3	2	2
3064	6	2	2	2
3065	3	2	2	3
3066	3	0	2	1
3067	3	1	2	1
3068	4	1	2	1
3069	3	1	2	1
3070	2	1	2	1
3071	2	1	2	1
3072	1	1	2	1
3073	1	1	2	1
3074	2	1	0	1
3075	3	0	1	0
3076	2	0	1	0
3077	3	1	1	0
3078	4	1	1	1
3079	4	3	1	3
3080	4	3	1	3
3081	4	3	1	3
3082	3	3	1	3
3083	3	3	2	3
3084	2	3	1	3
3085	1	3	1	3
3086	0	2	1	2
3087	0	1	1	1
3088	0	0	1	1
3089	0	0	1	2
3090	0	0	1	2
3091	1	0	0	3
3092	1	0	0	3
3093	1	0	0	3
3094	1	0	0	3
3095	1	0	0	2
3096	1	0	0	2
3097	1	0	0	2
3098	1	0	0	2
3099	1	0	0	1
3100	0	0	0	1
3101	0	0	0	1
3102	0	0	0	1
3103	0	0	0	1
3104	0	0	0	1
3105	0	0	0	1
3106	0	0	0	0
3107	0	0	0	0
3108	0	0	0	0
3109	0	0	0	0
3110	0	0	0	0
3111	0	0	0	0
3112	0	0	0	0
3113	0	0	0	1
3114	0	0	0	1
3115	0	0	0	1
3116	0	1	0	1
3117	0	1	0	1
3118	0	1	0	1
3119	0	1	0	1
3120	0	1	0	1
3121	0	1	0	0
3122	0	1	0	0
3123	0	1	0	0
3124	0	0	0	0
3125	0	0	0	0
3126	0	0	0	0
3127	0	0	0	0
3128	0	0	1	0
3129	0	0	1	0
3130	0	0	1	0
3131	0	0	1	0
3132	0	0	1	0
3133	0	0	1	0
3134	0	0	1	0
3135	0	0	1	0
3136	1	0	0	0
3137	1	0	0	0
3138	1	0	0	0
3139	1	0	0	0
3140	1	0	0	0
3141	1	0	0	2
3142	1	0	0	3
3143	1	0	0	3
3144	0	0	0	3
3145	0	0	0	3
3146	1	1	0	3
3147	1	1	0	3
3148	1	1	0	3
3149	1	1	0	3
3150	1	1	0	3
3151	1	1	1	0
3152	1	1	1	0
3153	1	1	1	0
3154	0	1	1	0
3155	0	1	1	0
3156	1	1	1	0
3157	1	1	1	0
3158	1	1	1	0
3159	1	1	1	1
3160	2	1	1	1
3161	2	2	1	2
3162	2	2	3	3
3163	2	2	3	3
3164	2	2	3	3
3165	1	2	3	3
3166	1	2	3	3
3167	1	3	3	3
3168	1	4	3	3
3169	1	3	2	2
3170	1	4	0	0
3171	1	3	0	0
3172	2	2	0	0
3173	2	2	0	0
3174	2	1	0	0
3175	2	0	0	0
3176	1	0	0	1
3177	1	0	0	1
3178	1	0	0	3
3179	1	1	1	3
3180	0	1	1	3
3181	0	1	2	3
3182	0	2	2	4
3183	1	6	3	9
3184	4	9	5	15
3185	4	11	5	15
3186	4	12	5	16
3187	4	11	5	14
3188	4	11	5	15
3189	4	11	5	15
3190	5	11	5	15
3191	4	6	4	10
3192	3	4	2	9
3193	2	4	1	8
3194	1	2	1	1
3195	1	1	0	1
3196	1	1	0	1
3197	1	1	0	0
3198	0	1	0	0
3199	0	1	0	0
3200	0	1	0	0
3201	0	2	0	0
3202	0	1	0	0
3203	0	1	0	0
3204	0	1	0	0
3205	0	1	1	0
3206	0	2	1	0
3207	0	2	1	0
3208	0	3	1	0
3209	0	3	1	0
3210	0	1	1	1
3211	0	1	1	1
3212	1	1	1	1
3213	1	1	1	1
3214	1	1	1	1
3215	1	1	1	1
3216	2	1	1	1
3217	2	0	1	1
3218	2	0	2	0
3219	2	0	2	0
3220	1	0	3	0
3221	1	0	3	0
3222	1	0	3	0
3223	1	0	3	0
3224	0	0	2	0
3225	0	0	2	1
3226	0	0	1	1
3227	0	0	1	1
3228	0	0	1	1
3229	0	0	1	1
3230	0	0	1	1
3231	0	0	1	1
3232	0	0	1	1
3233	0	0	1	1
3234	0	0	1	0
3235	0	0	1	0
3236	0	0	0	0
3237	0	0	0	0
3238	0	0	0	0
3239	0	0	0	0
3240	0	0	0	0
3241	0	0	0	0
3242	0	0	0	0
3243	0	0	0	0
3244	0	0	0	0
3245	0	0	0	0
3246	0	0	0	0
3247	0	0	0	3
3248	0	0	0	16
3249	0	0	0	16
3250	0	0	0	18
3251	0	0	0	18
3252	0	0	0	18
3253	0	0	0	19
3254	0	0	0	19
3255	0	0	0	18
3256	0	0	0	3
3257	0	0	0	3
3258	0	0	0	1
3259	0	1	0	1
3260	0	1	0	1
3261	0	1	0	0
3262	0	1	0	1
3263	0	1	0	1
3264	0	1	0	1
3265	0	1	0	2
3266	0	2	0	2
3267	0	2	0	2
3268	0	2	0	2
3269	0	1	0	2
3270	0	1	0	2
3271	0	1	0	2
3272	0	1	0	2
3273	2	1	0	3
3274	2	0	0	4
3275	2	0	0	4
3276	2	1	0	4
3277	2	1	0	4
3278	2	1	0	4
3279	2	1	0	4
3280	2	1	0	3
3281	0	1	0	1
3282	0	1	0	0
3283	0	1	0	0
3284	1	0	0	0
3285	1	0	0	0
3286	1	0	0	1
3287	1	0	0	1
3288	1	0	0	1
3289	1	0	0	1
3290	1	0	0	1
3291	1	0	0	1
3292	1	0	0	2
3293	0	0	0	2
3294	0	0	0	2
3295	0	0	0	2
3296	0	0	0	1
3297	0	0	0	1
3298	0	0	0	1
3299	0	0	0	1
3300	1	0	0	0
3301	1	0	0	0
3302	1	0	0	0
3303	1	0	0	0
3304	1	0	0	0
3305	1	0	0	1
3306	1	0	0	1
3307	1	0	0	1
3308	0	0	0	1
3309	0	0	0	1
3310	0	0	0	1
3311	0	0	0	1
3312	0	0	0	1
3313	0	0	0	0
3314	0	1	0	0
3315	0	1	0	0
3316	0	1	2	0
3317	0	1	2	0
3318	0	1	2	0
3319	0	1	2	0
3320	0	1	2	0
3321	0	1	2	0
3322	0	0	2	0
3323	0	0	2	0
3324	0	0	1	0
3325	0	0	1	0
3326	0	0	0	0
3327	0	0	0	0
3328	0	0	0	0
3329	0	0	0	1
3330	0	0	0	1
3331	0	0	0	1
3332	0	0	0	2
3333	0	0	0	2
3334	0	0	0	2
3335	0	0	0	2
3336	0	0	0	3
3337	0	0	0	3
3338	0	0	1	2
3339	0	0	1	2
3340	0	0	1	1
3341	0	0	1	1
3342	0	0	1	1
3343	1	0	1	1
3344	1	1	1	1
3345	1	1	1	1
3346	2	1	0	1
3347	2	1	0	2
3348	2	1	1	2
3349	2	2	1	2
3350	3	2	2	2
3351	3	2	2	4
3352	3	1	3	5
3353	3	1	3	5
3354	2	2	4	4
3355	2	3	6	5
3356	3	3	5	4
3357	4	3	6	5
3358	3	3	6	5
3359	2	3	6	4
3360	2	4	5	4
3361	2	4	5	3
3362	3	4	4	4
3363	4	3	3	3
3364	3	3	2	3
3365	2	3	2	2
3366	2	2	0	2
3367	2	2	0	2
3368	2	1	0	1
3369	2	1	0	1
3370	1	2	0	0
3371	1	1	0	0
3372	0	1	1	0
3373	0	2	1	0
3374	0	2	1	0
3375	0	2	2	0
3376	0	2	3	0
3377	1	2	3	1
3378	2	3	3	1
3379	7	5	5	4
3380	8	6	7	7
3381	8	5	11	7
3382	9	5	11	8
3383	9	6	20	8
3384	11	7	19	10
3385	10	8	20	10
3386	9	7	21	10
3387	5	5	10	6
3388	6	5	8	6
3389	6	5	6	6
3390	4	6	3	6
3391	4	6	3	6
3392	3	6	3	5
3393	3	6	2	5
3394	2	5	2	5
3395	2	5	2	5
3396	2	3	0	3
3397	1	2	0	3
3398	1	1	0	2
3399	1	1	0	2
3400	1	1	0	2
3401	1	0	0	1
3402	1	0	0	1
3403	1	0	0	1
3404	1	1	0	0
3405	1	1	0	0
3406	1	1	0	0
3407	2	1	0	1
3408	2	1	0	1
3409	2	2	0	1
3410	3	3	2	1
3411	2	4	2	2
3412	2	4	2	2
3413	3	4	2	2
3414	2	4	2	3
3415	2	4	2	3
3416	3	4	3	3
3417	3	3	3	3
3418	2	4	4	4
3419	3	4	4	4
3420	3	3	4	3
3421	3	3	4	3
3422	3	3	4	2
3423	3	3	4	1
3424	2	3	4	2
3425	3	3	3	2
3426	3	1	2	2
3427	2	1	4	1
3428	3	1	5	1
3429	2	1	5	1
3430	2	1	5	2
3431	2	1	5	2
3432	2	1	4	2
3433	1	1	4	1
3434	1	1	4	1
3435	1	0	4	1
3436	0	1	0	1
3437	0	2	1	1
3438	0	2	2	1
3439	0	2	2	0
3440	0	2	2	0
3441	0	2	3	0
3442	0	3	3	0
3443	1	3	3	0
3444	1	2	3	0
3445	1	2	2	0
3446	1	1	1	0
3447	1	1	1	0
3448	1	1	1	0
3449	1	1	1	0
3450	1	0	1	0
3451	1	2	1	0
3452	0	2	1	0
3453	0	4	1	2
3454	0	5	1	3
3455	0	3	1	3
3456	0	3	1	3
3457	0	3	1	3
3458	0	3	0	3
3459	0	3	0	3
3460	0	3	0	3
3461	0	2	0	1
3462	0	1	0	1
3463	0	0	0	0
3464	0	0	0	2
3465	0	0	0	2
3466	0	0	0	2
3467	0	0	0	3
3468	0	0	0	3
3469	0	0	0	3
3470	0	0	0	3
3471	0	0	1	4
3472	1	0	1	3
3473	2	1	1	4
3474	2	1	1	4
3475	2	1	1	4
3476	2	1	1	3
3477	2	1	1	3
3478	2	1	1	3
3479	2	1	0	2
3480	1	1	0	2
3481	1	0	0	0
3482	0	0	0	0
3483	0	0	0	0
3484	0	0	0	0
3485	1	0	0	0
3486	1	0	0	0
3487	1	0	0	0
3488	1	0	0	0
3489	1	0	0	0
3490	2	0	0	0
3491	2	0	0	0
3492	2	0	0	0
3493	2	0	0	0
3494	1	0	0	0
3495	1	0	0	1
3496	1	0	0	1
3497	1	0	0	1
3498	0	0	0	1
3499	0	0	1	1
3500	0	0	1	1
3501	0	0	1	1
3502	0	0	1	1
3503	0	0	1	0
3504	0	0	1	1
3505	0	0	1	1
3506	0	1	1	1
3507	1	1	0	1
3508	2	1	0	1
3509	2	1	0	1
3510	2	1	0	1
3511	2	1	0	1
3512	2	1	0	0
3513	2	1	0	0
3514	2	0	0	0
3515	1	0	0	0
3516	0	1	0	0
3517	0	1	0	0
3518	0	1	0	1
3519	0	1	0	1
3520	2	1	1	3
3521	2	1	1	5
3522	2	1	1	5
3523	2	1	1	6
3524	3	0	1	6
3525	4	0	1	12
3526	4	0	1	13
3527	4	0	1	13
3528	2	0	0	11
3529	2	0	0	10
3530	2	0	0	9
3531	2	0	0	8
3532	1	0	0	8
3533	0	0	2	3
3534	0	0	2	1
3535	0	0	2	1
3536	1	0	2	1
3537	1	0	2	1
3538	1	0	2	1
3539	1	0	2	1
3540	1	0	2	1
3541	1	0	0	1
3542	1	0	0	0
3543	1	0	0	0
3544	1	0	0	0
3545	1	0	0	0
3546	1	0	0	0
3547	1	0	0	0
3548	0	0	0	0
3549	0	0	0	0
3550	0	0	1	0
3551	0	0	1	0
3552	0	0	1	0
3553	0	0	1	0
3554	0	0	1	0
3555	0	0	1	0
3556	0	1	1	0
3557	0	1	1	0
3558	0	1	0	0
3559	0	1	0	0
3560	0	1	0	0
3561	0	1	0	0
3562	0	1	1	1
3563	0	1	1	1
3564	0	0	1	1
3565	0	0	2	1
3566	0	0	2	1
3567	0	1	2	2
3568	0	1	2	2
3569	0	2	2	2
3570	0	2	1	26
3571	0	2	1	26
3572	0	2	1	26
3573	0	2	0	26
3574	0	1	0	27
3575	0	0	0	27
3576	0	0	0	27
3577	0	0	0	27
3578	0	0	0	1
3579	0	0	0	0
3580	0	0	0	0
3581	0	0	0	0
3582	0	0	0	0
3583	0	0	0	0
3584	0	0	0	0
3585	0	0	0	0
3586	0	0	0	0
3587	0	0	0	0
3588	0	0	0	0
3589	0	0	0	0
3590	0	0	1	0
3591	0	0	1	0
3592	0	0	1	0
3593	0	0	1	0
3594	0	0	1	0
3595	0	0	1	0
3596	0	0	1	0
3597	0	0	1	0
3598	0	0	0	0
3599	0	0	0	0
3600	1	0	0	0
3601	1	0	0	0
3602	2	0	0	0
3603	2	1	0	0
3604	2	1	4	1
3605	2	1	4	1
3606	3	1	4	1
3607	3	1	4	1
3608	2	1	4	1
3609	2	1	4	1
3610	1	1	4	1
3611	1	0	4	1
3612	1	0	2	0
3613	1	0	0	0
3614	0	0	0	0
3615	0	0	0	0
3616	0	0	0	0
3617	0	0	0	0
3618	0	0	0	0
3619	0	0	0	0
3620	0	0	0	0
3621	0	0	0	0
3622	0	0	0	0
3623	0	0	0	0
3624	0	0	0	0
3625	0	0	0	0
3626	0	0	0	0
3627	0	0	0	0
3628	1	0	0	0
3629	1	0	0	0
3630	2	1	0	2
3631	2	1	0	3
3632	2	1	0	3
3633	2	1	1	3
3634	2	1	1	3
3635	2	1	1	3
3636	1	2	1	4
3637	1	3	1	4
3638	0	2	1	3
3639	0	2	2	3
3640	0	3	2	4
3641	0	3	2	4
3642	0	3	1	4
3643	0	3	1	4
3644	0	2	0	3
3645	0	1	0	3
3646	0	1	1	3
3647	1	3	1	3
3648	1	3	1	2
3649	1	3	1	2
3650	1	3	1	2
3651	1	3	1	0
3652	1	3	1	0
3653	1	3	1	0
3654	1	3	0	0
3655	1	2	0	0
3656	1	1	1	0
3657	1	1	1	0
3658	0	0	1	0
3659	0	0	2	0
3660	0	0	2	0
3661	0	0	2	0
3662	1	0	2	1
3663	1	1	2	1
3664	2	1	2	1
3665	2	1	2	1
3666	2	1	2	1
3667	2	1	2	2
3668	2	1	1	2
3669	2	2	0	2
3670	1	2	0	1
3671	1	1	1	2
3672	1	2	3	4
3673	0	2	4	5
3674	0	3	4	5
3675	1	3	4	5
3676	2	4	5	5
3677	2	4	5	5
3678	2	3	5	5
3679	2	3	4	4
3680	2	2	3	3
3681	2	2	1	1
3682	2	1	1	1
3683	1	1	1	0
3684	0	1	0	0
3685	0	1	0	0
3686	0	1	0	0
3687	0	1	0	0
3688	0	1	0	0
3689	1	1	0	0
3690	1	1	0	0
3691	1	1	0	0
3692	1	0	0	0
3693	1	0	0	0
3694	2	0	0	0
3695	2	0	0	0
3696	2	0	0	1
3697	1	0	0	1
3698	1	0	0	1
3699	1	0	0	1
3700	1	0	0	1
3701	1	0	0	1
3702	0	0	0	1
3703	0	0	0	1
3704	1	1	0	0
3705	2	1	1	0
3706	2	2	1	0
3707	3	2	1	0
3708	3	2	1	0
3709	3	2	1	0
3710	3	2	1	0
3711	3	3	1	0
3712	3	3	1	0
3713	3	3	1	0
3714	4	2	1	0
3715	3	1	3	0
3716	2	1	3	1
3717	2	1	3	3
3718	2	1	4	3
3719	2	0	4	3
3720	2	0	4	3
3721	1	0	3	3
3722	1	1	3	4
3723	0	1	2	4
3724	0	1	1	3
3725	0	1	1	1
3726	0	0	0	1
3727	0	0	0	1
3728	0	0	0	1
3729	0	1	0	1
3730	0	1	0	1
3731	0	1	0	0
3732	0	1	0	0
3733	0	1	0	0
3734	0	1	0	0
3735	0	1	0	0
3736	1	1	0	0
3737	1	0	0	0
3738	1	0	0	0
3739	1	0	0	0
3740	1	0	0	0
3741	1	1	0	0
3742	1	2	0	1
3743	1	2	0	1
3744	1	2	0	1
3745	2	3	0	1
3746	1	3	0	1
3747	1	3	0	1
3748	2	3	1	2
3749	3	2	1	2
3750	4	1	1	2
3751	4	1	2	2
3752	4	1	2	2
3753	3	0	2	2
3754	3	0	2	2
3755	3	0	2	2
3756	2	0	1	2
3757	1	0	2	1
3758	1	1	2	1
3759	1	1	1	1
3760	1	1	2	1
3761	0	1	2	3
3762	0	1	2	3
3763	0	1	2	3
3764	0	1	2	3
3765	0	1	1	3
3766	0	0	1	3
3767	0	0	1	3
3768	0	0	0	3
3769	0	0	0	0
3770	0	0	0	0
3771	0	0	0	0
3772	0	0	0	0
3773	0	0	0	0
3774	0	0	0	0
3775	0	0	0	0
3776	0	0	0	0
3777	0	0	0	0
3778	0	0	0	0
3779	0	0	0	1
3780	0	0	0	1
3781	1	0	0	1
3782	1	0	1	1
3783	3	1	1	2
3784	4	1	1	2
3785	4	1	1	2
3786	5	1	1	3
3787	5	1	1	3
3788	5	1	2	2
3789	5	1	2	3
3790	5	1	1	3
3791	4	1	1	3
3792	3	1	1	3
3793	2	0	1	3
3794	1	0	1	2
3795	0	0	1	2
3796	1	0	0	3
3797	1	1	0	2
3798	2	1	0	2
3799	2	1	0	2
3800	2	1	0	2
3801	3	1	1	2
3802	4	1	1	4
3803	4	1	1	4
3804	3	1	2	3
3805	3	1	2	3
3806	2	1	2	4
3807	2	1	2	4
3808	2	1	2	5
3809	1	1	2	5
3810	0	1	2	2
3811	1	1	1	2
3812	1	2	0	2
3813	1	2	0	2
3814	1	1	0	2
3815	1	1	0	2
3816	1	1	0	1
3817	1	1	0	1
3818	1	1	0	0
3819	0	1	0	1
3820	0	1	0	1
3821	0	1	0	1
3822	0	2	0	1
3823	0	2	0	1
3824	0	2	1	1
3825	0	3	1	1
3826	0	3	1	1
3827	0	3	2	0
3828	0	2	2	0
3829	0	2	2	0
3830	1	2	3	2
3831	1	1	4	2
3832	1	1	3	2
3833	2	0	3	2
3834	2	2	3	2
3835	2	2	4	2
3836	2	2	4	3
3837	4	2	5	5
3838	5	4	4	3
3839	6	4	3	3
3840	6	5	2	4
3841	6	5	3	5
3842	5	4	3	6
3843	5	4	2	7
3844	5	4	2	7
3845	3	4	1	7
3846	3	5	2	7
3847	3	3	4	7
3848	4	2	4	5
3849	5	3	4	3
3850	5	3	5	3
3851	5	2	5	2
3852	3	2	5	1
3853	3	1	5	0
3854	3	1	4	0
3855	2	2	2	0
3856	2	2	2	0
3857	1	3	1	0
3858	1	3	0	1
3859	2	3	0	1
3860	2	3	0	1
3861	2	3	0	1
3862	2	3	0	1
3863	2	2	0	1
3864	2	2	0	1
3865	2	2	0	1
3866	1	0	0	0
3867	1	0	0	0
3868	0	0	0	0
3869	0	0	0	0
3870	0	0	0	0
3871	0	0	0	0
3872	0	0	0	0
3873	0	0	0	0
3874	0	0	0	0
3875	0	0	0	0
3876	0	0	0	0
3877	0	0	0	0
3878	0	0	0	0
3879	0	0	0	0
3880	0	0	0	0
3881	0	0	0	0
3882	0	0	1	1
3883	1	0	1	1
3884	1	0	1	1
3885	2	0	1	1
3886	2	0	1	1
3887	2	0	1	1
3888	2	0	1	2
3889	2	0	1	2
3890	2	0	0	2
3891	1	0	0	3
3892	1	1	0	2
3893	0	1	0	2
3894	0	2	0	2
3895	0	3	0	2
3896	0	3	0	1
3897	0	3	0	1
3898	0	3	0	1
3899	0	4	0	1
3900	0	2	0	0
3901	0	2	0	0
3902	0	2	0	0
3903	0	2	0	0
3904	0	2	0	1
3905	0	1	0	2
3906	1	1	0	2
3907	1	1	0	2
3908	1	1	0	5
3909	4	1	0	6
3910	4	1	3	8
3911	4	1	4	8
3912	4	1	4	7
3913	4	1	4	6
3914	3	1	5	6
3915	3	0	5	6
3916	3	0	5	5
3917	2	0	6	3
3918	0	0	4	2
3919	0	0	2	1
3920	0	0	2	2
3921	0	0	2	2
3922	0	0	2	3
3923	0	0	2	3
3924	0	0	1	3
3925	0	0	0	2
3926	0	0	0	2
3927	0	0	0	2
3928	1	1	0	1
3929	1	2	0	1
3930	1	2	1	0
3931	3	4	1	0
3932	3	5	1	0
3933	3	5	1	0
3934	3	6	3	0
3935	3	6	4	0
3936	2	5	4	1
3937	2	5	4	2
3938	2	5	3	2
3939	3	6	3	4
3940	4	3	4	4
3941	3	3	5	4
3942	3	3	3	4
3943	4	3	2	3
3944	4	3	2	2
3945	4	3	3	2
3946	5	2	3	1
3947	3	1	3	1
3948	2	1	3	2
3949	2	1	3	2
3950	4	1	2	2
3951	6	0	2	3
3952	6	0	2	3
3953	5	1	3	2
3954	7	2	8	4
3955	7	2	10	6
3956	9	2	9	6
3957	9	2	9	6
3958	8	2	8	6
3959	5	2	8	6
3960	5	2	8	5
3961	5	2	8	5
3962	4	1	8	4
3963	3	1	2	3
3964	2	0	1	0
3965	1	0	1	0
3966	0	1	1	0
3967	0	1	1	0
3968	0	1	1	0
3969	0	1	0	0
3970	0	1	0	0
3971	0	1	0	0
3972	0	1	0	1
3973	1	1	0	1
3974	1	1	0	1
3975	1	0	0	1
3976	1	0	0	1
3977	1	0	1	1
3978	1	0	1	1
3979	1	0	1	1
3980	1	0	1	2
3981	0	0	1	1
3982	0	0	1	1
3983	0	0	1	1
3984	1	0	1	1
3985	1	0	0	1
3986	2	0	0	2
3987	2	0	1	2
3988	2	1	1	1
3989	2	1	1	1
3990	2	1	1	1
3991	2	1	1	1
3992	2	1	1	1
3993	1	1	1	1
3994	1	1	1	1
3995	1	1	0	0
3996	1	1	0	0
3997	1	1	0	0
3998	1	1	0	0
3999	1	1	0	0
4000	1	1	0	0
4001	1	1	1	0
4002	0	1	1	0
4003	0	0	1	0
4004	0	0	2	1
4005	0	0	2	1
4006	0	0	2	1
4007	0	0	2	1
4008	0	0	2	1
4009	1	0	2	1
4010	1	0	2	2
4011	1	1	1	2
4012	1	1	0	1
4013	2	1	0	1
4014	2	1	0	1
4015	3	1	0	3
4016	2	2	1	3
4017	2	2	1	4
4018	2	2	1	3
4019	3	2	1	1
4020	3	1	1	2
4021	2	1	1	2
4022	3	1	1	2
4023	2	1	1	2
4024	3	1	0	2
4025	4	0	0	1
4026	5	1	0	1
4027	4	1	1	1
4028	4	1	1	0
4029	4	2	1	0
4030	3	2	1	0
4031	4	2	1	0
4032	4	2	1	0
4033	2	2	1	0
4034	2	1	1	0
4035	2	1	0	0
4036	3	1	1	0
4037	3	1	1	0
4038	3	1	1	0
4039	3	1	1	0
4040	2	1	1	0
4041	2	1	1	0
4042	1	0	1	0
4043	1	0	1	0
4044	1	0	1	0
4045	0	0	0	0
4046	0	0	0	0
4047	0	0	0	0
4048	0	0	0	0
4049	0	0	1	1
4050	0	0	1	1
4051	0	0	1	1
4052	1	0	1	1
4053	1	0	1	1
4054	1	0	1	1
4055	1	0	1	2
4056	1	0	1	2
4057	2	0	1	1
4058	2	0	1	1
4059	2	0	1	2
4060	1	0	1	2
4061	2	0	1	2
4062	2	0	1	2
4063	2	0	1	0
4064	2	0	1	0
4065	2	0	1	1
4066	2	0	1	1
4067	1	0	1	1
4068	1	0	0	1
4069	0	0	0	1
4070	0	0	0	3
4071	1	0	0	3
4072	1	0	0	3
4073	1	0	0	3
4074	1	0	0	3
4075	1	0	0	2
4076	1	0	0	2
4077	1	1	0	2
4078	1	1	0	2
4079	2	1	0	1
4080	2	1	0	1
4081	2	1	0	1
4082	2	1	0	1
4083	2	1	0	2
4084	2	1	0	3
4085	2	0	0	3
4086	2	0	0	3
4087	1	0	0	3
4088	0	0	0	2
4089	0	1	0	2
4090	0	1	0	2
4091	1	2	0	2
4092	1	3	0	1
4093	2	4	1	0
4094	2	4	2	2
4095	2	4	3	2
4096	2	5	3	2
4097	2	5	3	2
4098	2	6	3	2
4099	2	5	3	4
4100	2	5	3	4
4101	3	5	3	4
4102	3	5	3	3
4103	3	5	1	2
4104	1	3	1	2
4105	0	4	2	2
4106	0	4	2	2
4107	2	4	2	0
4108	2	4	2	0
4109	2	3	1	0
4110	2	2	1	0
4111	1	3	1	0
4112	1	3	1	0
4113	1	2	0	0
4114	1	2	0	0
4115	1	1	0	0
4116	0	1	0	0
4117	0	1	0	0
4118	0	1	0	0
4119	0	0	0	0
4120	0	1	0	0
4121	0	1	0	0
4122	0	1	0	0
4123	0	1	0	0
4124	0	1	9	0
4125	0	2	9	0
4126	0	2	9	0
4127	1	2	9	0
4128	1	1	9	0
4129	2	1	9	0
4130	2	1	9	0
4131	2	1	9	0
4132	2	1	0	0
4133	3	0	0	0
4134	3	0	0	0
4135	3	0	0	0
4136	2	0	0	0
4137	3	0	0	0
4138	2	0	1	0
4139	2	1	1	0
4140	3	1	1	0
4141	2	1	1	0
4142	2	1	1	0
4143	2	1	1	0
4144	2	1	1	0
4145	2	1	1	0
4146	2	1	1	0
4147	2	1	1	0
4148	1	0	1	0
4149	1	0	0	0
4150	1	0	0	0
4151	1	0	0	0
4152	1	0	0	0
4153	1	0	0	0
4154	1	0	0	1
4155	0	0	0	1
4156	0	0	1	1
4157	2	0	1	1
4158	2	0	1	1
4159	2	0	1	1
4160	2	0	0	1
4161	2	0	0	1
4162	2	0	0	1
4163	2	0	0	1
4164	2	0	0	1
4165	0	0	0	0
4166	0	0	0	0
4167	0	0	0	0
4168	0	0	0	0
4169	0	0	0	0
4170	0	1	0	0
4171	0	1	0	1
4172	0	1	0	1
4173	0	1	0	1
4174	0	1	0	1
4175	0	1	0	1
4176	0	1	0	1
4177	0	1	0	1
4178	0	0	0	2
4179	0	0	0	1
4180	0	1	0	1
4181	0	1	0	1
4182	0	1	0	1
4183	0	1	0	1
4184	0	1	0	1
4185	0	1	0	1
4186	0	1	0	0
4187	0	2	0	0
4188	0	1	0	0
4189	0	1	0	0
4190	0	1	0	0
4191	0	1	1	0
4192	0	1	1	0
4193	0	1	1	0
4194	0	1	1	0
4195	0	1	1	0
4196	0	1	1	0
4197	0	1	2	0
4198	0	1	2	0
4199	0	0	1	0
4200	0	0	1	0
4201	0	0	0	0
4202	0	0	0	0
4203	0	0	0	0
4204	0	0	0	0
4205	0	0	0	0
4206	0	0	0	0
4207	0	0	0	0
4208	0	0	0	1
4209	0	0	0	1
4210	0	0	0	1
4211	0	0	0	2
4212	1	2	0	5
4213	1	2	0	5
4214	1	2	0	6
4215	1	2	0	6
4216	1	2	0	5
4217	2	2	2	5
4218	2	2	2	5
4219	3	2	2	4
4220	2	1	2	1
4221	2	1	2	1
4222	2	1	2	0
4223	2	2	2	0
4224	3	2	2	0
4225	2	3	1	0
4226	2	3	0	0
4227	2	4	0	0
4228	1	4	0	0
4229	1	4	0	0
4230	1	4	0	0
4231	2	2	0	1
4232	2	2	0	1
4233	2	1	0	1
4234	2	1	0	1
4235	2	0	0	4
4236	2	0	0	4
4237	2	0	0	4
4238	2	0	0	4
4239	1	0	0	3
4240	0	1	0	3
4241	0	1	0	3
4242	0	1	0	3
4243	0	1	0	0
4244	0	1	0	0
4245	0	1	0	0
4246	0	1	0	0
4247	0	1	0	0
4248	0	0	0	0
4249	0	0	0	0
4250	0	0	0	0
4251	0	0	0	0
4252	0	0	0	0
4253	0	0	0	0
4254	0	0	0	0
4255	0	0	0	0
4256	0	0	0	0
4257	0	0	0	0
4258	1	0	0	0
4259	1	0	0	0
4260	1	0	0	0
4261	2	0	0	0
4262	2	0	0	0
4263	2	0	0	0
4264	2	0	0	0
4265	2	0	0	0
4266	2	0	0	0
4267	1	0	0	1
4268	1	0	0	1
4269	0	0	0	1
4270	1	1	0	2
4271	2	1	0	2
4272	3	1	0	2
4273	3	1	0	2
4274	3	1	0	2
4275	3	1	0	1
4276	3	1	0	1
4277	3	1	0	1
4278	2	0	0	0
4279	2	0	0	0
4280	1	0	0	0
4281	0	0	0	1
4282	0	0	0	1
4283	0	0	0	1
4284	0	0	0	1
4285	0	0	0	1
4286	1	0	0	2
4287	1	0	1	2
4288	2	0	1	2
4289	2	0	1	1
4290	2	0	1	1
4291	2	1	2	1
4292	2	1	2	1
4293	2	1	2	1
4294	1	1	2	1
4295	1	1	2	2
4296	0	1	2	2
4297	0	1	4	2
4298	0	1	3	1
4299	0	0	3	0
4300	0	0	3	0
4301	1	0	4	0
4302	2	0	5	0
4303	2	1	5	0
4304	2	2	5	0
4305	2	2	4	0
4306	3	3	4	0
4307	3	3	5	0
4308	3	3	5	0
4309	2	3	4	0
4310	2	3	3	1
4311	2	3	3	1
4312	2	2	2	2
4313	2	1	2	2
4314	2	0	1	2
4315	1	0	0	2
4316	1	0	0	3
4317	1	0	1	3
4318	0	0	1	2
4319	0	0	1	2
4320	1	0	2	3
4321	1	0	2	4
4322	2	0	2	4
4323	2	0	2	4
4324	2	0	2	4
4325	3	0	1	3
4326	3	0	1	2
4327	4	1	1	2
4328	3	1	0	1
4329	3	2	0	0
4330	2	2	0	0
4331	2	2	1	0
4332	2	2	1	0
4333	1	2	1	0
4334	1	2	1	0
4335	0	3	2	0
4336	0	2	2	0
4337	0	1	2	1
4338	0	1	2	1
4339	0	1	2	3
4340	0	1	1	3
4341	0	1	1	3
4342	0	1	1	3
4343	0	0	1	4
4344	0	0	1	4
4345	0	0	2	5
4346	0	0	2	5
4347	0	0	2	3
4348	0	0	2	3
4349	0	0	2	2
4350	0	0	2	2
4351	1	0	2	1
4352	1	2	1	1
4353	1	2	1	1
4354	1	2	1	1
4355	1	2	1	1
4356	1	2	1	2
4357	1	2	1	2
4358	1	2	1	2
4359	1	2	1	2
4360	2	0	3	2
4361	3	0	3	1
4362	3	1	2	1
4363	4	1	2	1
4364	4	1	3	0
4365	4	1	3	1
4366	5	3	3	1
4367	5	3	3	1
4368	4	3	2	1
4369	3	3	1	2
4370	3	3	2	3
4371	2	3	2	4
4372	2	3	2	4
4373	2	3	1	4
4374	1	2	1	4
4375	1	3	1	5
4376	0	2	2	5
4377	1	2	2	4
4378	1	2	2	3
4379	1	2	1	3
4380	1	5	1	3
4381	1	4	1	2
4382	1	4	1	2
4383	1	3	1	1
4384	1	3	0	1
4385	0	3	0	1
4386	0	3	0	1
4387	0	3	0	0
4388	1	0	0	0
4389	1	0	0	0
4390	1	0	0	0
4391	1	0	0	0
4392	1	0	0	0
4393	1	0	0	0
4394	1	0	0	0
4395	1	0	0	0
4396	0	0	0	0
4397	0	0	2	3
4398	0	1	2	3
4399	0	1	4	3
4400	0	1	4	4
4401	0	1	4	4
4402	0	1	4	4
4403	0	2	4	4
4404	0	2	4	4
4405	0	2	3	1
4406	0	1	2	2
4407	0	2	0	4
4408	0	2	0	4
4409	0	2	2	5
4410	0	2	2	4
4411	0	1	2	5
4412	0	1	2	5
4413	0	1	2	5
4414	0	1	2	4
4415	0	0	2	2
4416	0	1	2	2
4417	0	1	0	1
4418	0	1	0	1
4419	0	1	0	1
4420	0	1	0	0
4421	0	1	0	0
4422	0	1	0	2
4423	0	1	0	2
4424	0	0	0	2
4425	0	0	0	2
4426	0	0	0	2
4427	0	0	0	2
4428	0	0	0	2
4429	0	0	0	2
4430	0	0	0	0
4431	0	0	0	0
4432	0	0	0	0
4433	0	0	1	1
4434	0	0	1	1
4435	1	0	1	1
4436	2	0	1	2
4437	2	1	1	2
4438	2	1	1	2
4439	2	1	1	2
4440	3	1	1	2
4441	4	1	0	1
4442	4	2	0	1
4443	3	2	0	1
4444	2	2	0	0
4445	2	1	0	0
4446	2	1	0	0
4447	2	1	0	0
4448	1	1	0	0
4449	0	1	0	1
4450	0	0	0	2
4451	0	1	0	2
4452	1	1	0	2
4453	1	1	0	2
4454	1	1	1	1
4455	1	1	1	1
4456	1	2	1	1
4457	1	2	1	0
4458	2	2	1	0
4459	2	2	1	0
4460	1	2	1	0
4461	1	2	3	1
4462	1	2	2	1
4463	1	2	2	1
4464	1	1	2	1
4465	1	1	2	1
4466	0	1	2	1
4467	0	0	2	1
4468	0	0	2	1
4469	0	0	0	1
4470	0	0	0	0
4471	0	0	0	0
4472	0	0	0	0
4473	0	0	0	0
4474	0	0	0	0
4475	0	0	0	0
4476	0	0	0	0
4477	0	0	0	0
4478	0	0	0	0
4479	0	0	0	0
4480	0	0	0	0
4481	0	0	0	0
4482	1	0	0	0
4483	1	0	1	0
4484	1	0	2	0
4485	1	0	2	0
4486	2	0	2	0
4487	2	0	3	0
4488	2	0	3	0
4489	3	1	3	0
4490	2	1	3	0
4491	3	1	3	1
4492	3	1	1	1
4493	4	1	1	1
4494	3	1	1	1
4495	4	1	1	1
4496	4	2	1	1
4497	2	1	0	1
4498	2	3	1	1
4499	2	3	1	0
4500	1	3	1	0
4501	1	3	1	0
4502	1	3	1	0
4503	0	3	1	0
4504	0	2	1	0
4505	0	2	1	0
4506	0	1	2	0
4507	0	0	1	0
4508	0	0	1	0
4509	0	0	1	0
4510	0	0	1	0
4511	0	0	1	0
4512	0	0	1	0
4513	0	0	1	0
4514	0	1	0	1
4515	0	1	0	1
4516	0	1	0	1
4517	0	2	0	1
4518	0	2	0	1
4519	0	2	0	1
4520	0	2	0	1
4521	0	2	0	1
4522	0	2	0	0
4523	0	2	0	0
4524	0	2	0	0
4525	1	1	0	0
4526	1	1	0	0
4527	1	2	1	0
4528	1	2	1	1
4529	1	2	1	1
4530	1	2	1	3
4531	1	2	1	3
4532	1	2	1	3
4533	0	3	1	3
4534	0	3	1	3
4535	0	2	0	5
4536	0	2	0	4
4537	0	2	0	4
4538	0	1	0	3
4539	0	1	0	2
4540	0	1	0	3
4541	0	0	0	3
4542	0	0	1	3
4543	0	0	1	1
4544	0	0	2	1
4545	0	0	2	1
4546	1	0	2	1
4547	2	0	2	1
4548	2	0	2	1
4549	2	0	2	0
4550	2	0	1	0
4551	2	0	1	0
4552	2	0	1	0
4553	2	0	0	0
4554	1	0	0	0
4555	0	0	0	0
4556	0	0	0	0
4557	0	0	0	0
4558	0	0	0	0
4559	0	0	0	0
4560	0	0	0	0
4561	0	0	0	0
4562	0	0	0	0
4563	0	0	0	0
4564	0	0	0	0
4565	0	0	0	0
4566	0	0	0	0
4567	0	0	0	0
4568	0	0	0	0
4569	0	0	0	0
4570	0	0	0	0
4571	0	0	0	0
4572	0	0	0	0
4573	0	0	0	0
4574	0	0	0	0
4575	0	0	0	0
4576	0	0	0	0
4577	0	0	0	0
4578	0	0	0	0
4579	0	0	0	0
4580	0	0	0	0
4581	0	0	0	1
4582	0	0	0	1
4583	0	0	0	1
4584	0	0	0	1
4585	0	0	0	1
4586	0	1	0	1
4587	0	1	0	1
4588	0	1	0	1
4589	0	1	1	1
4590	1	1	2	1
4591	1	1	2	0
4592	1	2	2	0
4593	2	2	2	0
4594	2	1	2	0
4595	2	1	2	0
4596	2	1	2	0
4597	2	1	1	0
4598	1	1	0	0
4599	1	1	0	0
4600	1	1	0	0
4601	0	1	0	0
4602	0	0	0	0
4603	0	0	0	0
4604	0	0	0	0
4605	0	0	0	0
4606	0	1	0	0
4607	0	1	0	0
4608	0	1	0	0
4609	0	2	0	0
4610	0	2	0	0
4611	0	2	0	0
4612	1	2	0	0
4613	1	2	0	0
4614	1	1	1	0
4615	1	1	2	0
4616	1	1	2	0
4617	1	0	2	0
4618	1	0	2	0
4619	1	0	2	0
4620	0	0	2	0
4621	0	0	2	1
4622	0	0	1	2
4623	0	0	0	3
4624	0	0	0	3
4625	0	0	0	3
4626	0	0	0	3
4627	0	0	0	3
4628	0	1	0	3
4629	1	1	0	4
4630	1	2	0	3
4631	1	2	0	2
4632	1	2	0	2
4633	2	2	2	2
4634	2	3	2	2
4635	2	3	2	2
4636	2	3	2	2
4637	1	3	2	0
4638	1	3	2	0
4639	1	3	2	2
4640	1	2	2	2
4641	1	2	1	2
4642	0	2	1	3
4643	1	2	1	3
4644	1	2	0	4
4645	1	0	0	5
4646	1	0	0	5
4647	1	0	0	4
4648	1	0	0	4
4649	1	0	0	3
4650	1	0	0	2
4651	0	0	0	2
4652	0	0	0	1
4653	0	0	0	0
4654	0	0	0	0
4655	0	0	0	0
4656	0	0	0	0
4657	0	0	0	0
4658	0	0	0	0
4659	0	0	0	0
4660	0	0	0	0
4661	0	2	0	0
4662	0	2	0	0
4663	0	2	1	0
4664	0	2	1	0
4665	0	2	1	0
4666	0	2	1	0
4667	0	2	1	0
4668	0	2	1	0
4669	1	2	1	1
4670	1	2	1	1
4671	1	2	0	1
4672	1	2	0	1
4673	1	2	0	1
4674	1	2	0	1
4675	1	2	0	1
4676	1	2	0	1
4677	0	0	0	1
4678	0	0	0	2
4679	0	0	0	2
4680	0	0	0	3
4681	0	0	0	3
4682	0	0	0	4
4683	0	0	0	4
4684	0	0	0	4
4685	0	0	1	3
4686	0	0	1	2
4687	0	1	1	3
4688	2	1	1	5
4689	2	1	3	5
4690	2	4	4	5
4691	4	4	4	4
4692	5	4	5	5
4693	6	5	7	5
4694	6	6	137	7
4695	7	8	138	7
4696	6	7	138	6
4697	6	7	139	5
4698	6	4	137	5
4699	5	5	137	5
4700	5	5	137	4
4701	4	4	134	4
4702	2	3	3	3
4703	1	1	2	2
4704	1	1	2	1
4705	1	1	0	0
4706	0	1	0	0
4707	0	0	0	0
4708	0	0	0	0
4709	0	0	0	0
4710	0	0	0	0
4711	0	0	0	0
4712	0	0	0	0
4713	0	0	0	0
4714	0	0	0	0
4715	0	0	0	0
4716	0	0	0	0
4717	0	0	0	0
4718	0	0	0	0
4719	0	0	0	0
4720	0	0	0	0
4721	0	0	0	0
4722	0	0	0	0
4723	0	0	0	0
4724	0	0	0	0
4725	0	0	0	0
4726	0	0	0	0
4727	0	0	0	0
4728	0	0	0	0
4729	0	0	1	0
4730	0	0	1	0
4731	0	0	1	0
4732	0	0	1	0
4733	0	0	1	0
4734	1	0	1	0
4735	2	2	2	0
4736	2	2	5	0
4737	2	2	5	1
4738	2	2	6	1
4739	2	3	5	2
4740	2	5	5	2
4741	3	6	5	2
4742	2	6	5	2
4743	1	4	4	2
4744	1	4	4	2
4745	1	4	1	1
4746	1	4	1	1
4747	1	3	0	0
4748	1	2	0	0
4749	1	2	1	1
4750	0	2	1	1
4751	0	2	1	1
4752	0	2	1	2
4753	0	2	1	2
4754	0	2	1	2
4755	0	2	1	2
4756	0	2	1	3
4757	0	0	3	5
4758	2	0	3	4
4759	2	0	3	7
4760	2	0	5	8
4761	6	2	7	8
4762	6	2	7	8
4763	7	2	9	9
4764	7	3	9	9
4765	7	3	7	8
4766	5	4	7	7
4767	6	4	7	9
4768	6	4	6	6
4769	5	3	4	6
4770	4	3	3	6
4771	3	3	2	5
4772	2	2	2	5
4773	2	2	2	5
4774	3	1	1	2
4775	2	1	0	1
4776	2	1	0	1
4777	2	0	0	0
4778	2	0	0	0
4779	2	0	0	0
4780	2	0	0	0
4781	2	0	0	1
4782	1	1	0	2
4783	1	1	0	2
4784	1	2	1	2
4785	1	2	1	2
4786	0	2	2	2
4787	0	2	2	2
4788	0	2	2	2
4789	0	2	2	1
4790	0	2	2	1
4791	0	1	2	0
4792	0	1	1	0
4793	0	0	1	0
4794	0	0	0	0
4795	0	0	0	0
4796	1	1	0	0
4797	1	1	0	0
4798	1	1	0	0
4799	1	1	0	0
4800	1	3	0	0
4801	1	3	0	0
4802	1	3	0	0
4803	1	3	0	0
4804	1	3	0	0
4805	0	2	0	0
4806	0	2	0	0
4807	0	2	0	0
4808	0	1	0	0
4809	0	0	0	0
4810	0	0	0	0
4811	0	0	0	0
4812	0	0	0	0
4813	0	0	1	0
4814	0	0	2	0
4815	0	0	2	0
4816	0	0	2	0
4817	0	0	2	0
4818	0	1	2	0
4819	0	1	2	0
4820	0	1	2	0
4821	0	1	2	0
4822	0	1	1	0
4823	0	1	1	0
4824	0	1	0	1
4825	0	1	0	1
4826	0	0	0	1
4827	0	0	0	1
4828	0	0	0	1
4829	0	0	0	1
4830	0	0	0	1
4831	0	0	0	1
4832	0	0	0	1
4833	0	0	0	0
4834	0	0	0	0
4835	0	0	0	0
4836	0	0	0	0
4837	0	0	0	1
4838	1	0	0	1
4839	1	0	2	2
4840	1	0	2	2
4841	1	0	2	3
4842	2	0	2	3
4843	3	1	2	3
4844	3	2	4	3
4845	3	3	4	4
4846	3	3	4	3
4847	2	3	2	2
4848	2	3	2	2
4849	2	3	2	2
4850	2	3	2	2
4851	1	2	2	1
4852	2	1	1	1
4853	1	0	0	1
4854	1	0	0	1
4855	1	1	0	2
4856	1	1	0	2
4857	1	1	0	2
4858	1	1	1	3
4859	1	1	1	4
4860	1	2	1	4
4861	0	3	1	3
4862	0	4	1	3
4863	1	3	2	2
4864	1	3	2	2
4865	2	4	3	4
4866	2	4	2	4
4867	2	4	2	4
4868	2	3	2	4
4869	2	2	2	4
4870	2	1	2	3
4871	1	1	1	3
4872	1	1	1	3
4873	0	0	0	0
4874	0	0	0	0
4875	0	0	0	0
4876	0	0	2	0
4877	0	0	2	0
4878	0	0	2	0
4879	0	0	2	0
4880	0	0	2	0
4881	0	1	0	0
4882	0	1	0	0
4883	0	1	0	0
4884	0	1	0	0
4885	0	1	0	0
4886	0	1	0	0
4887	0	1	0	1
4888	0	1	0	1
4889	0	0	0	1
4890	0	0	1	1
4891	0	0	1	1
4892	0	0	1	1
4893	0	0	2	2
4894	0	0	2	2
4895	0	0	2	1
4896	0	0	2	1
4897	0	0	2	1
4898	0	0	1	1
4899	0	0	1	1
4900	0	0	1	1
4901	0	0	1	0
4902	1	0	0	0
4903	1	0	0	0
4904	1	0	1	0
4905	1	0	1	0
4906	1	1	1	0
4907	1	1	1	0
4908	1	1	1	0
4909	1	1	1	0
4910	0	1	1	0
4911	0	1	1	0
4912	0	1	0	0
4913	0	1	0	0
4914	0	1	0	0
4915	0	0	0	0
4916	0	0	0	0
4917	0	0	0	0
4918	0	0	0	0
4919	0	0	0	0
4920	0	0	0	0
4921	0	0	0	0
4922	0	0	0	0
4923	0	0	0	0
4924	0	0	0	0
4925	0	0	0	0
4926	1	0	0	0
4927	1	0	0	1
4928	1	0	0	1
4929	1	1	0	1
4930	1	1	0	1
4931	1	2	0	1
4932	1	2	0	1
4933	1	2	0	1
4934	0	2	0	1
4935	0	2	0	1
4936	0	2	0	1
4937	1	1	0	1
4938	1	1	0	1
4939	1	0	0	2
4940	1	1	2	2
4941	1	1	2	2
4942	1	1	2	2
4943	1	1	4	1
4944	1	2	6	1
4945	1	3	10	1
4946	0	4	10	1
4947	0	4	10	0
4948	0	4	8	0
4949	0	4	8	0
4950	1	3	8	0
4951	1	3	7	0
4952	2	2	7	0
4953	2	2	2	0
4954	2	0	1	0
4955	2	0	1	1
4956	2	0	1	1
4957	2	0	1	1
4958	1	0	1	1
4959	1	0	1	1
4960	0	0	0	1
4961	0	0	0	1
4962	1	0	0	1
4963	1	0	0	1
4964	1	0	0	0
4965	1	0	0	0
4966	1	2	0	0
4967	1	2	0	0
4968	2	2	0	0
4969	2	2	0	1
4970	2	2	0	1
4971	1	2	0	1
4972	1	2	0	1
4973	2	2	0	1
4974	2	1	0	1
4975	2	0	0	1
4976	1	0	0	1
4977	1	0	0	0
4978	1	0	0	0
4979	1	0	0	0
4980	1	0	0	0
4981	1	0	0	0
4982	0	0	0	0
4983	0	0	0	0
4984	0	0	0	0
4985	0	0	0	0
4986	0	1	0	0
4987	0	1	0	0
4988	0	1	0	0
4989	0	1	0	1
4990	0	1	0	1
4991	0	1	0	1
4992	0	1	0	1
4993	0	1	0	1
4994	0	0	0	1
4995	0	0	0	1
4996	0	0	0	1
4997	0	0	0	0
4998	0	0	0	0
4999	0	0	0	0
5000	0	0	0	0
5001	0	0	0	0
5002	0	0	0	0
5003	0	0	0	0
5004	1	0	0	0
5005	1	0	0	0
5006	1	0	0	0
5007	1	0	0	0
5008	1	0	0	0
5009	1	0	0	0
5010	1	0	0	0
5011	1	0	0	0
5012	1	0	0	0
5013	1	0	0	0
5014	1	0	0	0
5015	1	0	0	1
5016	1	0	0	1
5017	1	0	0	2
5018	1	0	1	2
5019	1	0	1	4
5020	0	0	1	4
5021	0	0	1	4
5022	0	0	1	4
5023	0	0	1	3
5024	0	1	1	3
5025	0	1	1	3
5026	0	1	0	2
5027	0	1	0	0
5028	0	1	0	0
5029	0	1	0	1
5030	0	1	0	1
5031	0	2	0	1
5032	0	1	0	1
5033	1	1	0	1
5034	1	1	0	1
5035	1	1	0	1
5036	1	1	0	1
5037	1	1	0	0
5038	2	1	0	0
5039	2	0	0	0
5040	3	0	0	0
5041	3	0	0	0
5042	3	0	0	0
5043	3	1	0	0
5044	2	1	0	0
5045	2	1	0	0
5046	1	1	0	0
5047	1	2	0	0
5048	1	2	0	0
5049	1	2	0	0
5050	1	3	0	0
5051	1	2	0	0
5052	1	2	0	0
5053	1	2	0	0
5054	1	2	0	0
5055	1	2	0	0
5056	0	1	0	1
5057	0	1	0	1
5058	0	0	1	1
5059	0	0	1	1
5060	0	0	2	1
5061	0	1	2	1
5062	0	1	2	1
5063	12	1	2	1
5064	12	2	2	2
5065	13	2	2	1
5066	13	2	2	1
5067	13	2	1	1
5068	13	2	0	1
5069	13	1	0	1
5070	13	1	0	1
5071	1	1	0	2
5072	1	1	0	2
5073	0	0	0	1
5074	0	0	0	1
5075	1	0	0	1
5076	2	0	0	1
5077	3	1	0	4
5078	3	2	1	5
5079	4	2	1	6
5080	4	2	1	5
5081	4	4	1	5
5082	4	4	2	5
5083	3	4	3	5
5084	4	5	3	5
5085	3	5	4	6
5086	6	5	4	6
5087	9	5	4	6
5088	8	5	4	6
5089	8	5	4	8
5090	8	5	3	7
5091	19	13	16	27
5092	18	12	17	28
5093	17	11	16	26
5094	16	10	15	25
5095	12	8	14	25
5096	11	8	14	24
5097	11	8	14	22
5098	11	8	14	22
5099	0	1	1	2
5100	0	1	1	1
5101	1	1	0	1
5102	1	1	0	1
5103	2	1	0	0
5104	2	1	0	0
5105	2	1	0	0
5106	3	2	0	0
5107	3	3	0	1
5108	4	4	1	2
5109	4	5	1	3
5110	4	5	1	4
5111	3	5	2	4
5112	4	5	2	4
5113	4	5	2	4
5114	8	5	4	5
5115	12	7	6	16
5116	10	6	14	19
5117	12	6	15	20
5118	13	6	16	21
5119	14	8	15	20
5120	14	8	15	20
5121	15	8	17	20
5122	13	10	17	20
5123	10	9	15	13
5124	10	7	8	5
5125	9	5	5	2
5126	10	5	2	1
5127	10	3	4	1
5128	9	3	4	1
5129	9	4	3	1
5130	6	2	2	0
5131	6	1	2	0
5132	4	1	2	0
5133	3	1	2	0
5134	2	1	2	0
5135	2	1	0	0
5136	1	1	0	0
5137	0	0	0	0
5138	0	0	0	0
5139	0	0	0	0
5140	0	0	0	0
5141	0	0	0	0
5142	0	0	0	0
5143	0	0	0	0
5144	0	0	0	0
5145	0	0	0	0
5146	0	0	0	0
5147	0	0	0	0
5148	0	0	0	0
5149	0	0	0	0
5150	0	0	0	0
5151	0	0	0	0
5152	0	0	1	0
5153	0	1	2	0
5154	0	1	2	0
5155	0	1	2	0
5156	0	1	2	0
5157	0	1	2	0
5158	0	1	2	0
5159	0	1	2	0
5160	0	1	2	0
5161	0	0	0	0
5162	0	0	0	0
5163	0	0	0	0
5164	0	0	0	0
5165	0	0	0	0
5166	0	0	0	0
5167	0	0	0	0
5168	0	0	0	0
5169	0	0	0	0
5170	0	0	0	0
5171	0	0	0	0
5172	0	0	0	0
5173	0	0	1	0
5174	0	0	1	0
5175	0	0	2	0
5176	0	0	2	0
5177	0	0	2	0
5178	0	0	2	0
5179	0	0	2	0
5180	0	0	2	0
5181	0	0	1	2
5182	0	0	1	2
5183	0	0	1	2
5184	1	0	1	2
5185	1	0	0	3
5186	1	0	0	3
5187	1	0	0	3
5188	1	0	1	3
5189	1	0	1	2
5190	1	0	1	1
5191	1	0	1	1
5192	1	0	2	1
5193	0	0	2	0
5194	0	0	2	1
5195	0	0	2	1
5196	0	0	1	1
5197	0	0	1	1
5198	0	0	1	1
5199	0	0	1	1
5200	2	0	0	1
5201	2	0	0	1
5202	2	0	0	1
5203	2	0	0	0
5204	2	0	0	0
5205	2	1	0	0
5206	2	1	0	0
5207	3	1	0	0
5208	1	1	0	0
5209	1	1	1	0
5210	1	1	1	0
5211	0	1	1	0
5212	0	1	3	0
5213	0	0	3	1
5214	0	0	3	1
5215	0	0	3	1
5216	1	1	4	1
5217	2	1	4	2
5218	2	1	4	3
5219	2	1	3	3
5220	2	1	2	3
5221	2	1	2	4
5222	2	1	2	5
5223	2	1	2	6
5224	1	1	1	6
5225	0	0	1	6
5226	1	0	2	7
5227	1	0	3	7
5228	1	1	2	7
5229	1	1	2	6
5230	1	1	3	5
5231	1	1	3	3
5232	1	1	3	3
5233	1	1	3	3
5234	0	1	2	0
5235	0	1	2	0
5236	1	0	1	1
5237	1	0	1	1
5238	1	0	1	1
5239	1	0	1	1
5240	1	0	0	1
5241	1	0	0	1
5242	1	0	0	1
5243	1	0	0	1
5244	1	0	0	0
5245	0	1	0	0
5246	0	1	0	0
5247	0	1	0	0
5248	0	1	0	0
5249	0	1	0	0
5250	0	1	0	0
5251	0	1	0	0
5252	0	1	0	0
5253	0	0	0	0
5254	0	0	0	0
5255	0	0	0	0
5256	0	0	0	0
5257	0	0	0	0
5258	0	1	0	1
5259	2	1	0	1
5260	2	3	0	1
5261	2	3	0	1
5262	2	3	0	1
5263	2	3	0	1
5264	2	3	0	2
5265	3	3	0	2
5266	3	3	0	1
5267	1	2	0	1
5268	1	0	0	2
5269	1	0	0	2
5270	1	0	0	2
5271	1	0	0	2
5272	2	0	1	2
5273	1	0	1	1
5274	1	0	1	1
5275	1	0	2	1
5276	1	0	2	0
5277	1	0	3	1
5278	1	0	2	1
5279	1	0	2	1
5280	0	0	1	1
5281	0	0	1	1
5282	0	0	1	1
5283	0	0	0	1
5284	0	0	0	1
5285	0	0	0	0
5286	0	0	0	0
5287	0	0	0	0
5288	0	0	0	0
5289	0	0	0	0
5290	0	0	0	1
5291	0	0	0	1
5292	0	0	0	1
5293	0	0	0	1
5294	0	0	0	2
5295	0	0	0	2
5296	0	0	0	2
5297	0	0	1	2
5298	0	0	1	2
5299	0	0	1	2
5300	0	0	1	2
5301	1	0	0	2
5302	1	0	0	1
5303	1	1	0	1
5304	1	1	0	1
5305	1	3	0	1
5306	1	3	0	0
5307	1	3	0	0
5308	1	3	0	0
5309	0	3	0	0
5310	1	4	1	1
5311	1	3	1	1
5312	1	3	1	1
5313	1	1	1	1
5314	1	1	1	1
5315	1	1	1	2
5316	1	1	1	2
5317	1	1	1	2
5318	0	0	0	1
5319	0	0	0	1
5320	1	0	1	2
5321	1	2	1	3
5322	3	2	2	4
5323	4	2	2	6
5324	4	2	2	6
5325	5	3	2	7
5326	5	3	2	7
5327	5	3	2	7
5328	5	3	1	7
5329	5	2	1	6
5330	2	1	0	5
5331	2	1	0	3
5332	1	1	0	2
5333	0	0	0	1
5334	0	0	1	1
5335	0	0	1	1
5336	0	0	1	1
5337	0	0	1	1
5338	0	0	1	1
5339	0	0	1	0
5340	0	0	1	0
5341	0	0	1	0
5342	0	0	0	0
5343	1	0	0	0
5344	1	0	0	1
5345	2	0	0	1
5346	2	0	0	1
5347	2	0	0	2
5348	2	1	0	2
5349	2	1	0	2
5350	2	1	0	2
5351	1	1	0	2
5352	1	1	0	2
5353	0	1	0	1
5354	0	1	0	3
5355	0	1	0	2
5356	1	1	0	5
5357	1	0	1	5
5358	1	0	1	5
5359	1	0	1	5
5360	1	0	1	5
5361	1	0	2	5
5362	2	0	2	4
5363	2	0	3	4
5364	3	0	3	0
5365	2	0	3	0
5366	2	0	2	0
5367	2	0	2	0
5368	2	0	2	0
5369	3	1	1	1
5370	2	1	1	1
5371	2	3	1	1
5372	2	3	1	1
5373	1	4	1	1
5374	1	4	1	1
5375	2	4	3	1
5376	2	4	3	2
5377	2	3	3	2
5378	2	3	3	1
5379	1	3	2	1
5380	1	1	2	1
5381	1	0	2	1
5382	1	0	2	1
5383	0	0	0	1
5384	0	0	0	1
5385	1	0	0	0
5386	1	0	0	0
5387	2	1	1	0
5388	2	1	1	0
5389	2	1	1	0
5390	2	1	1	0
5391	3	1	1	0
5392	3	1	1	0
5393	3	1	1	0
5394	3	1	1	0
5395	2	0	0	0
5396	2	0	0	0
5397	3	0	0	0
5398	3	1	0	0
5399	2	1	0	0
5400	2	1	0	0
5401	1	1	0	0
5402	1	1	0	0
5403	1	1	0	0
5404	1	1	0	0
5405	0	1	0	1
5406	0	1	0	1
5407	0	0	0	1
5408	1	0	0	2
5409	1	0	0	4
5410	1	0	0	4
5411	1	0	0	4
5412	1	0	0	4
5413	1	0	0	3
5414	1	0	0	3
5415	1	0	0	3
5416	1	0	0	2
5417	0	0	0	0
5418	0	0	0	0
5419	0	0	0	0
5420	0	0	0	0
5421	0	1	0	0
5422	0	1	0	0
5423	0	1	0	0
5424	1	1	0	0
5425	1	1	0	0
5426	1	1	0	0
5427	1	2	0	0
5428	1	2	0	0
5429	1	1	0	0
5430	1	2	0	0
5431	1	2	0	0
5432	0	2	0	0
5433	0	2	0	0
5434	1	2	0	0
5435	2	2	0	0
5436	2	1	0	0
5437	2	1	0	0
5438	2	0	0	0
5439	3	0	0	0
5440	3	0	0	0
5441	3	0	0	0
5442	2	0	0	0
5443	2	0	0	0
5444	1	0	0	0
5445	2	0	1	0
5446	2	0	1	0
5447	2	0	1	0
5448	3	0	1	0
5449	3	0	1	0
5450	4	1	1	2
5451	4	2	1	2
5452	4	2	1	2
5453	5	2	1	2
5454	4	2	0	3
5455	4	2	1	4
5456	4	2	1	4
5457	3	3	1	4
5458	3	2	1	3
5459	3	1	1	3
5460	2	1	1	2
5461	2	1	1	5
5462	2	1	1	5
5463	2	2	0	3
5464	2	2	0	3
5465	2	1	1	3
5466	1	1	1	3
5467	1	1	1	3
5468	1	1	1	3
5469	1	1	1	0
5470	0	1	1	0
5471	0	1	1	1
5472	0	0	1	2
5473	0	0	0	2
5474	0	0	0	2
5475	0	0	0	2
5476	0	0	0	2
5477	0	0	0	2
5478	0	0	0	2
5479	0	0	0	1
5480	0	0	1	0
5481	0	0	1	0
5482	1	0	2	0
5483	1	0	4	0
5484	1	0	4	1
5485	1	0	4	1
5486	1	0	4	1
5487	1	0	4	1
5488	1	0	3	2
5489	1	0	3	4
5490	1	0	4	4
5491	0	0	1	4
5492	0	0	1	4
5493	1	0	1	4
5494	1	0	1	4
5495	2	0	1	5
5496	2	0	1	6
5497	2	0	1	5
5498	2	0	0	5
5499	1	0	0	5
5500	1	0	0	5
5501	0	0	0	4
5502	0	0	0	4
5503	0	0	0	3
5504	0	0	0	1
5505	0	0	0	1
5506	0	0	0	1
5507	0	0	0	1
5508	0	0	0	0
5509	0	0	0	0
5510	0	0	0	0
5511	0	0	0	0
5512	0	0	0	0
5513	0	0	0	0
5514	0	0	0	0
5515	0	0	0	0
5516	0	0	0	0
5517	0	0	0	0
5518	0	0	0	0
5519	0	0	0	0
5520	0	0	0	0
5521	0	0	1	0
5522	0	0	1	0
5523	0	0	1	0
5524	0	0	1	0
5525	0	0	1	1
5526	0	0	1	1
5527	1	0	1	2
5528	1	0	2	2
5529	1	0	1	2
5530	1	0	1	2
5531	1	0	1	2
5532	1	0	1	2
5533	1	1	1	1
5534	2	1	1	1
5535	1	2	1	1
5536	1	2	0	1
5537	1	2	0	0
5538	1	2	0	0
5539	1	2	0	0
5540	1	2	0	0
5541	1	2	0	0
5542	0	1	0	0
5543	0	0	0	0
5544	0	0	0	0
5545	0	0	0	0
5546	0	0	0	0
5547	0	0	0	0
5548	0	0	0	0
5549	0	0	0	0
5550	0	0	0	0
5551	0	0	0	0
5552	0	0	0	0
5553	0	0	0	0
5554	0	0	0	0
5555	0	0	0	0
5556	0	0	0	0
5557	0	0	0	0
5558	0	0	0	0
5559	0	0	0	0
5560	0	0	0	0
5561	0	0	0	0
5562	0	0	0	0
5563	0	0	0	0
5564	1	0	1	0
5565	1	0	1	0
5566	1	0	1	0
5567	1	0	1	0
5568	1	0	1	0
5569	1	0	1	1
5570	1	0	1	1
5571	1	0	1	1
5572	0	0	0	1
5573	0	0	0	1
5574	0	0	0	0
5575	0	0	0	0
5576	0	0	0	0
5577	0	0	0	0
5578	1	0	0	0
5579	1	0	0	0
5580	1	0	0	1
5581	1	0	0	1
5582	2	0	0	1
5583	2	0	0	1
5584	2	0	0	1
5585	2	0	0	1
5586	1	0	0	1
5587	1	0	0	2
5588	1	1	0	1
5589	1	1	0	1
5590	0	2	0	3
5591	0	4	1	3
5592	0	3	1	3
5593	0	3	1	3
5594	0	3	1	3
5595	0	3	1	2
5596	1	3	1	5
5597	2	3	1	6
5598	2	3	1	6
5599	3	3	0	4
5600	3	2	0	4
5601	3	2	0	3
5602	3	3	0	3
5603	4	3	0	3
5604	4	3	0	0
5605	2	3	0	1
5606	2	2	0	2
5607	1	2	0	2
5608	1	3	0	2
5609	1	3	0	3
5610	1	3	0	3
5611	1	2	0	3
5612	0	2	1	3
5613	0	1	1	2
5614	0	1	1	1
5615	0	1	1	1
5616	0	0	0	1
5617	0	0	0	1
5618	0	0	0	0
5619	0	0	0	0
5620	0	0	0	0
5621	0	0	0	0
5622	0	0	0	0
5623	0	0	0	0
5624	0	0	0	0
5625	0	0	0	0
5626	0	0	0	0
5627	0	0	0	0
5628	0	0	0	0
5629	0	0	0	0
5630	0	0	0	0
5631	0	0	0	1
5632	0	0	0	1
5633	0	0	0	1
5634	0	1	0	1
5635	0	1	0	1
5636	0	1	0	1
5637	0	1	0	1
5638	0	1	0	2
5639	0	1	0	1
5640	0	1	0	2
5641	2	1	1	3
5642	3	1	1	3
5643	3	0	1	3
5644	3	0	1	3
5645	4	2	1	3
5646	4	2	1	3
5647	4	2	1	2
5648	4	2	1	2
5649	5	3	2	0
5650	3	3	2	1
5651	3	2	2	2
5652	3	3	3	2
5653	2	2	2	2
5654	2	2	2	2
5655	2	2	2	2
5656	2	2	2	2
5657	0	1	1	2
5658	1	1	1	1
5659	1	1	1	1
5660	1	0	0	0
5661	1	0	0	0
5662	1	0	0	0
5663	1	0	0	1
5664	1	0	0	1
5665	1	0	0	1
5666	0	0	0	1
5667	1	0	1	2
5668	1	0	1	2
5669	1	0	1	2
5670	1	0	1	2
5671	1	0	2	1
5672	1	0	2	1
5673	1	0	2	1
5674	1	0	2	2
5675	0	0	2	2
5676	1	0	1	1
5677	1	0	2	1
5678	1	1	2	2
5679	1	2	1	4
5680	1	2	1	4
5681	1	2	2	11
5682	1	2	2	10
5683	1	2	2	8
5684	1	2	2	8
5685	1	2	2	7
5686	1	1	2	9
5687	0	1	3	9
5688	0	0	3	8
5689	0	1	2	2
5690	0	1	2	2
5691	0	1	3	2
5692	0	2	4	2
5693	0	2	3	2
5694	0	2	4	2
5695	0	2	3	2
5696	0	2	4	0
5697	0	1	4	0
5698	0	1	4	0
5699	0	1	3	0
5700	0	0	2	0
5701	0	0	2	0
5702	0	0	2	0
5703	0	0	1	1
5704	0	0	0	1
5705	0	0	0	1
5706	0	0	0	1
5707	0	0	0	1
5708	0	1	1	1
5709	0	1	1	2
5710	0	1	1	2
5711	0	1	1	1
5712	0	1	1	1
5713	0	1	1	1
5714	0	1	1	1
5715	0	1	1	1
5716	0	0	0	1
5717	0	0	0	0
5718	0	0	0	0
5719	0	0	1	0
5720	0	0	1	0
5721	0	0	1	0
5722	0	0	1	0
5723	0	0	2	0
5724	0	0	2	0
5725	0	0	2	0
5726	1	0	2	1
5727	1	0	2	1
5728	1	0	1	1
5729	1	0	1	1
5730	2	0	1	2
5731	2	0	0	1
5732	2	0	0	2
5733	3	0	0	2
5734	2	0	0	2
5735	2	0	0	2
5736	2	0	0	2
5737	2	0	0	3
5738	1	0	0	3
5739	1	0	0	2
5740	1	0	0	1
5741	0	0	0	1
5742	0	0	0	1
5743	0	0	0	1
5744	0	0	1	1
5745	0	0	1	0
5746	0	0	1	0
5747	0	0	1	0
5748	0	0	1	0
5749	0	0	1	0
5750	0	2	1	0
5751	0	2	1	0
5752	0	4	0	0
5753	0	4	0	0
5754	0	2	0	0
5755	1	2	0	0
5756	1	2	0	0
5757	1	2	0	0
5758	2	2	0	0
5759	2	2	0	0
5760	2	0	0	0
5761	2	0	0	0
5762	1	0	0	0
5763	1	0	0	0
5764	1	1	0	0
5765	1	1	0	0
5766	0	1	0	1
5767	0	1	0	2
5768	0	1	0	2
5769	0	1	0	2
5770	0	1	0	2
5771	0	2	1	2
5772	0	1	1	2
5773	1	1	1	2
5774	1	1	1	1
5775	1	2	1	3
5776	4	4	1	4
5777	4	5	1	6
5778	5	5	2	6
5779	6	5	2	7
5780	6	5	2	7
5781	6	5	2	7
5782	5	5	2	7
5783	6	7	3	7
5784	4	5	3	7
5785	4	4	4	5
5786	5	6	5	4
5787	6	4	4	4
5788	6	4	5	4
5789	6	4	5	4
5790	6	4	6	4
5791	6	2	5	4
5792	6	2	5	3
5793	5	2	4	3
5794	4	3	4	2
5795	0	1	2	1
5796	0	1	1	0
5797	0	1	0	0
5798	0	1	2	0
5799	0	1	2	0
5800	0	1	2	0
5801	0	1	2	0
5802	0	0	2	0
5803	0	0	2	0
5804	0	0	2	0
5805	0	0	2	0
5806	0	0	0	0
5807	0	0	0	0
5808	0	0	0	0
5809	0	0	0	0
5810	0	0	0	0
5811	1	0	0	0
5812	1	0	0	0
5813	1	0	0	0
5814	1	0	0	0
5815	1	0	0	0
5816	1	0	0	0
5817	1	0	0	0
5818	1	2	0	0
5819	0	2	0	0
5820	0	2	0	0
5821	0	2	0	0
5822	0	3	0	0
5823	0	3	0	0
5824	0	3	0	0
5825	1	3	0	0
5826	1	2	0	0
5827	1	1	0	0
5828	1	1	0	0
5829	1	1	0	0
5830	1	0	0	0
5831	1	1	0	0
5832	1	1	4	0
5833	0	1	4	0
5834	0	1	4	0
5835	0	1	4	0
5836	0	1	4	0
5837	0	1	4	0
5838	0	1	4	0
5839	0	0	4	0
5840	0	0	0	0
5841	0	0	0	0
5842	0	0	0	0
5843	0	0	0	0
5844	0	0	0	0
5845	0	0	0	0
5846	0	0	0	0
5847	0	0	0	0
5848	0	0	0	0
5849	0	0	0	0
5850	0	0	0	0
5851	0	0	0	0
5852	0	0	0	0
5853	0	1	0	0
5854	0	1	0	0
5855	0	1	0	1
5856	0	1	0	1
5857	0	1	0	1
5858	0	1	0	1
5859	0	1	0	1
5860	0	1	0	1
5861	0	0	0	1
5862	0	0	0	1
5863	0	0	1	1
5864	3	1	1	3
5865	3	2	1	4
5866	3	3	1	6
5867	7	4	2	10
5868	9	5	5	12
5869	9	6	5	12
5870	9	8	5	12
5871	9	7	5	12
5872	7	6	8	9
5873	7	7	11	14
5874	7	7	11	12
5875	4	13	11	13
5876	3	12	11	9
5877	2	10	10	9
5878	2	8	8	10
5879	2	9	9	11
5880	2	9	8	11
5881	1	7	2	5
5882	1	7	2	5
5883	0	1	1	4
5884	0	1	1	2
5885	0	1	1	2
5886	0	1	2	1
5887	0	1	2	1
5888	0	2	4	3
5889	0	2	4	3
5890	1	2	4	3
5891	1	2	4	3
5892	1	2	4	3
5893	1	3	4	3
5894	1	3	4	3
5895	1	2	4	3
5896	1	2	0	2
5897	1	2	1	2
5898	0	3	1	3
5899	2	3	1	4
5900	2	2	1	4
5901	2	3	2	3
5902	2	2	2	2
5903	1	2	3	1
5904	2	2	3	1
5905	2	3	2	1
5906	2	3	2	1
5907	2	2	2	0
5908	2	3	2	0
5909	2	3	1	0
5910	2	2	2	0
5911	2	2	1	0
5912	2	2	1	0
5913	1	1	1	0
5914	1	1	1	0
5915	1	8	1	0
5916	0	7	1	0
5917	0	7	1	1
5918	0	7	0	1
5919	0	7	0	1
5920	0	7	0	2
5921	0	7	0	2
5922	0	7	0	2
5923	0	0	0	2
5924	0	0	0	2
5925	0	0	0	1
5926	0	1	0	1
5927	0	1	0	2
5928	0	2	0	1
5929	0	2	0	1
5930	0	2	0	1
5931	0	2	1	1
5932	0	3	1	1
5933	0	3	1	1
5934	0	2	1	2
5935	0	2	1	2
5936	0	1	1	1
5937	0	1	2	1
5938	0	1	2	1
5939	0	1	1	1
5940	0	0	1	1
5941	0	0	1	1
5942	0	0	1	2
5943	0	0	2	2
5944	0	0	2	2
5945	1	0	1	2
5946	1	0	1	2
5947	1	0	0	2
5948	1	0	0	2
5949	1	0	0	2
5950	1	0	0	0
5951	2	0	0	0
5952	2	0	0	2
5953	2	0	1	2
5954	1	0	1	2
5955	1	0	1	2
5956	1	0	1	2
5957	2	0	1	2
5958	2	0	1	4
5959	4	1	1	4
5960	4	1	2	3
5961	3	2	1	2
5962	3	2	2	4
5963	4	2	3	6
5964	4	2	4	6
5965	3	2	5	7
5966	4	3	6	6
5967	4	2	6	6
5968	3	3	5	6
5969	4	2	6	6
5970	4	3	4	4
5971	5	3	5	4
5972	4	5	4	5
5973	3	6	4	4
5974	2	7	3	4
5975	2	8	4	4
5976	2	7	4	4
5977	1	8	3	4
5978	3	9	6	6
5979	4	9	6	5
5980	3	9	6	5
5981	4	8	5	5
5982	6	4	6	6
5983	6	4	5	8
5984	7	4	5	9
5985	7	2	5	9
5986	4	1	3	8
5987	3	0	2	6
5988	3	0	1	5
5989	3	0	1	5
5990	2	1	0	4
5991	1	1	0	3
5992	1	1	0	1
5993	1	1	0	1
5994	1	0	0	0
5995	1	0	0	0
5996	0	0	0	0
5997	0	0	0	0
5998	0	0	0	0
5999	0	0	0	0
6000	0	0	0	0
6001	0	0	0	0
6002	0	0	0	0
6003	0	0	0	0
6004	0	0	0	0
6005	0	0	0	5
6006	0	0	1	5
6007	0	0	1	5
6008	0	0	1	5
6009	0	0	1	5
6010	0	0	1	5
6011	0	0	1	5
6012	0	0	1	5
6013	0	0	1	5
6014	0	0	1	0
6015	0	0	1	0
6016	0	0	1	0
6017	0	0	0	3
6018	0	0	0	4
6019	0	0	0	6
6020	0	0	0	6
6021	0	0	0	6
6022	0	0	0	6
6023	0	0	0	6
6024	0	0	0	6
6025	0	0	0	5
6026	0	0	0	5
6027	0	0	0	0
6028	0	0	0	0
6029	0	0	0	0
6030	0	0	0	0
6031	0	0	0	0
6032	0	0	0	0
6033	0	0	0	0
6034	0	0	0	0
6035	0	0	0	0
6036	0	0	0	0
6037	0	0	0	0
6038	0	0	0	0
6039	0	0	0	0
6040	0	0	0	0
6041	0	0	0	0
6042	0	0	0	1
6043	0	0	0	1
6044	0	0	0	1
6045	0	0	0	1
6046	0	2	0	1
6047	5	4	6	3
6048	5	4	8	3
6049	5	4	9	5
6050	5	4	9	5
6051	5	4	10	5
6052	5	5	12	5
6053	5	5	12	5
6054	5	3	12	5
6055	2	2	8	3
6056	1	2	5	3
6057	0	2	5	3
6058	0	2	5	0
6059	0	2	4	0
6060	0	1	2	1
6061	0	1	2	1
6062	0	1	2	2
6063	0	1	2	2
6064	0	1	3	3
6065	1	1	2	5
6066	1	1	2	5
6067	1	1	3	5
6068	1	1	3	4
6069	1	1	4	4
6070	1	1	4	3
6071	1	1	4	4
6072	1	1	2	4
6073	0	1	3	1
6074	1	1	3	1
6075	1	1	3	2
6076	1	1	3	2
6077	1	1	2	2
6078	1	1	2	2
6079	1	2	2	1
6080	1	2	2	1
6081	1	2	1	1
6082	0	2	1	1
6083	0	1	1	0
6084	1	1	0	0
6085	1	1	2	0
6086	2	2	2	1
6087	2	1	2	2
6088	3	1	2	2
6089	3	1	2	2
6090	3	1	2	2
6091	4	1	3	2
6092	3	1	3	1
6093	2	1	1	1
6094	1	0	1	2
6095	0	0	1	2
6096	0	0	1	2
6097	0	0	1	2
6098	0	0	1	2
6099	0	0	0	2
6100	0	2	0	2
6101	0	2	0	2
6102	0	2	0	1
6103	0	2	1	0
6104	0	2	2	0
6105	0	2	2	0
6106	0	2	2	0
6107	0	2	2	2
6108	0	0	1	2
6109	0	0	1	2
6110	0	0	1	2
6111	0	0	0	2
6112	0	1	1	2
6113	0	1	1	2
6114	0	1	1	2
6115	1	1	1	0
6116	1	1	1	0
6117	1	1	1	0
6118	1	2	1	0
6119	1	2	2	0
6120	1	1	2	0
6121	1	1	1	0
6122	1	1	1	0
6123	0	1	2	1
6124	0	1	2	1
6125	0	1	3	1
6126	1	0	3	1
6127	1	0	2	0
6128	1	0	2	1
6129	1	0	2	1
6130	1	0	2	1
6131	1	0	2	1
6132	1	0	2	2
6133	1	0	3	2
6134	3	0	6	4
6135	3	0	9	6
6136	3	0	9	6
6137	3	2	9	7
6138	3	5	10	8
6139	3	5	10	7
6140	4	5	10	6
6141	4	5	9	6
6142	2	5	8	6
6143	2	5	7	5
6144	1	8	5	4
6145	2	7	4	4
6146	2	3	4	2
6147	2	3	4	2
6148	2	3	4	2
6149	1	3	4	2
6150	1	3	3	2
6151	1	3	4	2
6152	1	1	4	2
6153	0	0	4	1
6154	0	0	3	1
6155	1	0	3	1
6156	1	0	3	0
6157	1	0	2	1
6158	1	0	3	1
6159	1	1	2	2
6160	1	1	1	2
6161	1	1	1	2
6162	1	1	1	2
6163	0	1	1	2
6164	0	1	1	2
6165	0	1	1	1
6166	0	0	0	3
6167	0	0	0	2
6168	0	0	0	2
6169	0	0	0	2
6170	0	0	0	2
6171	0	0	0	2
6172	0	0	0	2
6173	0	0	0	2
6174	0	0	0	0
6175	0	0	1	1
6176	0	2	1	1
6177	0	3	2	1
6178	0	3	2	1
6179	0	3	2	1
6180	0	3	2	1
6181	0	3	2	1
6182	0	3	2	1
6183	0	3	1	2
6184	0	3	1	2
6185	0	2	1	2
6186	0	2	0	2
6187	0	1	1	2
6188	0	1	1	2
6189	0	1	1	2
6190	0	1	1	2
6191	0	1	1	0
6192	0	1	1	0
6193	0	0	1	0
6194	0	0	2	0
6195	0	0	2	0
6196	0	1	1	0
6197	0	1	1	0
6198	0	1	1	0
6199	2	1	1	0
6200	2	1	1	0
6201	2	2	1	0
6202	2	2	0	1
6203	2	2	0	1
6204	3	2	3	1
6205	3	2	4	2
6206	3	2	5	2
6207	1	2	6	2
6208	1	2	6	2
6209	1	1	6	2
6210	1	1	6	1
6211	1	1	6	1
6212	0	1	4	1
6213	0	1	2	2
6214	0	2	2	1
6215	0	1	1	1
6216	0	1	1	1
6217	0	1	1	1
6218	0	1	1	1
6219	0	1	1	2
6220	0	1	1	2
6221	0	2	1	1
6222	0	2	1	1
6223	1	2	2	1
6224	2	2	1	3
6225	2	2	1	4
6226	2	2	2	4
6227	2	2	3	3
6228	2	2	3	3
6229	2	1	3	3
6230	2	1	3	3
6231	1	1	2	3
6232	0	0	2	1
6233	0	0	3	0
6234	0	0	2	0
6235	0	0	1	0
6236	0	0	1	0
6237	0	0	1	1
6238	0	0	1	1
6239	1	0	1	1
6240	1	0	1	1
6241	1	0	0	1
6242	1	0	0	1
6243	1	0	0	1
6244	1	0	0	1
6245	2	0	0	1
6246	2	0	0	1
6247	1	0	0	1
6248	2	1	0	1
6249	2	1	0	1
6250	2	1	0	1
6251	2	1	1	1
6252	2	3	1	1
6253	1	3	1	0
6254	1	3	1	0
6255	1	3	1	0
6256	2	1	1	0
6257	2	1	1	0
6258	2	1	1	0
6259	2	1	0	0
6260	2	0	0	0
6261	1	0	0	0
6262	1	0	0	0
6263	1	0	0	0
6264	0	1	0	0
6265	0	1	10	0
6266	0	1	10	0
6267	0	1	10	0
6268	0	1	10	0
6269	0	1	10	0
6270	0	1	10	0
6271	0	1	10	0
6272	0	1	10	0
6273	0	0	10	0
6274	0	0	9	0
6275	0	0	0	0
6276	0	0	0	1
6277	0	0	0	1
6278	1	0	0	1
6279	1	0	0	1
6280	1	0	0	1
6281	1	0	0	1
6282	1	0	0	1
6283	1	0	0	1
6284	1	0	0	0
6285	1	0	0	0
6286	0	0	0	0
6287	0	0	0	0
6288	0	0	0	0
6289	0	0	0	0
6290	0	0	0	0
6291	0	0	0	0
6292	0	1	0	0
6293	0	1	0	0
6294	0	1	0	0
6295	0	1	0	0
6296	0	1	0	0
6297	0	1	0	0
6298	0	1	0	0
6299	0	1	0	0
6300	0	1	0	0
6301	0	1	0	0
6302	0	1	0	0
6303	0	0	0	0
6304	0	1	2	1
6305	0	1	2	1
6306	0	1	3	1
6307	0	1	4	1
6308	0	1	4	1
6309	0	1	4	1
6310	0	1	4	1
6311	0	1	4	1
6312	0	1	2	0
6313	0	2	2	0
6314	0	2	2	0
6315	0	3	1	0
6316	0	3	0	0
6317	1	3	1	0
6318	1	3	1	0
6319	1	3	1	0
6320	1	3	1	0
6321	1	2	1	0
6322	1	1	1	2
6323	1	1	1	2
6324	1	0	1	2
6325	1	0	1	2
6326	1	0	0	2
6327	1	1	1	2
6328	1	1	1	2
6329	1	1	1	2
6330	1	1	1	0
6331	1	1	1	0
6332	1	1	1	0
6333	1	1	2	0
6334	1	1	2	0
6335	0	0	1	0
6336	0	0	1	0
6337	0	0	1	0
6338	0	0	1	0
6339	0	0	1	0
6340	0	0	1	0
6341	0	0	0	0
6342	0	0	0	0
6343	0	0	0	0
6344	0	0	0	0
6345	0	0	1	1
6346	0	0	1	1
6347	0	0	1	2
6348	0	0	1	2
6349	0	0	1	2
6350	0	0	1	2
6351	0	0	1	2
6352	0	0	1	2
6353	0	0	0	1
6354	0	0	0	1
6355	0	0	0	0
6356	0	0	0	0
6357	0	0	0	0
6358	0	0	0	0
6359	0	0	0	0
6360	0	0	0	0
6361	0	0	0	0
6362	0	0	0	0
6363	0	0	0	0
6364	0	0	0	0
6365	0	0	0	0
6366	0	0	0	0
6367	0	0	0	0
6368	0	0	0	0
6369	0	1	0	0
6370	0	1	0	0
6371	1	1	0	0
6372	1	1	0	0
6373	2	1	0	0
6374	2	1	0	0
6375	2	1	0	0
6376	2	1	0	0
6377	2	0	0	0
6378	2	0	0	0
6379	1	0	0	0
6380	1	0	0	0
6381	1	0	0	0
6382	0	0	0	0
6383	1	1	1	1
6384	1	1	1	1
6385	1	1	1	1
6386	1	1	1	1
6387	1	1	1	1
6388	1	1	1	1
6389	1	1	1	1
6390	1	1	1	1
6391	0	0	0	0
6392	0	0	0	0
6393	0	0	0	0
6394	0	0	0	0
6395	1	0	0	0
6396	1	0	0	0
6397	1	0	0	0
6398	1	0	0	0
6399	1	0	0	0
6400	1	0	0	0
6401	1	0	0	0
6402	4	1	0	0
6403	3	1	0	1
6404	3	1	1	1
6405	3	1	1	1
6406	3	1	1	1
6407	3	1	1	1
6408	3	1	1	1
6409	3	1	1	1
6410	0	1	1	1
6411	0	0	1	0
6412	0	0	1	0
6413	0	1	0	0
6414	1	1	0	0
6415	1	2	0	0
6416	1	3	0	0
6417	1	5	0	0
6418	1	5	0	0
6419	1	5	0	0
6420	1	5	0	0
6421	1	4	0	0
6422	1	4	1	0
6423	2	3	1	0
6424	1	2	1	0
6425	1	2	1	0
6426	1	2	2	0
6427	1	2	2	0
6428	1	2	3	0
6429	1	2	3	1
6430	1	2	5	1
6431	0	2	4	1
6432	0	2	5	1
6433	0	1	5	1
6434	0	1	4	1
6435	0	0	4	1
6436	0	0	4	1
6437	0	0	4	0
6438	0	0	1	0
6439	0	0	2	0
6440	0	0	1	0
6441	0	0	1	0
6442	0	0	1	0
6443	0	0	1	0
6444	0	0	1	0
6445	0	0	1	0
6446	0	0	1	0
6447	0	0	0	0
6448	0	0	0	0
6449	0	0	0	0
6450	0	0	0	0
6451	1	0	0	0
6452	1	0	0	0
6453	1	0	0	0
6454	1	0	0	0
6455	0	0	0	0
6456	0	0	0	0
6457	0	0	0	0
6458	0	0	1	0
6459	0	0	1	0
6460	0	0	1	1
6461	0	0	1	1
6462	0	0	1	1
6463	0	0	1	1
6464	0	0	1	1
6465	0	1	1	1
6466	0	1	0	1
6467	0	1	0	1
6468	0	1	0	0
6469	0	1	0	0
6470	0	0	0	0
6471	0	0	0	0
6472	0	0	0	0
6473	0	0	0	0
6474	0	0	0	0
6475	0	0	0	0
6476	0	0	0	0
6477	0	0	0	0
6478	0	0	0	0
6479	0	0	0	0
6480	0	0	0	1
6481	0	0	0	1
6482	0	0	1	1
6483	0	0	1	1
6484	0	0	1	1
6485	0	0	1	1
6486	0	0	1	1
6487	0	0	1	1
6488	0	0	1	0
6489	0	1	1	0
6490	0	1	0	0
6491	1	1	0	0
6492	1	1	0	0
6493	1	1	0	0
6494	1	1	0	0
6495	2	1	1	0
6496	3	1	1	0
6497	3	0	1	0
6498	3	0	1	0
6499	2	0	1	0
6500	2	0	1	0
6501	2	0	1	0
6502	2	0	2	0
6503	2	0	2	0
6504	2	0	2	1
6505	1	0	2	1
6506	1	0	2	3
6507	5	0	2	4
6508	6	0	4	6
6509	10	3	5	11
6510	16	8	10	25
6511	16	10	15	31
6512	17	12	16	31
6513	17	12	16	31
6514	18	13	17	36
6515	16	15	17	37
6516	15	16	15	36
6517	11	17	15	32
6518	5	13	11	19
6519	5	17	8	16
6520	4	15	6	11
6521	4	14	7	12
6522	3	14	7	6
6523	4	11	5	6
6524	4	11	5	6
6525	3	7	5	5
6526	3	8	5	5
6527	2	7	3	3
6528	2	3	2	1
6529	1	2	0	0
6530	1	3	2	0
6531	1	3	2	0
6532	0	4	2	0
6533	0	4	2	0
6534	0	4	2	0
6535	0	2	2	0
6536	0	2	2	0
6537	0	2	2	0
6538	0	1	0	0
6539	0	1	0	0
6540	0	1	0	0
6541	0	0	0	0
6542	0	0	1	0
6543	0	0	1	0
6544	0	0	1	0
6545	1	0	1	0
6546	1	0	1	0
6547	1	0	1	0
6548	2	0	1	1
6549	2	0	1	1
6550	2	0	0	1
6551	2	0	0	1
6552	2	1	0	1
6553	2	1	0	1
6554	2	1	0	1
6555	1	1	0	1
6556	1	1	0	0
6557	1	1	0	0
6558	0	1	0	0
6559	0	1	0	0
6560	0	0	0	1
6561	0	0	1	1
6562	0	0	1	1
6563	0	0	1	1
6564	0	0	1	2
6565	0	0	1	2
6566	0	0	1	2
6567	0	0	1	2
6568	0	0	1	1
6569	0	0	1	1
6570	0	1	0	1
6571	0	1	0	1
6572	1	1	1	1
6573	1	1	1	1
6574	2	1	1	1
6575	2	1	1	3
6576	2	2	1	3
6577	2	2	1	3
6578	1	2	1	3
6579	1	2	2	3
6580	0	1	2	2
6581	0	1	2	2
6582	0	1	2	2
6583	0	1	2	0
6584	0	0	4	0
6585	0	0	4	0
6586	0	0	4	0
6587	0	0	3	0
6588	0	0	0	1
6589	0	2	1	2
6590	0	3	1	2
6591	0	3	1	3
6592	1	3	1	4
6593	2	3	1	4
6594	2	3	1	5
6595	2	3	1	6
6596	2	3	2	6
6597	2	2	2	4
6598	2	0	1	4
6599	2	0	2	3
6600	1	0	2	3
6601	0	0	2	2
6602	0	0	3	2
6603	0	0	3	0
6604	0	1	2	0
6605	0	1	2	0
6606	0	1	2	0
6607	0	1	1	0
6608	0	1	1	0
6609	0	1	1	0
6610	0	1	1	0
6611	0	1	1	0
6612	0	0	0	0
6613	0	0	0	0
6614	0	0	0	0
6615	0	0	0	0
6616	0	0	1	0
6617	0	0	1	0
6618	0	0	1	0
6619	0	0	1	0
6620	0	0	1	0
6621	0	0	1	0
6622	0	0	1	0
6623	0	0	2	0
6624	0	0	1	0
6625	0	0	1	0
6626	0	0	1	0
6627	0	0	0	0
6628	0	0	0	0
6629	0	0	0	0
6630	0	0	0	0
6631	0	0	0	0
6632	0	0	0	0
6633	0	1	0	0
6634	0	1	0	0
6635	0	1	0	1
6636	0	1	0	1
6637	0	1	0	1
6638	0	1	0	1
6639	0	1	0	1
6640	0	1	0	1
6641	0	0	0	1
6642	1	0	0	1
6643	1	0	0	0
6644	2	0	0	0
6645	2	0	0	0
6646	2	0	0	0
6647	2	0	0	0
6648	2	0	0	0
6649	2	0	0	1
6650	1	0	0	2
6651	1	0	0	2
6652	1	0	0	2
6653	0	0	0	2
6654	0	0	0	2
6655	0	0	0	2
6656	0	0	1	3
6657	0	0	3	2
6658	0	0	3	1
6659	0	0	3	1
6660	1	0	3	1
6661	1	0	4	1
6662	1	0	4	4
6663	1	0	5	4
6664	1	0	5	4
6665	1	0	2	3
6666	1	0	2	3
6667	1	0	2	5
6668	1	0	2	5
6669	0	0	1	5
6670	0	0	1	5
6671	0	0	1	2
6672	0	0	1	2
6673	0	0	0	2
6674	0	0	0	2
6675	0	0	0	0
6676	0	0	0	0
6677	0	0	0	1
6678	0	0	0	1
6679	0	1	0	1
6680	0	1	0	1
6681	0	1	0	1
6682	0	1	1	1
6683	0	1	1	1
6684	0	1	1	1
6685	0	1	2	0
6686	0	1	2	0
6687	0	0	2	0
6688	0	0	3	0
6689	0	0	4	0
6690	0	0	3	0
6691	2	1	5	0
6692	2	1	5	1
6693	3	2	4	1
6694	3	2	4	1
6695	3	2	4	1
6696	3	2	4	1
6697	4	2	4	1
6698	4	2	3	1
6699	3	1	1	1
6700	3	2	1	1
6701	2	1	1	0
6702	3	1	1	0
6703	3	2	3	0
6704	3	2	4	0
6705	2	2	4	0
6706	2	2	4	0
6707	1	3	3	0
6708	1	2	3	0
6709	1	2	3	0
6710	0	2	2	0
6711	0	1	2	0
6712	0	1	1	0
6713	0	1	0	0
6714	0	1	0	0
6715	0	0	0	0
6716	0	0	0	0
6717	0	0	1	0
6718	0	0	1	0
6719	0	0	1	0
6720	0	0	1	0
6721	0	0	1	0
6722	0	0	1	0
6723	0	0	1	0
6724	0	0	1	0
6725	0	0	1	0
6726	0	0	1	1
6727	0	0	1	1
6728	0	0	1	1
6729	0	0	1	1
6730	0	0	1	1
6731	0	0	1	1
6732	0	0	1	1
6733	0	0	0	1
6734	0	0	0	1
6735	0	0	0	0
6736	0	0	0	0
6737	0	0	0	0
6738	0	0	0	0
6739	0	0	0	0
6740	0	0	0	0
6741	0	0	0	0
6742	0	0	0	0
6743	0	0	0	0
6744	0	0	0	0
6745	0	0	0	0
6746	0	0	0	1
6747	0	0	0	1
6748	0	0	0	1
6749	0	0	0	1
6750	0	0	0	1
6751	0	0	0	1
6752	0	0	0	1
6753	0	0	0	1
6754	0	0	0	0
6755	0	0	0	0
6756	0	0	0	0
6757	0	0	0	0
6758	0	0	0	0
6759	0	0	0	0
6760	0	0	0	0
6761	0	0	0	0
6762	0	0	0	0
6763	0	0	0	0
6764	0	0	0	0
6765	0	0	0	0
6766	0	0	0	0
6767	1	0	0	0
6768	1	1	2	1
6769	1	1	2	1
6770	1	1	2	1
6771	1	1	3	3
6772	3	2	5	3
6773	3	3	6	3
6774	3	3	6	4
6775	2	4	6	4
6776	2	8	4	3
6777	2	8	4	3
6778	2	7	4	3
6779	3	8	5	4
6780	3	10	6	7
6781	3	9	4	7
6782	3	9	4	7
6783	2	8	5	9
6784	2	7	5	10
6785	2	5	5	9
6786	2	5	5	9
6787	2	4	4	7
6788	0	2	2	4
6789	0	1	3	3
6790	0	1	3	3
6791	0	1	2	1
6792	0	1	2	0
6793	0	0	3	0
6794	0	0	3	0
6795	0	0	3	0
6796	0	0	2	0
6797	0	0	2	0
6798	0	0	1	0
6799	1	0	1	0
6800	2	0	1	0
6801	2	0	0	0
6802	2	0	0	0
6803	2	1	1	0
6804	2	1	1	0
6805	2	1	1	0
6806	2	2	1	1
6807	1	2	1	1
6808	0	2	1	1
6809	0	2	1	1
6810	0	2	1	1
6811	0	3	0	1
6812	0	3	0	1
6813	0	3	0	1
6814	0	1	0	0
6815	0	1	1	0
6816	0	1	2	0
6817	0	2	2	0
6818	0	2	2	0
6819	1	2	4	0
6820	1	2	4	0
6821	1	3	4	2
6822	2	3	4	2
6823	2	3	3	2
6824	2	4	2	2
6825	3	3	2	1
6826	5	3	2	2
6827	4	3	0	2
6828	4	3	0	2
6829	4	1	0	1
6830	4	1	0	1
6831	3	1	0	1
6832	4	0	0	1
6833	3	0	0	1
6834	1	0	0	0
6835	2	0	0	1
6836	2	0	0	1
6837	2	0	0	1
6838	2	0	0	1
6839	2	0	0	1
6840	1	0	0	1
6841	1	0	0	1
6842	1	0	0	1
6843	0	0	0	0
6844	0	0	0	0
6845	0	0	0	0
6846	0	0	0	0
6847	0	0	0	0
6848	0	0	0	0
6849	0	0	0	0
6850	0	0	0	0
6851	0	0	0	0
6852	0	0	0	0
6853	0	0	0	0
6854	0	0	0	0
6855	0	0	0	0
6856	0	0	0	0
6857	0	1	0	0
6858	0	1	0	0
6859	0	1	0	0
6860	0	1	0	0
6861	0	1	0	0
6862	1	2	0	2
6863	1	3	0	2
6864	1	3	0	3
6865	1	3	0	3
6866	2	3	0	3
6867	2	3	0	4
6868	3	3	0	4
6869	3	3	0	4
6870	2	2	1	2
6871	2	2	2	2
6872	2	1	2	1
6873	2	1	2	1
6874	1	0	2	1
6875	1	0	2	1
6876	0	0	2	0
6877	0	0	2	0
6878	0	0	1	0
6879	0	0	0	0
6880	0	0	0	0
6881	0	0	0	0
6882	0	0	0	0
6883	0	0	0	0
6884	0	0	0	0
6885	0	0	0	0
6886	0	0	0	0
6887	0	0	0	0
6888	0	0	0	0
6889	0	0	0	0
6890	0	0	0	0
6891	0	0	0	0
6892	0	0	0	0
6893	0	0	4	2
6894	1	1	4	2
6895	1	1	4	2
6896	2	1	4	2
6897	2	1	4	2
6898	2	1	4	2
6899	2	1	4	2
6900	3	1	5	2
6901	3	1	1	0
6902	2	1	1	0
6903	2	0	1	0
6904	1	0	1	0
6905	1	0	1	1
6906	1	0	1	5
6907	2	1	1	9
6908	3	3	1	11
6909	5	8	5	18
6910	7	8	7	19
6911	8	8	7	19
6912	8	8	7	19
6913	8	9	7	19
6914	9	9	7	14
6915	10	8	7	11
6916	10	7	7	10
6917	6	2	4	3
6918	4	1	1	1
6919	3	1	0	0
6920	3	1	0	0
6921	3	0	1	0
6922	3	0	1	0
6923	4	0	2	1
6924	2	0	3	2
6925	3	0	7	3
6926	2	1	7	4
6927	2	1	7	4
6928	3	2	9	4
6929	3	2	9	4
6930	4	3	10	5
6931	3	3	10	4
6932	3	3	11	3
6933	2	5	8	2
6934	3	4	8	1
6935	4	4	7	3
6936	4	4	7	6
6937	4	3	9	7
6938	3	2	7	9
6939	3	2	7	9
6940	4	2	7	11
6941	4	0	7	11
6942	3	1	7	11
6943	4	3	6	13
6944	4	4	5	10
6945	4	4	3	10
6946	3	4	2	10
6947	7	6	2	12
6948	6	6	2	11
6949	6	8	2	14
6950	6	7	3	14
6951	8	11	4	11
6952	9	10	4	11
6953	11	11	4	11
6954	12	13	4	11
6955	9	8	4	8
6956	11	8	5	9
6957	11	6	5	8
6958	12	7	4	6
6959	10	4	3	9
6960	10	4	3	8
6961	7	3	2	7
6962	6	1	2	7
6963	4	1	2	5
6964	2	1	1	5
6965	2	1	2	3
6966	1	1	3	3
6967	3	1	3	2
6968	2	1	2	3
6969	2	1	1	3
6970	2	1	1	3
6971	2	1	1	3
6972	3	1	1	3
6973	3	1	2	3
6974	3	0	1	3
6975	2	0	1	2
6976	1	0	1	0
6977	1	0	1	0
6978	1	0	1	0
6979	1	0	1	0
6980	0	0	1	0
6981	0	0	1	0
6982	0	0	0	0
6983	0	1	0	0
6984	0	1	0	0
6985	0	1	0	0
6986	0	1	0	0
6987	0	1	0	0
6988	0	1	0	0
6989	0	1	0	0
6990	0	1	0	1
6991	0	1	0	1
6992	1	0	0	1
6993	1	0	0	1
6994	1	0	0	1
6995	1	0	0	1
6996	1	0	0	1
6997	1	0	0	1
6998	1	0	0	0
6999	1	0	0	0
7000	0	0	0	0
7001	0	0	0	0
7002	0	0	0	0
7003	0	0	0	0
7004	0	0	0	0
7005	0	0	0	0
7006	0	0	0	0
7007	0	0	0	0
7008	0	0	0	0
7009	0	0	0	0
7010	0	0	0	0
7011	0	0	0	0
7012	0	0	0	0
7013	1	0	0	1
7014	1	0	1	2
7015	1	0	1	2
7016	1	0	1	2
7017	1	0	1	2
7018	1	0	1	2
7019	1	1	1	2
7020	1	2	1	2
7021	0	2	1	1
7022	5	2	0	0
7023	7	3	4	1
7024	7	3	4	1
7025	7	3	4	2
7026	7	3	4	2
7027	7	3	4	2
7028	7	1	5	2
7029	8	1	5	2
7030	6	1	5	2
7031	1	0	2	2
7032	1	0	1	1
7033	1	0	1	0
7034	1	0	1	0
7035	1	1	1	0
7036	1	1	1	0
7037	0	1	0	0
7038	0	1	0	0
7039	0	1	0	0
7040	0	2	0	1
7041	0	2	0	1
7042	0	2	0	1
7043	0	1	0	1
7044	1	1	0	1
7045	1	1	0	1
7046	1	1	0	1
7047	1	1	0	1
7048	1	1	0	0
7049	1	0	0	0
7050	1	0	2	2
7051	1	0	2	2
7052	0	0	2	2
7053	0	0	2	2
7054	1	0	3	2
7055	1	0	3	2
7056	1	0	3	2
7057	1	0	3	2
7058	1	0	1	0
7059	1	0	1	0
7060	1	0	1	0
7061	1	0	1	0
7062	1	1	0	0
7063	0	2	0	1
7064	0	2	0	1
7065	1	3	1	1
7066	1	3	1	1
7067	1	2	1	1
7068	1	2	2	1
7069	1	2	3	1
7070	1	1	3	1
7071	1	1	3	1
7072	1	1	3	0
7073	0	1	3	0
7074	0	0	2	0
7075	0	1	2	0
7076	0	1	1	0
7077	0	1	0	0
7078	0	1	0	0
7079	0	1	2	0
7080	0	1	2	1
7081	0	1	2	1
7082	0	1	2	1
7083	0	0	2	1
7084	0	0	2	1
7085	0	0	2	1
7086	0	0	3	1
7087	0	0	2	1
7088	0	0	1	0
7089	0	0	1	0
7090	0	0	1	0
7091	0	0	1	0
7092	1	0	1	0
7093	1	0	1	0
7094	1	0	1	0
7095	1	0	0	0
7096	1	0	0	0
7097	1	0	0	0
7098	1	0	0	0
7099	1	0	0	0
7100	0	0	0	0
7101	0	0	0	0
7102	0	0	0	0
7103	0	0	0	0
7104	0	0	0	0
7105	0	0	0	0
7106	0	0	0	0
7107	0	0	0	0
7108	0	0	0	0
7109	0	0	0	0
7110	0	0	0	0
7111	0	0	0	0
7112	0	0	0	0
7113	0	0	0	0
7114	0	0	0	0
7115	0	0	0	0
7116	0	0	0	0
7117	0	0	0	0
7118	0	0	0	0
7119	0	0	0	0
7120	0	0	0	0
7121	0	0	0	0
7122	2	0	0	1
7123	2	0	0	1
7124	2	0	0	1
7125	2	0	0	1
7126	2	0	0	1
7127	3	0	0	1
7128	3	0	0	1
7129	3	0	1	1
7130	1	0	1	1
7131	1	0	4	1
7132	1	0	4	0
7133	1	0	4	0
7134	1	0	4	0
7135	0	0	4	1
7136	1	0	4	1
7137	1	1	4	1
7138	1	1	3	1
7139	1	1	3	3
7140	1	1	0	3
7141	1	1	0	3
7142	1	1	0	3
7143	1	1	0	3
7144	0	1	0	3
7145	1	1	0	2
7146	1	0	0	3
7147	1	0	0	2
7148	1	0	0	1
7149	2	0	0	2
7150	2	0	0	2
7151	2	0	0	2
7152	2	0	0	2
7153	1	0	0	2
7154	1	0	0	1
7155	1	0	0	1
7156	1	0	0	1
7157	0	0	0	0
7158	0	0	0	0
7159	0	0	0	0
7160	0	0	0	0
7161	0	0	0	0
7162	0	0	0	0
7163	0	0	0	0
7164	0	0	0	0
7165	0	0	0	0
7166	1	0	0	0
7167	1	0	0	1
7168	2	0	0	1
7169	2	0	1	1
7170	2	0	1	1
7171	2	0	1	2
7172	2	0	1	3
7173	2	0	1	3
7174	2	0	1	3
7175	3	0	0	2
7176	2	3	0	2
7177	2	3	0	2
7178	2	3	1	8
7179	2	3	1	23
7180	2	4	3	23
7181	2	4	3	23
7182	1	4	3	22
7183	1	4	3	23
7184	1	2	3	24
7185	1	0	3	24
7186	0	0	2	20
7187	0	0	2	4
7188	0	0	1	2
7189	1	1	0	2
7190	1	2	0	2
7191	1	2	0	1
7192	1	2	0	2
7193	2	3	1	2
7194	2	3	1	2
7195	3	4	2	3
7196	3	5	2	5
7197	3	5	2	5
7198	2	4	17	7
7199	2	3	20	8
7200	2	4	21	9
7201	1	3	20	9
7202	2	5	21	11
7203	1	6	20	10
7204	1	4	22	11
7205	1	4	23	12
7206	1	5	10	10
7207	1	5	8	9
7208	1	5	5	6
7209	2	5	5	6
7210	1	3	6	7
7211	1	1	6	5
7212	1	1	5	4
7213	1	2	3	1
7214	1	1	3	1
7215	1	1	3	0
7216	1	1	2	0
7217	0	1	2	0
7218	0	1	2	0
7219	0	1	3	0
7220	0	2	3	1
7221	4	1	4	2
7222	4	1	3	2
7223	4	1	3	2
7224	4	1	3	2
7225	3	1	3	2
7226	3	1	3	2
7227	3	1	4	2
7228	3	0	3	2
7229	0	0	1	0
7230	0	0	1	0
7231	0	0	1	0
7232	0	0	1	0
7233	0	0	1	0
7234	0	0	1	0
7235	0	0	1	0
7236	0	0	0	0
7237	0	0	0	1
7238	0	0	0	1
7239	0	0	0	1
7240	0	1	0	1
7241	0	1	0	1
7242	0	1	1	1
7243	0	1	1	1
7244	0	1	1	1
7245	0	2	2	0
7246	0	2	2	0
7247	0	2	2	0
7248	0	1	2	0
7249	0	2	2	0
7250	1	2	1	0
7251	3	2	1	0
7252	5	4	3	1
7253	9	5	3	5
7254	10	5	4	6
7255	10	5	4	6
7256	10	5	4	7
7257	10	4	4	7
7258	9	5	4	7
7259	8	5	5	7
7260	5	4	4	7
7261	2	3	2	2
7262	1	2	1	1
7263	0	2	2	1
7264	0	2	2	0
7265	2	2	2	0
7266	2	1	2	0
7267	2	1	1	0
7268	3	1	1	1
7269	3	1	2	1
7270	3	1	2	1
7271	3	1	1	1
7272	4	1	2	1
7273	3	0	2	1
7274	3	0	2	1
7275	3	0	2	2
7276	3	0	2	3
7277	3	0	2	3
7278	3	0	1	3
7279	3	0	1	3
7280	2	0	1	3
7281	2	0	1	3
7282	2	0	1	3
7283	1	0	1	3
7284	1	0	1	0
7285	0	0	1	0
7286	0	0	1	0
7287	0	0	1	0
7288	0	0	1	0
7289	0	0	1	0
7290	0	0	0	0
7291	0	0	0	0
7292	0	0	0	0
7293	0	0	0	0
7294	0	0	0	0
7295	0	0	0	0
7296	0	0	0	0
7297	0	0	0	0
7298	0	0	0	0
7299	0	0	0	0
7300	0	0	0	0
7301	0	0	0	0
7302	0	0	0	0
7303	0	1	0	0
7304	0	1	0	1
7305	0	3	1	2
7306	0	3	3	2
7307	1	3	3	2
7308	1	3	3	3
7309	1	4	3	3
7310	1	5	3	3
7311	1	4	3	3
7312	1	4	3	2
7313	4	1	3	1
7314	7	2	2	2
7315	8	4	4	2
7316	8	5	6	1
7317	8	6	6	1
7318	9	5	7	4
7319	9	5	7	3
7320	9	6	7	3
7321	7	6	7	3
7322	6	6	7	3
7323	1	5	3	3
7324	1	4	4	3
7325	1	3	4	3
7326	0	3	2	2
7327	3	5	5	3
7328	4	6	5	1
7329	5	7	7	4
7330	5	7	7	4
7331	5	5	7	4
7332	6	5	6	4
7333	6	5	6	4
7334	6	5	6	4
7335	3	5	2	4
7336	3	4	2	4
7337	3	4	2	3
7338	3	2	0	3
7339	4	3	2	4
7340	3	6	3	5
7341	3	8	3	5
7342	4	8	3	5
7343	4	8	3	4
7344	4	8	3	4
7345	2	7	3	3
7346	3	7	3	3
7347	2	6	1	2
7348	3	4	0	1
7349	3	1	0	0
7350	2	2	0	1
7351	3	2	0	1
7352	3	2	1	2
7353	3	2	1	2
7354	2	2	1	2
7355	2	2	1	2
7356	2	2	1	2
7357	1	2	1	2
7358	1	1	1	2
7359	1	1	1	2
7360	0	1	0	2
7361	0	1	0	2
7362	1	1	1	5
7363	1	1	1	5
7364	1	1	2	5
7365	1	1	2	6
7366	1	1	2	7
7367	1	1	2	8
7368	1	1	2	8
7369	1	1	2	10
7370	0	2	2	7
7371	0	2	1	6
7372	0	2	0	6
7373	0	2	0	5
7374	0	1	0	5
7375	0	2	0	2
7376	0	2	0	2
7377	0	2	0	0
7378	0	2	0	0
7379	0	1	0	0
7380	0	1	0	1
7381	0	1	0	1
7382	0	1	0	1
7383	0	0	0	1
7384	0	0	0	1
7385	0	0	0	1
7386	0	0	0	1
7387	0	0	0	1
7388	0	1	0	0
7389	0	1	0	0
7390	0	1	0	0
7391	0	1	0	0
7392	0	1	0	0
7393	0	1	0	0
7394	0	1	0	0
7395	0	1	0	0
7396	0	0	0	0
7397	0	0	0	0
7398	0	0	0	0
7399	0	0	0	0
7400	0	0	0	0
7401	0	0	0	0
7402	0	0	0	0
7403	0	0	1	0
7404	0	0	1	0
7405	0	0	1	0
7406	0	0	1	0
7407	0	0	0	0
7408	0	0	0	2
7409	0	0	0	2
7410	0	0	0	2
7411	0	0	0	2
7412	0	0	2	3
7413	0	0	2	3
7414	0	0	2	3
7415	0	0	2	5
7416	0	0	2	3
7417	0	0	2	4
7418	0	0	2	5
7419	1	0	2	5
7420	1	0	0	4
7421	1	0	0	4
7422	2	0	0	4
7423	2	0	0	2
7424	2	1	2	2
7425	2	1	3	3
7426	3	2	5	4
7427	2	2	6	6
7428	2	1	6	7
7429	4	1	7	9
7430	3	1	6	11
7431	4	1	6	13
7432	4	2	7	15
7433	6	2	6	16
7434	7	1	6	15
7435	7	1	4	16
7436	7	1	7	14
7437	6	1	7	12
7438	4	2	8	11
7439	2	2	8	10
7440	4	4	6	6
7441	4	3	6	5
7442	3	3	3	5
7443	3	3	3	5
7444	3	3	3	4
7445	3	5	1	4
7446	3	5	2	3
7447	3	5	2	1
7448	2	3	2	2
7449	0	1	2	2
7450	0	1	2	2
7451	0	1	2	2
7452	0	2	1	2
7453	1	2	3	2
7454	1	1	2	2
7455	1	1	2	3
7456	1	1	2	3
7457	1	1	3	2
7458	1	2	3	1
7459	1	2	3	1
7460	1	1	3	1
7461	0	1	1	1
7462	0	1	1	1
7463	0	1	1	0
7464	0	1	1	0
7465	0	1	0	0
7466	0	0	0	1
7467	0	0	0	1
7468	0	0	0	1
7469	0	0	0	1
7470	0	0	0	1
7471	0	0	0	1
7472	0	0	0	1
7473	0	0	0	1
7474	0	0	0	0
7475	0	0	0	0
7476	0	0	0	0
7477	0	0	0	0
7478	0	1	0	0
7479	1	1	0	0
7480	1	1	0	1
7481	1	1	0	1
7482	1	1	0	2
7483	1	2	0	5
7484	1	2	0	5
7485	1	2	0	5
7486	1	2	0	5
7487	0	2	0	5
7488	0	1	0	4
7489	0	1	0	4
7490	0	1	0	3
7491	0	0	0	0
7492	0	0	0	0
7493	0	0	0	0
7494	1	1	0	0
7495	2	1	1	0
7496	2	1	1	0
7497	2	1	1	0
7498	2	1	1	0
7499	2	1	1	0
7500	2	1	1	1
7501	2	1	1	1
7502	2	2	1	1
7503	0	1	0	1
7504	0	1	0	1
7505	0	1	0	1
7506	0	1	0	1
7507	0	1	0	1
7508	0	1	0	0
7509	0	1	0	0
7510	0	0	0	0
7511	0	1	0	0
7512	0	1	0	0
7513	0	1	0	0
7514	0	1	0	0
7515	0	1	0	0
7516	1	1	0	0
7517	1	1	0	0
7518	1	1	0	0
7519	1	0	0	0
7520	1	0	0	0
7521	1	0	0	0
7522	1	0	0	0
7523	1	0	0	1
7524	0	0	0	1
7525	0	0	0	1
7526	0	0	0	1
7527	0	0	0	1
7528	0	0	0	1
7529	0	0	0	1
7530	0	0	0	1
7531	0	0	0	0
7532	0	0	0	0
7533	0	0	0	0
7534	0	0	0	0
7535	1	1	0	0
7536	1	1	0	0
7537	1	2	0	0
7538	1	2	0	0
7539	1	2	0	0
7540	1	2	0	0
7541	1	2	1	0
7542	1	2	1	0
7543	0	1	1	0
7544	0	1	1	0
7545	0	0	1	1
7546	0	0	2	2
7547	0	0	2	2
7548	0	0	2	2
7549	0	0	1	2
7550	0	0	1	2
7551	0	0	1	2
7552	0	0	1	2
7553	0	0	1	1
7554	0	0	1	2
7555	0	0	0	2
7556	0	0	0	2
7557	0	0	0	2
7558	0	0	0	2
7559	0	0	0	3
7560	0	0	0	3
7561	0	0	0	3
7562	0	0	0	2
7563	1	0	0	1
7564	1	0	1	1
7565	2	0	1	1
7566	2	0	1	4
7567	2	0	1	5
7568	2	0	1	5
7569	2	0	1	5
7570	2	0	1	4
7571	1	0	2	3
7572	1	0	2	4
7573	0	0	1	4
7574	0	0	1	2
7575	0	0	1	3
7576	0	0	1	3
7577	0	0	2	3
7578	0	0	2	3
7579	0	0	2	3
7580	0	2	11	2
7581	0	2	11	2
7582	0	2	11	1
7583	1	3	12	1
7584	1	3	12	1
7585	1	3	12	3
7586	2	3	12	3
7587	2	3	10	3
7588	2	1	1	3
7589	2	1	1	3
7590	2	1	1	3
7591	1	0	0	1
7592	2	0	0	1
7593	2	0	0	0
7594	1	0	0	1
7595	1	0	0	1
7596	1	0	0	2
7597	2	0	0	2
7598	3	0	0	2
7599	4	1	0	2
7600	5	1	0	2
7601	7	2	0	2
7602	6	2	0	1
7603	6	2	1	1
7604	6	2	1	1
7605	5	2	1	1
7606	5	2	1	0
7607	4	1	1	0
7608	4	1	1	0
7609	1	0	1	0
7610	2	1	1	0
7611	2	1	1	2
7612	2	1	0	2
7613	2	1	1	2
7614	2	1	1	4
7615	1	2	1	4
7616	3	4	1	7
7617	3	4	1	7
7618	3	4	1	7
7619	3	4	1	6
7620	3	4	1	5
7621	2	6	1	6
7622	2	6	1	4
7623	2	5	1	4
7624	0	3	1	1
7625	1	3	1	1
7626	1	2	1	2
7627	1	2	1	2
7628	1	3	2	2
7629	1	1	2	1
7630	1	1	2	1
7631	1	1	2	1
7632	1	1	2	1
7633	0	1	3	1
7634	0	1	3	1
7635	0	1	3	0
7636	0	0	2	0
7637	0	0	2	1
7638	0	0	1	1
7639	0	0	1	1
7640	0	0	1	1
7641	1	0	0	1
7642	1	0	0	1
7643	1	0	0	1
7644	1	0	1	2
7645	1	0	1	1
7646	1	0	1	1
7647	1	0	1	1
7648	1	0	1	1
7649	0	0	1	1
7650	0	0	1	1
7651	0	0	1	1
7652	0	0	1	0
7653	1	1	0	0
7654	1	1	1	0
7655	1	1	1	0
7656	1	1	1	0
7657	1	2	1	0
7658	1	2	2	1
7659	2	2	2	1
7660	2	2	2	1
7661	2	3	2	1
7662	1	3	1	1
7663	1	2	1	1
7664	1	2	1	1
7665	1	1	1	1
7666	1	1	1	0
7667	0	1	1	0
7668	0	1	0	0
7669	0	0	0	0
7670	0	0	0	0
7671	0	0	0	0
7672	0	0	0	0
7673	0	0	0	0
7674	0	0	0	0
7675	0	0	0	0
7676	0	0	0	0
7677	0	0	0	0
7678	0	0	0	0
7679	0	0	0	0
7680	0	0	0	0
7681	0	0	0	0
7682	0	0	0	0
7683	0	0	0	1
7684	0	0	0	1
7685	1	0	0	1
7686	1	0	0	1
7687	1	0	0	1
7688	1	0	0	3
7689	1	0	1	3
7690	1	0	1	3
7691	1	0	1	2
7692	1	0	1	3
7693	0	0	1	3
7694	0	0	1	4
7695	0	0	1	5
7696	0	1	2	3
7697	0	1	2	4
7698	1	1	2	4
7699	3	4	3	5
7700	3	5	3	5
7701	3	5	3	5
7702	3	5	3	6
7703	3	5	3	5
7704	3	4	2	5
7705	3	4	2	4
7706	2	4	1	4
7707	1	1	0	4
7708	0	0	0	3
7709	0	0	0	3
7710	0	0	0	1
7711	0	0	0	1
7712	0	0	0	1
7713	0	0	0	1
7714	0	0	0	1
7715	0	0	0	0
7716	0	0	0	0
7717	0	0	0	0
7718	0	0	0	0
7719	0	0	0	0
7720	0	0	0	0
7721	0	0	0	0
7722	1	0	0	0
7723	1	0	0	0
7724	1	0	0	0
7725	1	0	0	0
7726	1	0	0	0
7727	1	0	0	0
7728	1	0	0	0
7729	0	0	0	0
7730	0	0	0	0
7731	0	0	0	0
7732	0	0	0	0
7733	0	0	0	0
7734	0	0	0	0
7735	0	0	0	0
7736	0	0	0	0
7737	0	0	0	0
7738	0	0	0	0
7739	0	0	0	0
7740	0	0	0	0
7741	0	0	0	0
7742	0	0	1	0
7743	0	0	1	0
7744	0	0	2	0
7745	0	0	2	0
7746	0	0	3	2
7747	0	0	3	2
7748	0	2	3	2
7749	0	2	2	2
7750	0	2	2	2
7751	0	2	2	2
7752	0	2	1	2
7753	0	4	1	2
7754	0	4	0	0
7755	0	4	0	0
7756	0	3	0	0
7757	0	2	1	0
7758	0	2	1	0
7759	0	2	1	0
7760	0	2	1	0
7761	0	2	1	0
7762	0	1	1	0
7763	0	2	1	0
7764	0	1	1	1
7765	0	1	0	1
7766	0	1	0	1
7767	0	2	0	3
7768	0	3	0	3
7769	1	3	0	3
7770	1	3	0	3
7771	1	2	0	4
7772	1	1	0	3
7773	2	1	0	3
7774	2	1	0	3
7775	2	1	1	2
7776	4	1	2	1
7777	4	2	2	1
7778	4	3	3	1
7779	4	3	3	0
7780	4	4	3	0
7781	4	4	3	0
7782	3	4	4	0
7783	3	4	3	0
7784	2	5	3	0
7785	3	4	3	1
7786	3	3	1	2
7787	3	4	3	2
7788	3	3	3	2
7789	2	3	3	2
7790	2	3	2	2
7791	2	3	2	2
7792	2	2	2	2
7793	1	2	2	1
7794	1	2	2	1
7795	2	1	0	1
7796	1	0	0	1
7797	1	0	1	2
7798	1	2	1	3
7799	1	2	1	3
7800	1	2	1	3
7801	1	3	1	2
7802	1	1	1	2
7803	1	1	1	2
7804	1	1	2	2
7805	1	4	2	1
7806	2	5	1	1
7807	2	5	2	1
7808	2	5	4	3
7809	2	5	4	3
7810	2	6	4	3
7811	4	8	4	3
7812	4	8	5	3
7813	4	7	6	5
7814	4	8	6	4
7815	5	8	5	5
7816	5	11	8	6
7817	5	12	7	7
7818	9	16	10	9
7819	9	19	14	14
7820	8	19	14	13
7821	9	21	14	12
7822	9	21	15	12
7823	8	19	15	12
7824	8	15	10	11
7825	8	15	12	10
7826	4	13	11	8
7827	2	6	6	2
7828	2	6	6	2
7829	1	3	3	1
7830	1	3	3	1
7831	1	3	3	1
7832	0	3	2	0
7833	0	3	1	0
7834	0	1	1	0
7835	0	0	0	1
7836	0	0	0	1
7837	0	0	0	1
7838	0	0	0	1
7839	0	0	0	1
7840	0	0	0	1
7841	0	0	0	1
7842	0	0	0	1
7843	0	0	0	0
7844	0	1	0	0
7845	0	1	0	0
7846	0	1	0	0
7847	0	1	0	0
7848	0	1	0	0
7849	0	1	0	0
7850	0	2	0	0
7851	0	2	0	0
7852	0	2	0	0
7853	0	1	0	0
7854	0	1	0	0
7855	1	1	0	0
7856	2	1	0	0
7857	2	2	0	0
7858	2	2	0	1
7859	2	2	0	1
7860	2	1	0	1
7861	2	1	0	1
7862	2	1	1	1
7863	2	1	1	1
7864	0	1	1	1
7865	0	0	1	1
7866	0	0	1	1
7867	0	0	1	1
7868	0	0	1	0
7869	0	1	1	0
7870	0	1	0	0
7871	0	1	0	0
7872	1	1	0	1
7873	1	2	0	1
7874	1	2	0	1
7875	1	2	1	2
7876	1	2	2	2
7877	1	1	2	2
7878	1	1	2	2
7879	1	1	2	2
7880	0	1	2	1
7881	0	1	5	2
7882	0	1	5	3
7883	0	1	4	3
7884	0	1	3	3
7885	0	1	3	3
7886	0	2	3	3
7887	0	2	3	2
7888	0	2	3	2
7889	0	1	1	1
7890	0	1	1	0
7891	0	1	2	0
7892	0	3	2	0
7893	0	5	2	0
7894	0	4	2	0
7895	0	4	2	1
7896	0	4	2	2
7897	0	4	2	2
7898	2	5	1	2
7899	2	6	1	2
7900	2	6	0	2
7901	2	4	0	2
7902	2	2	0	2
7903	2	2	0	2
7904	2	2	0	2
7905	2	3	0	3
7906	0	4	0	7
7907	1	4	1	7
7908	1	4	1	7
7909	1	4	1	7
7910	1	5	3	7
7911	0	6	5	7
7912	0	6	5	7
7913	1	6	6	7
7914	1	3	5	2
7915	1	3	4	2
7916	1	3	4	2
7917	1	2	4	1
7918	1	2	4	1
7919	1	1	4	1
7920	1	1	3	1
7921	1	1	2	1
7922	0	0	1	1
7923	0	0	1	1
7924	0	0	1	1
7925	0	0	1	1
7926	0	0	1	1
7927	0	0	0	1
7928	0	0	0	1
7929	0	0	0	1
7930	0	0	0	1
7931	0	0	0	0
7932	0	0	0	0
7933	0	0	0	0
7934	0	0	0	0
7935	0	0	0	0
7936	0	0	0	0
7937	0	0	0	0
7938	0	0	0	0
7939	0	0	0	0
7940	0	0	0	0
7941	0	0	0	0
7942	0	0	0	0
7943	0	0	0	0
7944	0	0	0	0
7945	0	0	0	0
7946	0	0	0	0
7947	0	0	0	0
7948	1	0	0	0
7949	1	0	0	0
7950	1	0	0	0
7951	1	0	0	1
7952	1	0	0	1
7953	1	0	0	1
7954	1	0	0	1
7955	1	1	0	1
7956	1	1	0	1
7957	0	1	0	1
7958	0	1	0	1
7959	0	1	0	0
7960	0	1	0	0
7961	0	1	0	0
7962	0	1	0	0
7963	0	1	0	0
7964	0	1	0	0
7965	0	0	0	0
7966	0	0	0	0
7967	0	0	0	0
7968	0	0	0	0
7969	0	0	0	0
7970	0	0	0	0
7971	0	0	0	0
7972	0	0	0	0
7973	0	0	0	0
7974	0	0	0	0
7975	0	0	0	0
7976	0	0	0	0
7977	0	0	0	0
7978	0	0	0	1
7979	0	0	0	1
7980	0	0	0	1
7981	0	0	0	1
7982	1	0	0	1
7983	1	0	0	1
7984	1	0	0	1
7985	1	0	0	1
7986	1	0	0	0
7987	1	0	0	0
7988	1	0	0	1
7989	1	0	0	1
7990	0	0	0	1
7991	0	0	0	1
7992	0	0	0	1
7993	0	0	0	1
7994	0	0	0	1
7995	0	0	0	6
7996	0	0	0	5
7997	0	0	0	5
7998	0	0	0	5
7999	0	0	0	5
8000	0	0	0	5
8001	0	0	0	5
8002	0	0	0	5
8003	0	0	0	0
8004	0	0	1	0
8005	0	0	1	0
8006	0	0	1	0
8007	0	0	1	0
8008	0	0	1	0
8009	0	0	1	0
8010	0	0	1	0
8011	0	0	1	0
8012	0	0	0	0
8013	0	0	0	0
8014	0	0	0	0
8015	0	0	0	0
8016	0	0	0	0
8017	0	0	0	0
8018	0	0	0	0
8019	0	0	0	0
8020	0	0	0	0
8021	0	0	0	0
8022	0	0	0	0
8023	1	0	1	0
8024	1	0	2	1
8025	2	0	2	1
8026	2	0	2	1
8027	2	0	3	2
8028	2	1	3	2
8029	2	1	4	3
8030	3	1	4	3
8031	3	1	4	4
8032	3	1	3	3
8033	1	3	2	3
8034	2	3	2	3
8035	2	3	2	3
8036	3	2	2	2
8037	3	2	1	2
8038	2	2	1	2
8039	2	2	1	1
8040	2	2	1	1
8041	2	1	1	0
8042	1	0	1	0
8043	1	0	0	0
8044	1	0	0	0
8045	0	0	0	0
8046	0	0	0	0
8047	0	0	0	0
8048	0	1	0	0
8049	0	1	0	0
8050	0	1	0	0
8051	1	1	0	0
8052	1	1	0	0
8053	1	1	0	0
8054	1	1	0	0
8055	1	1	0	0
8056	1	0	0	0
8057	1	0	0	0
8058	1	0	0	0
8059	0	0	0	0
8060	0	0	0	0
8061	0	0	0	1
8062	0	1	1	2
8063	0	1	1	3
8064	0	1	1	3
8065	0	1	1	3
8066	0	1	1	3
8067	0	1	1	3
8068	0	1	1	3
8069	0	1	1	2
8070	0	0	0	2
8071	0	0	0	1
8072	0	0	0	1
8073	0	0	0	1
8074	0	0	0	1
8075	0	0	0	1
8076	0	0	0	1
8077	0	0	0	1
8078	0	0	0	0
8079	0	0	0	0
8080	0	0	0	0
8081	0	0	0	0
8082	1	0	0	0
8083	1	0	0	0
8084	2	0	1	0
8085	2	1	1	2
8086	2	1	3	5
8087	2	2	3	6
8088	3	3	5	6
8089	3	3	6	6
8090	2	4	6	7
8091	3	4	6	7
8092	5	4	5	7
8093	5	3	5	6
8094	5	3	3	3
8095	5	2	3	1
8096	4	1	1	1
8097	4	1	0	1
8098	4	0	0	1
8099	3	0	0	1
8100	0	0	0	1
8101	0	0	0	1
8102	0	0	0	1
8103	0	0	0	1
8104	0	0	0	3
8105	0	0	0	3
8106	0	0	0	2
8107	0	0	0	2
8108	0	0	0	2
8109	0	0	0	3
8110	0	0	0	5
8111	0	0	0	5
8112	0	0	0	5
8113	0	0	0	4
8114	0	0	0	4
8115	1	0	0	4
8116	1	0	1	4
8117	1	0	2	4
8118	1	0	2	3
8119	1	0	2	3
8120	1	0	2	1
8121	2	0	2	1
8122	2	0	3	1
8123	1	0	4	1
8124	1	3	4	1
8125	1	3	4	1
8126	3	3	5	1
8127	3	3	5	1
8128	3	3	6	1
8129	3	3	6	1
8130	3	3	5	0
8131	3	4	4	0
8132	3	4	5	0
8133	3	6	5	1
8134	1	3	3	1
8135	1	3	2	1
8136	1	3	1	1
8137	1	3	1	6
8138	2	3	1	6
8139	2	2	1	6
8140	2	2	0	6
8141	2	0	2	5
8142	2	0	2	5
8143	2	1	2	5
8144	2	1	2	5
8145	1	1	2	0
8146	0	2	2	1
8147	0	2	1	1
8148	0	2	1	1
8149	0	4	0	1
8150	1	4	0	2
8151	1	3	0	2
8152	2	3	0	2
8153	2	3	2	2
8154	2	1	2	2
8155	3	1	2	2
8156	6	3	4	3
8157	6	3	4	3
8158	6	4	5	4
8159	7	4	6	4
8160	6	4	6	4
8161	7	4	10	5
8162	7	5	9	5
8163	6	5	9	4
8164	5	4	8	4
8165	5	4	8	5
8166	3	3	6	2
8167	2	1	5	2
8168	3	1	5	2
8169	3	1	4	2
8170	2	1	1	1
8171	2	1	0	1
8172	2	1	0	1
8173	1	0	0	0
8174	1	0	0	0
8175	1	0	0	0
8176	0	0	0	0
8177	0	0	0	0
8178	0	0	0	0
8179	0	0	0	1
8180	0	0	0	1
8181	0	0	0	1
8182	0	0	0	1
8183	0	0	0	1
8184	0	0	0	1
8185	0	0	0	1
8186	0	0	0	1
8187	0	0	1	1
8188	0	0	1	1
8189	0	0	1	0
8190	0	0	1	0
8191	0	0	1	0
8192	0	0	1	0
8193	0	0	1	0
8194	0	0	1	0
8195	0	0	2	0
8196	1	0	2	0
8197	1	0	2	0
8198	1	0	2	0
8199	3	0	3	1
8200	3	1	3	1
8201	3	2	4	1
8202	3	2	4	1
8203	3	2	2	1
8204	3	2	2	1
8205	3	2	2	1
8206	4	2	2	1
8207	1	2	1	1
8208	1	2	1	0
8209	1	1	0	0
8210	2	1	0	0
8211	2	2	0	0
8212	2	2	0	0
8213	2	2	0	0
8214	1	2	0	0
8215	1	2	0	0
8216	1	2	0	0
8217	1	1	0	0
8218	1	1	0	0
8219	1	0	0	1
8220	1	0	0	2
8221	1	1	0	2
8222	1	1	0	2
8223	1	1	0	2
8224	1	1	0	2
8225	2	1	0	3
8226	1	1	0	3
8227	1	1	0	2
8228	1	1	0	2
8229	1	1	0	1
8230	1	0	0	1
8231	1	0	0	1
8232	1	0	1	1
8233	1	0	1	0
8234	0	2	1	0
8235	0	2	1	0
8236	0	2	1	1
8237	0	2	1	1
8238	0	2	1	1
8239	0	2	1	1
8240	0	2	0	1
8241	0	2	0	1
8242	0	1	0	1
8243	0	0	0	1
8244	0	0	1	0
8245	0	0	2	0
8246	0	0	2	0
8247	0	0	2	0
8248	0	0	2	0
8249	0	0	2	0
8250	0	0	2	0
8251	0	0	2	0
8252	1	0	1	0
8253	1	0	0	0
8254	1	0	0	0
8255	1	0	0	0
8256	1	0	0	0
8257	1	0	0	0
8258	1	0	0	0
8259	1	0	0	0
8260	0	0	0	0
8261	0	0	0	0
8262	0	0	0	0
8263	0	0	0	0
8264	0	0	0	0
8265	0	0	0	0
8266	0	0	0	0
8267	0	0	0	0
8268	0	0	0	0
8269	0	0	0	0
8270	0	0	0	0
8271	0	0	1	0
8272	0	1	1	0
8273	0	1	1	1
8274	0	1	8	1
8275	0	1	8	1
8276	0	1	8	1
8277	0	4	8	1
8278	0	4	8	1
8279	0	4	7	1
8280	0	4	7	2
8281	1	3	8	2
8282	3	3	1	1
8283	3	3	1	1
8284	3	4	1	2
8285	3	4	1	2
8286	2	2	1	2
8287	2	2	1	2
8288	2	2	1	1
8289	2	2	0	1
8290	0	2	0	1
8291	0	3	0	1
8292	1	2	0	0
8293	1	1	1	0
8294	1	1	1	1
8295	1	1	1	1
8296	2	1	2	1
8297	2	1	2	1
8298	2	2	2	1
8299	2	1	2	2
8300	0	1	3	2
8301	0	1	2	2
8302	0	1	2	1
8303	0	1	3	1
8304	0	1	2	1
8305	0	2	3	2
8306	0	1	3	2
8307	0	3	4	2
8308	0	3	4	1
8309	0	3	3	1
8310	0	3	3	1
8311	0	3	2	1
8312	0	3	2	1
8313	0	2	1	0
8314	0	2	1	0
8315	0	0	0	0
8316	0	0	0	0
8317	0	0	0	0
8318	1	0	0	0
8319	1	0	0	0
8320	1	0	0	0
8321	1	0	0	0
8322	1	0	0	0
8323	1	0	0	0
8324	1	0	0	0
8325	1	0	0	0
8326	1	0	0	0
8327	0	0	0	0
8328	0	0	0	0
8329	0	0	0	0
8330	0	0	0	0
8331	0	0	0	0
8332	1	0	0	0
8333	1	2	0	0
8334	1	2	0	0
8335	1	2	0	0
8336	1	2	0	0
8337	1	2	0	0
8338	1	2	0	0
8339	1	2	0	0
8340	0	2	0	0
8341	0	0	0	0
8342	0	0	0	0
8343	0	0	0	0
8344	0	0	0	0
8345	0	0	0	0
8346	0	0	0	0
8347	0	0	0	0
8348	0	0	0	0
8349	0	0	0	0
8350	0	0	0	0
8351	0	0	0	0
8352	0	0	0	0
8353	0	0	0	0
8354	0	0	0	0
8355	0	0	0	0
8356	0	0	0	0
8357	0	0	0	0
8358	0	0	0	0
8359	0	0	0	0
8360	0	0	0	0
8361	0	0	0	0
8362	0	0	0	0
8363	0	0	0	0
8364	0	0	0	0
8365	0	0	0	0
8366	0	0	0	0
8367	0	0	0	0
8368	0	0	0	0
8369	0	0	0	0
8370	0	0	0	0
8371	0	0	0	0
8372	0	0	0	0
8373	0	0	0	0
8374	0	0	0	0
8375	0	0	0	0
8376	0	0	0	0
8377	0	0	0	0
8378	0	0	0	0
8379	0	0	0	1
8380	0	0	0	1
8381	0	0	0	1
8382	0	0	0	1
8383	0	0	0	1
8384	0	0	0	2
8385	0	0	0	2
8386	0	0	0	2
8387	0	0	0	1
8388	0	0	0	1
8389	0	0	0	1
8390	0	0	0	1
8391	0	0	1	1
8392	0	0	1	1
8393	0	0	1	11
8394	0	0	1	11
8395	0	0	2	11
8396	0	0	2	11
8397	0	0	2	11
8398	0	0	2	11
8399	0	0	2	11
8400	0	0	1	11
8401	0	0	1	11
8402	0	0	1	0
8403	0	0	0	0
8404	0	0	0	0
8405	0	0	0	0
8406	0	0	0	0
8407	0	0	0	0
8408	0	0	0	0
8409	0	0	0	0
8410	0	0	0	0
8411	0	0	0	0
8412	0	0	0	0
8413	0	0	0	0
8414	1	1	0	1
8415	2	1	0	1
8416	2	1	0	1
8417	3	1	0	1
8418	4	1	0	1
8419	4	2	0	3
8420	4	3	0	5
8421	4	3	0	5
8422	3	3	0	5
8423	2	3	1	5
8424	2	4	3	4
8425	1	3	3	4
8426	0	3	3	4
8427	0	2	3	2
8428	0	2	3	0
8429	0	2	3	0
8430	0	1	3	0
8431	0	1	3	0
8432	0	0	3	0
8433	0	0	0	0
8434	0	0	0	0
8435	0	0	0	0
8436	0	0	0	0
8437	0	0	0	0
8438	1	0	0	0
8439	1	0	0	0
8440	2	0	0	0
8441	3	0	0	0
8442	3	0	0	0
8443	3	0	0	0
8444	3	0	0	0
8445	3	0	0	0
8446	2	0	0	0
8447	2	0	0	0
8448	1	0	0	0
8449	0	1	0	0
8450	0	1	0	0
8451	0	1	0	0
8452	0	1	0	0
8453	0	1	0	0
8454	0	1	0	0
8455	0	1	0	0
8456	0	1	0	0
8457	0	1	0	0
8458	0	0	0	0
8459	0	0	0	0
8460	0	0	0	0
8461	0	0	0	0
8462	0	0	1	0
8463	0	0	1	0
8464	0	0	1	0
8465	0	0	1	0
8466	0	0	1	0
8467	0	0	1	0
8468	0	0	1	0
8469	1	0	1	0
8470	1	0	1	0
8471	1	0	1	0
8472	1	1	1	0
8473	1	2	1	0
8474	1	2	1	1
8475	2	2	1	1
8476	3	2	1	1
8477	2	2	1	1
8478	2	2	0	2
8479	3	2	0	2
8480	3	1	0	2
8481	3	1	0	3
8482	3	2	0	2
8483	2	2	0	2
8484	1	2	0	2
8485	1	2	0	2
8486	1	2	1	1
8487	1	2	1	1
8488	1	2	1	1
8489	0	1	1	0
8490	0	0	1	0
8491	0	0	1	0
8492	0	0	1	0
8493	0	0	1	0
8494	0	0	0	0
8495	0	0	0	0
8496	0	0	0	0
8497	0	0	0	0
8498	0	0	0	0
8499	0	0	0	0
8500	0	0	0	0
8501	0	0	0	0
8502	0	0	0	0
8503	0	0	0	0
8504	0	0	0	0
8505	0	0	0	0
8506	0	0	0	0
8507	0	0	0	0
8508	0	0	0	0
8509	0	0	0	0
8510	0	0	0	0
8511	0	0	0	0
8512	0	0	0	0
8513	1	0	0	0
8514	1	0	0	0
8515	1	0	0	0
8516	1	0	1	0
8517	0	0	1	0
8518	0	0	1	0
8519	0	0	1	0
8520	0	1	1	0
8521	0	1	1	0
8522	0	1	2	0
8523	0	1	2	1
8524	0	1	1	1
8525	1	1	1	1
8526	1	1	1	2
8527	1	1	1	2
8528	1	0	1	2
8529	1	0	1	2
8530	1	0	0	2
8531	1	0	0	1
8532	1	0	0	1
8533	1	0	0	1
8534	1	0	0	1
8535	1	0	0	0
8536	1	0	0	0
8537	2	0	1	0
8538	2	0	1	0
8539	2	0	1	0
8540	2	0	1	0
8541	1	0	1	0
8542	1	0	1	0
8543	1	0	1	0
8544	1	0	2	0
8545	1	0	1	0
8546	0	0	1	0
8547	0	0	1	0
8548	0	0	1	0
8549	0	0	1	0
8550	0	0	1	0
8551	0	0	1	0
8552	0	1	0	0
8553	0	1	0	0
8554	0	1	0	1
8555	0	1	0	1
8556	1	1	0	2
8557	1	3	1	2
8558	2	4	3	4
8559	2	5	3	7
8560	2	5	3	8
8561	2	5	4	9
8562	3	5	6	8
8563	3	4	6	8
8564	2	4	6	7
8565	2	4	6	7
8566	1	3	3	5
8567	1	2	3	2
8568	1	2	3	1
8569	1	1	2	1
8570	0	1	0	1
8571	0	2	1	1
8572	0	3	1	2
8573	1	3	1	2
8574	1	2	1	2
8575	2	2	1	2
8576	3	2	1	2
8577	3	2	1	1
8578	3	3	1	1
8579	3	2	1	1
8580	3	1	1	0
8581	2	1	2	0
8582	2	1	2	1
8583	1	1	2	1
8584	0	1	2	2
8585	0	2	2	2
8586	0	1	1	2
8587	0	1	2	2
8588	0	1	2	2
8589	0	1	2	2
8590	0	1	1	1
8591	0	1	1	2
8592	0	1	1	1
8593	0	1	1	1
8594	0	0	1	1
8595	0	0	0	1
8596	0	0	0	2
8597	0	1	0	2
8598	2	2	0	2
8599	2	2	0	2
8600	2	2	1	2
8601	2	2	1	2
8602	2	3	1	3
8603	3	4	1	4
8604	4	4	4	4
8605	4	5	4	4
8606	30	16	20	29
8607	30	15	20	28
8608	32	18	22	29
8609	32	19	22	29
8610	32	18	22	27
8611	32	20	23	28
8612	34	26	24	30
8613	34	27	23	33
8614	5	14	5	9
8615	5	14	5	12
8616	3	12	3	11
8617	2	10	3	11
8618	4	10	3	13
8619	5	8	3	11
8620	5	7	2	12
8621	4	2	1	8
8622	4	2	1	8
8623	4	2	1	7
8624	7	5	2	7
8625	8	5	4	7
8626	8	6	6	6
8627	6	6	6	5
8628	6	5	7	5
8629	6	5	6	5
8630	6	5	7	3
8631	6	5	7	2
8632	5	2	6	2
8633	4	2	4	2
8634	2	2	2	2
8635	2	2	2	2
8636	2	2	2	2
8637	0	1	1	1
8638	0	1	0	1
8639	0	1	1	1
8640	0	1	1	1
8641	0	1	1	1
8642	0	1	1	1
8643	0	0	1	1
8644	0	0	1	3
8645	0	0	1	3
8646	0	0	0	3
8647	1	0	0	3
8648	2	0	0	3
8649	2	0	0	3
8650	2	0	0	3
8651	2	0	0	4
8652	2	0	0	3
8653	2	0	0	3
8654	2	0	0	3
8655	1	0	0	2
8656	0	1	0	2
8657	0	1	0	2
8658	0	1	0	2
8659	0	1	1	1
8660	1	1	2	2
8661	1	1	3	2
8662	1	2	3	2
8663	1	3	3	2
8664	1	2	4	2
8665	1	2	4	3
8666	1	3	4	4
8667	1	3	3	4
8668	0	4	2	4
8669	1	5	1	3
8670	2	4	1	3
8671	3	3	1	5
8672	3	3	0	5
8673	3	3	2	4
8674	4	3	4	4
8675	5	3	4	4
8676	6	2	4	2
8677	6	1	5	2
8678	5	2	5	2
8679	6	14	8	2
8680	6	15	10	0
8681	6	15	8	0
8682	5	14	8	0
8683	4	14	9	0
8684	3	14	9	1
8685	2	14	8	1
8686	2	14	7	1
8687	0	2	4	1
8688	0	1	3	1
8689	0	1	2	1
8690	0	1	1	1
8691	0	1	0	1
8692	0	1	0	0
8693	0	1	0	0
8694	0	1	0	0
8695	0	1	0	0
8696	0	1	0	0
8697	0	1	0	0
8698	0	0	0	0
8699	0	0	0	0
8700	0	0	0	1
8701	0	0	0	1
8702	1	0	0	1
8703	1	0	0	1
8704	1	0	1	2
8705	1	0	1	2
8706	1	1	1	2
8707	1	1	1	2
8708	2	1	1	1
8709	2	1	1	1
8710	1	1	1	1
8711	1	1	1	1
8712	1	1	0	0
8713	1	1	0	0
8714	1	0	0	0
8715	1	0	0	0
8716	0	0	0	0
8717	0	0	0	0
8718	0	0	0	0
8719	0	0	0	0
8720	0	0	0	0
8721	0	0	0	0
8722	0	0	0	0
8723	0	0	0	0
8724	0	0	0	0
8725	0	0	0	0
8726	0	1	0	0
8727	0	1	0	0
8728	0	1	0	0
8729	0	1	0	0
8730	0	1	0	0
8731	0	1	1	0
8732	0	1	1	0
8733	0	1	1	0
8734	0	1	1	0
8735	0	1	1	0
8736	0	1	2	0
8737	0	1	3	0
8738	0	1	3	0
8739	0	1	2	0
8740	0	1	2	0
8741	0	1	2	0
8742	0	0	2	0
8743	0	0	3	0
8744	0	0	2	1
8745	0	0	2	1
8746	1	0	1	2
8747	1	1	1	2
8748	1	1	1	2
8749	1	1	1	2
8750	1	1	1	2
8751	1	1	1	2
8752	1	1	1	1
8753	1	1	1	1
8754	0	1	0	0
8755	0	0	0	0
8756	0	1	0	0
8757	0	1	0	0
8758	0	1	0	0
8759	0	1	0	0
8760	0	1	0	0
8761	0	1	0	0
8762	2	2	0	0
8763	2	3	0	2
8764	3	2	0	2
8765	3	2	0	2
8766	3	2	0	2
8767	4	2	0	5
8768	4	2	0	6
8769	4	2	0	7
8770	2	1	0	7
8771	2	0	0	5
8772	1	0	0	5
8773	1	0	0	5
8774	1	0	0	5
8775	0	0	0	3
8776	0	0	0	2
8777	0	0	0	1
8778	0	0	0	0
8779	0	0	0	0
8780	0	0	0	0
8781	0	0	0	0
8782	0	0	0	3
8783	0	0	0	13
8784	0	0	0	13
8785	0	0	0	13
8786	0	0	0	13
8787	0	0	0	13
8788	0	0	0	13
8789	0	0	0	13
8790	0	0	0	10
8791	1	0	0	1
8792	2	0	0	0
8793	2	0	0	1
8794	2	0	0	1
8795	2	1	0	1
8796	2	1	0	1
8797	2	1	0	1
8798	2	1	0	1
8799	1	2	0	1
8800	1	3	1	1
8801	0	3	1	1
8802	0	3	1	0
8803	0	3	1	0
8804	0	2	1	0
8805	0	2	1	0
8806	0	2	1	0
8807	0	1	1	1
8808	1	0	0	1
8809	1	0	1	1
8810	1	0	1	1
8811	1	0	1	1
8812	1	0	1	1
8813	1	0	1	1
8814	1	0	1	1
8815	1	0	1	1
8816	0	0	1	0
8817	0	0	1	0
8818	0	0	0	0
8819	0	0	0	0
8820	0	0	0	0
8821	0	0	0	0
8822	0	0	0	0
8823	0	0	0	0
8824	0	0	0	0
8825	0	0	0	0
8826	0	0	0	0
8827	0	0	0	0
8828	0	0	0	0
8829	0	0	0	0
8830	0	0	0	0
8831	0	1	0	0
8832	0	1	0	0
8833	0	1	0	0
8834	0	1	0	0
8835	0	1	0	0
8836	0	1	0	0
8837	1	1	0	0
8838	1	1	0	0
8839	1	0	0	0
8840	1	0	0	0
8841	1	0	0	0
8842	1	0	0	1
8843	1	0	0	1
8844	1	0	1	1
8845	1	0	1	2
8846	1	0	1	3
8847	1	0	2	4
8848	0	0	2	4
8849	0	0	2	4
8850	0	0	2	3
8851	0	0	2	2
8852	0	0	2	2
8853	0	0	1	1
8854	0	0	1	1
8855	0	0	0	0
8856	0	0	0	0
8857	0	0	0	0
8858	0	0	0	0
8859	0	0	0	0
8860	0	0	0	0
8861	0	0	0	0
8862	0	0	0	0
8863	0	0	0	0
8864	0	0	0	0
8865	0	0	1	0
8866	0	0	1	0
8867	0	0	1	0
8868	1	0	2	0
8869	1	1	2	0
8870	1	1	2	0
8871	1	1	2	0
8872	1	1	2	0
8873	1	1	2	0
8874	1	1	1	0
8875	1	1	1	0
8876	0	1	0	0
8877	0	0	0	0
8878	0	0	0	0
8879	0	0	0	0
8880	0	0	0	0
8881	0	0	0	0
8882	0	0	0	0
8883	0	0	0	0
8884	0	0	0	0
8885	0	0	0	0
8886	0	0	0	0
8887	0	0	0	0
8888	0	0	0	0
8889	0	0	0	0
8890	0	0	0	0
8891	0	0	0	0
8892	0	0	0	0
8893	0	0	0	0
8894	0	0	0	0
8895	0	0	1	0
8896	0	0	1	0
8897	0	0	1	0
8898	0	0	1	1
8899	0	0	1	1
8900	0	0	1	1
8901	0	0	1	1
8902	0	1	1	1
8903	0	1	1	1
8904	0	2	0	2
8905	0	2	0	2
8906	1	3	0	1
8907	1	5	1	1
8908	1	5	1	1
8909	2	5	1	2
8910	4	4	2	2
8911	5	9	2	5
8912	5	9	2	5
8913	5	8	2	5
8914	4	8	2	5
8915	4	5	1	5
8916	4	5	1	5
8917	3	5	1	4
8918	2	5	0	4
8919	0	1	0	3
8920	0	2	0	1
8921	0	2	0	1
8922	0	2	0	1
8923	0	2	0	1
8924	0	2	0	1
8925	1	2	0	1
8926	1	2	0	1
8927	1	1	0	0
8928	1	1	0	0
8929	2	0	0	1
8930	2	0	0	1
8931	2	0	0	1
8932	2	0	0	2
8933	1	0	0	2
8934	1	0	0	2
8935	1	0	0	2
8936	1	0	0	2
8937	0	0	0	1
8938	0	0	0	1
8939	0	0	0	1
8940	0	0	0	1
8941	0	0	0	0
8942	0	0	0	0
8943	0	0	0	0
8944	0	0	0	0
8945	0	0	0	0
8946	0	0	0	0
8947	0	0	0	0
8948	1	0	0	0
8949	1	0	0	0
8950	1	0	0	0
8951	1	0	0	0
8952	1	0	0	0
8953	1	1	0	0
8954	1	1	0	0
8955	1	1	0	0
8956	0	1	0	0
8957	0	1	0	0
8958	0	1	0	0
8959	0	1	0	0
8960	0	1	0	0
8961	0	1	0	1
8962	0	1	0	1
8963	0	1	0	1
8964	0	0	0	1
8965	0	0	0	1
8966	0	0	0	1
8967	0	0	0	1
8968	0	0	0	1
8969	0	0	0	3
8970	0	0	0	2
8971	0	0	0	2
8972	0	0	0	2
8973	0	0	0	2
8974	0	0	1	2
8975	0	0	1	2
8976	1	0	1	2
8977	1	0	1	0
8978	1	1	1	0
8979	1	1	1	0
8980	1	1	1	0
8981	1	1	1	0
8982	2	1	0	0
8983	2	1	0	0
8984	1	1	0	0
8985	1	1	0	0
8986	1	0	0	0
8987	1	0	1	0
8988	1	0	1	0
8989	1	0	2	1
8990	0	0	2	1
8991	0	0	2	1
8992	1	0	2	1
8993	1	0	2	1
8994	1	0	2	1
8995	1	1	1	1
8996	0	1	1	1
8997	0	2	0	0
8998	0	2	0	0
8999	0	2	0	0
9000	0	2	0	0
9001	1	3	0	0
9002	1	3	0	0
9003	1	2	2	0
9004	1	2	2	0
9005	1	1	2	0
9006	1	1	2	0
9007	1	1	2	0
9008	1	1	2	0
9009	1	1	3	1
9010	1	1	3	1
9011	0	0	3	1
9012	0	1	1	1
9013	0	1	1	1
9014	0	1	1	1
9015	0	1	2	1
9016	0	1	2	1
9017	0	2	2	0
9018	0	2	2	0
9019	0	2	2	0
9020	0	2	3	2
9021	2	2	3	3
9022	2	4	3	6
9023	7	5	4	8
9024	9	9	5	9
9025	10	8	5	10
9026	10	8	5	10
9027	12	9	6	10
9028	12	9	7	11
9029	12	10	6	9
9030	11	8	7	8
9031	8	9	5	11
9032	7	5	6	10
9033	7	6	6	9
9034	8	6	6	9
9035	7	6	9	10
9036	6	6	7	9
9037	5	5	7	9
9038	5	6	6	8
9039	4	3	6	4
9040	2	3	5	4
9041	2	3	4	3
9042	1	3	2	2
9043	1	2	1	2
9044	1	2	1	2
9045	0	1	0	0
9046	0	1	0	0
9047	0	0	0	0
9048	0	0	0	0
9049	0	0	0	0
9050	0	0	0	0
9051	1	0	0	0
9052	2	0	0	0
9053	3	0	4	0
9054	5	1	9	2
9055	5	1	9	2
9056	5	1	10	2
9057	5	1	9	2
9058	4	1	9	2
9059	3	2	9	2
9060	2	2	9	2
9061	1	2	7	2
9062	0	3	7	2
9063	0	3	5	1
9064	0	4	4	2
9065	1	4	4	2
9066	1	3	1	2
9067	1	2	1	2
9068	1	2	1	2
9069	1	2	1	2
9070	1	2	1	2
9071	1	2	1	1
9072	1	2	1	0
9073	0	1	1	0
9074	0	0	0	0
9075	0	0	0	0
9076	0	0	0	0
9077	0	0	0	0
9078	0	0	0	0
9079	0	2	0	1
9080	0	2	0	1
9081	0	2	0	2
9082	0	2	0	3
9083	0	2	0	2
9084	0	2	0	2
9085	0	2	1	2
9086	0	2	1	2
9087	0	0	1	2
9088	0	0	1	2
9089	0	0	2	1
9090	1	0	2	0
9091	1	0	2	0
9092	1	0	2	0
9093	1	0	2	1
9094	1	0	2	1
9095	1	0	1	1
9096	1	0	1	2
9097	1	0	1	2
9098	1	0	1	2
9099	0	0	1	2
9100	0	0	1	2
9101	0	0	1	1
9102	0	0	1	1
9103	0	0	1	1
9104	0	0	1	0
9105	1	0	0	0
9106	1	0	0	0
9107	1	0	0	0
9108	1	0	0	0
9109	1	0	0	0
9110	1	0	0	0
9111	1	0	0	0
9112	1	0	0	0
9113	0	0	0	0
9114	0	0	0	0
9115	0	0	0	0
9116	0	0	0	0
9117	0	0	0	0
9118	0	0	0	0
9119	0	0	0	0
9120	0	0	0	0
9121	0	0	0	0
9122	0	0	0	0
9123	0	0	0	0
9124	0	0	0	0
9125	0	0	0	0
9126	0	0	0	0
9127	0	0	0	0
9128	0	0	0	0
9129	0	0	0	0
9130	0	0	0	0
9131	0	0	0	0
9132	0	0	0	0
9133	0	0	0	0
9134	0	0	0	0
9135	0	0	0	0
9136	0	0	0	0
9137	0	1	0	0
9138	0	1	0	0
9139	0	1	0	0
9140	0	1	0	0
9141	0	1	0	0
9142	0	1	0	0
9143	0	1	0	0
9144	0	1	0	0
9145	0	1	0	0
9146	0	1	0	0
9147	0	0	0	0
9148	0	0	1	0
9149	0	0	1	0
9150	0	0	1	1
9151	0	0	2	1
9152	0	0	2	1
9153	0	0	2	1
9154	1	0	2	1
9155	1	0	2	2
9156	1	0	1	2
9157	1	0	1	2
9158	1	0	2	3
9159	2	0	2	3
9160	3	0	1	2
9161	3	0	1	2
9162	3	0	1	2
9163	3	0	1	1
9164	1	0	1	1
9165	3	1	1	1
9166	3	1	0	2
9167	3	2	0	1
9168	3	2	0	1
9169	2	2	0	1
9170	2	2	0	1
9171	2	2	0	1
9172	2	3	0	1
9173	0	2	2	1
9174	0	2	2	1
9175	0	1	2	0
9176	1	1	2	1
9177	2	1	2	1
9178	2	1	2	1
9179	2	1	2	1
9180	2	0	2	1
9181	2	0	1	1
9182	2	0	1	1
9183	3	0	0	1
9184	2	0	0	0
9185	1	0	0	1
9186	1	0	0	1
9187	1	0	0	1
9188	1	0	0	1
9189	1	0	0	1
9190	1	0	0	1
9191	0	0	0	1
9192	0	0	0	1
9193	0	0	0	0
9194	0	0	0	0
9195	0	0	0	0
9196	1	0	0	0
9197	1	0	0	2
9198	1	0	1	3
9199	1	0	1	3
9200	1	0	1	3
9201	0	0	1	4
9202	0	0	1	4
9203	0	0	1	4
9204	0	0	1	4
9205	0	0	1	2
9206	0	0	0	1
9207	0	0	0	1
9208	0	0	0	1
9209	0	0	0	0
9210	0	0	0	2
9211	0	0	0	2
9212	0	0	0	2
9213	0	0	0	2
9214	0	0	0	2
9215	0	0	0	2
9216	0	0	0	2
9217	0	0	0	2
9218	0	0	0	0
9219	0	0	0	0
9220	0	0	0	0
9221	0	0	0	0
9222	0	0	0	0
9223	0	0	0	0
9224	0	0	0	0
9225	0	0	0	0
9226	0	0	0	0
9227	0	0	0	0
9228	0	0	0	0
9229	0	0	0	0
9230	0	0	0	0
9231	0	1	0	0
9232	0	1	0	0
9233	0	1	0	0
9234	0	2	0	0
9235	0	2	1	0
9236	0	3	1	0
9237	0	3	1	0
9238	0	3	1	0
9239	0	4	1	0
9240	0	3	1	0
9241	0	3	1	0
9242	0	2	1	0
9243	0	2	1	0
9244	0	1	0	0
9245	0	1	0	0
9246	0	1	0	0
9247	0	0	0	0
9248	0	0	0	1
9249	0	0	0	1
9250	0	1	0	1
9251	0	1	0	1
9252	0	1	0	4
9253	2	1	0	5
9254	2	2	0	5
9255	2	2	0	5
9256	2	2	0	5
9257	1	2	0	5
9258	1	1	0	4
9259	1	1	0	4
9260	1	1	0	1
9261	0	1	0	0
9262	0	0	0	0
9263	0	0	0	0
9264	0	0	0	0
9265	0	0	0	0
9266	0	0	0	0
9267	0	0	0	0
9268	0	0	0	0
9269	0	0	0	0
9270	1	0	0	0
9271	1	0	0	0
9272	1	0	0	0
9273	1	0	0	0
9274	1	0	0	0
9275	1	0	0	0
9276	1	0	0	0
9277	1	0	0	0
9278	0	0	0	0
9279	0	0	0	0
9280	0	0	0	0
9281	1	0	0	0
9282	1	0	0	0
9283	1	0	0	0
9284	2	0	1	0
9285	2	0	2	0
9286	3	0	3	0
9287	3	0	4	0
9288	3	0	4	1
9289	3	1	4	1
9290	3	2	4	2
9291	2	2	4	2
9292	1	2	3	2
9293	1	2	2	2
9294	1	2	1	2
9295	1	2	0	2
9296	1	2	1	1
9297	0	1	1	1
9298	0	0	1	1
9299	0	0	1	1
9300	0	0	1	1
9301	0	0	1	1
9302	2	0	1	1
9303	2	0	1	1
9304	2	1	2	1
9305	2	1	2	1
9306	2	1	1	0
9307	2	1	1	0
9308	3	1	1	1
9309	3	1	2	1
9310	1	1	2	2
9311	1	1	2	2
9312	1	0	1	3
9313	1	0	1	3
9314	2	1	1	3
9315	2	1	1	3
9316	3	1	1	2
9317	2	1	0	2
9318	2	1	0	1
9319	2	1	0	1
9320	2	1	0	0
9321	2	3	1	0
9322	1	3	1	0
9323	1	2	1	0
9324	0	2	1	0
9325	0	2	1	0
9326	0	2	1	0
9327	0	2	1	1
9328	0	2	1	1
9329	0	2	0	1
9330	0	0	0	1
9331	0	0	0	1
9332	0	1	0	2
9333	0	1	0	3
9334	0	2	0	5
9335	1	2	0	6
9336	1	2	3	6
9337	1	2	3	6
9338	1	2	3	6
9339	1	3	3	6
9340	1	5	3	7
9341	1	6	3	5
9342	2	4	4	3
9343	3	4	4	2
9344	3	5	2	2
9345	3	5	1	1
9346	3	5	1	2
9347	4	4	1	2
9348	5	2	1	1
9349	5	1	1	1
9350	5	1	0	1
9351	3	1	0	1
9352	4	1	0	1
9353	4	1	0	1
9354	5	0	0	0
9355	4	0	0	0
9356	3	0	0	0
9357	3	0	0	0
9358	3	0	1	0
9359	2	0	1	0
9360	2	0	1	0
9361	2	0	1	0
9362	0	0	1	0
9363	0	0	1	0
9364	0	0	1	0
9365	0	0	1	0
9366	0	0	0	0
9367	0	0	0	0
9368	0	0	0	0
9369	0	0	0	0
9370	0	0	0	0
9371	0	0	0	0
9372	0	0	0	0
9373	0	0	0	0
9374	0	0	0	0
9375	0	0	0	0
9376	0	0	0	0
9377	0	0	0	0
9378	0	0	0	0
9379	0	0	0	0
9380	0	0	0	0
9381	0	0	0	0
9382	0	0	0	0
9383	1	1	0	0
9384	1	1	1	0
9385	1	1	1	0
9386	1	1	1	0
9387	1	1	2	0
9388	0	1	2	0
9389	0	1	2	1
9390	0	1	2	1
9391	0	1	2	1
9392	0	0	2	1
9393	0	0	2	1
9394	0	0	1	1
9395	0	0	0	1
9396	0	0	0	1
9397	1	0	0	0
9398	1	0	0	0
9399	1	0	0	1
9400	1	0	0	1
9401	1	0	0	1
9402	1	0	0	1
9403	1	0	1	1
9404	1	0	1	1
9405	0	0	1	1
9406	0	0	1	1
9407	0	0	1	1
9408	0	0	1	1
9409	0	0	1	1
9410	0	0	1	0
9411	0	0	0	0
9412	0	0	0	0
9413	0	0	0	0
9414	0	0	0	0
9415	0	0	0	0
9416	0	0	0	0
9417	0	0	0	0
9418	0	0	0	0
9419	0	0	0	0
9420	0	0	0	0
9421	0	0	0	0
9422	0	0	0	0
9423	0	0	0	0
9424	0	0	0	0
9425	0	0	0	0
9426	0	0	0	0
9427	0	0	0	0
9428	0	0	0	0
9429	0	0	0	0
9430	0	0	0	0
9431	0	0	0	0
9432	0	0	0	0
9433	0	0	0	0
9434	0	0	0	0
9435	0	0	0	0
9436	0	0	0	0
9437	0	0	0	0
9438	0	0	0	0
9439	0	0	0	0
9440	0	0	0	0
9441	0	0	0	0
9442	0	0	0	0
9443	0	0	0	0
9444	0	0	0	0
9445	0	0	0	0
9446	0	0	0	0
9447	0	0	0	0
9448	0	0	0	0
9449	0	0	0	0
9450	0	0	1	0
9451	0	0	1	1
9452	0	0	1	1
9453	1	1	2	2
9454	1	2	2	2
9455	1	2	2	2
9456	1	2	1	2
9457	2	3	2	2
9458	3	4	2	2
9459	3	4	3	2
9460	3	4	3	2
9461	2	4	3	1
9462	2	2	2	1
9463	2	3	2	1
9464	2	3	2	1
9465	2	2	1	1
9466	1	1	1	3
9467	0	1	0	3
9468	0	1	0	3
9469	0	1	1	4
9470	1	1	2	4
9471	1	1	2	4
9472	1	1	2	4
9473	1	1	2	4
9474	2	0	2	2
9475	2	0	2	2
9476	2	0	2	1
9477	3	0	1	1
9478	3	0	1	0
9479	2	0	0	0
9480	3	0	0	0
9481	3	0	0	0
9482	2	0	0	0
9483	1	0	0	0
9484	1	0	0	0
9485	1	1	0	0
9486	1	1	1	0
9487	1	1	1	0
9488	0	1	1	0
9489	0	1	1	0
9490	0	1	1	0
9491	0	1	1	0
9492	0	1	2	0
9493	0	1	2	0
9494	0	0	1	0
9495	0	0	1	0
9496	0	0	1	0
9497	0	0	1	0
9498	0	0	1	0
9499	0	0	1	0
9500	0	0	0	0
9501	0	0	0	0
9502	0	0	1	0
9503	0	0	1	0
9504	0	0	1	0
9505	0	0	1	0
9506	0	2	2	1
9507	0	4	2	1
9508	0	5	2	1
9509	0	5	2	1
9510	0	5	1	1
9511	0	5	1	1
9512	0	5	1	1
9513	1	5	1	1
9514	1	5	0	0
9515	2	2	0	0
9516	2	0	0	0
9517	2	1	0	0
9518	2	1	0	0
9519	3	1	0	0
9520	3	1	0	0
9521	2	1	0	1
9522	2	1	0	1
9523	1	1	0	1
9524	1	1	1	1
9525	1	1	2	1
9526	1	1	2	1
9527	0	2	2	2
9528	0	2	2	4
9529	0	2	2	3
9530	0	2	2	3
9531	0	3	2	3
9532	0	3	3	4
9533	0	3	1	4
9534	0	4	1	4
9535	0	3	1	4
9536	0	3	1	1
9537	0	2	1	2
9538	0	2	1	2
9539	0	2	1	2
9540	0	2	0	1
9541	2	2	0	1
9542	2	0	1	1
9543	2	0	1	1
9544	2	0	1	1
9545	0	1	1	0
9546	0	1	2	0
9547	0	1	2	0
9548	0	1	3	0
9549	0	1	3	0
9550	0	2	3	0
9551	0	2	2	0
9552	0	2	2	0
9553	0	2	2	0
9554	0	2	1	0
9555	1	2	1	0
9556	1	1	0	0
9557	2	1	0	0
9558	2	1	0	0
9559	1	1	0	0
9560	2	1	0	0
9561	2	1	0	0
9562	2	1	0	0
9563	3	1	0	0
9564	3	2	0	0
9565	3	2	1	0
9566	2	2	1	1
9567	2	2	1	1
9568	1	2	2	1
9569	1	2	3	2
9570	1	2	3	2
9571	0	2	3	2
9572	0	2	3	2
9573	0	1	2	3
9574	0	1	2	3
9575	0	1	2	4
9576	0	0	1	4
9577	0	0	0	5
9578	0	1	1	7
9579	11	2	2	10
9580	12	2	2	11
9581	12	6	5	12
9582	12	6	6	11
9583	13	7	7	13
9584	15	8	8	14
9585	15	9	8	14
9586	15	8	7	11
9587	5	8	7	8
9588	5	7	7	6
9589	5	4	5	5
9590	5	4	3	4
9591	6	4	3	3
9592	3	2	1	2
9593	3	1	1	1
9594	3	1	1	1
9595	3	5	3	1
9596	1	5	3	0
9597	1	5	3	1
9598	1	4	3	1
9599	0	4	2	2
9600	0	4	3	2
9601	0	4	4	3
9602	0	4	5	3
9603	0	0	3	3
9604	1	0	5	4
9605	1	0	5	3
9606	1	0	6	3
9607	1	0	6	3
9608	1	0	6	3
9609	2	0	8	3
9610	3	0	6	5
9611	3	0	6	6
9612	2	0	5	6
9613	2	1	4	6
9614	2	1	5	7
9615	3	1	5	7
9616	3	1	4	6
9617	4	2	5	6
9618	3	2	5	4
9619	4	4	5	4
9620	5	6	8	4
9621	10	6	11	5
9622	13	7	12	6
9623	12	7	14	6
9624	12	7	15	7
9625	11	7	12	7
9626	9	7	11	6
9627	8	8	12	5
9628	8	7	10	5
9629	3	7	6	4
9630	0	4	4	2
9631	0	4	4	3
9632	0	4	2	2
9633	0	4	2	2
9634	1	4	4	2
9635	1	2	4	2
9636	1	0	2	2
9637	1	1	2	2
9638	1	1	2	2
9639	1	2	2	2
9640	1	2	2	2
9641	1	2	2	2
9642	0	2	1	2
9643	0	2	0	2
9644	0	3	0	2
9645	0	3	0	1
9646	0	2	0	2
9647	0	2	0	3
9648	0	2	0	3
9649	0	1	0	3
9650	0	1	0	4
9651	0	1	0	4
9652	0	0	0	4
9653	0	0	0	4
9654	0	0	0	3
9655	0	0	0	1
9656	0	0	0	1
9657	0	0	0	1
9658	0	0	1	0
9659	0	0	1	0
9660	0	0	1	0
9661	0	0	1	0
9662	0	0	1	0
9663	0	0	1	0
9664	0	0	1	0
9665	0	0	1	0
9666	0	0	0	1
9667	0	0	0	1
9668	0	0	1	1
9669	0	0	1	1
9670	0	0	1	1
9671	0	0	1	1
9672	0	0	1	1
9673	0	0	1	1
9674	0	1	1	0
9675	0	1	1	0
9676	0	1	0	1
9677	0	1	0	1
9678	0	1	0	1
9679	0	3	0	1
9680	0	3	1	1
9681	0	3	1	1
9682	1	2	1	1
9683	1	2	1	1
9684	1	2	1	0
9685	1	3	1	0
9686	1	3	1	0
9687	1	2	1	0
9688	1	2	0	0
9689	2	3	0	0
9690	3	3	0	1
9691	2	3	0	1
9692	2	3	1	2
9693	2	3	1	2
9694	2	3	1	2
9695	2	3	1	3
9696	2	3	1	3
9697	1	2	1	3
9698	1	3	3	4
9699	2	3	3	5
9700	1	3	2	3
9701	1	3	2	3
9702	1	3	4	5
9703	3	4	5	6
9704	3	4	7	7
9705	4	6	10	8
9706	4	6	9	8
9707	4	8	9	8
9708	3	9	9	8
9709	4	9	9	8
9710	4	10	7	6
9711	4	8	6	3
9712	3	8	4	3
9713	2	6	3	2
9714	3	6	2	2
9715	4	5	3	2
9716	4	3	3	3
9717	4	3	3	4
9718	3	1	4	3
9719	2	1	4	3
9720	2	0	5	3
9721	2	0	3	2
9722	1	0	3	3
9723	1	1	4	3
9724	1	2	4	2
9725	1	3	5	2
9726	1	3	5	2
9727	1	3	5	2
9728	1	2	3	2
9729	1	2	3	2
9730	1	2	3	2
9731	1	2	2	1
9732	1	1	2	1
9733	1	0	1	0
9734	0	0	1	0
9735	0	1	1	0
9736	1	1	1	0
9737	1	1	1	0
9738	1	1	1	0
9739	1	1	2	0
9740	1	1	1	1
9741	1	1	5	1
9742	1	1	5	1
9743	1	0	5	1
9744	1	0	5	1
9745	0	0	5	1
9746	0	0	5	1
9747	0	0	5	1
9748	0	0	4	0
9749	0	0	0	0
9750	0	0	0	0
9751	0	0	0	0
9752	0	0	0	0
9753	0	0	0	0
9754	0	0	0	0
9755	0	0	0	0
9756	0	0	0	0
9757	0	0	0	0
9758	0	0	0	0
9759	0	0	0	0
9760	0	0	0	0
9761	0	0	0	0
9762	0	0	1	0
9763	0	0	1	0
9764	0	0	2	0
9765	0	0	2	0
9766	0	0	2	0
9767	0	0	2	0
9768	0	0	3	0
9769	1	1	3	2
9770	1	1	2	2
9771	1	1	2	2
9772	1	1	1	2
9773	1	1	1	2
9774	2	1	1	2
9775	2	1	1	2
9776	2	1	0	3
9777	1	1	6	1
9778	1	0	6	2
9779	2	0	6	2
9780	2	0	6	2
9781	2	0	6	2
9782	2	0	6	2
9783	4	1	6	2
9784	3	1	6	2
9785	3	2	2	2
9786	3	2	0	1
9787	2	2	0	1
9788	1	2	0	2
9789	1	2	0	2
9790	1	2	0	2
9791	0	1	0	2
9792	0	1	0	1
9793	0	0	0	1
9794	0	0	0	1
9795	0	0	0	1
9796	0	0	0	1
9797	0	0	0	0
9798	0	0	0	0
9799	0	0	0	0
9800	0	1	0	0
9801	0	1	0	0
9802	0	1	0	0
9803	0	1	0	0
9804	0	1	0	0
9805	0	1	0	0
9806	1	1	0	0
9807	2	1	0	0
9808	2	0	1	0
9809	2	0	1	0
9810	2	0	1	1
9811	2	0	2	1
9812	2	0	2	1
9813	2	0	2	1
9814	2	0	3	2
9815	1	1	3	2
9816	2	3	5	2
9817	5	5	6	4
9818	8	7	9	5
9819	8	12	13	8
9820	9	13	13	9
9821	10	14	13	10
9822	9	14	12	9
9823	14	16	14	12
9824	14	16	11	13
9825	13	17	13	15
9826	11	16	11	15
9827	10	13	7	13
9828	9	11	7	12
9829	9	9	8	11
9830	8	13	8	11
9831	4	11	6	6
9832	3	12	6	5
9833	2	8	5	5
9834	1	5	4	4
9835	1	5	3	1
9836	0	5	3	1
9837	0	5	1	0
9838	0	4	1	0
9839	0	1	1	0
9840	0	1	0	0
9841	0	0	0	0
9842	0	0	0	0
9843	0	0	0	0
9844	0	0	0	0
9845	0	0	0	0
9846	0	0	0	0
9847	0	0	0	0
9848	0	0	0	0
9849	0	0	0	0
9850	0	0	0	0
9851	0	0	0	0
9852	0	0	0	0
9853	0	0	0	0
9854	0	0	0	0
9855	1	0	0	0
9856	1	0	0	0
9857	1	2	0	0
9858	1	2	0	0
9859	1	2	0	0
9860	1	2	0	0
9861	1	2	0	0
9862	1	2	0	0
9863	1	2	0	0
9864	1	2	0	0
9865	0	2	0	0
9866	0	0	0	0
9867	0	0	0	0
9868	0	0	0	0
9869	0	0	0	0
9870	0	0	0	0
9871	0	0	0	0
9872	0	0	0	0
9873	0	0	0	0
9874	0	0	0	0
9875	0	0	0	0
9876	0	1	1	0
9877	0	1	1	0
9878	0	1	1	1
9879	0	1	1	1
9880	0	1	1	1
9881	0	1	1	1
9882	0	1	1	1
9883	0	1	1	1
9884	0	0	1	1
9885	0	0	0	1
9886	0	0	0	0
9887	0	0	0	0
9888	0	0	0	0
9889	0	1	0	0
9890	0	1	0	0
9891	0	1	0	0
9892	0	1	0	0
9893	0	1	0	0
9894	0	1	0	0
9895	0	1	0	0
9896	1	2	1	0
9897	1	1	1	0
9898	2	1	1	0
9899	2	1	1	1
9900	3	1	1	2
9901	3	1	1	3
9902	4	1	1	3
9903	4	1	1	3
9904	3	0	1	3
9905	3	0	2	3
9906	3	1	2	4
9907	3	1	2	3
9908	2	1	2	2
9909	2	1	2	1
9910	2	2	2	2
9911	2	3	1	2
9912	2	3	1	3
9913	3	3	0	3
9914	2	2	0	4
9915	2	2	0	3
9916	2	2	0	5
9917	4	2	0	5
9918	4	1	0	4
9919	4	1	0	4
9920	3	0	0	6
9921	2	0	0	6
9922	2	0	0	5
9923	2	0	0	4
9924	2	0	0	2
9925	1	0	0	2
9926	0	0	0	2
9927	0	0	0	2
9928	0	0	0	2
9929	1	0	0	2
9930	1	0	0	2
9931	1	0	0	0
9932	1	0	0	0
9933	1	0	0	0
9934	1	0	0	0
9935	1	0	0	1
9936	1	0	0	1
9937	1	0	0	1
9938	0	0	0	1
9939	0	2	0	1
9940	0	2	0	1
9941	0	2	0	2
9942	0	3	0	3
9943	0	3	0	4
9944	0	3	0	3
9945	0	4	0	3
9946	1	4	0	3
9947	1	2	0	3
9948	1	2	0	3
9949	1	2	1	2
9950	1	1	1	2
9951	1	1	1	2
9952	1	1	1	1
9953	1	0	1	1
9954	0	0	1	0
9955	0	0	1	0
9956	0	0	1	0
9957	0	0	0	0
9958	0	0	0	0
9959	0	0	0	0
9960	0	0	0	0
9961	0	0	0	0
9962	0	0	0	0
9963	0	0	0	0
9964	0	0	0	0
9965	0	0	0	0
9966	0	0	0	0
9967	0	0	0	0
9968	0	0	0	0
9969	0	0	0	0
9970	0	0	0	0
9971	0	0	0	0
9972	0	0	0	0
9973	0	0	0	0
9974	0	0	0	0
9975	0	0	0	0
9976	1	0	0	0
9977	1	0	0	0
9978	1	0	0	0
9979	1	0	0	0
9980	1	0	0	0
9981	1	0	0	0
9982	1	0	0	0
9983	1	0	0	0
9984	0	0	0	0
9985	0	1	0	0
9986	0	2	0	0
9987	0	2	0	0
9988	0	2	0	0
9989	1	2	1	0
9990	1	2	1	1
9991	1	2	3	3
9992	1	2	3	3
9993	1	1	3	3
9994	1	0	4	3
9995	1	0	4	2
9996	1	0	4	2
9997	1	0	3	2
9998	0	0	3	2
9999	0	0	2	0
10000	0	0	2	0
10001	0	1	1	1
10002	0	1	0	2
10003	0	1	0	2
10004	0	2	0	2
10005	0	2	1	2
10006	0	2	1	2
10007	0	2	1	2
10008	0	2	1	2
10009	0	2	1	1
10010	0	1	1	0
10011	0	1	1	0
10012	0	1	1	0
10013	0	0	0	0
10014	1	0	0	0
10015	1	0	0	0
10016	1	1	0	0
10017	1	1	0	0
10018	1	1	0	0
10019	1	1	0	0
10020	1	1	0	0
10021	1	1	0	0
10022	0	1	0	0
10023	1	1	0	0
10024	1	0	0	0
10025	1	0	0	2
10026	1	0	0	2
10027	1	0	0	2
10028	1	0	0	2
10029	1	0	0	2
10030	1	0	1	2
10031	2	1	2	2
10032	1	2	2	2
10033	1	2	2	0
10034	1	2	3	0
10035	1	2	3	1
10036	1	2	4	1
10037	1	3	4	2
10038	1	3	3	3
10039	1	3	2	3
10040	1	3	2	4
10041	1	3	3	5
10042	2	3	4	6
10043	2	3	3	6
10044	3	3	2	5
10045	4	2	2	5
10046	4	2	2	4
10047	4	2	3	4
10048	4	2	3	4
10049	4	3	3	4
10050	6	3	2	3
10051	4	3	3	3
10052	3	4	3	4
10053	2	4	3	4
10054	2	4	3	4
10055	2	4	3	3
10056	2	4	4	3
10057	3	4	3	3
10058	3	3	5	3
10059	2	3	5	3
10060	2	3	6	3
10061	2	3	6	4
10062	2	3	7	4
10063	2	2	7	4
10064	2	2	5	4
10065	2	4	8	4
10066	2	5	8	4
10067	3	5	7	4
10068	4	4	7	3
10069	4	4	7	1
10070	4	4	8	1
10071	4	5	7	1
10072	4	5	6	1
10073	3	3	3	0
10074	2	2	1	0
10075	1	2	1	0
10076	0	2	1	0
10077	0	2	1	0
10078	0	2	0	0
10079	0	1	0	0
10080	0	1	0	0
10081	0	1	1	0
10082	0	1	1	0
10083	0	1	1	0
10084	0	1	1	1
10085	0	1	1	1
10086	0	2	1	1
10087	0	2	1	1
10088	0	2	1	1
10089	0	2	0	1
10090	0	2	0	1
10091	0	2	0	1
10092	0	2	1	0
10093	0	2	1	0
10094	0	1	1	0
10095	0	1	1	1
10096	0	1	1	2
10097	0	1	1	2
10098	0	1	1	2
10099	0	0	1	2
10100	0	0	1	1
10101	0	0	0	1
10102	1	0	0	1
10103	1	0	0	1
10104	1	0	0	0
10105	1	0	0	0
10106	1	0	0	1
10107	1	0	0	1
10108	1	0	0	1
10109	1	0	0	1
10110	1	0	0	1
10111	0	0	0	1
10112	0	0	0	1
10113	0	0	0	1
10114	0	0	0	0
10115	0	0	0	0
10116	0	0	0	0
10117	0	0	0	0
10118	0	0	0	0
10119	0	0	0	0
10120	0	0	0	0
10121	0	0	0	0
10122	0	0	0	0
10123	0	0	0	0
10124	0	0	0	0
10125	0	0	0	1
10126	0	0	0	1
10127	0	0	0	1
10128	0	0	0	1
10129	0	0	0	1
10130	0	0	0	1
10131	0	0	0	1
10132	0	0	0	1
10133	0	0	0	1
10134	0	0	0	0
10135	0	0	0	0
10136	0	0	0	0
10137	0	0	0	0
10138	0	0	0	0
10139	0	0	0	0
10140	0	0	0	0
10141	0	0	0	0
10142	0	0	0	0
10143	0	0	0	0
10144	0	0	1	0
10145	0	0	1	0
10146	0	0	1	0
10147	0	0	1	0
10148	0	0	1	0
10149	1	0	1	0
10150	1	0	1	0
10151	1	0	1	0
10152	1	0	0	0
10153	1	0	0	0
10154	1	0	0	0
10155	1	0	0	0
10156	1	0	0	0
10157	1	0	0	0
10158	1	0	0	0
10159	0	0	0	0
10160	0	0	0	0
10161	0	0	0	0
10162	0	0	0	0
10163	0	0	0	0
10164	0	0	0	0
10165	0	0	0	0
10166	0	0	0	1
10167	0	0	0	2
10168	0	0	0	2
10169	0	0	0	4
10170	0	0	0	4
10171	0	0	0	4
10172	0	1	0	4
10173	0	1	0	4
10174	0	1	0	4
10175	0	1	0	2
10176	0	1	0	2
10177	0	1	0	0
10178	0	1	0	0
10179	0	2	0	0
10180	0	1	0	0
10181	0	1	0	0
10182	0	1	0	0
10183	0	1	0	0
10184	0	1	0	1
10185	0	1	0	1
10186	0	1	1	1
10187	0	1	2	1
10188	0	1	2	1
10189	0	0	2	1
10190	0	0	2	1
10191	0	0	2	1
10192	1	0	2	0
10193	1	0	2	0
10194	1	1	2	0
10195	1	1	0	0
10196	1	3	0	0
10197	1	3	0	0
10198	1	3	0	0
10199	1	3	0	0
10200	0	3	0	0
10201	0	3	0	0
10202	0	2	0	0
10203	0	2	0	0
10204	0	0	0	0
10205	0	0	0	0
10206	0	0	0	0
10207	0	0	0	0
10208	0	0	0	0
10209	0	1	0	0
10210	0	1	0	0
10211	0	1	0	0
10212	0	1	0	0
10213	1	1	0	0
10214	1	1	0	0
10215	2	1	0	0
10216	4	2	0	1
10217	4	2	1	1
10218	4	2	1	1
10219	4	3	1	2
10220	4	3	1	2
10221	3	3	1	2
10222	3	3	1	2
10223	3	3	1	2
10224	0	2	1	1
10225	0	2	1	1
10226	0	1	0	1
10227	0	0	0	0
10228	0	0	0	0
10229	0	0	0	0
10230	0	0	0	0
10231	0	0	0	0
10232	0	0	0	0
10233	0	0	0	0
10234	0	0	0	0
10235	0	0	0	0
10236	0	0	0	0
10237	0	0	0	0
10238	1	0	0	0
10239	1	0	0	0
10240	1	0	0	0
10241	1	0	0	0
10242	2	0	0	0
10243	2	1	0	0
10244	2	2	0	0
10245	3	2	0	0
10246	2	2	0	0
10247	1	2	0	0
10248	1	2	0	0
10249	1	2	0	0
10250	1	2	0	0
10251	1	1	0	0
10252	1	1	0	1
10253	0	1	0	1
10254	0	0	0	1
10255	0	0	0	1
10256	0	0	0	1
10257	0	0	0	1
10258	0	0	0	2
10259	0	0	0	2
10260	0	0	0	2
10261	0	0	0	1
10262	0	0	0	1
10263	0	0	0	1
10264	0	0	0	2
10265	0	0	0	3
10266	0	0	0	2
10267	0	0	0	2
10268	0	0	0	2
10269	0	0	0	3
10270	0	0	0	3
10271	0	0	0	3
10272	0	0	0	2
10273	0	0	0	1
10274	0	0	0	1
10275	0	0	0	1
10276	0	0	0	1
10277	0	0	0	0
10278	0	0	0	0
10279	0	0	0	0
10280	0	0	0	4
10281	1	0	0	4
10282	1	0	0	4
10283	1	0	0	4
10284	1	0	0	4
10285	1	0	0	4
10286	1	0	0	4
10287	1	0	0	4
10288	1	0	0	1
10289	0	0	0	0
10290	0	0	0	0
10291	0	0	0	1
10292	0	0	0	1
10293	0	0	0	1
10294	0	1	0	2
10295	0	1	1	2
10296	0	1	1	2
10297	0	1	1	2
10298	0	2	1	2
10299	0	2	1	3
10300	0	2	2	3
10301	0	2	2	2
10302	0	1	3	2
10303	0	1	2	2
10304	0	1	1	1
10305	0	1	1	1
10306	0	0	0	1
10307	0	0	0	0
10308	0	0	0	0
10309	0	0	0	0
10310	0	0	0	0
10311	0	0	0	0
10312	0	0	0	0
10313	0	0	0	0
10314	0	0	0	0
10315	0	0	0	0
10316	0	1	0	0
10317	0	1	0	0
10318	0	1	0	0
10319	0	1	0	0
10320	0	1	0	0
10321	0	1	0	0
10322	0	2	0	0
10323	0	2	0	0
10324	0	1	0	0
10325	0	1	0	0
10326	0	1	0	0
10327	0	1	0	0
10328	0	1	0	0
10329	0	1	0	0
10330	0	0	0	0
10331	0	0	0	0
10332	0	0	0	0
10333	0	0	0	0
10334	0	0	0	0
10335	0	0	0	0
10336	0	0	1	0
10337	0	0	1	1
10338	0	0	1	1
10339	0	0	1	1
10340	0	0	1	1
10341	0	0	1	1
10342	0	0	1	1
10343	0	0	1	1
10344	0	0	1	1
10345	0	0	1	0
10346	0	0	0	0
10347	0	0	0	0
10348	0	0	0	0
10349	0	0	0	0
10350	0	0	0	0
10351	0	0	0	0
10352	0	0	0	0
10353	0	0	0	0
10354	0	0	0	0
10355	0	0	0	0
10356	0	0	0	0
10357	0	0	0	0
10358	0	0	0	0
10359	0	0	0	0
10360	0	0	0	0
10361	0	0	0	0
10362	0	0	0	0
10363	0	0	0	0
10364	0	0	0	0
10365	0	0	0	0
10366	0	0	0	0
10367	0	0	0	0
10368	0	0	0	0
10369	0	0	0	0
10370	0	0	0	0
10371	0	0	0	0
10372	0	0	0	0
10373	0	0	0	0
10374	0	0	0	0
10375	0	0	0	0
10376	0	0	0	0
10377	0	0	0	0
10378	0	0	0	0
10379	0	1	0	0
10380	0	1	1	0
10381	1	1	1	0
10382	1	1	1	0
10383	1	1	1	1
10384	1	1	2	1
10385	2	1	2	2
10386	2	1	2	2
10387	2	0	2	2
10388	2	0	2	2
10389	2	0	2	2
10390	2	1	2	2
10391	2	2	2	2
10392	3	3	2	3
10393	4	3	2	3
10394	3	4	2	2
10395	3	3	2	1
10396	3	3	1	1
10397	2	3	1	1
10398	2	2	1	1
10399	2	2	1	1
10400	1	1	0	0
10401	1	1	0	0
10402	0	0	0	0
10403	0	0	1	0
10404	0	0	1	0
10405	0	0	1	0
10406	0	0	1	0
10407	0	0	1	1
10408	2	0	1	1
10409	2	0	1	1
10410	2	0	1	2
10411	2	0	0	2
10412	2	0	0	2
10413	2	0	0	2
10414	2	0	0	2
10415	2	0	0	2
10416	0	0	0	1
10417	0	0	0	1
10418	0	0	0	1
10419	0	1	1	0
10420	0	1	1	0
10421	0	1	1	0
10422	0	1	1	0
10423	0	1	1	2
10424	0	1	1	2
10425	0	1	1	2
10426	0	1	1	2
10427	0	0	0	2
10428	0	0	0	2
10429	0	0	0	2
10430	1	0	0	2
10431	1	0	0	1
10432	1	0	0	1
10433	1	0	0	1
10434	2	0	0	2
10435	2	0	0	2
10436	2	0	0	2
10437	2	0	0	2
10438	1	0	0	2
10439	1	0	0	1
10440	1	0	0	1
10441	1	0	0	1
10442	0	0	0	0
10443	0	0	0	0
10444	0	0	0	0
10445	0	0	0	0
10446	0	0	0	0
10447	0	0	0	0
10448	0	0	0	0
10449	0	0	0	0
10450	0	0	0	0
10451	0	0	0	0
10452	0	0	0	0
10453	0	0	1	0
10454	0	0	1	0
10455	0	0	1	0
10456	0	0	1	0
10457	0	0	1	0
10458	0	0	1	0
10459	0	0	1	0
10460	0	0	1	0
10461	0	0	0	2
10462	0	0	0	2
10463	0	0	0	2
10464	0	0	1	2
10465	0	0	2	2
10466	0	0	2	2
10467	0	0	2	2
10468	0	0	2	2
10469	0	0	2	0
10470	0	0	2	0
10471	0	0	2	0
10472	0	0	2	0
10473	0	0	0	0
10474	0	1	0	0
10475	0	1	0	0
10476	0	1	1	0
10477	0	1	1	0
10478	0	1	1	0
10479	0	1	1	0
10480	0	1	1	0
10481	0	1	1	0
10482	0	0	1	0
10483	0	0	1	0
10484	0	0	0	0
10485	0	1	0	1
10486	0	1	0	1
10487	0	1	0	1
10488	0	1	0	1
10489	0	1	0	1
10490	0	1	0	1
10491	0	1	0	1
10492	0	1	0	1
10493	0	1	0	1
10494	0	0	0	0
10495	0	0	0	0
10496	0	0	0	0
10497	1	0	0	0
10498	1	0	0	0
10499	1	0	0	0
10500	1	1	0	0
10501	1	1	0	0
10502	1	1	0	0
10503	1	1	0	0
10504	1	2	0	0
10505	0	2	1	0
10506	1	2	1	0
10507	1	2	1	0
10508	1	2	1	0
10509	1	2	1	0
10510	1	1	1	0
10511	1	1	1	0
10512	1	1	1	0
10513	1	1	0	0
10514	0	1	0	0
10515	0	1	0	0
10516	0	0	0	0
10517	0	0	0	0
10518	0	0	1	0
10519	0	1	2	0
10520	0	2	2	0
10521	0	2	2	0
10522	0	2	2	1
10523	1	1	2	2
10524	1	1	2	2
10525	1	1	2	2
10526	1	1	1	3
10527	1	1	0	3
10528	1	0	0	4
10529	1	0	0	5
10530	1	0	0	5
10531	0	0	0	4
10532	0	0	0	3
10533	0	0	0	3
10534	0	0	0	2
10535	0	0	0	2
10536	0	0	0	1
10537	1	0	0	1
10538	1	0	0	0
10539	1	0	0	0
10540	1	0	0	0
10541	1	0	0	0
10542	1	0	0	0
10543	1	0	0	0
10544	1	0	0	0
10545	1	0	0	0
10546	1	0	0	0
10547	1	0	0	2
10548	0	0	0	2
10549	1	0	0	2
10550	1	0	0	2
10551	1	0	0	2
10552	1	0	0	2
10553	1	0	0	2
10554	1	0	0	2
10555	1	0	0	1
10556	1	0	0	0
10557	1	0	0	0
10558	0	0	0	0
10559	0	0	0	0
10560	0	0	0	0
10561	0	0	0	0
10562	1	2	0	1
10563	2	2	0	2
10564	2	2	0	2
10565	2	2	0	2
10566	2	2	0	2
10567	3	2	0	2
10568	3	2	0	2
10569	5	2	0	2
10570	4	0	1	1
10571	3	0	1	0
10572	3	0	1	0
10573	3	0	1	0
10574	3	0	1	0
10575	2	0	1	0
10576	2	0	1	0
10577	1	0	1	0
10578	1	0	0	0
10579	1	0	0	0
10580	1	0	0	0
10581	1	1	0	0
10582	1	1	0	0
10583	1	1	0	0
10584	1	1	0	0
10585	0	1	0	0
10586	0	1	1	1
10587	0	1	2	1
10588	0	1	2	2
10589	0	0	2	2
10590	0	0	2	3
10591	0	0	2	3
10592	0	0	2	3
10593	0	0	2	3
10594	0	0	1	2
10595	0	0	1	2
10596	0	1	0	1
10597	0	1	1	1
10598	0	1	1	0
10599	0	1	1	1
10600	0	1	1	1
10601	0	1	1	1
10602	0	1	1	1
10603	0	1	1	1
10604	0	1	1	1
10605	0	1	0	1
10606	0	0	0	1
10607	0	0	0	0
10608	0	1	0	0
10609	0	1	0	0
10610	0	1	0	0
10611	0	1	0	0
10612	0	1	0	1
10613	0	1	0	1
10614	1	1	1	1
10615	1	1	1	1
10616	1	1	1	1
10617	1	0	1	1
10618	1	0	1	1
10619	1	0	1	1
10620	1	0	1	2
10621	1	0	2	2
10622	1	0	1	3
10623	0	1	1	3
10624	0	1	1	4
10625	0	1	1	4
10626	0	1	1	4
10627	0	1	1	4
10628	2	1	1	3
10629	2	1	0	2
10630	2	1	0	2
10631	2	0	0	1
10632	2	0	0	0
10633	2	0	0	0
10634	2	0	0	0
10635	2	0	0	0
10636	0	0	0	0
10637	0	0	0	0
10638	0	0	0	0
10639	0	0	0	0
10640	0	0	0	0
10641	0	0	0	0
10642	0	0	0	0
10643	0	0	0	0
10644	0	0	0	0
10645	0	0	0	0
10646	0	0	0	0
10647	0	0	0	0
10648	0	0	0	0
10649	0	0	1	0
10650	0	0	1	0
10651	0	0	1	1
10652	0	1	1	1
10653	0	1	2	2
10654	0	1	2	2
10655	0	1	2	2
10656	1	4	2	3
10657	2	6	2	3
10658	2	7	2	3
10659	2	8	1	2
10660	3	9	2	2
10661	3	9	1	1
10662	3	9	1	1
10663	3	9	1	1
10664	2	6	1	0
10665	1	6	2	0
10666	1	5	2	0
10667	1	3	2	1
10668	0	1	1	1
10669	0	0	0	1
10670	0	0	0	1
10671	0	0	0	1
10672	0	0	0	1
10673	0	0	0	1
10674	0	0	0	1
10675	0	0	0	0
10676	0	0	0	0
10677	0	0	0	0
10678	0	0	0	0
10679	0	0	0	0
10680	0	0	0	0
10681	0	0	0	0
10682	0	0	0	0
10683	0	0	0	0
10684	0	0	0	0
10685	0	0	0	0
10686	0	0	0	0
10687	0	0	1	0
10688	0	0	1	0
10689	1	0	1	0
10690	1	0	1	0
10691	1	0	1	0
10692	1	0	1	0
10693	2	0	1	0
10694	2	0	1	0
10695	2	0	0	1
10696	3	1	0	1
10697	3	1	0	1
10698	2	1	0	1
10699	2	1	0	1
10700	2	1	0	1
10701	1	1	0	1
10702	1	1	1	1
10703	1	1	1	2
10704	0	0	1	2
10705	0	0	1	2
10706	0	0	1	2
10707	0	0	1	1
10708	0	0	1	1
10709	0	0	1	1
10710	0	0	0	1
10711	0	0	0	0
10712	0	0	0	0
10713	0	0	0	0
10714	0	0	0	0
10715	0	0	0	0
10716	0	0	0	0
10717	0	0	0	0
10718	0	0	0	0
10719	0	0	0	0
10720	0	0	0	0
10721	0	0	0	0
10722	0	0	0	0
10723	0	0	0	0
10724	0	0	0	0
10725	0	0	0	1
10726	0	1	0	2
10727	0	1	0	2
10728	0	1	0	2
10729	1	1	0	2
10730	1	1	0	2
10731	1	1	0	3
10732	1	1	0	3
10733	1	1	0	3
10734	1	0	0	2
10735	1	0	0	2
10736	1	0	0	2
10737	1	0	0	3
10738	0	0	0	3
10739	0	1	0	2
10740	0	1	0	2
10741	0	1	0	2
10742	0	1	0	2
10743	0	1	0	2
10744	0	1	0	2
10745	0	1	0	2
10746	0	1	0	1
10747	0	0	0	1
10748	0	0	0	1
10749	0	0	0	1
10750	0	0	0	1
10751	0	0	0	1
10752	0	0	1	1
10753	0	0	1	1
10754	0	0	1	1
10755	0	0	2	2
10756	0	0	2	2
10757	0	0	2	2
10758	0	0	2	3
10759	0	0	3	2
10760	0	1	3	2
10761	0	1	3	3
10762	0	1	3	3
10763	1	1	3	2
10764	1	1	3	2
10765	2	1	3	2
10766	2	1	3	2
10767	3	1	2	1
10768	3	1	2	1
10769	3	1	2	1
10770	3	0	1	0
10771	2	0	0	1
10772	2	0	0	1
10773	1	0	0	1
10774	1	0	0	1
10775	1	0	0	1
10776	0	0	0	1
10777	0	0	0	1
10778	0	0	0	1
10779	0	0	0	1
10780	0	0	0	0
10781	0	0	0	0
10782	1	0	0	0
10783	1	0	0	0
10784	1	0	0	0
10785	1	0	0	0
10786	1	0	0	1
10787	1	1	0	1
10788	1	1	0	1
10789	1	1	0	1
10790	0	1	0	1
10791	0	1	0	1
10792	0	1	0	1
10793	0	1	0	1
10794	0	1	0	1
10795	0	0	0	0
10796	0	0	0	0
10797	1	0	0	0
10798	1	0	0	0
10799	2	0	0	0
10800	2	0	0	0
10801	2	0	0	0
10802	1	0	0	0
10803	1	0	0	0
10804	1	0	0	0
10805	1	1	0	0
10806	1	1	0	0
10807	0	1	0	0
10808	1	1	0	3
10809	1	1	0	3
10810	1	1	0	3
10811	1	1	1	3
10812	3	1	1	3
10813	4	0	2	3
10814	4	0	2	4
10815	6	0	2	4
10816	6	0	4	4
10817	6	0	6	3
10818	6	1	6	3
10819	6	1	5	1
10820	4	1	4	1
10821	4	1	3	1
10822	3	1	3	0
10823	1	1	3	0
10824	0	1	2	0
10825	0	1	0	0
10826	0	0	0	0
10827	0	0	0	0
10828	0	0	0	0
10829	0	0	0	0
10830	0	0	0	0
10831	0	0	0	0
10832	0	0	0	1
10833	0	0	0	1
10834	0	0	0	1
10835	0	0	1	1
10836	0	0	1	1
10837	0	0	1	1
10838	0	0	1	1
10839	0	0	1	1
10840	0	0	1	1
10841	0	0	1	0
10842	0	0	1	0
10843	0	0	0	0
10844	0	0	0	0
10845	0	0	1	0
10846	0	0	1	0
10847	1	1	1	0
10848	1	1	1	0
10849	1	3	1	0
10850	1	3	1	0
10851	1	3	1	0
10852	1	3	1	0
10853	1	3	0	0
10854	3	3	3	0
10855	2	3	3	0
10856	3	2	5	0
10857	5	2	6	1
10858	5	2	6	1
10859	5	2	6	1
10860	6	2	6	1
10861	6	3	8	3
10862	5	5	5	3
10863	4	6	6	4
10864	5	6	5	5
10865	4	5	5	4
10866	3	5	4	4
10867	3	5	4	4
10868	3	5	4	5
10869	3	4	3	4
10870	5	4	2	4
10871	4	2	1	3
10872	4	1	1	1
10873	3	1	1	2
10874	3	1	0	2
10875	3	1	0	2
10876	3	1	1	1
10877	2	1	1	1
10878	0	2	1	1
10879	0	2	1	1
10880	0	2	1	2
10881	0	1	1	1
10882	0	1	0	1
10883	0	1	0	1
10884	0	1	0	1
10885	0	1	0	1
10886	0	0	0	1
10887	0	0	0	1
10888	0	0	0	0
10889	0	0	0	0
10890	0	0	0	0
10891	0	0	0	0
10892	0	0	0	0
10893	0	0	0	0
10894	0	0	0	0
10895	0	0	0	0
10896	1	3	3	3
10897	1	3	3	3
10898	1	3	3	3
10899	1	3	3	3
10900	1	3	3	3
10901	1	3	3	4
10902	1	3	3	4
10903	1	3	3	4
10904	0	0	0	1
10905	0	0	0	1
10906	0	0	0	1
10907	0	0	1	1
10908	0	0	1	1
10909	0	0	1	0
10910	0	0	1	0
10911	0	0	1	0
10912	0	0	1	0
10913	0	0	1	0
10914	0	0	1	0
10915	0	1	1	0
10916	0	7	1	0
10917	0	7	0	0
10918	0	7	0	0
10919	0	7	0	0
10920	0	7	0	0
10921	0	7	0	0
10922	0	7	0	1
10923	0	6	0	1
10924	0	0	0	1
10925	0	0	0	1
10926	0	0	0	1
10927	0	0	1	1
10928	0	0	1	1
10929	0	0	1	1
10930	0	0	1	2
10931	0	0	1	2
10932	0	0	0	2
10933	0	0	0	3
10934	0	0	0	3
10935	0	0	0	3
10936	0	0	0	3
10937	0	0	1	3
10938	0	0	1	2
10939	0	0	1	2
10940	0	0	1	1
10941	0	0	1	0
10942	0	0	1	0
10943	0	0	1	0
10944	0	0	1	0
10945	0	0	0	0
10946	0	0	0	0
10947	0	0	0	0
10948	0	0	0	0
10949	0	0	0	0
10950	0	0	0	0
10951	0	0	0	0
10952	0	0	0	0
10953	0	0	0	0
10954	0	0	0	0
10955	0	1	0	0
10956	0	1	0	0
10957	0	2	0	0
10958	0	2	0	0
10959	0	2	0	0
10960	0	2	0	0
10961	0	3	0	0
10962	0	3	0	0
10963	0	2	0	0
10964	1	2	1	1
10965	1	1	1	2
10966	1	1	1	2
10967	1	1	1	2
10968	1	1	1	2
10969	1	1	2	1
10970	1	1	2	1
10971	3	1	3	1
10972	3	3	2	0
10973	2	3	2	0
10974	2	3	2	0
10975	2	3	3	1
10976	3	3	4	2
10977	3	3	3	2
10978	3	2	3	3
10979	3	2	4	3
10980	4	2	5	3
10981	5	2	5	3
10982	5	3	7	3
10983	4	3	6	3
10984	3	3	5	2
10985	3	4	5	3
10986	4	4	5	1
10987	4	4	5	1
10988	2	2	2	1
10989	2	2	2	1
10990	1	2	0	1
10991	1	1	0	1
10992	2	1	0	1
10993	2	0	0	0
10994	2	0	0	0
10995	1	0	0	0
10996	1	0	0	0
10997	1	0	0	0
10998	1	0	0	0
10999	1	0	0	1
11000	0	0	0	1
11001	0	0	0	1
11002	0	0	0	1
11003	0	0	0	1
11004	0	0	0	1
11005	1	0	0	1
11006	1	0	0	1
11007	1	0	0	0
11008	1	0	0	0
11009	1	0	0	0
11010	1	0	0	0
11011	1	0	0	0
11012	1	0	0	0
11013	0	0	0	0
11014	0	0	0	0
11015	0	0	0	0
11016	0	0	0	0
11017	0	0	0	1
11018	0	0	1	1
11019	0	0	1	1
11020	0	0	2	1
11021	0	1	2	2
11022	0	1	2	2
11023	0	1	2	2
11024	0	1	2	2
11025	0	1	2	1
11026	0	1	1	1
11027	1	3	1	1
11028	1	3	1	1
11029	2	2	1	2
11030	2	2	1	3
11031	2	2	2	4
11032	3	3	4	5
11033	3	3	4	4
11034	3	3	4	4
11035	2	2	6	4
11036	2	2	5	4
11037	4	2	6	5
11038	4	2	6	4
11039	4	2	6	4
11040	4	1	5	4
11041	4	1	4	3
11042	4	1	4	2
11043	4	1	2	2
11044	4	0	2	2
11045	3	0	1	1
11046	1	0	1	1
11047	1	1	0	1
11048	0	1	0	0
11049	0	1	0	0
11050	0	1	0	0
11051	0	1	0	0
11052	0	1	0	0
11053	0	1	0	0
11054	0	1	0	0
11055	0	0	0	0
11056	0	0	0	0
11057	0	1	0	0
11058	0	1	0	0
11059	0	1	0	0
11060	0	1	1	0
11061	0	2	1	0
11062	0	2	1	0
11063	0	2	2	0
11064	0	2	2	0
11065	0	1	2	1
11066	0	2	2	1
11067	0	3	2	1
11068	1	5	2	3
11069	1	9	3	6
11070	6	23	9	13
11071	7	25	11	19
11072	8	29	13	21
11073	13	31	15	28
11074	13	28	16	28
11075	13	28	16	28
11076	13	27	16	29
11077	15	24	17	28
11078	10	13	8	18
11079	11	9	7	18
11080	9	9	9	11
11081	7	8	10	9
11082	9	8	11	9
11083	9	8	11	12
11084	9	8	11	12
11085	7	8	10	10
11086	7	8	11	10
11087	7	9	13	9
11088	7	5	79	8
11089	6	6	76	5
11090	2	7	78	7
11091	3	10	78	7
11092	3	11	78	7
11093	3	11	79	9
11094	5	13	77	9
11095	5	12	77	9
11096	6	12	75	8
11097	6	13	6	8
11098	6	11	4	6
11099	5	9	3	5
11100	5	9	5	4
11101	5	8	5	5
11102	3	6	4	5
11103	2	4	3	5
11104	0	3	3	5
11105	0	3	2	5
11106	1	1	2	5
11107	1	1	2	4
11108	2	0	0	4
11109	2	0	0	4
11110	2	0	0	1
11111	2	0	0	0
11112	2	1	0	0
11113	2	1	0	0
11114	1	1	0	0
11115	2	1	0	0
11116	2	1	0	2
11117	1	1	0	2
11118	1	1	0	2
11119	1	1	0	2
11120	1	1	0	2
11121	1	1	0	2
11122	1	0	0	2
11123	0	0	0	2
11124	1	0	2	1
11125	1	0	2	1
11126	1	0	2	1
11127	1	0	3	1
11128	1	0	3	1
11129	1	0	3	1
11130	1	2	4	1
11131	1	2	4	1
11132	1	2	2	0
11133	0	2	3	1
11134	0	1	3	1
11135	1	1	2	1
11136	1	1	2	1
11137	1	1	2	1
11138	2	1	2	2
11139	2	1	3	3
11140	2	1	3	3
11141	3	1	2	3
11142	3	1	2	3
11143	4	1	2	3
11144	4	1	2	3
11145	4	1	2	3
11146	4	1	1	3
11147	3	1	1	1
11148	3	1	1	1
11149	2	1	2	2
11150	2	1	2	2
11151	0	1	2	2
11152	0	1	2	3
11153	0	1	2	3
11154	0	0	2	3
11155	0	0	1	3
11156	0	1	1	4
11157	3	3	1	4
11158	3	3	3	7
11159	6	3	3	8
11160	7	6	3	8
11161	7	7	3	8
11162	7	9	3	11
11163	7	9	3	11
11164	5	10	3	11
11165	5	8	2	11
11166	5	7	2	9
11167	3	8	2	10
11168	1	5	2	9
11169	1	7	2	8
11170	2	4	1	4
11171	5	4	3	7
11172	6	6	5	11
11173	10	9	8	13
11174	10	9	10	13
11175	9	9	10	20
11176	10	9	10	21
11177	10	9	10	23
11178	11	8	10	23
11179	8	11	9	20
11180	9	10	7	14
11181	6	9	5	12
11182	5	7	4	9
11183	4	6	2	3
11184	3	6	3	3
11185	4	9	3	2
11186	4	9	4	4
11187	4	6	4	4
11188	2	5	3	4
11189	2	5	5	4
11190	2	5	4	4
11191	2	5	5	4
11192	2	5	6	4
11193	1	1	4	3
11194	0	1	3	1
11195	0	1	3	1
11196	0	1	4	0
11197	0	1	3	1
11198	0	1	3	1
11199	0	0	2	1
11200	0	0	2	1
11201	0	0	1	1
11202	0	0	2	1
11203	0	1	3	1
11204	0	1	2	2
11205	1	2	2	2
11206	1	3	2	2
11207	2	4	1	2
11208	6	5	3	3
11209	6	5	3	4
11210	6	5	3	5
11211	6	4	2	5
11212	6	6	2	4
11213	5	7	2	4
11214	6	7	2	4
11215	5	6	2	4
11216	2	5	1	4
11217	2	5	1	4
11218	2	5	1	3
11219	2	5	1	2
11220	2	4	1	2
11221	2	2	1	2
11222	2	2	1	2
11223	1	0	1	2
11224	1	0	1	2
11225	0	0	1	1
11226	0	0	1	0
11227	0	0	1	0
11228	0	0	1	0
11229	0	0	1	0
11230	0	0	1	0
11231	0	0	1	0
11232	1	0	0	0
11233	1	0	0	0
11234	1	0	0	0
11235	1	0	0	0
11236	1	0	0	0
11237	1	0	0	0
11238	1	0	0	0
11239	1	0	0	0
11240	1	0	0	0
11241	0	0	0	0
11242	0	0	0	0
11243	0	0	0	0
11244	0	0	0	0
11245	0	0	0	0
11246	0	0	0	0
11247	0	0	0	0
11248	0	0	0	0
11249	0	0	0	0
11250	0	0	0	0
11251	0	0	0	0
11252	0	0	0	0
11253	0	0	0	0
11254	0	0	0	0
11255	0	0	0	0
11256	0	0	0	0
11257	0	0	0	0
11258	0	0	0	0
11259	0	0	0	0
11260	0	0	0	0
11261	0	0	0	0
11262	0	0	0	0
11263	0	0	0	0
11264	0	1	0	0
11265	0	1	0	0
11266	0	1	0	0
11267	0	1	0	0
11268	0	1	0	0
11269	0	1	0	0
11270	0	2	0	0
11271	0	2	0	0
11272	0	1	0	0
11273	0	1	0	0
11274	0	1	0	0
11275	0	1	0	1
11276	0	1	0	1
11277	0	1	0	1
11278	0	0	0	1
11279	0	0	0	1
11280	0	0	0	1
11281	0	0	0	1
11282	0	0	0	1
11283	1	0	0	0
11284	1	0	0	0
11285	1	1	1	0
11286	2	1	1	0
11287	4	1	1	0
11288	4	1	1	0
11289	4	1	1	2
11290	4	1	1	2
11291	3	2	1	2
11292	3	2	1	2
11293	3	2	0	3
11294	2	1	1	3
11295	1	1	1	4
11296	0	1	1	4
11297	0	1	2	2
11298	2	2	2	2
11299	2	2	2	2
11300	3	1	2	2
11301	3	1	2	2
11302	3	3	2	2
11303	3	3	1	0
11304	3	3	1	0
11305	3	4	0	0
11306	1	3	0	0
11307	2	3	0	0
11308	1	4	0	0
11309	1	4	0	0
11310	1	2	0	0
11311	1	2	0	0
11312	1	1	0	0
11313	1	1	0	0
11314	1	1	0	0
11315	1	1	0	0
11316	1	0	0	0
11317	0	0	0	1
11318	0	0	0	1
11319	0	0	0	1
11320	0	0	0	1
11321	0	0	0	1
11322	0	0	0	1
11323	0	0	0	1
11324	0	0	0	1
11325	0	1	0	1
11326	0	1	0	0
11327	0	1	0	0
11328	0	1	0	0
11329	0	1	0	0
11330	0	1	0	0
11331	0	1	0	0
11332	0	1	0	0
11333	0	0	0	0
11334	0	0	0	0
11335	0	0	0	1
11336	0	0	0	1
11337	0	0	0	1
11338	0	0	0	1
11339	0	0	0	1
11340	0	0	0	1
11341	0	0	0	2
11342	0	0	0	2
11343	0	0	0	1
11344	0	0	1	1
11345	0	0	1	2
11346	0	0	1	3
11347	0	0	1	3
11348	0	0	1	4
11349	0	0	1	3
11350	0	0	1	3
11351	0	0	1	3
11352	0	0	0	2
11353	0	0	1	2
11354	0	1	2	1
11355	0	1	2	1
11356	1	1	2	1
11357	1	1	3	1
11358	1	1	3	1
11359	1	1	3	1
11360	1	1	3	1
11361	1	1	2	0
11362	1	1	1	0
11363	1	1	1	0
11364	1	3	3	0
11365	1	3	2	0
11366	2	3	2	0
11367	2	3	2	0
11368	2	3	2	0
11369	2	3	2	0
11370	2	2	2	0
11371	2	2	2	0
11372	1	0	0	0
11373	1	0	0	0
11374	1	0	0	0
11375	1	0	0	0
11376	2	0	0	0
11377	3	0	0	0
11378	3	0	0	0
11379	3	0	0	1
11380	3	0	0	1
11381	3	0	0	1
11382	2	0	0	1
11383	2	0	0	1
11384	1	0	0	1
11385	0	0	0	1
11386	0	1	0	3
11387	0	1	0	2
11388	0	1	0	2
11389	0	1	0	2
11390	0	1	0	2
11391	0	1	0	2
11392	0	1	0	2
11393	0	1	0	2
11394	0	1	0	0
11395	0	0	0	0
11396	0	0	0	0
11397	0	0	0	0
11398	0	0	0	0
11399	0	0	0	0
11400	0	0	0	0
11401	0	0	0	0
11402	0	0	0	0
11403	0	0	0	0
11404	0	0	1	0
11405	0	0	1	0
11406	0	0	1	0
11407	0	0	1	0
11408	0	0	1	0
11409	0	0	1	0
11410	0	0	1	0
11411	0	0	1	0
11412	0	0	0	0
11413	0	0	0	0
11414	0	0	0	0
11415	0	0	0	0
11416	0	0	0	1
11417	0	0	0	1
11418	0	0	0	1
11419	0	0	0	1
11420	0	0	0	1
11421	0	0	0	1
11422	0	2	3	3
11423	2	2	3	3
11424	2	2	3	2
11425	2	4	3	2
11426	2	4	4	2
11427	1	4	4	3
11428	1	4	4	3
11429	1	4	4	3
11430	1	3	1	2
11431	0	2	1	2
11432	1	3	2	3
11433	2	2	2	3
11434	2	1	2	3
11435	2	1	1	3
11436	2	1	1	3
11437	2	1	1	2
11438	2	1	1	2
11439	2	1	1	1
11440	2	1	1	1
11441	0	0	0	0
11442	1	0	0	0
11443	1	0	0	0
11444	1	0	0	0
11445	1	0	0	0
11446	1	0	0	0
11447	1	1	0	0
11448	1	1	0	0
11449	1	2	0	0
11450	0	2	0	0
11451	0	3	0	0
11452	0	3	0	1
11453	0	3	0	1
11454	0	3	1	1
11455	0	2	1	1
11456	0	2	1	1
11457	1	1	1	2
11458	1	1	2	2
11459	1	0	3	2
11460	2	0	3	2
11461	2	0	3	1
11462	2	0	3	1
11463	2	0	2	1
11464	2	0	2	1
11465	2	0	2	0
11466	1	0	1	0
11467	1	0	0	0
11468	1	0	0	0
11469	0	0	0	0
11470	0	0	0	0
11471	0	0	0	0
11472	0	0	0	0
11473	0	1	0	0
11474	0	2	0	0
11475	0	2	0	0
11476	0	2	1	0
11477	0	2	2	0
11478	0	2	2	0
11479	0	2	2	0
11480	0	2	3	0
11481	0	1	3	0
11482	0	0	4	2
11483	0	0	4	2
11484	0	0	4	2
11485	0	0	3	2
11486	1	0	3	2
11487	1	0	3	2
11488	1	0	2	2
11489	1	0	2	2
11490	1	0	2	1
11491	2	0	2	2
11492	1	0	1	1
11493	1	0	1	1
11494	1	0	0	1
11495	1	0	1	1
11496	1	0	1	1
11497	1	0	1	1
11498	1	0	1	1
11499	0	0	1	0
11500	0	0	1	0
11501	0	0	1	0
11502	0	1	1	0
11503	0	1	0	0
11504	0	2	0	0
11505	0	2	0	0
11506	0	2	0	0
11507	0	2	2	0
11508	1	2	2	0
11509	1	2	2	0
11510	1	4	3	0
11511	1	4	3	0
11512	1	4	3	0
11513	1	2	3	0
11514	1	2	3	0
11515	2	2	1	0
11516	1	2	1	1
11517	1	2	1	2
11518	1	0	0	2
11519	1	0	0	2
11520	1	0	1	2
11521	2	0	1	3
11522	3	2	1	3
11523	2	2	1	3
11524	3	3	1	3
11525	3	3	1	2
11526	3	3	1	2
11527	3	3	1	2
11528	3	3	1	2
11529	2	3	0	2
11530	1	2	1	1
11531	1	1	1	1
11532	2	1	1	0
11533	1	1	1	1
11534	1	1	1	1
11535	1	0	2	1
11536	1	0	2	2
11537	1	0	2	3
11538	1	0	1	3
11539	1	0	1	3
11540	1	0	1	6
11541	3	0	3	6
11542	4	0	3	8
11543	6	2	4	9
11544	6	2	4	8
11545	6	2	4	8
11546	6	3	4	8
11547	6	3	4	7
11548	7	3	4	5
11549	5	4	3	5
11550	4	4	4	2
11551	2	2	4	2
11552	2	3	4	1
11553	2	3	3	0
11554	2	3	2	0
11555	2	2	2	0
11556	1	1	2	0
11557	0	0	1	0
11558	0	0	1	0
11559	0	0	1	0
11560	0	0	0	0
11561	0	0	0	0
11562	1	0	0	0
11563	1	0	0	1
11564	1	1	0	1
11565	1	1	1	3
11566	0	1	1	3
11567	0	1	1	3
11568	0	1	1	3
11569	1	1	2	3
11570	1	1	3	4
11571	1	2	3	5
11572	1	3	3	5
11573	1	3	3	3
11574	1	4	4	3
11575	1	4	5	2
11576	1	6	5	2
11577	1	5	4	3
11578	0	5	3	3
11579	0	5	3	2
11580	0	3	3	1
11581	0	3	2	1
11582	0	2	1	1
11583	0	2	0	1
11584	0	0	0	1
11585	0	0	0	0
11586	0	0	0	0
11587	0	0	0	0
11588	0	0	0	0
11589	0	0	0	0
11590	0	0	1	0
11591	1	0	1	2
11592	1	0	1	2
11593	1	0	1	2
11594	1	0	1	2
11595	1	0	1	2
11596	1	0	1	2
11597	1	0	1	2
11598	1	0	0	2
11599	0	0	1	0
11600	0	0	1	0
11601	0	0	1	0
11602	0	0	1	1
11603	0	0	2	1
11604	0	0	2	2
11605	0	1	2	3
11606	0	1	2	3
11607	0	1	2	3
11608	0	1	1	3
11609	0	1	1	3
11610	0	2	1	3
11611	0	2	1	4
11612	0	2	1	3
11613	0	2	1	3
11614	0	2	1	5
11615	0	2	2	5
11616	0	2	2	6
11617	0	2	2	6
11618	0	2	2	5
11619	0	2	1	4
11620	0	2	1	5
11621	1	1	1	5
11622	1	1	2	4
11623	1	1	1	3
11624	1	1	1	3
11625	1	1	1	3
11626	1	0	1	3
11627	1	1	1	3
11628	1	1	1	2
11629	1	2	1	1
11630	1	2	0	0
11631	1	2	2	0
11632	0	2	2	0
11633	0	2	2	0
11634	0	2	2	0
11635	1	2	3	2
11636	1	2	3	2
11637	1	2	3	2
11638	1	1	3	2
11639	1	1	2	2
11640	1	1	1	2
11641	1	1	1	2
11642	1	1	1	2
11643	1	1	1	0
11644	0	0	1	0
11645	0	0	1	1
11646	0	0	1	1
11647	0	1	2	1
11648	0	1	3	2
11649	1	1	3	3
11650	1	1	4	3
11651	1	2	4	3
11652	2	2	3	3
11653	2	2	3	2
11654	2	3	3	2
11655	2	2	2	2
11656	2	2	2	2
11657	1	2	3	2
11658	1	2	2	1
11659	1	2	2	1
11660	0	1	2	1
11661	0	1	2	1
11662	0	0	2	1
11663	0	0	2	1
11664	0	0	2	1
11665	0	0	0	0
11666	0	0	0	0
11667	0	0	0	0
11668	0	0	0	0
11669	0	0	0	0
11670	0	0	0	0
11671	0	0	0	0
11672	0	0	0	0
11673	0	0	0	0
11674	0	0	0	0
11675	0	0	0	0
11676	0	0	0	0
11677	0	0	0	0
11678	0	0	0	0
11679	0	0	0	0
11680	0	0	0	0
11681	0	0	0	0
11682	0	1	0	0
11683	0	1	0	1
11684	0	1	0	2
11685	0	1	0	2
11686	0	1	0	2
11687	0	1	0	2
11688	0	1	0	2
11689	0	1	0	2
11690	0	0	0	2
11691	0	0	2	1
11692	0	0	2	0
11693	1	0	2	0
11694	1	0	2	1
11695	1	0	2	1
11696	2	0	3	1
11697	2	0	3	1
11698	2	0	3	1
11699	3	0	1	1
11700	3	0	1	1
11701	2	0	1	1
11702	2	0	2	0
11703	2	0	2	0
11704	1	0	1	0
11705	1	0	1	0
11706	1	0	2	0
11707	0	0	2	0
11708	0	0	3	0
11709	0	1	3	1
11710	0	1	3	1
11711	0	1	3	1
11712	0	1	3	1
11713	0	1	3	1
11714	1	1	2	1
11715	1	1	2	1
11716	1	1	1	1
11717	1	0	1	0
11718	1	0	0	0
11719	1	0	0	0
11720	1	0	0	0
11721	1	0	0	0
11722	0	0	0	0
11723	0	0	0	0
11724	0	0	0	0
11725	0	0	0	0
11726	0	0	0	0
11727	0	0	1	1
11728	0	1	1	1
11729	0	1	1	1
11730	0	1	1	1
11731	0	1	1	1
11732	0	1	1	1
11733	1	1	1	1
11734	1	1	1	1
11735	1	2	1	0
11736	1	2	0	0
11737	1	2	0	0
11738	1	2	0	0
11739	1	2	0	0
11740	1	2	0	0
11741	0	2	0	0
11742	0	2	0	0
11743	0	2	0	0
11744	0	0	0	0
11745	0	0	0	0
11746	0	0	0	0
11747	0	0	0	0
11748	0	0	0	0
11749	0	0	0	0
11750	0	0	0	0
11751	0	0	1	0
11752	0	0	2	0
11753	0	0	2	0
11754	0	0	2	0
11755	0	0	2	0
11756	0	0	2	0
11757	0	0	2	0
11758	0	0	2	0
11759	1	0	1	0
11760	1	0	0	1
11761	1	0	0	1
11762	1	0	0	1
11763	1	0	0	1
11764	1	0	0	1
11765	1	0	0	1
11766	1	0	0	1
11767	0	0	0	1
11768	0	0	0	1
11769	0	0	0	1
11770	0	0	0	1
11771	0	0	0	1
11772	0	0	0	1
11773	0	1	0	1
11774	0	1	0	1
11775	0	1	0	1
11776	0	2	0	1
11777	1	2	1	1
11778	2	2	1	0
11779	2	2	1	0
11780	2	2	1	0
11781	3	2	1	1
11782	3	2	2	1
11783	3	3	2	1
11784	3	2	2	1
11785	3	2	2	3
11786	3	2	1	3
11787	2	3	2	3
11788	1	3	3	3
11789	0	2	3	1
11790	0	2	2	1
11791	1	1	2	1
11792	1	1	2	1
11793	1	1	2	1
11794	1	1	2	0
11795	1	1	1	0
11796	1	1	0	0
11797	2	1	0	0
11798	2	1	0	0
11799	2	1	0	0
11800	1	1	0	0
11801	1	1	0	0
11802	1	1	0	0
11803	1	1	0	1
11804	1	1	0	3
11805	0	1	2	3
11806	0	1	2	3
11807	0	1	2	3
11808	0	2	2	3
11809	0	2	0	3
11810	0	2	0	3
11811	0	2	0	2
11812	0	1	0	0
11813	0	2	0	0
11814	0	2	0	0
11815	0	2	0	0
11816	0	1	0	0
11817	0	1	0	1
11818	0	1	0	1
11819	0	1	0	1
11820	0	1	0	1
11821	0	0	0	1
11822	0	0	0	1
11823	0	0	0	1
11824	0	0	0	1
11825	0	0	0	0
11826	0	0	0	0
11827	0	0	0	0
11828	0	0	0	0
11829	0	0	0	1
11830	0	0	0	1
11831	0	0	0	1
11832	0	0	0	1
11833	0	0	0	1
11834	0	0	0	2
11835	0	0	0	2
11836	1	0	0	2
11837	1	0	0	1
11838	1	0	0	1
11839	1	0	2	2
11840	1	0	2	2
11841	1	0	2	2
11842	1	0	2	1
11843	1	0	3	1
11844	0	0	3	2
11845	0	1	4	2
11846	0	1	5	2
11847	0	1	3	1
11848	0	3	4	1
11849	0	3	4	1
11850	3	5	5	2
11851	4	5	5	2
11852	4	7	4	2
11853	4	7	3	2
11854	4	6	2	2
11855	4	6	2	2
11856	4	4	2	2
11857	4	4	2	2
11858	2	2	1	1
11859	1	2	1	1
11860	1	0	1	0
11861	1	0	1	1
11862	1	0	1	1
11863	1	0	1	1
11864	1	0	1	1
11865	0	0	0	1
11866	0	0	0	1
11867	0	0	0	1
11868	0	0	0	1
11869	0	0	0	0
11870	0	0	0	0
11871	0	0	0	0
11872	0	0	1	0
11873	0	0	1	0
11874	0	0	1	0
11875	0	0	1	0
11876	0	0	1	0
11877	0	0	1	0
11878	0	0	1	1
11879	0	0	1	1
11880	0	0	0	1
11881	0	0	0	1
11882	1	1	0	2
11883	1	1	0	2
11884	1	1	0	2
11885	1	1	0	2
11886	1	1	0	1
11887	1	1	0	1
11888	1	1	0	1
11889	1	1	0	1
11890	0	0	0	0
11891	0	0	1	0
11892	0	0	2	0
11893	0	0	3	0
11894	1	0	3	1
11895	1	0	3	1
11896	1	0	3	1
11897	1	0	3	1
11898	1	0	3	1
11899	1	0	2	1
11900	1	1	1	2
11901	1	1	1	2
11902	0	1	0	1
11903	0	1	0	2
11904	0	1	0	2
11905	0	1	0	2
11906	0	1	0	2
11907	1	1	0	2
11908	1	0	0	1
11909	1	0	0	1
11910	2	0	1	1
11911	2	0	1	0
11912	2	3	1	0
11913	2	4	1	0
11914	2	4	1	0
11915	1	4	1	6
11916	1	4	2	7
11917	1	4	2	7
11918	0	4	2	7
11919	0	4	1	7
11920	0	2	1	7
11921	0	1	1	7
11922	0	1	1	7
11923	1	2	1	3
11924	1	2	0	2
11925	1	2	0	2
11926	1	2	0	2
11927	0	2	0	2
11928	0	2	0	2
11929	0	2	0	6
11930	0	1	0	6
11931	0	0	0	5
11932	0	0	0	4
11933	0	0	0	4
11934	0	0	0	4
11935	0	0	0	4
11936	0	0	0	4
11937	0	0	0	4
11938	0	0	0	0
11939	0	0	0	0
11940	0	0	1	0
11941	0	0	1	1
11942	0	0	1	1
11943	0	0	1	1
11944	0	0	1	1
11945	0	0	1	2
11946	0	0	1	3
11947	0	0	1	3
11948	0	0	2	3
11949	0	0	1	4
11950	0	0	2	4
11951	0	2	4	4
11952	1	2	4	4
11953	2	3	4	3
11954	2	3	4	3
11955	3	3	4	2
11956	3	3	3	2
11957	3	3	3	1
11958	3	3	3	1
11959	3	2	0	0
11960	2	1	0	0
11961	1	0	0	0
11962	1	0	0	0
11963	0	1	0	0
11964	0	1	0	1
11965	0	1	0	1
11966	0	1	0	2
11967	0	1	0	2
11968	0	1	0	2
11969	0	1	0	3
11970	0	1	0	2
11971	0	0	0	2
11972	0	0	0	2
11973	0	0	0	2
11974	0	0	0	2
11975	0	0	0	2
11976	0	0	0	2
11977	0	0	0	1
11978	0	1	0	1
11979	0	1	0	1
11980	0	1	0	0
11981	0	1	0	0
11982	0	1	1	0
11983	0	1	1	0
11984	0	1	1	0
11985	1	1	1	0
11986	1	1	1	0
11987	1	1	1	0
11988	2	2	2	0
11989	4	2	4	0
11990	5	2	6	0
11991	7	3	5	0
11992	8	16	6	0
11993	7	16	7	0
11994	8	15	7	0
11995	9	15	7	1
11996	9	14	7	2
11997	8	14	4	2
11998	6	14	2	2
11999	4	14	2	2
12000	4	2	1	2
12001	4	1	0	2
12002	3	2	0	3
12003	2	2	0	3
12004	2	3	0	3
12005	2	3	1	2
12006	2	5	1	2
12007	2	4	1	2
12008	1	4	1	2
12009	1	4	1	2
12010	1	4	1	2
12011	3	7	3	4
12012	4	7	3	4
12013	8	9	2	5
12014	12	6	3	7
12015	15	9	5	8
12016	15	12	6	8
12017	16	12	6	8
12018	19	12	6	8
12019	18	8	3	6
12020	17	8	3	5
12021	13	8	3	4
12022	8	7	2	3
12023	6	5	1	1
12024	5	3	0	1
12025	5	1	0	2
12026	2	0	0	2
12027	1	0	0	3
12028	1	0	1	3
12029	1	0	1	2
12030	1	0	1	2
12031	1	0	1	2
12032	1	0	1	2
12033	0	0	1	1
12034	0	0	1	1
12035	0	0	1	0
12036	0	0	0	0
12037	0	0	0	0
12038	0	1	0	0
12039	0	1	0	1
12040	0	1	0	2
12041	1	1	1	2
12042	3	2	2	3
12043	3	2	2	5
12044	3	2	2	5
12045	3	2	2	5
12046	3	2	3	6
12047	3	2	4	5
12048	3	2	4	4
12049	3	2	4	4
12050	3	2	4	4
12051	0	0	2	1
12052	1	0	2	1
12053	1	0	2	1
12054	1	0	1	0
12055	1	0	0	1
12056	1	1	1	1
12057	1	2	1	1
12058	2	2	1	1
12059	2	2	1	1
12060	2	3	3	2
12061	2	4	3	2
12062	3	4	3	2
12063	3	4	3	2
12064	3	3	2	2
12065	3	3	2	3
12066	2	2	3	3
12067	2	2	2	3
12068	1	1	1	2
12069	1	0	1	2
12070	1	0	1	2
12071	0	0	1	2
12072	0	0	1	2
12073	0	0	1	1
12074	0	0	0	1
12075	0	0	0	1
12076	0	0	0	1
12077	0	0	0	1
12078	0	0	0	1
12079	0	0	0	0
12080	0	0	0	0
12081	0	0	0	0
12082	0	0	0	0
12083	0	0	0	0
12084	0	0	0	0
12085	0	0	0	0
12086	0	1	0	0
12087	0	1	0	0
12088	0	1	0	0
12089	0	1	0	0
12090	0	1	0	0
12091	0	1	0	0
12092	0	1	0	0
12093	0	1	0	0
12094	0	0	0	0
12095	0	0	0	0
12096	0	0	0	0
12097	0	0	0	0
12098	0	1	0	1
12099	0	1	0	2
12100	0	1	0	2
12101	0	1	0	2
12102	0	1	0	2
12103	0	2	0	2
12104	0	2	0	2
12105	0	2	0	3
12106	0	1	0	2
12107	0	1	0	2
12108	0	1	0	1
12109	0	1	0	1
12110	0	2	0	1
12111	0	1	0	1
12112	0	1	0	2
12113	0	1	0	2
12114	0	1	0	2
12115	0	2	0	2
12116	0	2	0	2
12117	0	2	0	2
12118	0	1	0	2
12119	0	1	0	2
12120	0	2	0	2
12121	0	2	0	0
12122	0	2	0	0
12123	0	2	0	0
12124	0	0	0	0
12125	0	0	0	0
12126	0	0	0	0
12127	0	0	0	0
12128	0	0	0	0
12129	0	0	0	0
12130	0	0	0	0
12131	0	0	0	1
12132	0	0	0	2
12133	0	0	0	2
12134	0	0	0	3
12135	0	0	0	3
12136	0	0	0	3
12137	0	0	0	3
12138	0	0	0	3
12139	0	0	0	3
12140	0	0	0	2
12141	0	0	0	1
12142	0	0	0	0
12143	1	0	0	0
12144	2	0	0	0
12145	2	0	0	0
12146	2	0	0	0
12147	2	0	0	0
12148	1	0	0	0
12149	1	0	0	1
12150	1	0	0	1
12151	0	0	1	1
12152	0	0	1	1
12153	0	0	1	1
12154	0	0	1	1
12155	0	0	1	1
12156	0	0	1	1
12157	0	0	1	0
12158	0	0	1	0
12159	0	0	1	0
12160	0	0	0	0
12161	0	0	0	0
12162	0	0	0	0
12163	0	0	0	0
12164	0	0	0	0
12165	0	0	0	0
12166	0	0	0	0
12167	0	0	1	0
12168	0	0	1	0
12169	0	0	1	0
12170	0	0	1	0
12171	0	0	1	0
12172	0	0	1	1
12173	0	0	2	1
12174	0	0	2	1
12175	0	0	1	1
12176	0	1	1	1
12177	0	1	1	1
12178	0	1	1	1
12179	0	1	1	1
12180	0	1	1	0
12181	0	1	1	0
12182	0	2	0	0
12183	0	2	0	0
12184	1	1	0	1
12185	1	1	0	1
12186	2	1	1	1
12187	3	1	2	2
12188	3	1	2	2
12189	3	3	3	3
12190	3	4	3	3
12191	3	3	3	3
12192	3	3	3	3
12193	3	3	3	3
12194	3	3	3	5
12195	1	4	2	4
12196	0	4	2	4
12197	1	3	2	5
12198	2	2	2	5
12199	2	3	2	5
12200	2	2	5	4
12201	2	2	5	4
12202	2	2	4	3
12203	2	5	4	3
12204	2	6	4	4
12205	1	5	3	4
12206	0	5	3	2
12207	0	4	3	2
12208	1	4	1	3
12209	1	4	1	5
12210	1	4	1	5
12211	1	2	1	4
12212	1	1	1	4
12213	2	1	1	4
12214	2	1	1	4
12215	2	0	1	4
12216	2	0	0	3
12217	2	0	0	1
12218	2	0	0	1
12219	2	0	0	1
12220	1	2	1	0
12221	1	2	1	0
12222	1	2	1	0
12223	1	2	1	0
12224	0	3	1	0
12225	0	3	1	0
12226	0	3	2	0
12227	1	3	2	0
12228	4	2	2	1
12229	4	2	3	1
12230	4	2	3	1
12231	4	2	3	1
12232	4	2	3	1
12233	4	2	3	1
12234	4	1	2	1
12235	3	1	2	1
12236	0	0	2	0
12237	0	0	1	0
12238	0	0	0	0
12239	0	0	0	0
12240	0	0	0	0
12241	0	0	0	0
12242	0	0	0	0
12243	0	1	0	0
12244	0	1	0	0
12245	0	1	0	0
12246	0	1	0	0
12247	0	1	0	0
12248	0	1	1	0
12249	0	1	1	0
12250	0	1	1	0
12251	0	1	1	0
12252	0	0	1	0
12253	0	0	1	0
12254	0	0	1	0
12255	0	0	1	0
12256	0	0	0	0
12257	0	0	0	0
12258	0	0	0	0
12259	0	0	0	0
12260	0	0	0	0
12261	0	0	0	0
12262	1	0	0	0
12263	1	0	0	0
12264	1	0	0	0
12265	1	0	0	0
12266	1	0	0	0
12267	1	0	1	0
12268	1	0	1	0
12269	1	0	2	0
12270	1	0	3	0
12271	1	0	3	0
12272	0	0	3	0
12273	0	0	4	0
12274	0	0	4	0
12275	0	0	3	0
12276	0	0	3	0
12277	1	0	3	1
12278	1	0	1	1
12279	1	0	1	1
12280	1	0	1	1
12281	1	0	1	1
12282	1	0	0	1
12283	1	0	0	1
12284	1	0	0	1
12285	0	2	0	0
12286	0	2	0	0
12287	0	2	0	0
12288	0	2	0	0
12289	0	2	0	0
12290	0	2	0	1
12291	1	2	0	1
12292	1	2	0	2
12293	1	0	0	2
12294	1	0	0	2
12295	1	0	0	3
12296	1	0	0	3
12297	1	0	0	3
12298	1	0	0	2
12299	0	0	0	2
12300	1	0	0	1
12301	1	1	0	1
12302	1	2	0	1
12303	1	2	0	0
12304	2	2	0	0
12305	2	3	0	0
12306	2	3	0	0
12307	2	3	0	0
12308	1	3	0	0
12309	1	2	0	0
12310	2	2	1	0
12311	2	1	1	0
12312	1	1	1	0
12313	1	1	1	0
12314	1	1	1	0
12315	1	1	1	0
12316	1	1	1	0
12317	1	1	1	0
12318	0	1	0	0
12319	1	1	0	1
12320	1	1	0	2
12321	1	0	0	3
12322	2	0	0	3
12323	2	0	0	3
12324	2	0	0	6
12325	2	1	0	7
12326	2	2	0	7
12327	1	2	0	6
12328	1	2	0	5
12329	2	2	0	4
12330	2	4	0	4
12331	2	4	0	4
12332	2	4	1	1
12333	2	4	1	1
12334	1	4	1	1
12335	1	2	1	1
12336	1	2	1	1
12337	0	2	1	1
12338	0	1	1	1
12339	0	1	1	1
12340	0	1	1	2
12341	1	1	0	2
12342	1	1	0	1
12343	1	1	0	1
12344	1	1	0	1
12345	1	1	0	1
12346	1	1	0	1
12347	1	0	0	1
12348	1	0	0	0
12349	1	1	0	0
12350	0	1	0	0
12351	0	1	0	0
12352	0	1	0	0
12353	0	1	0	1
12354	0	1	0	1
12355	0	1	0	1
12356	1	1	0	2
12357	1	0	0	2
12358	1	0	0	2
12359	1	0	0	2
12360	1	0	0	2
12361	1	0	0	2
12362	1	0	1	2
12363	1	0	1	2
12364	0	0	1	2
12365	1	1	1	3
12366	1	1	1	3
12367	1	1	1	3
12368	1	2	1	3
12369	2	2	1	4
12370	2	2	0	4
12371	2	2	0	4
12372	2	2	0	2
12373	0	1	0	2
12374	1	1	0	2
12375	1	1	0	2
12376	1	1	0	2
12377	1	1	1	1
12378	2	1	1	1
12379	2	2	1	2
12380	2	4	1	3
12381	3	4	1	9
12382	4	4	4	9
12383	4	4	4	9
12384	4	4	4	9
12385	4	3	3	9
12386	3	3	3	9
12387	3	3	3	8
12388	3	0	3	7
12389	3	0	3	7
12390	1	0	3	7
12391	1	0	3	0
12392	1	0	0	0
12393	1	0	0	0
12394	1	0	1	0
12395	1	0	1	0
12396	3	1	1	1
12397	2	1	2	1
12398	2	1	2	1
12399	2	1	2	1
12400	2	1	2	1
12401	2	1	2	4
12402	4	3	2	4
12403	4	3	2	4
12404	2	2	2	3
12405	2	3	1	3
12406	4	10	1	3
12407	4	10	1	3
12408	4	10	1	4
12409	5	10	1	1
12410	3	9	2	1
12411	3	8	1	1
12412	3	8	1	1
12413	3	8	1	1
12414	2	1	1	1
12415	1	0	1	1
12416	1	0	1	0
12417	1	0	1	1
12418	1	0	0	1
12419	1	0	0	1
12420	1	0	0	1
12421	1	0	1	1
12422	1	0	1	1
12423	1	0	1	1
12424	1	0	1	1
12425	1	0	1	1
12426	0	0	1	0
12427	0	0	1	0
12428	0	0	1	0
12429	0	0	0	0
12430	0	0	0	0
12431	0	0	0	0
12432	0	0	0	0
12433	0	0	0	0
12434	0	0	0	0
12435	0	0	0	0
12436	0	0	0	0
12437	0	0	1	0
12438	0	0	1	0
12439	0	0	1	0
12440	0	0	1	0
12441	0	0	1	0
12442	0	0	1	0
12443	0	0	1	0
12444	0	0	1	0
12445	0	0	0	0
12446	0	0	0	0
12447	0	0	0	0
12448	0	0	0	0
12449	0	0	0	0
12450	0	0	0	0
12451	0	0	0	0
12452	0	1	0	0
12453	0	2	0	0
12454	0	2	0	1
12455	0	2	0	1
12456	0	2	0	1
12457	0	2	0	1
12458	0	2	0	1
12459	0	2	0	1
12460	0	1	0	1
12461	0	1	0	1
12462	0	0	0	1
12463	0	0	0	0
12464	0	0	0	0
12465	0	0	0	0
12466	0	0	0	0
12467	0	0	0	0
12468	0	0	0	0
12469	0	0	0	0
12470	0	0	0	0
12471	0	0	0	0
12472	0	0	0	0
12473	0	0	0	0
12474	0	0	1	0
12475	1	0	1	1
12476	1	0	1	1
12477	1	0	1	1
12478	1	0	1	1
12479	1	0	1	1
12480	1	0	1	1
12481	1	0	1	1
12482	1	0	0	1
12483	0	0	0	0
12484	0	0	0	0
12485	0	0	0	0
12486	0	0	0	0
12487	0	0	0	0
12488	0	0	0	0
12489	1	0	0	0
12490	1	0	0	0
12491	1	0	0	0
12492	1	0	0	0
12493	1	0	0	0
12494	1	0	0	0
12495	1	1	0	2
12496	2	1	0	3
12497	2	1	0	4
12498	1	1	0	4
12499	3	3	6	9
12500	4	4	7	11
12501	5	5	7	12
12502	5	5	7	12
12503	5	6	7	12
12504	4	7	7	12
12505	3	7	8	11
12506	3	7	9	11
12507	3	6	4	9
12508	1	4	2	6
12509	0	3	2	4
12510	0	3	3	4
12511	0	1	3	2
12512	0	1	3	2
12513	0	0	2	1
12514	0	0	2	1
12515	0	0	1	1
12516	0	0	1	0
12517	0	0	1	0
12518	0	0	0	0
12519	0	0	0	0
12520	1	0	0	0
12521	1	0	0	1
12522	1	0	0	1
12523	1	0	0	1
12524	1	0	0	1
12525	1	0	0	1
12526	1	0	0	1
12527	1	0	0	2
12528	1	0	0	2
12529	0	0	1	1
12530	0	0	1	1
12531	0	0	2	1
12532	0	0	2	1
12533	0	0	2	1
12534	0	0	2	1
12535	0	0	2	0
12536	0	0	1	0
12537	0	0	1	0
12538	1	0	1	0
12539	1	0	0	0
12540	1	0	0	0
12541	1	0	0	0
12542	1	0	0	0
12543	1	0	0	0
12544	1	0	0	0
12545	1	1	1	0
12546	1	1	1	0
12547	1	2	2	0
12548	1	2	2	0
12549	1	3	2	1
12550	1	3	2	1
12551	1	3	2	1
12552	1	4	2	1
12553	1	4	1	1
12554	0	4	1	2
12555	0	3	0	2
12556	0	3	0	2
12557	0	2	0	1
12558	0	2	0	1
12559	0	2	0	1
12560	0	1	0	2
12561	0	1	0	2
12562	0	0	0	1
12563	0	0	0	1
12564	0	0	0	1
12565	0	0	0	1
12566	0	0	1	1
12567	0	0	1	1
12568	0	0	1	0
12569	0	0	1	0
12570	0	1	1	0
12571	0	1	1	0
12572	0	1	1	0
12573	0	1	1	0
12574	0	1	0	0
12575	0	1	0	0
12576	1	1	0	1
12577	1	1	0	1
12578	1	2	0	3
12579	1	2	0	3
12580	1	3	0	3
12581	1	3	2	3
12582	2	3	2	3
12583	2	3	3	3
12584	1	3	3	2
12585	1	3	3	3
12586	1	1	3	2
12587	1	1	3	1
12588	1	0	4	2
12589	1	0	3	2
12590	1	0	3	3
12591	1	0	2	3
12592	1	0	2	3
12593	1	1	2	3
12594	1	1	2	2
12595	0	1	2	2
12596	1	1	1	2
12597	1	1	0	1
12598	1	1	0	1
12599	1	1	0	2
12600	1	1	0	2
12601	1	0	0	2
12602	1	0	0	1
12603	1	0	0	1
12604	1	1	0	1
12605	1	1	0	1
12606	0	1	0	1
12607	0	1	0	3
12608	0	1	0	2
12609	0	1	0	2
12610	1	1	0	2
12611	1	1	0	2
12612	1	1	0	2
12613	1	0	0	2
12614	1	0	0	2
12615	1	0	0	0
12616	1	0	0	0
12617	1	0	0	0
12618	0	0	0	0
12619	0	0	0	0
12620	0	0	0	0
12621	0	0	0	0
12622	0	0	0	0
12623	0	0	0	0
12624	0	0	1	0
12625	0	0	1	0
12626	0	0	1	0
12627	0	0	1	0
12628	0	0	1	0
12629	0	0	1	0
12630	0	0	1	0
12631	0	0	1	0
12632	0	0	0	0
12633	0	0	0	0
12634	0	0	0	0
12635	0	0	0	0
12636	0	0	0	1
12637	0	0	0	1
12638	0	0	0	1
12639	0	0	0	1
12640	0	0	0	1
12641	0	0	0	1
12642	0	0	0	1
12643	0	0	0	1
12644	0	0	0	2
12645	1	0	0	2
12646	1	0	0	2
12647	2	2	0	1
12648	2	2	0	1
12649	2	2	0	1
12650	2	2	0	1
12651	2	2	0	1
12652	2	2	0	0
12653	1	2	0	3
12654	1	3	0	4
12655	0	1	0	4
12656	0	1	0	4
12657	0	1	0	4
12658	0	1	0	4
12659	0	2	0	4
12660	0	2	0	4
12661	0	2	0	4
12662	0	2	0	0
12663	0	1	0	1
12664	0	1	1	1
12665	0	1	1	1
12666	0	1	1	1
12667	0	0	1	1
12668	0	0	2	1
12669	0	1	2	1
12670	1	2	2	1
12671	1	2	2	0
12672	1	2	1	0
12673	1	2	1	0
12674	1	2	1	0
12675	1	2	1	0
12676	1	2	0	0
12677	1	2	0	0
12678	0	0	0	0
12679	0	0	0	0
12680	0	0	1	0
12681	0	0	1	1
12682	1	0	2	1
12683	2	0	2	2
12684	2	0	2	3
12685	2	0	2	3
12686	2	0	2	4
12687	2	0	2	4
12688	2	0	2	4
12689	2	0	1	3
12690	1	0	0	3
12691	0	0	0	3
12692	0	0	0	3
12693	0	0	0	1
12694	0	0	0	0
12695	0	0	0	0
12696	0	0	0	1
12697	0	0	0	1
12698	0	0	0	1
12699	0	0	0	1
12700	0	0	0	0
12701	0	0	0	0
12702	0	0	0	0
12703	0	0	0	0
12704	0	0	0	0
12705	0	0	0	0
12706	0	0	0	0
12707	0	0	0	0
12708	0	0	0	0
12709	0	0	0	0
12710	0	0	0	0
12711	0	0	0	0
12712	0	0	0	0
12713	0	0	1	0
12714	0	0	1	0
12715	0	0	1	0
12716	0	0	1	0
12717	0	0	1	0
12718	0	0	1	0
12719	0	0	1	0
12720	0	0	1	0
12721	0	0	0	0
12722	0	0	0	0
12723	0	0	0	0
12724	0	0	0	0
12725	0	0	0	0
12726	0	0	0	0
12727	0	0	0	0
12728	0	0	0	0
12729	0	0	0	0
12730	0	0	0	0
12731	0	0	0	0
12732	0	0	0	0
12733	0	0	0	0
12734	0	0	0	0
12735	0	0	0	0
12736	0	0	0	0
12737	0	0	0	0
12738	0	0	0	0
12739	0	0	0	0
12740	0	0	0	0
12741	1	0	0	0
12742	1	0	0	0
12743	1	0	0	0
12744	1	0	0	0
12745	1	0	0	0
12746	1	0	0	0
12747	1	0	0	0
12748	1	0	0	0
12749	0	0	0	0
12750	0	0	0	0
12751	0	0	0	0
12752	0	0	0	0
12753	0	0	0	0
12754	0	0	0	0
12755	0	0	0	0
12756	0	0	0	0
12757	0	0	0	0
12758	0	0	0	0
12759	0	0	0	0
12760	0	0	0	0
12761	0	0	0	0
12762	0	0	0	0
12763	0	0	0	0
12764	0	0	0	0
12765	0	0	0	0
12766	0	0	0	0
12767	0	0	0	0
12768	0	0	0	0
12769	0	0	0	0
12770	0	0	0	0
12771	0	0	0	0
12772	0	0	0	0
12773	0	0	0	0
12774	0	0	0	0
12775	0	0	0	0
12776	0	0	0	0
12777	0	0	0	0
12778	0	0	0	0
12779	1	0	0	0
12780	2	0	1	0
12781	2	0	1	0
12782	2	0	1	0
12783	2	0	2	1
12784	2	0	2	1
12785	2	1	3	2
12786	2	1	3	2
12787	2	1	3	2
12788	1	1	2	2
12789	0	2	2	2
12790	0	2	3	2
12791	0	2	2	2
12792	0	2	2	1
12793	0	1	1	0
12794	0	1	1	0
12795	0	1	1	0
12796	0	1	1	0
12797	0	0	1	0
12798	0	0	1	0
12799	0	0	0	0
12800	0	0	0	1
12801	0	0	0	1
12802	0	0	0	1
12803	0	0	0	1
12804	0	0	0	1
12805	0	0	0	1
12806	0	0	1	1
12807	1	0	1	2
12808	2	0	1	1
12809	2	0	2	1
12810	2	0	2	1
12811	2	0	2	1
12812	2	0	2	1
12813	2	0	3	1
12814	2	0	2	1
12815	2	0	2	0
12816	1	0	2	0
12817	0	0	1	0
12818	0	0	1	0
12819	0	0	1	0
12820	1	0	1	0
12821	1	0	0	0
12822	1	0	0	0
12823	1	0	0	0
12824	1	0	0	0
12825	1	0	0	0
12826	1	0	0	0
12827	1	0	0	0
12828	0	0	0	0
12829	1	1	3	0
12830	2	1	4	3
12831	2	2	4	4
12832	2	2	4	4
12833	2	2	4	4
12834	2	2	4	4
12835	2	2	4	4
12836	2	2	4	4
12837	1	1	3	4
12838	0	1	1	2
12839	0	1	0	1
12840	0	0	1	0
12841	0	0	1	0
12842	0	0	1	0
12843	0	0	1	0
12844	0	0	1	0
12845	0	0	1	0
12846	0	0	1	0
12847	0	0	1	0
12848	0	0	0	0
12849	0	0	0	0
12850	0	0	0	0
12851	0	1	0	0
12852	0	1	0	0
12853	0	1	1	0
12854	0	1	1	0
12855	0	1	1	0
12856	0	1	1	0
12857	0	1	1	0
12858	0	2	1	0
12859	0	1	1	0
12860	0	1	1	0
12861	0	1	0	0
12862	0	1	0	1
12863	0	1	0	1
12864	0	1	0	1
12865	1	2	0	2
12866	1	1	0	2
12867	1	1	0	2
12868	2	1	0	2
12869	2	1	0	2
12870	2	1	0	2
12871	2	1	0	1
12872	2	1	0	1
12873	1	0	0	0
12874	1	0	0	0
12875	1	0	0	1
12876	1	0	0	1
12877	0	0	0	1
12878	0	0	0	1
12879	1	0	0	1
12880	1	0	0	1
12881	1	0	1	1
12882	1	0	2	1
12883	1	0	2	0
12884	1	0	3	0
12885	1	0	3	0
12886	1	0	3	0
12887	0	0	3	0
12888	0	0	3	0
12889	0	0	2	0
12890	0	0	1	0
12891	0	0	1	0
12892	0	0	1	0
12893	0	0	0	0
12894	0	0	0	0
12895	0	0	0	0
12896	0	0	0	0
12897	0	0	1	0
12898	0	0	1	0
12899	0	0	1	0
12900	0	0	1	0
12901	1	0	0	1
12902	1	0	0	1
12903	1	0	0	2
12904	1	0	0	2
12905	1	0	0	2
12906	1	0	0	2
12907	1	0	0	3
12908	1	0	0	3
12909	0	0	0	3
12910	0	0	0	3
12911	0	0	0	3
12912	0	0	0	2
12913	0	0	0	2
12914	0	0	0	2
12915	0	0	1	1
12916	0	0	1	1
12917	0	0	1	0
12918	0	2	1	0
12919	0	2	1	0
12920	0	2	1	0
12921	0	2	1	0
12922	0	2	1	0
12923	0	2	1	0
12924	0	2	0	0
12925	1	2	0	0
12926	1	1	0	0
12927	1	0	0	0
12928	1	0	0	1
12929	1	1	0	1
12930	1	1	0	1
12931	2	1	0	1
12932	2	1	0	1
12933	1	1	0	1
12934	1	0	0	1
12935	1	0	0	1
12936	1	1	0	1
12937	1	1	0	1
12938	1	1	0	1
12939	0	1	0	0
12940	0	1	0	1
12941	0	1	1	2
12942	0	1	1	2
12943	1	1	1	2
12944	2	1	1	4
12945	2	1	2	5
12946	3	2	3	5
12947	4	2	3	7
12948	4	2	5	9
12949	6	4	7	12
12950	7	6	7	15
12951	6	6	7	15
12952	6	6	7	14
12953	6	6	5	14
12954	4	4	4	11
12955	3	4	5	10
12956	2	4	4	7
12957	2	3	2	5
12958	3	2	2	3
12959	4	2	1	3
12960	4	1	2	3
12961	4	1	2	3
12962	4	1	2	2
12963	4	2	2	2
12964	4	2	1	2
12965	3	3	1	0
12966	3	3	1	0
12967	2	4	1	0
12968	2	2	1	1
12969	1	2	1	1
12970	1	2	1	1
12971	1	2	1	1
12972	2	2	1	1
12973	2	1	1	1
12974	1	1	1	1
12975	1	0	1	1
12976	1	0	1	0
12977	1	1	0	1
12978	1	1	0	1
12979	1	1	0	1
12980	1	1	0	1
12981	1	1	0	1
12982	1	1	0	1
12983	1	1	0	1
12984	1	1	0	0
12985	1	1	0	0
12986	1	0	0	0
12987	1	0	0	0
12988	1	0	0	0
12989	0	0	0	0
12990	0	0	1	0
12991	0	0	1	0
12992	0	0	1	0
12993	0	0	1	0
12994	0	0	1	0
12995	0	2	1	0
12996	0	2	2	0
12997	0	2	2	0
12998	0	2	1	0
12999	0	2	1	0
13000	0	2	1	0
13001	0	2	1	0
13002	0	2	1	0
13003	0	0	1	0
13004	0	0	0	0
13005	0	0	0	0
13006	0	0	0	0
13007	0	0	0	0
13008	0	0	0	0
13009	0	0	0	0
13010	0	0	0	1
13011	1	0	0	1
13012	1	0	0	1
13013	1	0	0	1
13014	1	0	0	1
13015	1	0	0	1
13016	1	0	0	1
13017	1	0	0	1
13018	1	0	0	0
13019	1	0	0	0
13020	0	0	0	0
13021	0	0	0	0
13022	0	0	0	0
13023	0	0	0	0
13024	0	0	0	0
13025	0	0	0	0
13026	0	0	0	0
13027	0	0	0	0
13028	0	0	0	0
13029	0	0	0	0
13030	0	1	0	0
13031	0	1	1	0
13032	0	1	1	0
13033	0	1	1	0
13034	0	1	1	0
13035	0	1	1	1
13036	0	1	2	2
13037	0	0	2	3
13038	0	0	2	3
13039	0	0	1	3
13040	1	0	1	3
13041	1	0	1	3
13042	1	1	1	3
13043	1	1	1	2
13044	1	1	0	1
13045	2	1	0	0
13046	2	1	0	0
13047	2	1	0	0
13048	1	2	0	0
13049	1	2	0	0
13050	1	1	0	0
13051	1	1	0	0
13052	1	1	0	0
13053	0	1	0	0
13054	0	1	0	0
13055	0	1	0	0
13056	0	0	0	0
13057	0	0	0	0
13058	0	0	1	0
13059	0	1	1	0
13060	2	1	1	0
13061	2	1	2	0
13062	2	1	2	1
13063	2	1	2	1
13064	2	2	3	1
13065	1	2	3	1
13066	1	2	3	1
13067	1	3	2	0
13068	0	5	3	1
13069	1	6	5	1
13070	3	6	8	3
13071	3	6	9	3
13072	4	7	7	5
13073	4	6	7	6
13074	4	6	8	6
13075	4	7	10	6
13076	4	5	9	7
13077	5	5	9	7
13078	3	5	7	8
13079	3	5	7	8
13080	2	3	6	5
13081	2	2	4	5
13082	2	2	5	15
13083	2	1	3	15
13084	3	0	2	13
13085	2	0	1	13
13086	2	0	2	12
13087	2	0	2	13
13088	1	0	2	13
13089	1	1	2	13
13090	1	1	2	1
13091	1	1	1	1
13092	0	1	1	1
13093	0	1	1	1
13094	0	1	0	1
13095	0	1	0	1
13096	0	1	0	1
13097	0	0	0	1
13098	0	0	0	1
13099	0	1	0	1
13100	0	1	0	2
13101	0	1	0	2
13102	0	2	0	2
13103	0	2	0	2
13104	0	3	0	2
13105	0	3	0	2
13106	0	3	0	1
13107	0	2	0	1
13108	0	2	0	0
13109	0	2	0	0
13110	0	1	1	0
13111	0	1	1	0
13112	0	0	1	0
13113	0	0	1	0
13114	0	0	0	0
13115	0	0	0	0
13116	0	0	0	0
13117	0	0	0	0
13118	0	0	0	0
13119	0	0	0	0
13120	0	0	0	0
13121	0	0	0	0
13122	0	0	0	0
13123	0	0	0	0
13124	0	0	0	0
13125	0	0	0	0
13126	0	0	0	0
13127	0	0	1	0
13128	0	0	1	2
13129	0	0	1	2
13130	0	0	1	2
13131	0	0	1	2
13132	0	0	1	2
13133	0	0	1	2
13134	0	0	1	2
13135	0	0	1	2
13136	0	0	0	0
13137	0	0	0	0
13138	0	0	0	0
13139	0	0	0	0
13140	0	0	0	0
13141	0	0	0	1
13142	0	0	0	1
13143	0	0	0	1
13144	0	0	0	1
13145	0	0	1	1
13146	0	0	1	1
13147	0	0	1	1
13148	0	0	1	2
13149	0	0	1	2
13150	0	0	1	2
13151	0	0	1	2
13152	0	0	1	2
13153	0	0	0	2
13154	0	0	0	2
13155	0	0	0	2
13156	0	1	0	1
13157	0	2	0	1
13158	0	2	0	1
13159	0	2	0	0
13160	0	2	0	0
13161	0	2	0	0
13162	0	2	0	0
13163	0	2	0	0
13164	0	1	0	0
13165	0	1	0	0
13166	0	0	0	0
13167	0	0	0	0
13168	0	0	0	0
13169	0	0	0	3
13170	0	0	0	3
13171	1	0	0	3
13172	1	0	0	3
13173	1	0	0	3
13174	1	0	0	3
13175	1	0	0	3
13176	1	0	0	3
13177	1	0	0	0
13178	1	0	0	0
13179	0	0	0	0
13180	0	0	0	0
13181	0	0	0	0
13182	0	0	0	0
13183	0	0	0	0
13184	0	0	0	0
13185	0	0	0	0
13186	0	0	0	0
13187	0	0	0	0
13188	0	0	1	0
13189	0	0	1	0
13190	0	0	1	0
13191	0	0	1	0
13192	0	0	1	0
13193	0	0	1	0
13194	0	0	1	0
13195	0	0	1	0
13196	0	0	0	0
13197	0	0	0	0
13198	0	0	0	0
13199	0	1	0	0
13200	0	1	1	0
13201	0	1	1	0
13202	0	1	1	0
13203	0	1	1	0
13204	0	1	1	0
13205	0	1	1	0
13206	0	1	1	0
13207	0	1	1	0
13208	0	0	0	0
13209	0	0	0	0
13210	0	0	0	0
13211	0	0	0	0
13212	0	1	0	0
13213	0	1	0	0
13214	0	1	0	0
13215	0	1	0	0
13216	0	1	0	0
13217	0	1	0	0
13218	0	2	1	0
13219	0	2	1	0
13220	0	1	1	0
13221	0	1	1	0
13222	0	1	1	0
13223	0	1	1	0
13224	0	1	1	0
13225	0	1	1	0
13226	1	1	0	0
13227	1	0	0	0
13228	1	0	0	0
13229	1	0	0	0
13230	1	0	0	0
13231	1	0	0	0
13232	1	0	0	0
13233	1	0	0	0
13234	0	0	0	0
13235	0	0	0	0
13236	0	0	0	0
13237	0	0	0	0
13238	0	0	0	0
13239	0	0	0	0
13240	0	0	0	0
13241	0	0	0	0
13242	0	0	0	0
13243	0	0	0	0
13244	0	0	0	0
13245	0	0	0	0
13246	0	0	0	0
13247	0	0	0	0
13248	0	0	0	0
13249	0	0	0	0
13250	0	0	0	0
13251	0	0	0	0
13252	0	0	0	0
13253	0	0	0	0
13254	0	0	0	0
13255	0	0	0	0
13256	0	0	0	0
13257	0	0	0	0
13258	0	0	0	0
13259	0	0	0	0
13260	0	0	0	0
13261	0	0	0	0
13262	0	0	0	0
13263	0	0	0	1
13264	0	0	0	1
13265	0	0	0	1
13266	0	0	0	1
13267	1	0	0	1
13268	1	0	0	1
13269	1	0	0	1
13270	1	0	0	2
13271	2	0	0	1
13272	2	0	0	1
13273	2	0	0	1
13274	2	0	0	1
13275	3	0	1	1
13276	2	2	1	1
13277	2	2	1	1
13278	2	2	1	0
13279	2	2	1	0
13280	3	3	1	0
13281	3	4	1	0
13282	3	4	1	0
13283	3	4	0	1
13284	2	2	0	1
13285	2	2	0	2
13286	2	2	0	2
13287	3	2	1	1
13288	2	1	1	1
13289	3	1	1	0
13290	2	0	1	1
13291	3	2	2	1
13292	3	2	2	2
13293	2	2	2	2
13294	2	2	3	2
13295	2	2	3	2
13296	2	2	3	2
13297	2	2	4	2
13298	2	2	4	2
13299	0	0	4	2
13300	0	0	4	1
13301	1	0	4	1
13302	1	0	3	2
13303	1	0	3	2
13304	1	0	2	2
13305	2	0	1	2
13306	2	0	1	2
13307	2	0	1	2
13308	2	0	0	2
13309	1	0	0	2
13310	1	0	0	1
13311	1	1	0	1
13312	1	1	0	1
13313	0	1	0	1
13314	1	1	0	0
13315	1	3	0	0
13316	1	3	0	0
13317	1	3	0	0
13318	2	3	0	0
13319	3	2	1	0
13320	3	2	1	0
13321	3	2	1	0
13322	2	2	2	1
13323	2	0	2	1
13324	2	0	2	1
13325	2	0	2	1
13326	2	0	2	1
13327	0	0	1	1
13328	0	0	1	1
13329	0	0	1	1
13330	0	0	0	0
13331	0	0	0	0
13332	0	0	0	0
13333	0	0	0	0
13334	0	0	0	0
13335	0	0	0	0
13336	0	0	0	0
13337	0	0	1	0
13338	0	0	1	0
13339	0	0	1	0
13340	1	0	1	0
13341	1	0	1	0
13342	1	0	1	0
13343	1	0	2	0
13344	1	0	2	0
13345	1	0	1	0
13346	1	0	1	0
13347	1	0	1	0
13348	1	0	1	0
13349	0	0	1	0
13350	1	0	1	0
13351	1	0	0	0
13352	3	0	1	0
13353	4	0	2	0
13354	4	0	2	0
13355	6	1	2	0
13356	6	5	2	1
13357	7	6	3	1
13358	6	6	4	2
13359	6	6	5	3
13360	6	6	4	3
13361	3	7	3	3
13362	3	7	3	3
13363	2	7	2	3
13364	1	6	3	4
13365	1	3	2	3
13366	1	2	1	3
13367	1	2	1	2
13368	1	2	2	2
13369	1	1	2	2
13370	1	1	2	2
13371	1	1	2	2
13372	1	0	2	1
13373	1	0	2	1
13374	0	0	1	0
13375	0	0	1	0
13376	0	0	1	0
13377	0	0	0	0
13378	0	0	0	0
13379	0	0	0	0
13380	0	0	0	0
13381	0	0	0	0
13382	0	0	0	0
13383	0	0	0	0
13384	0	0	1	0
13385	0	0	1	0
13386	0	0	1	0
13387	0	0	1	0
13388	0	0	1	0
13389	0	0	1	0
13390	0	0	1	0
13391	0	0	1	0
13392	0	0	0	0
13393	0	0	0	0
13394	0	0	0	0
13395	0	0	0	0
13396	0	0	0	0
13397	0	0	0	0
13398	0	0	0	0
13399	0	0	0	0
13400	0	0	0	0
13401	0	0	0	0
13402	0	0	0	0
13403	0	0	0	0
13404	0	1	0	0
13405	0	1	0	0
13406	0	1	0	0
13407	0	2	0	0
13408	0	2	0	0
13409	0	2	0	0
13410	0	2	0	0
13411	0	2	0	0
13412	0	1	0	0
13413	0	1	0	0
13414	0	1	0	0
13415	0	0	0	0
13416	0	0	0	0
13417	0	0	0	0
13418	0	0	0	0
13419	0	0	0	0
13420	0	0	0	0
13421	0	0	0	0
13422	0	0	0	0
13423	0	0	0	0
13424	0	0	0	0
13425	0	0	0	0
13426	0	0	0	0
13427	0	0	0	0
13428	0	0	0	0
13429	0	0	0	0
13430	0	0	0	0
13431	0	0	0	0
13432	0	0	0	0
13433	0	0	0	0
13434	0	0	0	0
13435	0	0	0	0
13436	0	0	0	0
13437	0	0	0	0
13438	0	0	0	0
13439	0	0	0	2
13440	0	0	0	2
13441	0	0	0	2
13442	0	1	0	2
13443	0	1	0	2
13444	1	1	0	2
13445	1	1	0	2
13446	1	1	0	2
13447	1	1	0	0
13448	1	1	0	0
13449	1	1	0	0
13450	1	1	0	0
13451	1	0	0	0
13452	1	0	0	0
13453	0	1	0	0
13454	0	1	0	0
13455	0	1	0	0
13456	0	1	0	0
13457	0	1	0	0
13458	0	1	0	0
13459	0	1	0	0
13460	0	1	0	0
13461	0	0	0	0
13462	0	0	0	0
13463	0	0	0	0
13464	0	0	0	0
13465	0	0	0	0
13466	0	0	0	0
13467	0	0	0	0
13468	0	0	0	0
13469	0	0	0	0
13470	0	0	0	0
13471	0	0	0	0
13472	0	0	0	0
13473	0	0	0	0
13474	0	0	0	0
13475	0	0	0	0
13476	0	0	0	0
13477	0	0	0	0
13478	0	0	0	0
13479	0	0	0	0
13480	0	0	0	0
13481	0	0	0	0
13482	0	0	0	0
13483	0	0	0	0
13484	0	0	0	0
13485	0	0	0	0
13486	0	0	0	0
13487	0	0	0	0
13488	0	0	0	0
13489	0	0	0	0
13490	0	0	0	0
13491	0	0	0	0
13492	0	0	0	0
13493	0	0	0	0
13494	0	0	0	0
13495	0	0	0	0
13496	0	0	0	0
13497	0	0	0	0
13498	0	0	0	0
13499	0	0	0	0
13500	0	0	0	0
13501	0	0	0	0
13502	0	0	0	0
13503	0	0	0	0
13504	0	0	0	0
13505	0	0	0	0
13506	0	0	0	0
13507	0	0	0	0
13508	0	0	0	0
13509	0	0	0	0
13510	0	0	0	0
13511	0	0	0	0
13512	0	0	0	0
13513	0	0	0	0
13514	0	0	0	1
13515	0	0	1	1
13516	0	0	1	1
13517	0	0	1	1
13518	0	0	1	1
13519	0	0	1	1
13520	0	0	1	1
13521	0	0	1	1
13522	0	0	1	0
13523	0	0	1	0
13524	0	0	0	0
13525	0	0	0	0
13526	0	1	0	0
13527	0	1	0	0
13528	0	1	0	0
13529	0	1	0	0
13530	0	1	0	0
13531	0	1	0	0
13532	0	1	0	0
13533	0	0	0	0
13534	0	0	0	0
13535	0	0	0	0
13536	0	0	0	0
13537	0	0	0	0
13538	0	0	0	0
13539	0	0	0	0
13540	1	0	0	1
13541	1	0	0	1
13542	1	0	0	1
13543	1	0	0	1
13544	1	0	0	1
13545	1	0	0	1
13546	1	0	1	1
13547	1	0	1	1
13548	1	0	1	0
13549	1	0	1	0
13550	1	0	1	0
13551	1	0	1	0
13552	1	0	1	0
13553	2	0	1	0
13554	2	0	0	1
13555	2	0	0	1
13556	1	0	0	1
13557	1	0	0	1
13558	1	0	0	1
13559	1	0	0	1
13560	1	0	0	1
13561	1	0	0	1
13562	0	0	0	1
13563	0	1	0	0
13564	0	1	0	0
13565	0	1	0	0
13566	0	1	0	1
13567	0	1	0	1
13568	0	1	0	1
13569	0	1	0	1
13570	0	1	0	1
13571	0	0	0	1
13572	0	0	0	1
13573	0	0	1	1
13574	1	1	1	4
13575	1	1	1	3
13576	1	1	1	3
13577	1	2	1	5
13578	1	2	2	6
13579	1	2	3	7
13580	1	3	4	7
13581	1	3	5	7
13582	1	3	4	5
13583	3	4	4	5
13584	3	4	4	4
13585	2	5	4	2
13586	3	5	3	1
13587	3	5	2	0
13588	3	4	1	0
13589	4	5	1	0
13590	5	3	1	0
13591	4	2	0	0
13592	3	2	0	0
13593	3	1	0	0
13594	1	1	0	0
13595	1	1	0	0
13596	1	1	0	0
13597	0	0	0	0
13598	0	0	0	0
13599	0	0	0	0
13600	0	0	0	0
13601	0	0	0	0
13602	0	0	0	0
13603	0	0	0	0
13604	0	0	0	0
13605	0	0	0	0
13606	0	0	0	0
13607	0	0	0	0
13608	0	0	0	0
13609	0	0	0	0
13610	0	0	0	0
13611	0	0	0	0
13612	0	0	0	0
13613	0	0	0	0
13614	0	0	0	0
13615	1	0	0	0
13616	1	0	0	0
13617	1	0	0	0
13618	1	1	0	0
13619	1	2	0	0
13620	1	2	0	0
13621	1	2	0	0
13622	1	2	0	0
13623	1	2	0	0
13624	1	2	0	0
13625	1	2	0	0
13626	1	1	0	1
13627	2	1	0	1
13628	2	1	0	1
13629	2	0	0	1
13630	2	0	1	2
13631	2	0	1	2
13632	2	0	1	2
13633	2	0	1	2
13634	2	0	1	1
13635	2	0	1	2
13636	1	0	1	2
13637	1	0	1	2
13638	1	0	0	2
13639	1	0	1	1
13640	0	0	2	1
13641	1	0	2	2
13642	1	0	2	2
13643	1	0	2	2
13644	1	1	2	2
13645	1	2	2	2
13646	1	2	2	2
13647	1	2	2	2
13648	2	2	1	2
13649	1	2	3	2
13650	1	2	3	1
13651	1	2	2	1
13652	1	1	2	1
13653	1	1	3	1
13654	1	0	3	1
13655	1	0	3	1
13656	0	0	3	2
13657	0	0	1	2
13658	0	0	1	2
13659	1	0	1	2
13660	1	0	1	1
13661	1	0	1	2
13662	1	0	1	2
13663	1	0	0	4
13664	1	0	0	3
13665	1	0	0	3
13666	1	0	0	3
13667	0	0	0	3
13668	0	0	0	3
13669	0	0	0	3
13670	0	0	0	2
13671	0	0	0	1
13672	0	0	0	0
13673	0	0	0	0
13674	0	0	0	0
13675	0	0	0	0
13676	0	0	0	0
13677	0	0	0	0
13678	0	0	0	0
13679	0	0	0	0
13680	0	0	0	0
13681	0	0	0	0
13682	0	0	0	0
13683	0	1	0	2
13684	2	1	0	2
13685	2	1	0	3
13686	2	1	2	3
13687	2	2	4	4
13688	2	3	5	4
13689	2	3	7	4
13690	4	3	8	6
13691	4	2	9	6
13692	3	3	10	6
13693	8	5	12	5
13694	9	9	14	6
13695	10	10	12	6
13696	12	9	16	7
13697	12	9	15	8
13698	12	8	16	9
13699	11	8	15	10
13700	16	9	21	11
13701	12	8	20	11
13702	10	6	17	11
13703	11	4	16	10
13704	9	3	11	11
13705	9	4	12	10
13706	8	4	11	9
13707	7	4	11	7
13708	2	3	2	3
13709	2	3	1	2
13710	2	3	1	2
13711	1	2	1	2
13712	1	1	1	0
13713	1	0	0	0
13714	0	0	0	1
13715	0	0	0	1
13716	0	0	0	1
13717	0	0	0	1
13718	0	0	0	1
13719	0	1	0	1
13720	0	2	0	1
13721	1	2	0	1
13722	1	2	0	1
13723	1	2	0	0
13724	1	2	1	0
13725	1	2	1	0
13726	1	2	1	1
13727	1	1	2	1
13728	1	0	2	1
13729	1	0	2	1
13730	1	0	2	2
13731	0	0	2	2
13732	0	0	1	2
13733	0	0	1	2
13734	0	1	1	3
13735	0	1	0	2
13736	1	2	0	2
13737	1	3	0	2
13738	1	3	0	1
13739	1	3	0	1
13740	1	3	0	1
13741	1	3	0	1
13742	1	3	0	0
13743	1	3	0	0
13744	0	1	1	0
13745	0	0	3	0
13746	1	3	5	0
13747	1	3	5	0
13748	1	3	5	0
13749	1	3	5	0
13750	1	3	5	0
13751	1	3	5	0
13752	1	3	4	0
13753	1	3	3	0
13754	0	0	1	0
13755	0	0	1	0
13756	0	1	1	0
13757	0	1	0	0
13758	0	1	0	0
13759	0	1	0	0
13760	0	1	0	0
13761	0	1	0	0
13762	0	1	0	0
13763	0	1	0	0
13764	0	0	0	0
13765	0	0	0	0
13766	0	0	0	0
13767	0	0	0	0
13768	0	0	0	0
13769	0	0	0	0
13770	0	0	0	0
13771	0	1	2	1
13772	0	1	2	1
13773	0	1	2	1
13774	0	2	2	1
13775	0	2	2	1
13776	0	2	2	1
13777	0	2	2	1
13778	0	2	2	1
13779	0	1	0	0
13780	0	1	0	0
13781	0	1	0	0
13782	0	0	0	0
13783	0	0	0	0
13784	0	0	0	0
13785	0	0	0	0
13786	0	0	0	0
13787	0	0	0	0
13788	0	0	0	0
13789	0	0	0	0
13790	0	0	0	0
13791	0	0	0	0
13792	0	0	0	0
13793	0	0	0	0
13794	0	0	0	0
13795	1	0	0	0
13796	1	0	0	0
13797	1	0	0	0
13798	1	0	1	0
13799	1	0	1	1
13800	1	0	1	1
13801	1	0	1	1
13802	1	0	1	1
13803	1	0	2	1
13804	1	0	2	1
13805	2	0	2	1
13806	3	0	3	1
13807	3	0	3	0
13808	3	0	2	0
13809	3	0	2	0
13810	3	0	2	0
13811	2	0	1	0
13812	2	0	1	0
13813	1	0	1	0
13814	1	0	0	0
13815	1	0	1	0
13816	1	0	1	0
13817	1	0	1	0
13818	1	0	1	0
13819	1	0	1	0
13820	1	0	1	0
13821	1	0	1	0
13822	0	0	1	0
13823	0	0	1	0
13824	0	0	0	1
13825	0	0	0	1
13826	0	0	0	1
13827	0	0	0	1
13828	0	0	1	1
13829	0	0	1	1
13830	0	1	1	2
13831	0	2	4	2
13832	1	2	4	1
13833	1	2	4	2
13834	1	2	5	2
13835	1	2	6	2
13836	2	2	5	2
13837	2	2	5	2
13838	2	2	6	3
13839	2	2	5	4
13840	1	1	4	4
13841	1	1	3	3
13842	2	1	2	4
13843	3	1	1	3
13844	2	1	2	3
13845	2	1	2	3
13846	2	1	1	3
13847	2	1	1	2
13848	2	1	1	2
13849	2	1	1	2
13850	1	1	1	1
13851	0	1	1	0
13852	0	1	0	0
13853	0	2	0	0
13854	0	1	0	0
13855	0	1	0	0
13856	0	1	0	0
13857	0	2	0	0
13858	0	2	0	0
13859	0	2	0	0
13860	0	2	0	2
13861	2	1	0	3
13862	4	1	1	4
13863	4	1	2	5
13864	4	2	7	6
13865	4	3	8	6
13866	4	6	10	8
13867	4	7	12	8
13868	4	7	12	8
13869	4	7	12	8
13870	2	7	11	5
13871	2	7	10	4
13872	2	6	5	4
13873	2	6	5	5
13874	4	3	4	4
13875	4	3	2	3
13876	5	3	1	3
13877	4	3	1	1
13878	3	2	1	2
13879	3	2	1	2
13880	3	2	1	2
13881	3	2	1	1
13882	1	1	1	1
13883	1	1	1	1
13884	1	1	1	1
13885	1	0	1	1
13886	1	0	1	0
13887	1	0	1	0
13888	1	0	1	0
13889	2	0	1	0
13890	2	0	0	0
13891	2	0	0	0
13892	2	0	0	0
13893	1	0	3	0
13894	1	1	3	1
13895	1	1	4	1
13896	1	1	4	1
13897	1	2	4	2
13898	2	2	4	3
13899	1	4	4	3
13900	1	4	4	4
13901	2	5	1	5
13902	3	5	1	4
13903	3	6	1	4
13904	5	6	1	5
13905	6	5	2	6
13906	9	7	3	9
13907	9	8	4	9
13908	10	7	4	10
13909	10	6	4	9
13910	12	6	4	9
13911	13	4	5	9
13912	12	4	5	8
13913	11	4	4	7
13914	7	3	2	6
13915	4	3	1	5
13916	3	1	1	3
13917	2	1	1	2
13918	0	1	1	2
13919	0	1	1	2
13920	1	2	0	2
13921	1	2	0	1
13922	1	1	1	3
13923	1	1	2	3
13924	1	1	2	3
13925	1	1	2	3
13926	1	1	2	3
13927	1	1	2	3
13928	0	0	3	3
13929	1	0	3	3
13930	1	0	2	2
13931	1	0	1	0
13932	2	0	1	0
13933	2	0	1	0
13934	2	0	1	0
13935	2	0	1	2
13936	2	1	2	2
13937	1	1	1	2
13938	1	1	1	2
13939	1	1	1	2
13940	1	1	2	2
13941	0	1	2	2
13942	0	3	3	2
13943	0	3	3	1
13944	0	4	3	1
13945	0	3	2	1
13946	0	3	2	1
13947	0	3	2	1
13948	0	3	1	1
13949	0	3	1	1
13950	0	1	0	1
13951	0	1	0	1
13952	0	0	0	0
13953	0	0	0	0
13954	0	0	0	0
13955	0	0	0	0
13956	0	0	0	0
13957	0	0	0	0
13958	0	0	0	0
13959	0	0	0	0
13960	0	0	0	0
13961	0	0	0	0
13962	0	0	0	0
13963	0	0	0	0
13964	0	0	0	0
13965	0	0	0	0
13966	0	0	0	0
13967	0	0	0	0
13968	0	0	0	0
13969	0	0	0	0
13970	0	0	0	0
13971	0	0	0	0
13972	0	0	0	1
13973	0	0	0	1
13974	0	0	0	1
13975	0	0	0	1
13976	0	0	0	1
13977	0	0	0	1
13978	0	0	0	1
13979	0	0	0	1
13980	0	0	0	0
13981	0	0	0	0
13982	0	0	0	0
13983	0	0	0	0
13984	0	0	0	0
13985	0	0	0	0
13986	0	0	0	0
13987	0	0	0	0
13988	0	0	0	0
13989	0	0	0	0
13990	0	0	0	0
13991	0	0	0	0
13992	0	0	0	0
13993	0	1	0	0
13994	0	1	0	0
13995	2	2	0	0
13996	3	3	0	0
13997	5	3	1	0
13998	6	4	1	0
13999	7	4	1	1
14000	7	3	2	2
14001	7	3	2	3
14002	7	2	2	3
14003	5	2	2	3
14004	4	2	3	4
14005	3	2	2	4
14006	1	1	3	4
14007	0	1	3	4
14008	0	1	2	3
14009	0	2	3	2
14010	0	2	3	1
14011	1	2	3	1
14012	1	1	2	0
14013	1	1	2	0
14014	1	1	1	0
14015	1	2	1	0
14016	1	2	1	0
14017	2	1	0	0
14018	2	1	0	0
14019	1	1	0	0
14020	1	1	0	0
14021	1	1	0	0
14022	1	1	0	0
14023	1	0	0	0
14024	1	0	0	0
14025	0	0	0	0
14026	0	0	0	0
14027	0	0	0	0
14028	0	0	0	0
14029	0	0	0	0
14030	0	0	0	0
14031	0	0	0	0
14032	0	0	0	0
14033	0	0	0	0
14034	0	0	0	0
14035	1	1	0	0
14036	1	1	0	0
14037	1	1	0	0
14038	1	1	0	0
14039	1	1	0	0
14040	1	1	0	0
14041	1	1	0	0
14042	1	1	0	0
14043	0	0	0	0
14044	0	0	0	0
14045	0	0	0	0
14046	0	0	0	0
14047	0	0	0	0
14048	1	0	0	0
14049	1	0	0	0
14050	1	0	0	0
14051	1	0	0	0
14052	1	0	0	0
14053	1	1	0	0
14054	1	1	0	0
14055	1	1	0	0
14056	1	1	0	0
14057	0	1	0	0
14058	0	1	0	0
14059	0	1	0	0
14060	0	1	0	0
14061	0	0	0	0
14062	0	0	0	0
14063	0	0	0	0
14064	0	0	0	0
14065	0	0	0	0
14066	0	0	0	0
14067	0	1	0	0
14068	0	1	0	0
14069	0	1	0	0
14070	0	1	0	0
14071	0	0	0	0
14072	0	0	0	0
14073	0	0	0	1
14074	0	0	0	1
14075	0	0	0	2
14076	0	0	0	2
14077	0	0	0	2
14078	0	0	0	2
14079	0	0	0	2
14080	0	0	0	2
14081	0	0	0	1
14082	0	2	1	1
14083	0	2	1	0
14084	0	2	1	0
14085	0	2	1	0
14086	0	2	1	0
14087	0	2	1	0
14088	1	2	1	0
14089	1	2	1	0
14090	1	1	0	0
14091	1	1	0	0
14092	1	0	0	0
14093	1	0	0	0
14094	1	0	0	0
14095	1	0	0	0
14096	0	0	0	0
14097	0	0	0	0
14098	0	0	0	0
14099	0	0	0	0
14100	0	0	0	0
14101	0	0	0	0
14102	0	0	0	1
14103	0	0	0	1
14104	0	0	0	1
14105	0	0	1	1
14106	0	0	1	1
14107	0	0	1	1
14108	0	0	1	1
14109	0	0	1	1
14110	0	0	1	0
14111	0	0	1	0
14112	0	0	1	0
14113	0	0	0	0
14114	0	0	0	0
14115	0	0	0	0
14116	0	0	0	0
14117	0	0	0	0
14118	0	0	0	0
14119	0	0	0	0
14120	0	0	0	0
14121	0	0	0	0
14122	0	0	0	0
14123	0	0	0	0
14124	0	0	0	0
14125	0	1	0	0
14126	0	1	0	1
14127	0	1	0	1
14128	0	1	0	1
14129	0	1	0	1
14130	0	1	0	1
14131	0	1	0	1
14132	0	1	0	2
14133	0	0	0	2
14134	0	0	0	2
14135	0	0	0	2
14136	0	0	0	2
14137	0	1	1	1
14138	0	1	1	1
14139	0	3	1	2
14140	0	3	2	2
14141	0	3	2	1
14142	0	3	2	1
14143	0	3	2	1
14144	0	3	2	1
14145	0	2	1	3
14146	1	2	1	3
14147	2	1	1	3
14148	2	0	0	2
14149	2	0	0	2
14150	3	2	2	3
14151	3	2	2	3
14152	3	2	2	3
14153	3	2	2	3
14154	3	2	2	2
14155	3	2	2	2
14156	3	3	2	2
14157	3	3	2	2
14158	2	3	1	0
14159	3	2	0	0
14160	3	2	0	0
14161	3	2	0	1
14162	2	3	0	1
14163	1	3	1	1
14164	3	2	1	2
14165	3	2	1	2
14166	3	2	1	2
14167	2	2	1	2
14168	2	2	1	3
14169	2	1	1	3
14170	2	1	1	3
14171	2	1	1	3
14172	0	0	1	1
14173	0	0	0	1
14174	0	0	0	1
14175	0	0	0	1
14176	0	0	0	0
14177	0	0	0	0
14178	0	0	0	0
14179	0	0	0	0
14180	0	0	0	0
14181	0	0	0	0
14182	0	0	0	0
14183	1	0	0	0
14184	1	0	0	0
14185	2	1	0	0
14186	2	1	0	0
14187	2	1	0	0
14188	2	1	0	0
14189	2	1	1	0
14190	2	1	1	0
14191	1	1	1	0
14192	1	1	1	0
14193	0	0	1	0
14194	1	0	1	0
14195	2	0	1	0
14196	2	0	1	0
14197	2	0	0	0
14198	2	0	0	0
14199	2	0	0	0
14200	3	0	0	0
14201	3	0	0	0
14202	2	0	0	0
14203	2	0	0	0
14204	1	0	0	0
14205	1	0	0	1
14206	1	0	0	1
14207	1	0	0	1
14208	0	0	0	1
14209	0	0	0	1
14210	0	0	0	1
14211	0	0	0	1
14212	0	0	0	1
14213	0	0	0	0
14214	0	0	1	0
14215	0	0	1	0
14216	0	0	1	1
14217	0	0	1	1
14218	0	0	3	1
14219	0	0	3	1
14220	0	0	3	1
14221	0	1	3	1
14222	0	1	1	1
14223	0	1	1	1
14224	0	1	1	0
14225	0	1	1	0
14226	1	1	1	1
14227	1	1	1	1
14228	1	1	1	1
14229	2	0	1	1
14230	2	0	1	1
14231	2	1	1	1
14232	2	1	2	1
14233	2	1	2	1
14234	2	1	2	7
14235	2	1	1	7
14236	2	1	1	7
14237	1	1	1	7
14238	1	1	1	7
14239	1	0	1	7
14240	2	0	1	7
14241	2	0	0	7
14242	1	0	1	7
14243	1	0	1	0
14244	1	1	1	0
14245	1	1	1	0
14246	2	1	1	0
14247	2	1	1	0
14248	3	1	2	0
14249	3	1	2	1
14250	3	1	1	1
14251	3	1	1	2
14252	4	2	2	3
14253	4	1	2	4
14254	4	1	2	4
14255	4	1	2	4
14256	2	1	2	4
14257	2	1	2	3
14258	1	1	2	4
14259	1	1	2	3
14260	0	0	1	2
14261	0	0	1	2
14262	0	0	1	0
14263	0	0	1	0
14264	0	0	0	0
14265	0	0	0	0
14266	0	0	0	0
14267	0	0	0	0
14268	0	0	0	0
14269	1	0	0	0
14270	1	0	0	0
14271	1	0	0	0
14272	1	0	0	0
14273	2	1	0	0
14274	2	1	0	0
14275	2	2	1	2
14276	2	3	1	3
14277	2	3	1	4
14278	1	4	1	4
14279	1	4	1	4
14280	1	4	1	5
14281	0	4	2	5
14282	0	4	2	5
14283	0	2	2	3
14284	0	1	1	2
14285	0	2	1	2
14286	0	2	1	2
14287	0	1	1	1
14288	0	1	1	0
14289	0	1	0	0
14290	0	2	0	0
14291	0	2	0	0
14292	0	2	1	0
14293	0	2	1	0
14294	0	1	1	0
14295	0	2	1	0
14296	0	2	1	0
14297	0	2	1	0
14298	0	1	1	0
14299	0	1	2	0
14300	0	3	3	3
14301	1	4	4	3
14302	1	4	3	3
14303	2	4	3	3
14304	2	4	3	3
14305	2	4	3	3
14306	2	4	3	3
14307	2	4	2	4
14308	2	2	1	1
14309	1	2	0	1
14310	1	1	0	1
14311	0	0	0	1
14312	0	0	0	1
14313	0	0	0	1
14314	0	0	0	1
14315	0	0	1	0
14316	0	0	1	0
14317	0	0	1	0
14318	0	0	1	0
14319	0	0	1	0
14320	1	1	1	0
14321	1	1	1	0
14322	1	1	1	0
14323	1	1	0	0
14324	1	1	0	0
14325	1	1	0	0
14326	1	1	0	1
14327	1	1	0	1
14328	1	0	0	1
14329	0	0	0	1
14330	0	1	0	1
14331	0	1	0	1
14332	1	1	1	2
14333	2	2	2	2
14334	2	2	2	1
14335	2	2	2	1
14336	2	2	10	3
14337	2	2	10	4
14338	2	2	10	4
14339	2	1	10	4
14340	2	1	9	3
14341	0	1	9	3
14342	0	1	9	3
14343	0	1	9	3
14344	1	1	8	2
14345	1	1	0	1
14346	1	1	0	1
14347	2	2	1	1
14348	2	2	1	1
14349	2	4	1	1
14350	2	4	1	1
14351	2	4	1	1
14352	2	4	1	2
14353	1	4	2	1
14354	1	4	2	1
14355	0	5	2	1
14356	0	5	1	1
14357	0	5	1	0
14358	0	3	1	0
14359	0	3	1	0
14360	0	3	1	1
14361	0	3	0	2
14362	0	3	0	2
14363	0	2	0	2
14364	0	1	0	2
14365	0	1	0	2
14366	1	0	0	3
14367	1	0	0	3
14368	1	0	0	3
14369	1	0	0	1
14370	0	0	0	1
14371	0	0	2	1
14372	0	0	3	1
14373	0	0	3	1
14374	0	1	3	1
14375	0	1	3	1
14376	0	1	2	1
14377	0	1	2	2
14378	2	3	4	4
14379	3	4	4	4
14380	4	5	5	6
14381	5	6	6	8
14382	7	8	7	8
14383	8	9	8	9
14384	8	9	8	9
14385	8	9	9	7
14386	7	8	8	9
14387	6	8	7	7
14388	5	6	5	6
14389	5	5	6	5
14390	3	2	4	2
14391	1	1	3	2
14392	1	1	3	2
14393	1	1	2	2
14394	0	2	2	1
14395	0	1	1	1
14396	0	1	1	1
14397	0	1	1	1
14398	0	1	1	1
14399	0	2	0	0
14400	0	2	0	0
14401	0	2	2	0
14402	0	1	2	0
14403	0	1	2	0
14404	0	1	2	0
14405	0	1	2	0
14406	0	1	3	0
14407	0	0	3	0
14408	0	0	3	0
14409	0	0	1	0
14410	0	0	1	0
14411	1	0	1	0
14412	1	0	1	0
14413	1	0	1	0
14414	1	0	0	0
14415	1	0	0	0
14416	1	0	0	0
14417	1	0	0	0
14418	1	0	0	0
14419	0	0	0	0
14420	0	0	0	1
14421	0	0	0	1
14422	0	0	0	1
14423	0	0	0	1
14424	0	0	0	1
14425	0	0	0	1
14426	1	0	0	1
14427	1	0	0	2
14428	1	0	0	2
14429	1	0	1	4
14430	1	0	2	5
14431	2	1	2	4
14432	2	2	2	9
14433	3	2	2	9
14434	4	4	3	12
14435	4	8	5	13
14436	5	9	6	18
14437	6	11	5	18
14438	9	19	7	19
14439	9	19	8	20
14440	9	17	10	19
14441	9	17	10	15
14442	7	15	10	15
14443	6	11	8	11
14444	6	10	6	8
14445	4	9	6	7
14446	1	1	4	6
14447	0	0	2	4
14448	0	0	0	2
14449	0	0	0	2
14450	0	0	0	1
14451	0	0	0	1
14452	1	0	0	1
14453	3	0	0	1
14454	3	0	0	1
14455	3	1	0	2
14456	3	1	0	2
14457	3	1	0	2
14458	4	1	0	3
14459	4	1	0	3
14460	3	1	0	2
14461	2	2	0	2
14462	2	2	0	2
14463	2	1	1	2
14464	2	1	1	2
14465	2	1	1	2
14466	1	2	1	2
14467	1	2	1	2
14468	1	2	2	3
14469	1	1	2	3
14470	1	1	2	3
14471	1	1	2	2
14472	0	1	1	2
14473	0	0	1	1
14474	0	0	1	2
14475	1	0	2	2
14476	2	0	1	1
14477	3	0	1	1
14478	3	0	1	1
14479	3	0	1	1
14480	4	0	1	1
14481	4	0	1	1
14482	4	0	1	0
14483	3	0	0	0
14484	3	0	0	0
14485	3	0	0	0
14486	2	0	0	0
14487	2	0	0	0
14488	1	0	0	0
14489	0	0	0	0
14490	0	0	0	1
14491	0	0	0	1
14492	1	0	0	1
14493	1	0	0	1
14494	1	0	0	1
14495	1	0	0	1
14496	1	0	0	1
14497	1	0	0	1
14498	1	0	0	1
14499	1	0	0	0
14500	0	0	0	0
14501	0	0	0	0
14502	0	0	0	0
14503	0	0	0	0
14504	0	0	0	0
14505	0	0	0	0
14506	0	0	0	0
14507	0	0	0	0
14508	0	0	0	0
14509	0	1	0	0
14510	0	1	0	1
14511	0	1	0	2
14512	0	1	0	2
14513	0	1	0	3
14514	0	1	1	3
14515	0	1	1	3
14516	0	1	1	3
14517	0	0	1	3
14518	0	0	1	3
14519	0	0	1	1
14520	0	0	1	1
14521	0	0	1	0
14522	0	0	0	0
14523	0	0	0	0
14524	0	0	0	0
14525	0	0	0	0
14526	0	0	0	0
14527	0	0	0	0
14528	0	0	0	0
14529	0	0	0	0
14530	0	0	0	0
14531	0	0	1	0
14532	1	0	1	0
14533	1	0	1	0
14534	1	0	1	0
14535	1	0	2	0
14536	1	0	3	0
14537	1	0	3	0
14538	1	1	5	0
14539	2	1	5	0
14540	2	1	4	0
14541	1	1	5	1
14542	1	1	5	1
14543	1	2	5	1
14544	2	2	5	4
14545	2	2	4	4
14546	3	1	5	4
14547	2	1	4	4
14548	2	2	4	4
14549	2	2	3	3
14550	2	2	3	4
14551	2	1	2	4
14552	1	1	2	2
14553	1	1	2	2
14554	0	1	1	2
14555	0	1	0	2
14556	0	0	0	2
14557	1	0	1	2
14558	1	0	1	1
14559	1	0	1	1
14560	1	0	1	1
14561	1	0	2	0
14562	1	1	2	0
14563	1	1	2	0
14564	1	2	2	1
14565	1	2	1	1
14566	0	2	1	1
14567	0	2	1	1
14568	1	2	1	1
14569	1	2	0	1
14570	2	2	0	1
14571	2	1	0	1
14572	2	0	0	0
14573	2	0	0	0
14574	2	0	0	0
14575	2	0	1	0
14576	1	0	1	0
14577	1	0	1	0
14578	0	0	1	0
14579	0	0	1	0
14580	0	0	1	0
14581	0	0	1	0
14582	0	0	1	0
14583	0	0	1	0
14584	0	0	1	0
14585	0	0	1	0
14586	0	0	1	0
14587	0	0	0	0
14588	0	0	0	0
14589	0	0	0	0
14590	0	1	0	0
14591	0	1	0	0
14592	0	1	0	0
14593	0	1	0	0
14594	1	1	0	0
14595	2	1	1	0
14596	2	1	1	0
14597	2	1	1	0
14598	2	0	1	0
14599	2	0	1	0
14600	2	0	2	0
14601	2	0	2	0
14602	1	0	2	0
14603	0	0	1	0
14604	0	0	1	0
14605	0	0	1	0
14606	0	0	1	0
14607	0	0	2	0
14608	0	0	2	0
14609	0	0	1	0
14610	0	0	1	0
14611	0	0	1	0
14612	0	0	1	0
14613	0	0	1	0
14614	0	0	1	0
14615	0	0	0	0
14616	0	0	0	0
14617	0	0	0	0
14618	0	0	0	0
14619	0	0	0	0
14620	0	0	0	0
14621	0	0	0	0
14622	0	0	0	0
14623	0	0	0	0
14624	0	0	0	0
14625	1	0	0	0
14626	1	0	0	0
14627	1	0	0	1
14628	1	0	0	2
14629	1	0	0	2
14630	1	0	0	2
14631	1	0	1	4
14632	1	0	1	4
14633	0	0	2	4
14634	0	0	2	4
14635	0	0	2	3
14636	0	0	2	2
14637	0	0	2	2
14638	0	0	2	2
14639	0	0	1	1
14640	0	0	1	1
14641	0	0	1	0
14642	0	1	1	0
14643	0	1	0	0
14644	0	1	0	0
14645	1	1	0	0
14646	1	1	0	0
14647	1	1	0	2
14648	1	1	0	2
14649	1	1	0	3
14650	1	0	0	3
14651	2	0	0	3
14652	2	0	0	3
14653	4	0	0	3
14654	4	1	0	3
14655	5	1	0	3
14656	5	1	0	2
14657	5	1	0	3
14658	5	1	0	3
14659	4	3	0	3
14660	4	3	1	3
14661	1	3	2	2
14662	1	3	2	2
14663	0	2	5	2
14664	0	2	5	3
14665	0	2	5	1
14666	0	2	5	1
14667	1	0	5	1
14668	1	1	4	1
14669	1	1	3	1
14670	1	1	3	2
14671	0	1	1	2
14672	0	1	0	1
14673	0	1	0	1
14674	0	1	0	1
14675	0	1	0	1
14676	0	1	0	1
14677	0	1	0	1
14678	0	0	0	0
14679	0	0	0	0
14680	0	0	0	0
14681	0	0	0	0
14682	0	0	1	0
14683	0	1	1	1
14684	0	1	1	1
14685	0	1	1	1
14686	0	2	1	1
14687	1	4	1	1
14688	2	4	1	3
14689	2	4	1	3
14690	2	4	1	3
14691	2	4	0	3
14692	2	5	0	4
14693	2	5	0	4
14694	2	4	0	4
14695	2	3	0	4
14696	0	2	0	3
14697	0	3	0	2
14698	0	3	0	2
14699	0	3	0	1
14700	0	2	0	0
14701	0	2	0	0
14702	0	3	0	0
14703	0	4	0	0
14704	0	4	0	0
14705	0	3	0	0
14706	1	3	0	0
14707	1	2	0	0
14708	1	2	0	0
14709	1	2	0	0
14710	1	2	0	0
14711	1	1	1	0
14712	1	0	1	0
14713	1	0	1	1
14714	0	0	1	1
14715	0	0	1	1
14716	0	0	1	1
14717	0	0	1	1
14718	0	0	1	1
14719	0	0	1	1
14720	0	0	1	1
14721	0	0	3	1
14722	0	0	3	1
14723	0	0	4	1
14724	0	1	4	2
14725	1	1	4	2
14726	2	1	5	3
14727	4	1	4	3
14728	5	1	5	3
14729	5	1	3	2
14730	5	1	4	3
14731	6	1	4	3
14732	6	1	3	3
14733	6	1	3	2
14734	5	1	2	2
14735	4	1	2	2
14736	2	1	2	2
14737	2	2	2	2
14738	2	2	1	0
14739	1	3	1	1
14740	1	2	1	1
14741	2	3	1	1
14742	1	3	1	2
14743	2	3	1	3
14744	2	3	2	3
14745	2	3	2	5
14746	2	3	1	6
14747	2	2	1	5
14748	2	2	1	5
14749	1	1	1	6
14750	1	2	1	5
14751	0	2	2	5
14752	0	3	2	5
14753	0	3	2	3
14754	1	3	2	3
14755	1	3	2	3
14756	1	3	2	3
14757	1	2	2	3
14758	1	2	2	3
14759	1	2	1	2
14760	1	0	0	1
14761	1	0	0	1
14762	0	0	0	0
14763	0	0	0	1
14764	0	0	0	1
14765	1	0	1	1
14766	1	0	1	1
14767	1	0	1	1
14768	1	0	1	1
14769	1	0	1	1
14770	1	0	1	1
14771	1	0	1	0
14772	1	0	1	0
14773	0	1	0	0
14774	0	1	0	0
14775	0	1	1	0
14776	0	1	1	0
14777	0	1	1	0
14778	0	1	1	0
14779	1	1	1	0
14780	1	1	1	0
14781	1	0	1	0
14782	1	0	1	0
14783	1	0	0	0
14784	1	0	0	0
14785	1	0	0	0
14786	1	0	0	0
14787	0	0	0	0
14788	0	0	0	0
14789	0	0	0	0
14790	0	0	0	0
14791	0	0	0	0
14792	0	0	0	0
14793	0	0	0	0
14794	0	0	0	0
14795	0	0	0	0
14796	0	0	0	0
14797	0	0	0	0
14798	0	0	0	0
14799	0	0	0	0
14800	0	0	0	0
14801	0	0	0	0
14802	0	0	0	0
14803	0	0	0	0
14804	0	0	0	0
14805	0	0	0	0
14806	0	0	0	0
14807	0	0	0	0
14808	0	0	0	0
14809	0	0	0	0
14810	0	0	0	0
14811	0	0	0	0
14812	0	0	0	0
14813	0	0	0	0
14814	0	0	0	0
14815	0	0	0	0
14816	0	0	0	0
14817	0	0	1	0
14818	0	0	1	0
14819	0	0	1	0
14820	1	0	1	0
14821	1	0	1	0
14822	2	1	2	2
14823	2	1	2	2
14824	2	2	2	2
14825	2	2	2	2
14826	2	2	2	2
14827	2	2	2	2
14828	1	2	2	2
14829	1	2	2	2
14830	0	1	1	0
14831	0	1	2	0
14832	0	0	2	0
14833	0	0	1	0
14834	0	0	1	0
14835	0	0	1	0
14836	0	0	1	0
14837	0	0	1	0
14838	0	1	1	0
14839	0	1	0	0
14840	0	1	0	0
14841	0	1	0	0
14842	0	1	0	0
14843	0	1	0	0
14844	0	1	0	1
14845	0	1	0	1
14846	0	1	0	1
14847	1	1	1	1
14848	1	0	1	1
14849	1	0	1	1
14850	1	1	1	1
14851	1	1	1	1
14852	1	1	2	0
14853	1	2	2	0
14854	1	2	2	0
14855	1	3	1	0
14856	1	3	1	1
14857	1	3	1	1
14858	1	2	1	1
14859	1	2	1	1
14860	1	2	0	1
14861	1	1	0	1
14862	1	1	0	1
14863	0	2	0	2
14864	0	2	0	1
14865	0	1	0	1
14866	0	1	0	1
14867	0	1	0	1
14868	0	1	0	1
14869	0	1	0	1
14870	0	1	0	1
14871	0	0	0	0
14872	0	1	0	1
14873	0	1	0	1
14874	0	1	0	1
14875	0	1	0	2
14876	0	0	0	2
14877	0	0	0	2
14878	0	0	0	2
14879	0	0	0	2
14880	0	0	0	2
14881	0	0	0	1
14882	0	0	0	1
14883	0	0	0	0
14884	0	0	0	0
14885	0	0	0	0
14886	0	0	0	0
14887	0	0	0	0
14888	0	0	0	0
14889	0	0	0	0
14890	0	0	0	0
14891	0	0	0	0
14892	0	0	0	0
14893	0	0	0	0
14894	0	0	0	0
14895	0	0	0	0
14896	0	0	0	0
14897	0	0	0	0
14898	0	0	0	0
14899	1	0	0	0
14900	1	0	0	1
14901	1	0	0	1
14902	1	0	0	1
14903	1	0	0	1
14904	1	0	0	1
14905	1	0	0	1
14906	1	0	0	1
14907	0	0	0	1
14908	0	0	0	0
14909	0	0	0	0
14910	0	0	0	0
14911	0	0	0	0
14912	0	0	0	0
14913	0	0	0	0
14914	1	0	0	0
14915	1	0	0	0
14916	1	0	0	0
14917	1	0	0	0
14918	1	0	0	0
14919	1	0	0	0
14920	1	0	0	0
14921	1	0	0	0
14922	0	0	0	0
14923	0	0	0	0
14924	0	0	0	0
14925	0	0	0	0
14926	0	0	0	0
14927	0	0	0	0
14928	0	0	0	0
14929	0	0	0	0
14930	0	0	0	2
14931	0	0	0	3
14932	0	0	0	3
14933	0	0	0	3
14934	0	0	1	3
14935	0	1	1	4
14936	0	1	1	4
14937	0	1	1	4
14938	0	1	1	2
14939	0	2	1	1
14940	0	2	1	1
14941	0	2	1	1
14942	0	2	0	1
14943	0	1	0	0
14944	0	1	0	1
14945	0	1	0	1
14946	0	1	2	1
14947	0	1	2	1
14948	0	2	2	1
14949	0	2	3	1
14950	0	1	3	1
14951	0	1	3	1
14952	0	1	3	0
14953	1	1	3	1
14954	4	2	4	4
14955	6	2	4	5
14956	6	1	4	5
14957	6	3	3	5
14958	6	3	4	6
14959	7	3	5	6
14960	7	3	5	6
14961	6	4	5	5
14962	3	3	3	2
14963	1	3	1	0
14964	1	3	1	0
14965	0	1	1	1
14966	0	1	1	1
14967	0	1	0	1
14968	0	1	0	1
14969	0	0	0	1
14970	0	0	0	1
14971	0	0	0	1
14972	0	0	0	1
14973	0	0	0	0
14974	1	0	0	0
14975	1	0	0	0
14976	1	0	0	0
14977	1	0	0	0
14978	1	0	1	0
14979	1	0	1	0
14980	1	0	2	0
14981	1	0	3	0
14982	0	0	3	0
14983	0	0	3	0
14984	0	0	3	0
14985	0	0	3	0
14986	1	0	5	0
14987	1	0	6	0
14988	1	0	4	0
14989	1	0	3	1
14990	1	0	3	1
14991	1	1	3	1
14992	1	1	4	1
14993	1	1	6	1
14994	0	1	4	1
14995	0	1	4	1
14996	0	1	4	1
14997	0	1	4	1
14998	0	1	3	0
14999	0	1	3	0
15000	0	1	2	0
15001	0	0	0	0
15002	0	0	0	0
15003	0	0	0	0
15004	0	0	0	1
15005	0	0	0	1
15006	0	0	0	1
15007	0	0	0	1
15008	0	0	0	1
15009	0	0	0	1
15010	0	0	0	1
15011	0	0	0	1
15012	1	0	0	1
15013	1	0	0	0
15014	1	0	0	0
15015	1	0	0	0
15016	1	0	0	0
15017	1	0	0	0
15018	1	0	0	0
15019	1	0	0	0
15020	0	0	0	0
15021	0	0	0	0
15022	0	0	0	0
15023	0	0	0	0
15024	0	0	0	0
15025	0	0	0	0
15026	0	0	0	0
15027	0	0	0	0
15028	0	0	0	0
15029	0	0	0	0
15030	0	0	0	0
15031	0	0	0	0
15032	0	0	0	0
15033	0	0	0	1
15034	0	0	0	1
15035	0	0	0	1
15036	0	0	0	1
15037	0	0	0	1
15038	0	0	0	1
15039	0	0	0	1
15040	0	0	0	1
15041	0	0	0	0
15042	0	0	0	0
15043	0	0	0	0
15044	0	0	0	0
15045	0	0	0	0
15046	1	0	0	0
15047	1	0	0	0
15048	1	0	0	0
15049	1	0	0	0
15050	1	0	0	0
15051	1	0	1	0
15052	1	0	1	0
15053	1	0	1	0
15054	0	0	1	0
15055	0	0	1	0
15056	0	0	1	0
15057	0	0	0	0
15058	0	0	0	0
15059	0	0	0	0
15060	0	0	1	2
15061	2	0	2	2
15062	2	0	2	2
15063	2	0	2	2
15064	2	0	2	2
15065	2	0	2	2
15066	2	0	2	2
15067	2	1	2	4
15068	2	1	1	2
15069	1	1	1	2
15070	0	1	0	2
15071	0	1	0	2
15072	0	1	1	2
15073	0	1	1	2
15074	0	1	1	2
15075	0	0	1	1
15076	0	0	1	0
15077	0	0	1	0
15078	0	0	1	0
15079	0	0	1	0
15080	0	0	0	0
15081	0	0	0	1
15082	0	0	0	1
15083	0	0	0	1
15084	0	0	0	1
15085	0	0	0	1
15086	0	0	0	1
15087	0	0	0	1
15088	0	0	0	1
15089	0	0	0	1
15090	0	0	1	0
15091	0	0	2	0
15092	0	0	2	0
15093	0	0	2	0
15094	0	0	2	0
15095	0	0	2	0
15096	0	0	2	0
15097	0	0	2	0
15098	0	0	1	0
15099	0	0	0	0
15100	0	0	0	0
15101	0	0	0	0
15102	0	0	0	0
15103	0	0	0	0
15104	0	0	0	0
15105	0	0	0	0
15106	0	0	0	0
15107	0	0	0	0
15108	0	0	0	0
15109	0	0	0	0
15110	0	0	0	1
15111	0	0	0	1
15112	0	0	0	1
15113	0	0	0	1
15114	0	1	0	1
15115	0	1	0	1
15116	0	1	0	1
15117	0	1	0	1
15118	0	1	0	0
15119	0	1	0	2
15120	0	1	0	2
15121	0	1	0	2
15122	0	0	0	2
15123	0	0	0	2
15124	0	0	0	2
15125	0	0	0	2
15126	0	0	0	2
15127	0	1	0	0
15128	0	1	0	0
15129	0	1	0	0
15130	0	1	0	0
15131	0	1	0	0
15132	0	1	0	0
15133	0	1	0	0
15134	0	1	0	0
15135	0	0	0	0
15136	0	0	0	0
15137	0	0	0	0
15138	0	0	0	0
15139	0	0	0	0
15140	0	0	0	0
15141	0	0	0	0
15142	0	0	0	0
15143	0	0	0	0
15144	0	0	0	0
15145	0	0	0	0
15146	0	0	0	0
15147	0	0	0	0
15148	0	0	0	0
15149	1	1	0	2
15150	1	1	0	2
15151	2	1	0	3
15152	2	2	0	3
15153	3	2	0	3
15154	3	3	0	3
15155	5	3	0	4
15156	5	3	1	5
15157	4	2	1	4
15158	4	2	1	5
15159	4	4	2	4
15160	4	4	3	4
15161	3	4	3	4
15162	4	3	4	6
15163	4	3	6	6
15164	4	3	7	8
15165	5	4	7	9
15166	5	4	7	10
15167	5	2	6	9
15168	5	1	5	9
15169	4	1	5	9
15170	3	1	5	7
15171	2	1	3	6
15172	2	1	2	4
15173	0	0	1	1
15174	0	0	0	0
15175	0	0	0	0
15176	0	0	0	0
15177	0	0	0	0
15178	0	0	0	0
15179	0	0	0	0
15180	0	0	0	0
15181	0	0	1	0
15182	0	0	1	0
15183	0	0	1	0
15184	0	0	1	0
15185	0	0	1	0
15186	0	0	1	0
15187	0	0	1	0
15188	0	0	1	1
15189	0	0	0	1
15190	0	2	0	1
15191	0	2	0	2
15192	0	2	0	2
15193	0	2	0	2
15194	0	2	0	2
15195	1	2	0	2
15196	1	2	0	2
15197	1	2	0	2
15198	1	1	0	2
15199	1	1	0	1
15200	1	1	1	1
15201	1	2	1	2
15202	1	2	2	2
15203	0	2	2	2
15204	0	2	2	1
15205	0	2	2	1
15206	0	2	2	1
15207	0	2	2	1
15208	0	2	2	1
15209	0	2	1	1
15210	0	1	1	0
15211	0	0	0	0
15212	0	0	0	0
15213	0	0	0	0
15214	0	0	0	0
15215	1	0	0	0
15216	1	1	0	0
15217	1	1	0	0
15218	1	1	0	0
15219	1	1	0	0
15220	1	1	0	0
15221	1	1	0	0
15222	1	1	0	1
15223	1	1	0	1
15224	0	1	1	1
15225	0	0	1	1
15226	0	0	1	1
15227	0	0	1	1
15228	0	0	1	1
15229	0	0	1	1
15230	0	0	1	0
15231	0	0	1	0
15232	0	0	0	0
15233	0	0	0	0
15234	0	0	0	0
15235	0	0	0	0
15236	0	0	0	0
15237	0	0	0	0
15238	0	0	0	0
15239	0	0	0	0
15240	0	0	0	1
15241	0	1	0	1
15242	0	1	2	1
15243	0	1	2	4
15244	0	1	2	5
15245	1	1	3	5
15246	3	1	2	5
15247	3	1	4	4
15248	5	1	4	3
15249	5	1	4	4
15250	6	1	4	4
15251	6	1	4	2
15252	6	1	4	2
15253	5	1	3	2
15254	5	1	3	2
15255	4	1	2	2
15256	3	1	3	2
15257	2	0	2	1
15258	1	0	2	1
15259	1	0	1	1
15260	1	0	4	0
15261	1	0	4	0
15262	0	0	4	0
15263	0	0	5	0
15264	0	0	4	0
15265	0	0	4	0
15266	0	0	4	0
15267	0	0	4	0
15268	0	0	1	0
15269	0	0	3	0
15270	0	0	3	0
15271	0	0	2	0
15272	0	0	2	0
15273	0	0	2	0
15274	0	0	2	0
15275	0	0	2	0
15276	0	0	2	0
15277	0	0	0	0
15278	0	0	0	0
15279	0	0	0	0
15280	1	0	0	0
15281	1	0	0	0
15282	1	0	0	0
15283	1	0	0	0
15284	1	0	0	0
15285	1	0	0	0
15286	1	0	0	0
15287	1	0	0	0
15288	0	0	0	0
15289	0	0	0	0
15290	0	0	0	0
15291	0	0	0	0
15292	0	0	0	1
15293	0	0	0	1
15294	0	0	0	1
15295	0	0	0	1
15296	0	0	2	1
15297	0	0	2	1
15298	0	1	2	1
15299	1	1	3	1
15300	1	1	3	0
15301	1	1	4	0
15302	1	1	4	0
15303	1	1	4	0
15304	1	1	2	0
15305	2	1	2	0
15306	3	2	2	0
15307	3	2	2	0
15308	3	1	2	0
15309	2	1	1	0
15310	3	1	1	0
15311	3	1	1	0
15312	3	1	1	0
15313	2	1	1	0
15314	1	2	2	0
15315	1	1	2	0
15316	1	2	3	0
15317	1	2	2	1
15318	0	1	2	1
15319	0	1	2	1
15320	0	1	2	1
15321	0	1	2	1
15322	0	1	1	1
15323	0	1	1	1
15324	0	0	1	1
15325	0	1	0	0
15326	0	1	1	0
15327	0	1	1	0
15328	0	1	1	0
15329	0	1	1	0
15330	0	1	1	0
15331	0	1	1	18
15332	0	1	1	19
15333	0	0	1	19
15334	0	0	0	19
15335	0	0	0	20
15336	0	0	0	20
15337	0	0	0	20
15338	0	0	0	20
15339	0	0	1	18
15340	0	0	1	0
15341	0	0	1	0
15342	0	0	1	0
15343	0	0	1	0
15344	0	0	1	0
15345	0	0	1	0
15346	0	0	1	0
15347	0	0	1	0
15348	0	0	1	0
15349	0	0	0	0
15350	0	0	0	0
15351	0	0	0	0
15352	0	0	0	0
15353	0	0	0	0
15354	0	0	0	0
15355	0	0	0	0
15356	0	0	0	0
15357	0	0	0	0
15358	0	0	0	0
15359	0	0	0	0
15360	0	0	0	0
15361	0	0	0	0
15362	0	0	0	0
15363	0	0	0	0
15364	0	0	0	0
15365	0	0	0	0
15366	0	0	0	0
15367	0	0	0	0
15368	0	0	0	0
15369	0	0	0	0
15370	0	0	0	0
15371	0	0	0	0
15372	0	0	0	0
15373	0	0	0	0
15374	0	0	0	0
15375	0	0	0	0
15376	0	0	0	0
15377	0	0	0	0
15378	1	0	0	0
15379	1	0	0	0
15380	1	0	0	0
15381	1	0	0	0
15382	1	0	0	0
15383	1	0	0	0
15384	1	0	0	0
15385	1	0	0	0
15386	0	0	0	1
15387	0	1	0	1
15388	0	1	0	1
15389	0	1	0	1
15390	0	1	0	1
15391	0	1	0	1
15392	0	1	0	1
15393	0	1	0	1
15394	0	1	0	1
15395	0	0	0	1
15396	0	0	0	0
15397	0	0	0	0
15398	0	0	1	0
15399	0	0	1	2
15400	0	0	1	3
15401	0	0	1	3
15402	0	0	1	3
15403	0	0	1	3
15404	0	0	2	3
15405	0	0	2	3
15406	0	0	1	3
15407	0	0	1	1
15408	0	0	1	0
15409	0	0	1	0
15410	0	1	1	0
15411	0	2	1	0
15412	0	2	0	0
15413	0	2	0	1
15414	0	2	0	1
15415	0	2	0	1
15416	0	2	0	1
15417	0	2	0	1
15418	1	1	0	2
15419	1	0	0	2
15420	1	0	0	2
15421	1	0	0	2
15422	1	0	0	1
15423	1	0	0	1
15424	1	0	0	1
15425	2	0	0	1
15426	2	1	0	0
15427	1	2	0	1
15428	1	2	0	1
15429	1	2	0	1
15430	1	2	0	1
15431	1	2	0	1
15432	2	2	0	1
15433	1	2	0	1
15434	2	1	0	1
15435	2	0	0	0
15436	2	0	0	0
15437	2	0	2	0
15438	3	1	2	0
15439	3	1	2	0
15440	2	1	2	0
15441	2	1	2	0
15442	1	1	2	0
15443	1	1	2	0
15444	1	1	2	0
15445	1	1	0	0
15446	0	0	0	0
15447	0	0	0	0
15448	0	0	0	0
15449	0	0	0	0
15450	0	0	0	0
15451	0	0	0	0
15452	0	0	0	0
15453	0	0	0	0
15454	0	0	0	0
15455	0	0	0	0
15456	0	0	0	0
15457	0	0	0	0
15458	0	0	0	1
15459	0	0	0	1
15460	0	0	0	1
15461	0	0	0	1
15462	0	0	0	1
15463	0	0	0	1
15464	0	1	0	1
15465	0	1	0	1
15466	1	1	0	0
15467	1	1	0	0
15468	1	1	0	0
15469	1	1	0	0
15470	1	1	0	0
15471	1	1	0	0
15472	1	0	0	0
15473	1	0	2	0
15474	0	0	2	0
15475	0	0	2	0
15476	0	0	2	0
15477	0	0	2	0
15478	0	0	2	0
15479	0	0	2	0
15480	0	0	2	0
15481	0	0	1	0
15482	0	0	1	0
15483	0	0	1	0
15484	0	0	2	0
15485	0	0	2	0
15486	0	0	2	0
15487	0	1	2	0
15488	0	1	2	0
15489	0	1	2	0
15490	0	1	1	1
15491	0	1	1	1
15492	0	2	1	2
15493	0	2	0	2
15494	0	2	0	2
15495	1	1	0	2
15496	1	1	0	3
15497	1	1	0	3
15498	1	1	0	2
15499	1	1	0	2
15500	1	0	0	1
15501	2	0	0	1
15502	3	0	0	1
15503	2	0	0	1
15504	2	0	0	0
15505	2	0	0	0
15506	2	0	0	1
15507	2	0	0	1
15508	2	0	0	1
15509	2	0	0	1
15510	1	0	0	1
15511	0	0	0	1
15512	0	0	0	1
15513	0	0	0	1
15514	0	0	0	1
15515	0	0	1	1
15516	1	1	2	1
15517	2	3	2	2
15518	2	4	2	4
15519	2	5	2	4
15520	2	5	2	4
15521	4	6	4	8
15522	4	6	5	8
15523	6	6	5	8
15524	5	5	4	9
15525	4	3	4	7
15526	4	3	4	7
15527	4	1	4	6
15528	4	2	5	6
15529	3	1	4	6
15530	2	1	3	2
15531	0	1	2	2
15532	0	1	2	2
15533	0	1	1	1
15534	0	1	1	0
15535	0	1	1	0
15536	0	1	1	0
15537	0	0	0	0
15538	0	0	0	0
15539	0	0	0	0
15540	0	1	0	0
15541	0	1	0	0
15542	0	1	0	0
15543	0	2	0	0
15544	0	2	0	0
15545	0	2	0	0
15546	0	2	0	0
15547	0	2	0	0
15548	0	1	0	0
15549	0	1	0	0
15550	1	1	0	0
15551	1	2	1	0
15552	2	1	2	0
15553	2	1	2	0
15554	2	1	2	0
15555	2	2	3	0
15556	2	2	3	1
15557	2	2	3	1
15558	1	2	4	1
15559	1	1	3	1
15560	1	2	2	1
15561	1	2	3	1
15562	1	2	4	1
15563	1	1	5	2
15564	1	2	5	1
15565	1	2	5	1
15566	1	2	3	1
15567	1	2	3	1
15568	1	1	3	1
15569	1	1	3	1
15570	1	3	3	1
15571	1	3	2	1
15572	1	2	2	0
15573	1	2	1	0
15574	1	2	1	1
15575	1	2	1	1
15576	0	2	1	1
15577	0	2	1	1
15578	0	1	1	1
15579	0	0	0	1
15580	0	0	0	1
15581	0	0	0	1
15582	0	0	0	1
15583	0	0	0	0
15584	0	0	0	0
15585	0	0	0	0
15586	0	0	0	0
15587	0	0	0	0
15588	0	0	0	0
15589	0	0	0	0
15590	0	0	0	0
15591	0	0	0	0
15592	0	0	0	0
15593	0	0	0	0
15594	0	0	0	0
15595	0	0	0	0
15596	0	0	0	0
15597	0	0	0	0
15598	0	0	0	1
15599	0	0	0	1
15600	0	0	0	1
15601	0	0	0	2
15602	0	0	0	2
15603	0	0	0	2
15604	0	0	0	2
15605	0	0	0	2
15606	0	0	0	1
15607	0	0	0	1
15608	0	0	2	1
15609	1	0	3	1
15610	1	0	3	2
15611	2	1	3	2
15612	2	1	4	2
15613	3	1	4	2
15614	3	2	4	2
15615	3	2	4	2
15616	3	2	3	2
15617	2	2	2	1
15618	2	2	1	1
15619	1	2	1	0
15620	1	2	1	0
15621	1	2	0	0
15622	0	1	0	0
15623	1	0	0	0
15624	1	0	0	0
15625	1	0	1	0
15626	1	1	1	0
15627	1	1	1	0
15628	1	1	1	0
15629	1	1	1	0
15630	1	1	1	0
15631	1	1	1	0
15632	0	1	1	1
15633	0	1	0	1
15634	0	0	0	1
15635	0	0	0	2
15636	0	0	0	2
15637	1	0	0	2
15638	1	1	0	2
15639	1	1	0	2
15640	1	1	1	1
15641	2	2	1	1
15642	3	2	2	1
15643	3	2	2	1
15644	3	2	4	1
15645	2	2	4	2
15646	2	2	4	2
15647	2	1	4	2
15648	2	1	4	2
15649	1	1	3	2
15650	0	1	2	2
15651	0	1	2	1
15652	0	1	1	1
15653	0	1	1	1
15654	0	1	1	0
15655	0	1	0	0
15656	0	1	0	0
15657	0	0	0	0
15658	1	0	0	1
15659	1	1	0	1
15660	1	1	0	1
15661	1	1	0	2
15662	1	1	1	2
15663	1	1	4	2
15664	1	2	5	2
15665	2	2	5	2
15666	2	2	5	2
15667	2	1	5	2
15668	2	2	5	2
15669	2	2	5	1
15670	2	2	5	2
15671	2	2	2	2
15672	2	2	1	2
15673	1	1	0	2
15674	0	1	0	1
15675	0	1	0	1
15676	0	1	0	1
15677	0	0	0	1
15678	0	0	0	1
15679	0	0	0	1
15680	0	0	0	1
15681	0	0	0	1
15682	0	0	0	1
15683	0	0	0	1
15684	0	0	0	1
15685	0	0	1	1
15686	0	0	1	0
15687	0	0	1	0
15688	0	0	1	0
15689	0	0	1	0
15690	0	0	1	0
15691	0	0	1	0
15692	0	0	1	0
15693	0	0	1	0
15694	0	0	0	0
15695	1	0	0	0
15696	1	0	1	0
15697	1	2	1	1
15698	1	2	1	1
15699	2	2	1	1
15700	2	2	1	1
15701	2	2	1	1
15702	2	2	1	1
15703	1	2	1	1
15704	1	2	0	1
15705	1	1	0	0
15706	1	0	0	0
15707	1	1	0	0
15708	0	1	0	1
15709	0	1	0	1
15710	0	1	0	1
15711	0	1	0	1
15712	0	1	0	1
15713	0	1	0	1
15714	0	1	0	1
15715	0	0	0	1
15716	0	0	0	0
15717	0	0	0	1
15718	0	0	0	2
15719	0	0	0	2
15720	0	0	0	3
15721	0	0	1	3
15722	0	0	1	3
15723	0	0	1	3
15724	0	0	1	3
15725	0	0	1	2
15726	0	0	1	1
15727	1	0	2	5
15728	1	0	3	5
15729	2	0	2	4
15730	2	0	3	4
15731	2	0	4	6
15732	2	0	3	6
15733	2	0	4	7
15734	2	0	4	7
15735	1	1	3	5
15736	1	2	3	6
15737	0	2	3	6
15738	0	2	2	6
15739	0	1	1	2
15740	1	1	1	2
15741	1	1	0	2
15742	1	1	0	1
15743	1	1	0	1
15744	1	0	0	0
15745	1	0	0	0
15746	1	0	1	0
15747	1	0	1	0
15748	0	0	1	0
15749	0	0	1	0
15750	0	0	1	0
15751	0	0	1	0
15752	0	0	1	0
15753	0	0	1	0
15754	0	0	0	0
15755	0	0	0	0
15756	0	0	1	0
15757	0	0	1	0
15758	0	0	1	0
15759	0	0	2	0
15760	0	1	2	0
15761	0	1	2	0
15762	0	1	2	0
15763	0	1	2	0
15764	0	1	1	0
15765	0	1	1	0
15766	0	1	1	0
15767	0	1	0	0
15768	0	0	1	0
15769	0	0	1	0
15770	0	0	1	0
15771	0	0	1	0
15772	0	0	1	0
15773	0	0	1	0
15774	0	0	1	0
15775	0	0	1	0
15776	0	0	1	1
15777	0	0	0	1
15778	0	0	1	1
15779	0	0	1	2
15780	0	0	2	2
15781	0	0	2	2
15782	0	0	4	2
15783	0	0	5	2
15784	0	0	5	1
15785	1	0	5	1
15786	1	0	5	1
15787	3	1	5	1
15788	4	1	4	1
15789	4	2	4	0
15790	4	2	3	1
15791	4	2	1	1
15792	3	2	1	1
15793	4	2	0	2
15794	4	2	2	2
15795	2	1	3	2
15796	3	1	3	2
15797	4	2	3	2
15798	4	2	3	1
15799	5	1	3	1
15800	6	2	3	1
15801	5	4	3	1
15802	7	6	2	3
15803	8	6	1	5
15804	6	8	1	5
15805	7	7	1	6
15806	9	7	1	8
15807	9	7	2	8
15808	9	8	4	8
15809	7	6	6	9
15810	6	6	5	9
15811	5	9	5	9
15812	5	7	5	7
15813	4	6	5	8
15814	4	6	5	7
15815	5	6	5	6
15816	5	5	4	6
15817	3	5	3	5
15818	3	5	2	4
15819	1	2	2	3
15820	2	2	2	3
15821	2	1	3	2
15822	2	1	3	3
15823	2	1	3	3
15824	3	2	1	2
15825	2	2	1	1
15826	2	2	2	1
15827	2	2	2	2
15828	2	2	2	2
15829	2	2	1	2
15830	2	1	1	1
15831	2	1	1	1
15832	1	2	1	1
15833	1	1	1	1
15834	1	1	1	1
15835	1	1	1	0
15836	0	1	1	0
15837	0	1	1	0
15838	0	2	1	0
15839	1	2	1	0
15840	1	1	1	0
15841	1	1	1	0
15842	2	1	0	0
15843	2	1	0	0
15844	2	1	0	0
15845	2	1	0	0
15846	3	0	0	0
15847	2	0	0	0
15848	2	0	0	0
15849	2	0	0	0
15850	1	0	0	0
15851	1	0	0	0
15852	1	0	0	0
15853	1	0	0	0
15854	0	0	0	0
15855	0	0	0	0
15856	0	0	0	0
15857	0	1	0	0
15858	0	1	0	0
15859	0	1	0	0
15860	0	1	0	0
15861	1	1	0	0
15862	1	1	1	0
15863	1	1	1	0
15864	1	1	1	0
15865	1	0	1	0
15866	1	1	1	0
15867	1	1	1	0
15868	2	1	2	0
15869	1	1	2	0
15870	1	1	2	0
15871	1	1	2	0
15872	1	3	3	0
15873	1	3	3	0
15874	1	2	3	0
15875	1	2	3	0
15876	0	2	2	0
15877	0	2	3	0
15878	0	2	3	0
15879	0	2	3	0
15880	0	0	1	0
15881	0	0	1	0
15882	0	1	1	1
15883	0	1	1	1
15884	0	2	1	1
15885	0	4	1	1
15886	0	4	0	1
15887	0	4	0	1
15888	0	4	0	1
15889	1	4	0	2
15890	1	3	0	1
15891	1	3	2	1
15892	1	2	3	1
15893	1	0	3	1
15894	1	0	3	1
15895	1	0	3	1
15896	1	0	3	1
15897	1	0	3	0
15898	1	0	3	0
15899	0	0	1	0
15900	0	0	0	0
15901	0	0	0	0
15902	0	0	0	0
15903	0	0	0	0
15904	0	0	0	1
15905	0	0	0	1
15906	0	1	0	1
15907	0	1	0	1
15908	0	2	0	1
15909	0	2	0	1
15910	0	2	0	2
15911	0	4	1	2
15912	0	3	1	2
15913	0	3	1	2
15914	0	2	2	1
15915	0	2	2	1
15916	0	2	2	1
15917	0	2	2	1
15918	1	2	2	1
15919	1	0	1	1
15920	1	1	1	2
15921	1	1	1	2
15922	1	1	0	2
15923	1	1	0	2
15924	1	1	0	2
15925	1	3	0	2
15926	0	3	0	2
15927	0	3	0	1
15928	0	2	0	0
15929	0	1	0	0
15930	0	1	0	0
15931	0	1	0	0
15932	0	1	0	0
15933	0	0	1	0
15934	0	0	1	0
15935	0	0	1	0
15936	0	0	1	0
15937	0	0	1	0
15938	0	0	1	0
15939	0	0	1	0
15940	0	0	1	0
15941	0	0	0	0
15942	0	0	0	0
15943	0	0	0	0
15944	0	0	0	0
15945	0	0	0	0
15946	0	0	0	0
15947	0	0	0	0
15948	0	0	0	0
15949	0	0	0	0
15950	0	0	0	0
15951	0	0	0	0
15952	0	0	0	0
15953	0	0	0	0
15954	0	0	0	0
15955	0	0	0	0
15956	0	0	0	0
15957	0	0	0	0
15958	0	0	0	1
15959	0	0	0	1
15960	0	0	0	1
15961	0	0	0	1
15962	0	0	0	1
15963	0	0	0	1
15964	0	0	0	1
15965	0	0	0	1
15966	0	0	0	0
15967	0	0	0	0
15968	0	1	0	1
15969	0	1	1	1
15970	0	1	1	1
15971	0	1	1	1
15972	0	2	1	1
15973	0	2	1	1
15974	0	2	1	1
15975	0	2	1	1
15976	0	1	1	0
15977	0	1	0	0
15978	0	1	0	0
15979	0	1	0	0
15980	0	1	0	0
15981	0	0	0	0
15982	0	0	0	0
15983	0	0	0	0
15984	0	0	0	0
15985	0	0	0	0
15986	0	0	0	0
15987	0	0	0	0
15988	0	0	0	0
15989	1	0	3	2
15990	2	1	3	2
15991	2	3	4	2
15992	2	4	4	2
15993	2	4	4	2
15994	2	4	4	2
15995	2	4	4	2
15996	2	4	4	2
15997	1	4	2	0
15998	1	3	2	0
15999	0	1	1	0
16000	0	1	0	0
16001	0	1	0	0
16002	0	0	0	0
16003	0	0	0	0
16004	0	0	0	0
16005	0	0	0	0
16006	0	0	0	0
16007	0	0	0	0
16008	0	0	0	0
16009	0	0	0	0
16010	0	0	0	0
16011	0	0	0	0
16012	0	0	0	0
16013	0	0	0	0
16014	0	0	0	0
16015	0	0	0	0
16016	0	0	0	0
16017	0	0	0	0
16018	0	0	0	0
16019	0	0	0	0
16020	0	0	0	0
16021	0	0	0	0
16022	0	0	0	0
16023	0	0	0	0
16024	0	0	0	0
16025	0	0	0	0
16026	1	0	0	1
16027	1	0	0	1
16028	1	0	0	1
16029	1	0	0	1
16030	0	0	0	1
16031	0	0	0	1
16032	0	0	0	1
16033	0	0	0	1
16034	0	0	0	1
16035	0	0	0	1
16036	0	1	0	1
16037	0	1	0	0
16038	0	1	0	0
16039	0	1	0	0
16040	0	2	0	0
16041	1	2	0	0
16042	1	2	0	0
16043	1	2	0	1
16044	1	2	0	1
16045	1	2	0	1
16046	1	3	0	1
16047	1	4	1	1
16048	1	3	1	1
16049	0	3	1	1
16050	0	3	1	1
16051	0	3	1	0
16052	0	2	2	0
16053	0	2	2	0
16054	0	2	2	0
16055	1	2	2	0
16056	1	1	1	0
16057	1	1	1	0
16058	1	0	1	0
16059	1	0	1	0
16060	1	0	0	0
16061	1	0	0	0
16062	1	0	0	0
16063	1	0	0	0
16064	0	0	0	0
16065	0	0	0	0
16066	0	0	0	0
16067	0	0	0	0
16068	0	0	0	0
16069	0	0	0	0
16070	0	0	0	0
16071	0	0	0	0
16072	0	0	0	0
16073	0	0	0	0
16074	0	0	0	0
16075	0	0	1	0
16076	0	0	1	0
16077	0	0	1	0
16078	0	0	1	0
16079	0	0	1	2
16080	0	0	1	2
16081	0	0	2	2
16082	1	1	3	2
16083	1	3	2	2
16084	1	3	2	2
16085	1	3	2	3
16086	3	4	2	5
16087	3	4	2	3
16088	3	4	2	3
16089	3	4	1	3
16090	2	3	0	3
16091	2	1	0	3
16092	2	1	0	3
16093	3	1	0	2
16094	2	1	0	0
16095	1	1	0	0
16096	1	1	0	1
16097	1	1	0	1
16098	1	1	0	1
16099	1	1	0	1
16100	1	1	0	2
16101	1	1	0	2
16102	0	3	0	2
16103	0	3	1	3
16104	0	3	1	2
16105	0	2	1	3
16106	0	3	1	3
16107	0	3	1	4
16108	0	3	1	3
16109	0	3	1	3
16110	0	1	2	3
16111	0	1	1	3
16112	0	2	1	4
16113	0	2	1	5
16114	0	1	1	4
16115	0	1	1	3
16116	0	1	1	3
16117	0	2	1	4
16118	0	2	0	4
16119	0	2	0	3
16120	0	1	1	2
16121	0	1	1	3
16122	0	1	1	3
16123	0	1	1	3
16124	0	1	1	3
16125	1	0	1	2
16126	1	0	1	2
16127	1	0	1	2
16128	2	0	0	2
16129	2	0	0	1
16130	2	0	1	1
16131	2	0	1	1
16132	2	0	1	1
16133	1	0	1	1
16134	1	0	1	1
16135	1	0	1	2
16136	1	0	1	2
16137	1	0	1	2
16138	2	1	0	3
16139	2	1	1	3
16140	2	2	1	3
16141	2	2	1	3
16142	2	2	1	3
16143	3	2	1	3
16144	2	2	1	3
16145	2	2	1	3
16146	1	2	1	1
16147	1	1	1	1
16148	1	0	1	1
16149	1	0	0	2
16150	1	0	0	2
16151	1	0	0	2
16152	1	0	0	2
16153	1	0	0	2
16154	1	0	0	2
16155	1	0	0	2
16156	1	0	0	2
16157	1	0	0	2
16158	2	0	0	1
16159	2	0	0	3
16160	2	0	0	2
16161	3	0	0	2
16162	3	0	0	2
16163	3	0	0	2
16164	2	0	0	2
16165	2	0	2	2
16166	1	0	2	2
16167	1	0	2	3
16168	1	1	2	2
16169	0	1	2	2
16170	0	1	2	2
16171	1	1	2	2
16172	1	1	2	2
16173	1	1	2	3
16174	1	1	2	3
16175	1	1	2	2
16176	1	0	2	2
16177	1	0	2	1
16178	1	0	2	1
16179	1	0	2	1
16180	0	0	2	1
16181	0	0	2	0
16182	0	0	0	0
16183	0	0	1	0
16184	0	0	1	0
16185	0	0	2	0
16186	0	1	2	0
16187	0	1	2	0
16188	0	1	2	0
16189	0	1	2	0
16190	0	1	2	0
16191	0	1	1	0
16192	0	1	1	0
16193	0	1	0	1
16194	0	0	0	1
16195	0	0	0	1
16196	0	0	0	1
16197	1	0	0	1
16198	1	0	1	1
16199	1	0	1	1
16200	1	0	1	1
16201	1	0	1	0
16202	1	0	1	0
16203	1	0	1	0
16204	1	0	1	0
16205	0	0	1	0
16206	0	0	0	0
16207	0	0	0	0
16208	0	0	0	0
16209	0	0	0	0
16210	0	0	0	0
16211	0	0	0	0
16212	0	0	0	0
16213	0	0	0	0
16214	0	0	0	0
16215	0	0	0	0
16216	0	0	0	0
16217	0	1	0	0
16218	0	1	1	0
16219	0	1	1	0
16220	0	1	1	0
16221	0	1	1	0
16222	0	1	1	0
16223	0	1	1	0
16224	0	1	1	0
16225	0	0	1	0
16226	0	0	0	0
16227	0	0	0	0
16228	0	0	0	0
16229	0	0	0	0
16230	0	0	0	0
16231	0	0	0	0
16232	0	0	0	0
16233	0	0	0	0
16234	0	0	0	0
16235	1	0	0	0
16236	1	0	0	0
16237	1	0	0	0
16238	1	0	0	0
16239	1	0	0	0
16240	2	0	0	0
16241	2	0	0	0
16242	2	0	0	0
16243	2	0	0	0
16244	1	0	0	0
16245	1	1	0	0
16246	2	1	0	1
16247	3	1	0	1
16248	2	1	0	1
16249	2	1	0	1
16250	2	1	0	1
16251	3	1	0	1
16252	3	1	1	2
16253	3	2	1	2
16254	2	2	1	1
16255	2	2	1	1
16256	3	3	2	2
16257	3	3	2	2
16258	2	3	2	2
16259	1	3	2	2
16260	1	3	1	1
16261	1	3	1	1
16262	1	1	1	1
16263	1	1	1	1
16264	0	2	1	1
16265	0	2	1	1
16266	0	2	1	1
16267	0	3	1	1
16268	0	2	1	0
16269	0	2	1	0
16270	0	2	1	1
16271	1	2	1	1
16272	1	2	0	1
16273	1	1	0	1
16274	1	1	0	1
16275	1	1	0	1
16276	1	0	0	1
16277	1	0	0	1
16278	1	0	0	0
16279	0	0	0	0
16280	0	0	0	0
16281	0	0	0	1
16282	0	0	0	1
16283	1	0	0	1
16284	1	0	1	1
16285	1	0	1	1
16286	1	0	1	1
16287	1	0	1	1
16288	1	0	1	1
16289	1	0	1	1
16290	1	0	1	0
16291	0	0	1	0
16292	0	0	1	0
16293	0	0	0	0
16294	0	0	0	0
16295	0	0	0	0
16296	0	0	0	0
16297	0	0	0	0
16298	0	0	0	0
16299	0	0	0	0
16300	0	0	0	0
16301	0	0	0	0
16302	0	0	0	0
16303	0	0	0	0
16304	0	0	0	0
16305	0	0	0	0
16306	0	0	0	0
16307	0	1	0	0
16308	1	1	1	0
16309	2	1	1	0
16310	2	1	2	0
16311	2	1	2	0
16312	2	1	2	0
16313	2	1	2	0
16314	2	1	2	1
16315	2	0	2	1
16316	1	0	2	1
16317	0	0	2	1
16318	0	0	2	1
16319	0	0	1	1
16320	0	0	1	1
16321	0	0	1	1
16322	0	0	1	1
16323	0	0	1	1
16324	1	0	1	1
16325	1	0	0	1
16326	1	0	0	1
16327	1	0	0	1
16328	1	0	0	1
16329	1	0	0	1
16330	1	0	0	0
16331	1	0	0	0
16332	1	0	0	0
16333	0	0	0	0
16334	0	0	0	0
16335	0	0	0	0
16336	0	0	0	1
16337	0	0	0	1
16338	0	0	0	1
16339	0	0	0	1
16340	0	0	0	1
16341	0	0	0	1
16342	0	0	0	1
16343	1	0	0	1
16344	1	1	0	0
16345	1	2	0	0
16346	1	3	0	0
16347	1	3	2	0
16348	1	3	2	0
16349	1	3	2	0
16350	1	3	2	0
16351	1	3	1	0
16352	1	2	1	0
16353	1	1	2	0
16354	1	1	2	0
16355	1	0	2	0
16356	1	0	2	0
16357	1	0	2	0
16358	1	0	2	0
16359	1	1	1	0
16360	0	2	1	0
16361	0	2	0	0
16362	0	2	1	0
16363	0	2	1	0
16364	0	2	1	0
16365	0	2	1	0
16366	0	2	1	0
16367	0	1	1	0
16368	0	1	1	0
16369	0	0	1	0
16370	0	0	0	0
16371	0	0	0	0
16372	0	0	0	0
16373	0	0	0	0
16374	0	0	0	0
16375	0	0	0	0
16376	0	0	0	0
16377	0	0	0	0
16378	0	0	0	0
16379	0	0	0	0
16380	0	0	0	0
16381	0	0	0	0
16382	0	0	0	2
16383	1	0	0	2
16384	1	1	0	2
16385	1	1	0	3
16386	1	1	0	3
16387	1	1	0	3
16388	1	1	0	3
16389	1	1	0	3
16390	1	1	0	3
16391	0	1	0	2
16392	0	0	0	2
16393	0	0	0	1
16394	0	0	0	1
16395	0	0	0	1
16396	0	0	0	1
16397	0	0	0	1
16398	0	0	0	0
16399	0	0	0	0
16400	0	0	0	0
16401	0	0	0	0
16402	0	0	1	0
16403	0	0	2	0
16404	0	0	2	1
16405	0	0	2	1
16406	1	0	2	1
16407	1	0	2	1
16408	2	1	2	1
16409	2	1	2	1
16410	3	2	2	2
16411	3	2	1	2
16412	3	2	3	1
16413	3	2	3	1
16414	2	2	4	1
16415	2	2	4	1
16416	1	2	3	1
16417	1	1	3	1
16418	0	0	2	0
16419	0	0	2	1
16420	0	1	2	1
16421	0	1	1	1
16422	0	1	0	1
16423	0	1	0	1
16424	0	1	0	1
16425	0	1	0	1
16426	0	1	0	1
16427	0	1	0	0
16428	0	1	0	0
16429	0	1	0	0
16430	0	1	0	0
16431	0	1	0	0
16432	0	0	0	0
16433	0	0	0	0
16434	0	0	0	0
16435	0	0	0	0
16436	0	0	0	0
16437	0	0	0	0
16438	0	0	0	0
16439	0	0	0	0
16440	0	0	0	0
16441	0	0	0	0
16442	0	0	1	1
16443	0	0	3	2
16444	0	0	4	2
16445	0	0	4	2
16446	0	1	4	2
16447	0	1	4	2
16448	0	1	4	2
16449	1	2	5	2
16450	1	2	5	1
16451	2	2	4	1
16452	2	2	3	0
16453	2	2	3	0
16454	2	2	3	0
16455	2	1	3	0
16456	2	1	3	0
16457	2	1	2	0
16458	1	0	1	0
16459	1	0	1	0
16460	2	0	0	0
16461	2	0	0	0
16462	2	0	0	0
16463	2	0	0	0
16464	2	0	0	0
16465	2	0	0	0
16466	2	0	0	0
16467	2	0	0	0
16468	1	0	1	0
16469	1	0	1	0
16470	1	0	2	0
16471	1	0	2	0
16472	1	0	2	0
16473	1	0	2	0
16474	1	0	2	0
16475	2	0	2	0
16476	2	0	4	0
16477	3	0	4	1
16478	3	0	3	1
16479	3	0	3	1
16480	3	0	3	1
16481	3	0	3	1
16482	3	0	3	2
16483	2	0	3	2
16484	2	0	1	2
16485	0	0	0	1
16486	0	0	0	1
16487	0	0	0	1
16488	0	0	0	1
16489	0	0	0	1
16490	0	0	0	1
16491	0	0	0	1
16492	0	0	0	0
16493	0	0	1	1
16494	0	1	1	1
16495	0	1	1	1
16496	0	2	1	1
16497	0	2	1	1
16498	0	2	1	1
16499	0	2	1	1
16500	0	2	1	1
16501	0	2	0	1
16502	0	1	0	1
16503	1	2	1	1
16504	2	3	1	1
16505	2	3	1	1
16506	7	4	1	2
16507	7	7	2	4
16508	7	8	2	6
16509	9	12	3	8
16510	9	13	5	9
16511	8	13	5	10
16512	8	13	7	10
16513	7	19	8	16
16514	10	19	9	16
16515	9	19	11	21
16516	9	23	13	21
16517	9	21	16	24
16518	8	19	18	21
16519	9	19	17	20
16520	9	18	15	22
16521	9	11	14	16
16522	7	12	13	13
16523	4	10	10	8
16524	3	4	10	7
16525	1	3	5	3
16526	1	2	0	3
16527	0	2	0	2
16528	0	2	0	1
16529	0	1	0	0
16530	0	0	0	0
16531	0	0	0	0
16532	0	0	0	0
16533	0	0	0	0
16534	0	0	0	0
16535	0	0	0	0
16536	0	0	0	0
16537	0	0	0	0
16538	0	0	0	0
16539	0	0	0	0
16540	0	0	0	0
16541	0	0	0	0
16542	0	0	0	0
16543	1	0	1	0
16544	2	1	1	0
16545	2	2	1	0
16546	2	2	1	0
16547	2	2	1	0
16548	2	2	1	0
16549	3	2	4	0
16550	3	2	4	0
16551	2	2	3	1
16552	1	1	3	2
16553	1	0	3	2
16554	1	0	3	2
16555	2	0	3	3
16556	2	0	4	3
16557	1	0	1	3
16558	2	1	1	3
16559	2	1	1	2
16560	2	1	1	2
16561	2	1	1	1
16562	2	1	1	1
16563	2	1	1	0
16564	1	1	0	0
16565	1	1	0	0
16566	0	0	0	0
16567	0	0	0	0
16568	0	0	0	0
16569	0	0	0	0
16570	0	0	0	0
16571	0	0	1	1
16572	0	0	1	1
16573	0	0	1	1
16574	0	0	1	1
16575	0	0	1	2
16576	0	0	1	2
16577	0	1	1	2
16578	0	2	1	2
16579	0	2	0	1
16580	1	2	0	1
16581	1	2	0	1
16582	1	3	1	1
16583	1	3	1	0
16584	1	3	1	3
16585	1	2	1	3
16586	1	1	1	4
16587	1	1	1	4
16588	0	1	1	4
16589	0	1	1	4
16590	0	0	1	4
16591	0	1	2	4
16592	0	1	2	2
16593	1	1	2	2
16594	1	2	1	1
16595	1	2	1	2
16596	1	2	2	1
16597	1	2	2	1
16598	1	3	2	1
16599	1	2	1	1
16600	2	2	1	1
16601	1	2	0	1
16602	1	2	0	1
16603	1	1	0	1
16604	1	1	0	0
16605	1	1	0	0
16606	1	0	0	0
16607	1	1	0	0
16608	1	1	0	0
16609	0	1	0	0
16610	0	1	0	0
16611	0	1	0	0
16612	0	2	1	0
16613	0	2	1	0
16614	0	2	1	0
16615	0	2	1	0
16616	0	1	1	0
16617	0	1	1	0
16618	0	1	1	0
16619	0	1	1	0
16620	1	0	0	0
16621	1	0	0	0
16622	1	0	0	0
16623	1	0	0	2
16624	1	0	0	2
16625	1	0	0	2
16626	1	1	0	2
16627	1	1	0	2
16628	0	1	0	2
16629	0	1	0	2
16630	0	1	0	2
16631	0	1	0	0
16632	0	1	1	0
16633	0	1	2	0
16634	0	1	2	1
16635	0	1	2	1
16636	0	1	2	1
16637	1	0	2	1
16638	1	0	2	1
16639	1	0	2	1
16640	1	0	2	1
16641	1	0	0	1
16642	1	0	0	0
16643	1	0	0	0
16644	1	0	0	0
16645	0	0	0	0
16646	0	0	0	0
16647	0	0	0	0
16648	0	0	0	0
16649	0	0	0	0
16650	0	0	0	0
16651	0	0	0	0
16652	0	0	0	0
16653	0	0	0	1
16654	0	0	0	1
16655	0	0	0	1
16656	0	0	0	1
16657	0	1	0	1
16658	0	1	0	1
16659	1	1	0	1
16660	1	1	0	1
16661	1	1	1	0
16662	1	2	1	0
16663	1	3	1	0
16664	1	3	2	0
16665	3	2	4	1
16666	4	2	5	2
16667	3	2	5	2
16668	3	2	5	2
16669	3	4	5	2
16670	3	3	4	2
16671	3	2	4	2
16672	3	2	3	2
16673	1	2	1	2
16674	0	2	0	1
16675	0	2	0	1
16676	0	2	0	1
16677	0	0	0	2
16678	0	0	0	2
16679	0	0	0	2
16680	0	0	0	2
16681	0	0	0	1
16682	0	0	0	1
16683	0	0	0	1
16684	0	0	0	1
16685	0	0	0	0
16686	0	0	0	0
16687	0	0	0	0
16688	0	0	0	0
16689	0	0	0	0
16690	0	0	0	0
16691	0	0	0	0
16692	0	1	0	0
16693	0	1	0	0
16694	0	1	0	0
16695	0	1	0	0
16696	0	1	0	0
16697	0	1	0	0
16698	0	1	0	0
16699	0	1	0	0
16700	0	0	0	0
16701	0	0	0	0
16702	0	0	0	0
16703	0	0	0	0
16704	0	0	0	0
16705	0	0	0	0
16706	0	0	0	1
16707	0	0	0	2
16708	0	0	0	3
16709	0	0	0	3
16710	0	0	0	3
16711	0	0	0	3
16712	0	0	0	3
16713	0	0	0	3
16714	0	0	0	2
16715	0	0	0	2
16716	0	0	0	0
16717	1	0	0	0
16718	1	0	0	0
16719	1	0	0	0
16720	1	0	1	0
16721	1	1	1	0
16722	1	1	1	1
16723	1	1	1	1
16724	1	1	1	1
16725	1	1	1	1
16726	0	1	1	1
16727	0	1	1	1
16728	0	1	0	1
16729	0	1	0	1
16730	0	1	0	3
16731	0	1	0	3
16732	0	0	1	2
16733	0	0	1	2
16734	0	0	2	2
16735	0	0	2	2
16736	0	0	1	2
16737	0	0	1	2
16738	0	0	1	0
16739	0	0	1	0
16740	0	0	1	0
16741	0	0	1	0
16742	0	0	0	0
16743	0	0	0	0
16744	1	1	0	0
16745	1	1	0	0
16746	1	1	0	0
16747	1	1	0	0
16748	1	1	0	0
16749	1	1	0	0
16750	1	1	0	0
16751	1	1	0	0
16752	0	0	0	0
16753	0	0	0	0
16754	0	0	0	0
16755	0	0	0	0
16756	0	0	0	0
16757	0	0	0	0
16758	0	0	0	0
16759	0	0	0	0
16760	0	0	0	0
16761	0	0	0	0
16762	0	0	0	0
16763	0	0	0	0
16764	0	0	0	0
16765	0	0	0	0
16766	0	0	0	0
16767	0	0	0	0
16768	0	0	0	0
16769	0	0	0	0
16770	0	0	0	0
16771	0	0	0	0
16772	0	0	0	0
16773	0	0	0	0
16774	0	0	0	0
16775	0	1	1	1
16776	0	1	1	1
16777	0	1	1	1
16778	0	1	1	1
16779	0	1	1	1
16780	0	4	1	1
16781	0	4	1	1
16782	0	4	1	1
16783	0	4	0	1
16784	0	3	0	1
16785	0	3	0	1
16786	0	3	0	0
16787	0	3	0	0
16788	0	0	0	0
16789	0	0	0	0
16790	0	0	0	0
16791	0	0	0	0
16792	0	0	0	0
16793	0	0	0	0
16794	0	0	0	0
16795	0	0	0	0
16796	0	0	0	0
16797	0	0	0	0
16798	0	0	0	0
16799	1	0	1	0
16800	2	1	1	1
16801	2	1	1	1
16802	2	1	1	1
16803	2	1	1	1
16804	2	1	1	1
16805	4	3	2	1
16806	6	4	2	1
16807	5	4	1	2
16808	5	3	3	2
16809	5	3	5	3
16810	5	4	5	3
16811	5	4	5	3
16812	5	4	5	3
16813	5	2	4	3
16814	4	2	4	3
16815	3	1	4	2
16816	1	1	3	2
16817	1	1	0	1
16818	1	0	0	0
16819	1	2	0	0
16820	1	2	0	1
16821	1	2	0	1
16822	1	2	0	1
16823	1	2	0	1
16824	0	1	0	1
16825	0	1	0	1
16826	0	1	0	1
16827	0	0	0	1
16828	0	0	0	0
16829	1	0	0	0
16830	1	0	0	0
16831	1	0	0	0
16832	1	0	0	1
16833	1	0	0	1
16834	1	0	0	1
16835	1	0	0	2
16836	1	0	0	2
16837	1	0	0	2
16838	1	0	0	2
16839	2	0	0	3
16840	2	0	1	3
16841	2	0	1	3
16842	2	0	1	2
16843	2	0	1	1
16844	2	0	1	1
16845	3	0	1	1
16846	3	0	1	1
16847	2	0	1	0
16848	2	0	0	0
16849	2	0	0	0
16850	2	0	0	0
16851	2	0	0	0
16852	2	0	0	0
16853	0	0	0	0
16854	0	0	0	0
16855	0	2	0	0
16856	0	2	0	0
16857	0	2	0	0
16858	0	2	0	0
16859	0	2	0	0
16860	0	2	0	0
16861	0	2	0	0
16862	0	2	0	0
16863	0	0	0	0
16864	0	0	0	0
16865	0	0	0	0
16866	0	0	0	0
16867	0	0	0	0
16868	0	0	0	0
16869	0	0	0	0
16870	0	0	0	0
16871	0	0	0	0
16872	0	0	0	0
16873	0	0	0	0
16874	0	0	0	0
16875	0	0	0	0
16876	0	0	0	0
16877	0	0	0	0
16878	0	0	0	0
16879	0	0	0	0
16880	0	0	0	0
16881	0	0	0	0
16882	1	0	0	0
16883	1	1	0	0
16884	1	1	0	0
16885	1	1	0	1
16886	3	1	1	1
16887	4	1	1	1
16888	4	1	1	2
16889	4	2	2	4
16890	4	3	2	5
16891	4	2	3	5
16892	4	2	3	6
16893	4	2	3	5
16894	3	3	4	5
16895	3	4	4	5
16896	3	4	4	4
16897	2	5	3	3
16898	2	5	5	2
16899	3	5	5	4
16900	3	5	4	3
16901	3	5	4	5
16902	4	5	3	6
16903	3	5	3	6
16904	3	6	2	6
16905	2	5	2	5
16906	2	4	2	5
16907	1	3	1	5
16908	1	3	2	3
16909	2	3	2	4
16910	2	3	2	5
16911	3	1	2	2
16912	5	0	3	3
16913	5	0	3	3
16914	6	1	3	3
16915	6	1	6	3
16916	6	1	5	3
16917	5	1	5	6
16918	5	1	5	5
16919	3	1	5	5
16920	2	1	4	4
16921	1	1	4	4
16922	1	1	3	4
16923	0	0	1	4
16924	1	0	1	4
16925	1	0	1	0
16926	1	0	1	0
16927	1	0	1	0
16928	1	0	1	0
16929	1	0	1	0
16930	1	0	1	1
16931	1	0	0	1
16932	0	1	0	1
16933	0	1	0	1
16934	1	1	0	1
16935	2	1	0	1
16936	2	1	0	1
16937	2	1	0	1
16938	2	1	0	0
16939	2	1	0	0
16940	2	0	0	0
16941	2	0	0	0
16942	2	0	0	0
16943	0	0	0	0
16944	0	0	0	0
16945	0	0	0	0
16946	0	0	0	0
16947	0	0	0	0
16948	0	0	0	0
16949	1	0	0	0
16950	1	0	0	1
16951	1	0	0	1
16952	1	0	0	1
16953	1	0	0	1
16954	1	0	0	1
16955	1	0	0	1
16956	1	0	0	1
16957	0	0	0	1
16958	3	0	0	0
16959	3	0	0	0
16960	3	0	0	0
16961	3	0	0	0
16962	3	0	0	0
16963	3	0	0	0
16964	3	0	0	0
16965	3	0	0	1
16966	1	0	0	2
16967	0	0	0	2
16968	0	0	0	2
16969	0	0	0	2
16970	0	0	0	1
16971	0	0	0	1
16972	1	0	0	1
16973	1	0	0	0
16974	1	1	0	0
16975	1	1	1	0
16976	1	1	1	0
16977	1	2	1	0
16978	1	2	1	0
16979	1	2	1	0
16980	0	3	1	0
16981	0	3	1	2
16982	1	3	1	2
16983	1	3	0	2
16984	1	3	0	2
16985	1	3	0	2
16986	1	3	0	2
16987	2	3	0	2
16988	3	2	0	2
16989	3	2	0	0
16990	2	1	0	0
16991	2	1	0	1
16992	2	1	0	1
16993	2	1	0	1
16994	2	0	0	1
16995	1	0	0	1
16996	1	0	0	1
16997	1	1	0	1
16998	1	1	1	1
16999	0	1	1	0
17000	0	1	1	0
17001	0	1	1	0
17002	0	1	1	0
17003	0	1	1	0
17004	0	1	1	0
17005	0	0	1	0
17006	0	0	0	0
17007	0	0	0	0
17008	0	0	0	0
17009	0	0	0	0
17010	0	0	0	0
17011	1	1	0	0
17012	1	1	0	0
17013	2	2	0	0
17014	2	2	0	1
17015	2	3	0	1
17016	2	3	1	1
17017	2	3	1	1
17018	2	4	1	1
17019	1	3	1	1
17020	1	3	1	1
17021	0	2	1	2
17022	1	2	1	1
17023	1	1	1	1
17024	1	1	0	2
17025	2	1	0	3
17026	2	1	0	3
17027	2	0	0	4
17028	2	0	0	4
17029	2	0	0	5
17030	1	0	0	5
17031	1	0	2	5
17032	1	0	2	5
17033	0	0	2	4
17034	0	0	2	3
17035	1	0	2	2
17036	1	0	2	4
17037	1	0	3	4
17038	1	0	3	2
17039	2	0	2	2
17040	2	0	2	2
17041	2	0	2	2
17042	2	0	2	3
17043	1	0	3	4
17044	1	0	3	2
17045	1	0	2	2
17046	1	0	3	2
17047	0	0	2	2
17048	0	0	2	2
17049	0	0	2	2
17050	0	0	2	1
17051	0	0	2	0
17052	0	0	1	0
17053	0	0	1	0
17054	0	0	0	0
17055	0	0	0	0
17056	0	1	0	1
17057	0	1	0	1
17058	0	1	0	1
17059	0	1	0	1
17060	0	1	0	1
17061	0	1	1	2
17062	2	1	1	2
17063	2	1	1	2
17064	2	0	1	1
17065	2	1	1	1
17066	2	1	1	1
17067	2	1	1	1
17068	2	1	1	1
17069	2	1	0	0
17070	0	1	0	0
17071	0	3	0	0
17072	0	3	0	0
17073	0	2	0	0
17074	0	2	0	0
17075	0	2	0	0
17076	0	2	1	0
17077	0	2	1	0
17078	0	2	1	0
17079	0	2	1	0
17080	0	0	1	0
17081	0	0	1	0
17082	0	0	1	0
17083	2	0	1	0
17084	2	0	0	0
17085	2	0	0	0
17086	2	0	0	0
17087	2	0	0	0
17088	2	0	0	0
17089	2	0	0	0
17090	2	0	0	0
17091	1	0	0	0
17092	0	0	0	0
17093	0	0	0	0
17094	0	0	0	0
17095	1	0	0	0
17096	1	0	0	0
17097	1	0	0	0
17098	1	0	0	0
17099	1	0	0	0
17100	2	0	0	0
17101	2	0	0	0
17102	4	0	0	0
17103	3	0	0	0
17104	3	0	0	0
17105	3	0	1	0
17106	3	0	1	1
17107	3	0	1	1
17108	2	0	1	2
17109	2	0	1	2
17110	2	0	1	2
17111	0	0	1	2
17112	0	0	1	3
17113	0	0	0	3
17114	0	0	0	2
17115	0	0	0	2
17116	0	0	0	0
17117	0	0	0	0
17118	0	0	0	0
17119	0	0	0	0
17120	0	0	0	0
17121	0	0	0	0
17122	0	0	0	0
17123	0	0	0	0
17124	0	0	0	0
17125	0	0	0	0
17126	0	0	0	0
17127	0	0	0	0
17128	0	0	0	0
17129	0	0	0	0
17130	0	0	0	0
17131	0	0	0	0
17132	0	0	0	0
17133	0	0	0	0
17134	0	1	0	0
17135	0	1	0	0
17136	0	1	0	0
17137	0	1	0	0
17138	0	1	0	0
17139	0	1	0	0
17140	0	1	0	0
17141	0	1	0	0
17142	0	0	0	0
17143	0	0	0	0
17144	0	0	0	0
17145	0	0	0	0
17146	0	0	0	0
17147	0	0	0	0
17148	0	0	0	0
17149	0	0	0	0
17150	0	0	0	0
17151	0	0	0	0
17152	0	0	0	0
17153	0	0	0	0
17154	0	0	0	0
17155	0	0	0	0
17156	0	0	0	0
17157	0	0	0	1
17158	0	0	0	1
17159	0	0	0	1
17160	0	0	0	1
17161	0	0	0	1
17162	0	0	0	1
17163	0	0	0	1
17164	0	0	0	1
17165	0	0	0	0
17166	0	0	0	0
17167	0	0	0	0
17168	0	0	0	0
17169	0	0	0	0
17170	0	0	0	0
17171	0	0	0	0
17172	0	0	0	0
17173	0	0	0	0
17174	0	0	0	0
17175	0	0	0	0
17176	0	0	0	0
17177	0	0	0	0
17178	0	0	0	0
17179	0	0	0	0
17180	0	0	0	0
17181	0	0	0	0
17182	0	0	0	0
17183	1	0	0	0
17184	1	0	0	0
17185	1	0	0	0
17186	1	0	0	0
17187	1	0	0	0
17188	1	0	0	0
17189	1	0	0	0
17190	1	0	0	0
17191	1	1	0	0
17192	0	1	0	0
17193	0	1	1	0
17194	0	1	1	0
17195	0	4	2	0
17196	0	5	2	0
17197	0	5	3	2
17198	1	6	4	2
17199	2	7	8	4
17200	2	7	8	6
17201	3	7	8	7
17202	3	7	8	9
17203	3	7	8	9
17204	4	7	9	11
17205	6	7	9	10
17206	6	4	6	11
17207	6	4	4	9
17208	6	4	2	11
17209	6	4	2	10
17210	5	4	3	6
17211	5	4	3	7
17212	4	3	1	6
17213	3	3	1	5
17214	3	3	1	4
17215	2	3	1	4
17216	0	3	1	2
17217	0	2	1	1
17218	0	2	1	2
17219	0	1	1	2
17220	0	1	1	2
17221	0	1	1	2
17222	0	1	1	2
17223	0	1	1	1
17224	0	2	2	2
17225	0	2	2	2
17226	0	2	2	2
17227	1	2	2	2
17228	1	2	1	2
17229	1	2	1	2
17230	1	2	1	2
17231	1	2	1	2
17232	1	2	2	1
17233	1	0	2	1
17234	1	0	2	1
17235	0	0	2	0
17236	1	0	2	0
17237	1	0	2	0
17238	1	0	2	0
17239	1	0	2	0
17240	1	0	1	0
17241	1	0	0	0
17242	1	0	0	0
17243	1	0	0	0
17244	1	0	0	0
17245	1	0	0	0
17246	0	0	0	0
17247	0	0	0	0
17248	0	0	0	0
17249	0	0	0	0
17250	0	0	0	0
17251	0	0	0	0
17252	0	0	0	0
17253	0	0	0	0
17254	0	0	0	0
17255	0	0	0	0
17256	0	0	0	0
17257	1	0	0	0
17258	1	0	0	0
17259	1	0	0	0
17260	1	1	0	1
17261	1	1	0	1
17262	1	1	0	1
17263	1	2	0	2
17264	1	2	0	2
17265	1	4	1	3
17266	1	4	1	4
17267	1	6	1	4
17268	2	6	1	3
17269	1	6	1	3
17270	1	6	3	4
17271	1	5	3	3
17272	5	12	5	3
17273	7	11	5	2
17274	7	13	5	2
17275	9	13	7	2
17276	9	13	7	1
17277	8	11	7	2
17278	8	11	6	1
17279	8	10	4	1
17280	4	4	4	1
17281	2	4	3	1
17282	3	3	8	1
17283	1	0	6	1
17284	1	0	6	2
17285	1	0	6	1
17286	1	0	7	2
17287	1	1	7	2
17288	1	1	7	2
17289	1	1	6	2
17290	0	1	1	2
17291	1	1	1	2
17292	1	1	1	1
17293	1	1	1	1
17294	2	1	0	1
17295	2	1	1	0
17296	2	0	1	0
17297	2	0	1	0
17298	2	0	1	0
17299	1	0	1	0
17300	1	0	1	1
17301	1	0	2	1
17302	0	0	2	1
17303	0	0	1	1
17304	0	0	1	1
17305	0	0	1	1
17306	0	0	1	1
17307	0	0	1	1
17308	0	0	3	0
17309	0	0	2	0
17310	0	0	12	0
17311	1	0	12	0
17312	1	0	12	0
17313	1	0	12	1
17314	2	0	12	1
17315	2	0	12	1
17316	3	0	10	1
17317	3	0	10	1
17318	3	0	10	1
17319	2	0	0	1
17320	2	0	0	1
17321	2	0	0	1
17322	1	0	0	1
17323	1	0	0	1
17324	1	0	0	1
17325	0	0	0	1
17326	0	0	0	0
17327	0	0	0	0
17328	0	0	0	0
17329	0	0	0	0
17330	0	0	0	0
17331	0	0	0	0
17332	0	0	0	0
17333	0	0	0	0
17334	0	0	0	0
17335	0	1	0	0
17336	0	1	0	0
17337	0	1	0	0
17338	0	1	0	0
17339	0	1	0	0
17340	0	1	0	0
17341	0	1	0	0
17342	1	1	0	0
17343	1	0	0	2
17344	1	0	0	2
17345	1	0	0	2
17346	1	0	0	2
17347	2	0	0	3
17348	3	0	2	3
17349	4	0	3	3
17350	3	0	4	4
17351	4	0	4	2
17352	4	0	4	2
17353	4	3	5	4
17354	6	4	6	4
17355	6	4	6	4
17356	5	4	6	4
17357	3	4	4	5
17358	4	4	3	5
17359	3	4	3	5
17360	3	4	3	5
17361	3	4	2	4
17362	2	0	1	5
17363	3	1	1	2
17364	3	2	1	3
17365	4	2	1	3
17366	4	2	1	2
17367	3	3	1	2
17368	5	4	1	3
17369	5	4	1	3
17370	4	4	1	3
17371	3	4	1	3
17372	3	2	0	2
17373	2	2	0	2
17374	2	2	0	1
17375	3	1	0	1
17376	2	0	0	1
17377	2	0	0	1
17378	2	0	0	1
17379	3	0	0	1
17380	3	0	0	1
17381	3	2	0	1
17382	3	2	0	1
17383	2	2	0	1
17384	1	2	0	0
17385	1	2	0	1
17386	2	2	0	2
17387	1	2	0	2
17388	1	2	0	2
17389	1	2	0	2
17390	1	0	0	2
17391	1	0	0	2
17392	1	0	0	2
17393	1	0	0	1
17394	0	0	0	0
17395	0	0	0	0
17396	0	0	1	0
17397	0	0	1	0
17398	0	0	1	0
17399	0	0	1	0
17400	0	0	1	0
17401	0	0	1	0
17402	0	0	1	0
17403	0	0	1	0
17404	0	0	0	0
17405	0	0	0	0
17406	0	0	0	0
17407	0	0	0	0
17408	0	0	0	0
17409	0	0	0	0
17410	0	0	0	0
17411	0	0	1	0
17412	0	0	1	0
17413	1	0	1	1
17414	1	0	1	1
17415	1	0	1	1
17416	1	0	1	1
17417	1	1	1	1
17418	1	1	1	1
17419	1	1	1	1
17420	1	1	1	1
17421	1	1	3	0
17422	0	1	2	0
17423	0	1	2	0
17424	0	1	2	0
17425	0	0	2	0
17426	0	0	2	0
17427	0	0	2	0
17428	0	0	2	0
17429	0	0	0	0
17430	0	0	0	0
17431	0	0	0	0
17432	0	0	0	0
17433	0	0	0	0
17434	0	0	0	0
17435	0	0	0	0
17436	0	0	0	0
17437	0	0	0	0
17438	0	0	0	0
17439	0	0	0	0
17440	0	0	0	0
17441	0	0	0	0
17442	0	0	0	0
17443	0	0	0	1
17444	0	0	0	1
17445	0	0	0	1
17446	0	1	0	1
17447	0	1	0	1
17448	0	1	0	1
17449	0	1	0	1
17450	0	1	0	1
17451	0	1	0	0
17452	0	1	0	0
17453	0	1	0	0
17454	0	0	0	0
17455	0	0	0	0
17456	0	0	0	0
17457	0	0	0	0
17458	0	0	0	0
17459	0	0	0	0
17460	0	0	0	0
17461	0	0	0	0
17462	0	0	0	0
17463	0	0	0	0
17464	0	0	0	0
17465	0	0	0	0
17466	0	0	0	0
17467	0	0	0	0
17468	0	0	0	0
17469	0	0	0	0
17470	0	0	0	0
17471	0	0	0	1
17472	0	0	0	1
17473	0	0	0	1
17474	0	0	0	1
17475	0	0	0	1
17476	0	0	0	1
17477	0	0	0	1
17478	0	0	0	1
17479	0	0	0	0
17480	0	0	0	0
17481	0	0	0	0
17482	0	0	0	0
17483	0	0	0	0
17484	0	0	0	1
17485	0	0	0	1
17486	0	0	0	1
17487	0	0	1	1
17488	0	0	1	1
17489	0	0	1	2
17490	0	1	1	3
17491	0	1	1	3
17492	0	1	2	3
17493	0	1	2	3
17494	0	2	2	3
17495	0	2	1	3
17496	2	3	2	3
17497	2	3	2	3
17498	3	2	2	3
17499	4	3	4	3
17500	5	3	4	4
17501	5	4	4	4
17502	5	3	4	3
17503	5	3	4	4
17504	4	3	3	4
17505	3	3	3	4
17506	2	3	3	4
17507	1	2	2	3
17508	0	1	1	1
17509	0	0	1	1
17510	0	0	1	1
17511	0	0	1	0
17512	0	0	1	0
17513	0	0	1	0
17514	0	0	1	0
17515	0	3	0	0
17516	0	3	0	0
17517	0	3	0	0
17518	0	3	0	0
17519	1	3	0	0
17520	1	3	1	0
17521	1	3	1	1
17522	1	3	1	1
17523	1	1	1	1
17524	1	2	1	1
17525	1	2	1	1
17526	1	2	1	1
17527	0	2	1	1
17528	0	2	1	2
17529	0	2	2	1
17530	0	2	2	1
17531	0	1	2	1
17532	0	0	2	1
17533	0	0	2	1
17534	0	0	2	1
17535	0	0	2	1
17536	0	0	1	0
17537	0	0	1	0
17538	0	0	0	0
17539	0	1	0	1
17540	0	1	0	1
17541	0	1	0	1
17542	0	1	0	1
17543	0	1	0	1
17544	0	1	0	1
17545	0	1	0	1
17546	0	1	0	1
17547	0	1	0	1
17548	0	1	0	1
17549	0	1	0	1
17550	0	0	0	0
17551	0	0	0	0
17552	0	0	0	0
17553	0	0	0	0
17554	0	0	0	0
17555	0	0	0	0
17556	0	0	0	0
17557	0	0	0	0
17558	0	0	0	0
17559	0	0	0	0
17560	0	0	0	0
17561	0	0	0	0
17562	0	0	0	0
17563	0	0	0	0
17564	0	0	0	0
17565	0	0	0	0
17566	0	0	0	0
17567	0	0	0	0
17568	0	0	0	0
17569	0	0	0	1
17570	0	0	1	1
17571	0	0	1	1
17572	0	0	1	1
17573	0	0	1	1
17574	0	0	1	1
17575	0	0	1	1
17576	0	0	1	1
17577	0	0	1	0
17578	0	0	0	0
17579	0	0	0	0
17580	0	0	0	0
17581	0	0	0	0
17582	0	0	0	0
17583	1	0	0	0
17584	1	0	0	0
17585	1	0	0	0
17586	1	0	0	0
17587	0	0	0	0
17588	0	0	0	0
17589	0	0	0	0
17590	0	0	0	0
17591	1	0	0	0
17592	1	0	0	0
17593	1	0	0	0
17594	1	0	0	0
17595	1	0	0	0
17596	1	0	0	0
17597	1	0	0	0
17598	1	0	0	0
17599	0	1	0	0
17600	1	1	0	0
17601	1	1	0	0
17602	1	1	0	0
17603	2	1	0	0
17604	2	1	0	0
17605	2	1	0	0
17606	2	2	0	1
17607	2	1	0	1
17608	2	1	0	2
17609	1	2	0	4
17610	1	4	0	3
17611	1	4	2	3
17612	0	4	2	3
17613	0	4	2	3
17614	0	3	2	3
17615	0	3	2	3
17616	0	3	2	3
17617	1	3	2	3
17618	1	2	2	1
17619	1	0	0	0
17620	1	0	0	0
17621	1	0	0	0
17622	1	0	0	1
17623	2	0	1	2
17624	2	0	1	2
17625	2	0	1	3
17626	3	1	2	11
17627	4	2	2	11
17628	4	2	2	11
17629	4	2	2	11
17630	4	2	2	11
17631	4	2	2	9
17632	5	2	1	9
17633	4	2	1	8
17634	3	1	0	0
17635	3	2	0	0
17636	2	1	0	0
17637	2	1	0	0
17638	2	1	0	0
17639	2	1	0	0
17640	1	1	0	0
17641	1	1	0	0
17642	0	1	0	0
17643	0	1	1	0
17644	1	1	1	0
17645	1	1	1	1
17646	1	2	1	1
17647	1	2	1	2
17648	2	3	1	4
17649	2	3	1	4
17650	6	11	4	12
17651	9	11	7	13
17652	12	14	8	19
17653	11	17	9	21
17654	12	19	10	22
17655	12	21	9	29
17656	13	21	9	28
17657	14	20	10	28
17658	10	15	8	25
17659	7	13	5	24
17660	5	9	3	22
17661	4	8	2	19
17662	2	4	1	13
17663	2	1	1	5
17664	2	1	1	5
17665	1	1	0	4
17666	0	1	0	3
17667	0	1	0	1
17668	0	0	0	0
17669	0	0	0	0
17670	0	0	0	0
17671	0	0	0	0
17672	0	0	0	0
17673	0	0	0	0
17674	0	0	0	0
17675	0	0	0	0
17676	0	0	0	0
17677	0	0	0	0
17678	0	0	0	0
17679	0	0	0	0
17680	0	0	0	0
17681	0	1	0	0
17682	0	1	0	0
17683	0	1	0	0
17684	0	1	0	0
17685	0	1	0	1
17686	0	2	0	1
17687	0	2	1	2
17688	0	2	1	2
17689	0	1	1	3
17690	1	1	1	3
17691	1	1	1	5
17692	1	1	1	5
17693	2	2	2	5
17694	2	1	3	4
17695	2	1	2	3
17696	2	1	2	3
17697	2	1	2	3
17698	1	1	2	2
17699	1	1	2	0
17700	1	1	2	0
17701	0	0	2	0
17702	0	0	2	0
17703	0	0	2	0
17704	0	0	2	0
17705	0	0	3	0
17706	0	0	2	0
17707	0	0	2	0
17708	0	0	2	0
17709	0	0	2	0
17710	0	0	2	0
17711	0	0	1	0
17712	0	0	1	0
17713	0	0	1	0
17714	0	0	0	0
17715	0	0	0	0
17716	0	0	0	0
17717	0	0	0	2
17718	0	0	0	3
17719	0	0	0	3
17720	0	0	0	3
17721	0	0	0	3
17722	0	0	0	3
17723	0	0	0	3
17724	0	0	0	3
17725	0	0	0	1
17726	0	0	0	0
17727	0	1	0	0
17728	0	1	1	0
17729	0	1	1	0
17730	0	1	1	0
17731	0	1	1	0
17732	0	1	1	0
17733	0	1	1	0
17734	0	1	1	0
17735	0	0	1	0
17736	0	0	0	0
17737	0	0	0	0
17738	0	0	0	0
17739	0	0	0	0
17740	0	0	0	0
17741	0	0	0	0
17742	0	0	0	0
17743	0	0	0	0
17744	0	0	0	0
17745	1	0	0	0
17746	1	0	0	0
17747	1	0	0	0
17748	2	0	0	0
17749	2	0	0	0
17750	2	0	0	2
17751	2	0	0	2
17752	2	1	1	2
17753	1	1	1	2
17754	1	1	1	2
17755	2	2	1	3
17756	1	3	1	5
17757	2	3	2	5
17758	2	3	3	4
17759	2	3	4	4
17760	2	3	5	5
17761	3	3	5	5
17762	3	4	6	6
17763	3	4	7	6
17764	4	3	8	5
17765	3	3	6	5
17766	3	4	5	5
17767	5	4	6	10
17768	8	9	20	12
17769	8	8	19	10
17770	8	7	18	9
17771	8	9	18	8
17772	9	8	18	8
17773	9	8	18	8
17774	8	8	18	10
17775	6	5	15	5
17776	1	1	5	3
17777	0	1	1	3
17778	0	1	1	3
17779	0	1	1	3
17780	0	1	1	3
17781	0	1	0	3
17782	0	2	0	1
17783	1	3	0	1
17784	3	3	1	0
17785	3	2	1	0
17786	3	3	2	0
17787	3	3	2	1
17788	3	3	2	1
17789	3	3	2	1
17790	3	3	2	1
17791	3	3	2	3
17792	1	2	1	3
17793	1	2	1	3
17794	1	0	0	3
17795	1	0	0	2
17796	1	0	0	2
17797	0	0	0	2
17798	0	0	0	2
17799	0	0	0	0
17800	0	1	0	0
17801	0	1	0	2
17802	0	1	0	2
17803	0	1	0	2
17804	0	1	0	2
17805	0	2	0	2
17806	0	2	0	2
17807	0	2	0	2
17808	0	1	1	2
17809	0	1	1	0
17810	0	1	1	0
17811	0	1	1	0
17812	0	1	1	0
17813	0	0	0	0
17814	1	0	0	0
17815	1	0	0	0
17816	1	0	0	0
17817	1	0	0	0
17818	1	0	0	0
17819	1	0	0	0
17820	1	0	0	1
17821	1	0	1	1
17822	0	0	1	1
17823	0	0	1	1
17824	0	0	1	1
17825	0	0	1	0
17826	0	0	1	0
17827	0	0	2	0
17828	0	1	2	0
17829	0	1	1	0
17830	0	1	1	0
17831	0	1	1	0
17832	0	1	1	0
17833	0	1	1	0
17834	0	1	1	0
17835	0	1	0	0
17836	1	0	0	0
17837	1	0	0	0
17838	1	0	0	0
17839	1	0	0	0
17840	1	0	0	0
17841	1	0	0	0
17842	1	1	0	1
17843	1	2	1	1
17844	2	3	1	1
17845	1	3	2	1
17846	1	3	2	1
17847	1	3	2	1
17848	1	3	2	1
17849	1	3	2	2
17850	1	2	1	1
17851	1	2	1	1
17852	0	1	1	1
17853	0	0	0	1
17854	0	0	0	1
17855	1	2	0	2
17856	2	5	0	2
17857	2	5	0	1
17858	2	5	1	1
17859	2	5	1	1
17860	2	6	1	1
17861	2	6	1	2
17862	2	7	1	2
17863	1	5	2	3
17864	0	5	3	3
17865	0	5	3	3
17866	1	2	2	3
17867	1	2	2	3
17868	1	1	2	3
17869	1	1	2	2
17870	1	0	2	2
17871	1	0	1	1
17872	1	0	0	0
17873	1	0	0	0
17874	0	0	1	2
17875	0	0	2	2
17876	0	0	2	2
17877	0	0	2	3
17878	0	1	2	3
17879	0	2	2	3
17880	0	2	3	4
17881	0	2	4	4
17882	0	1	3	2
17883	1	1	4	2
17884	1	1	4	2
17885	2	1	3	2
17886	3	1	3	1
17887	3	1	4	2
17888	3	1	3	1
17889	2	1	2	1
17890	2	2	2	1
17891	1	2	1	1
17892	1	3	1	1
17893	1	3	1	1
17894	1	3	1	1
17895	1	3	1	1
17896	0	2	0	1
17897	0	2	0	1
17898	0	1	0	1
17899	0	1	1	1
17900	1	1	1	2
17901	1	1	1	2
17902	1	0	2	2
17903	1	0	2	2
17904	1	0	2	0
17905	1	1	2	0
17906	2	2	1	0
17907	2	2	2	0
17908	2	2	3	0
17909	2	3	4	2
17910	2	3	4	3
17911	2	4	4	3
17912	1	4	4	3
17913	1	4	4	3
17914	1	4	4	3
17915	1	3	5	3
17916	1	3	5	3
17917	1	3	5	2
17918	1	4	2	0
17919	1	3	2	0
17920	2	3	2	0
17921	2	2	2	1
17922	1	2	2	1
17923	1	2	1	1
17924	1	2	1	2
17925	1	4	0	2
17926	1	3	0	2
17927	2	2	0	2
17928	1	2	0	2
17929	1	2	0	1
17930	1	2	0	1
17931	2	2	0	1
17932	2	3	0	1
17933	2	2	0	0
17934	2	1	0	0
17935	2	1	0	1
17936	2	1	0	1
17937	2	1	0	1
17938	2	1	1	1
17939	1	1	2	1
17940	1	0	2	1
17941	1	0	2	1
17942	1	0	2	1
17943	1	0	2	1
17944	0	0	2	1
17945	0	0	2	1
17946	0	0	1	0
17947	0	0	1	0
17948	0	0	1	0
17949	0	0	1	1
17950	0	0	1	1
17951	0	0	1	2
17952	0	0	1	2
17953	0	0	1	2
17954	0	0	1	3
17955	0	0	0	3
17956	1	0	0	3
17957	1	1	1	2
17958	1	1	1	2
17959	1	1	1	1
17960	1	1	1	1
17961	1	1	1	1
17962	2	1	1	0
17963	2	1	1	0
17964	1	1	1	0
17965	1	0	0	1
17966	1	0	1	1
17967	1	1	1	1
17968	1	1	1	1
17969	1	1	1	1
17970	1	1	1	1
17971	0	0	1	1
17972	0	0	1	1
17973	0	0	1	0
17974	0	0	1	0
17975	0	0	0	0
17976	0	0	0	0
17977	0	0	0	0
17978	0	0	0	0
17979	0	0	0	0
17980	0	0	0	0
17981	0	0	0	0
17982	0	0	0	0
17983	0	0	0	0
17984	0	0	1	0
17985	0	0	1	0
17986	0	0	1	0
17987	0	0	1	0
17988	0	0	1	0
17989	0	0	1	0
17990	0	0	1	0
17991	0	0	1	0
17992	0	0	1	0
17993	0	0	1	1
17994	0	0	1	1
17995	1	0	1	1
17996	1	0	0	1
17997	1	0	0	1
17998	1	1	0	1
17999	2	2	0	1
18000	3	2	0	2
18001	3	2	0	2
18002	3	3	0	1
18003	3	3	0	1
18004	3	3	1	1
18005	2	3	1	1
18006	2	2	1	1
18007	2	1	1	1
18008	0	1	1	0
18009	0	1	1	0
18010	0	0	1	1
18011	0	0	1	1
18012	0	0	0	1
18013	0	0	0	1
18014	0	0	0	1
18015	0	0	0	1
18016	0	1	0	1
18017	0	1	0	1
18018	0	1	0	1
18019	0	1	0	1
18020	0	1	0	0
18021	0	1	0	0
18022	0	1	0	0
18023	0	1	0	1
18024	0	1	0	1
18025	0	1	0	1
18026	0	3	0	1
18027	0	3	0	1
18028	0	3	0	1
18029	0	3	0	1
18030	0	3	0	1
18031	0	3	0	0
18032	0	3	0	0
18033	0	2	0	0
18034	0	0	0	0
18035	0	1	0	0
18036	0	2	1	0
18037	0	2	1	1
18038	0	2	1	2
18039	0	3	1	2
18040	0	3	1	3
18041	2	4	3	3
18042	2	5	4	3
18043	2	5	4	4
18044	2	4	3	4
18045	2	4	3	3
18046	3	3	3	2
18047	3	2	3	2
18048	3	2	4	1
18049	1	2	2	1
18050	1	0	1	1
18051	1	0	1	0
18052	2	0	1	0
18053	2	0	1	0
18054	1	0	1	0
18055	1	0	1	0
18056	1	0	1	0
18057	1	0	0	0
18058	1	0	0	0
18059	1	0	0	0
18060	0	0	0	0
18061	0	0	0	0
18062	0	0	0	0
18063	0	1	0	0
18064	0	1	0	0
18065	0	1	0	0
18066	0	1	0	0
18067	0	1	0	0
18068	0	1	0	0
18069	0	1	0	1
18070	0	1	1	1
18071	0	0	1	1
18072	0	0	1	1
18073	0	0	1	1
18074	0	0	1	1
18075	0	0	1	1
18076	0	0	1	1
18077	0	0	1	1
18078	0	0	0	1
18079	0	0	0	1
18080	0	0	0	0
18081	0	0	0	0
18082	0	0	0	0
18083	0	0	0	8
18084	0	0	0	9
18085	0	0	1	9
18086	0	0	1	9
18087	1	0	1	9
18088	2	0	1	9
18089	2	0	1	9
18090	2	0	1	9
18091	2	0	1	1
18092	2	0	1	0
18093	2	0	0	0
18094	2	0	0	0
18095	1	0	0	0
18096	0	0	0	0
18097	0	0	0	0
18098	0	0	0	0
18099	0	0	0	0
18100	0	0	0	0
18101	0	0	0	0
18102	0	0	0	0
18103	1	0	0	0
18104	1	0	0	2
18105	1	1	1	5
18106	1	2	1	5
18107	1	2	1	5
18108	1	2	1	5
18109	1	2	1	5
18110	1	2	1	5
18111	1	2	1	5
18112	2	2	1	6
18113	2	1	0	1
18114	2	0	0	1
18115	2	0	0	1
18116	2	1	0	1
18117	2	1	0	1
18118	2	1	0	1
18119	2	1	0	1
18120	0	1	0	1
18121	0	1	0	0
18122	0	1	0	0
18123	0	2	1	0
18124	1	2	1	1
18125	1	2	1	2
18126	1	2	1	2
18127	1	2	1	2
18128	1	2	2	2
18129	1	2	2	2
18130	2	3	3	2
18131	2	2	2	2
18132	2	4	3	2
18133	1	3	3	0
18134	2	3	3	7
18135	4	3	3	9
18136	4	3	2	9
18137	4	3	3	10
18138	3	2	4	10
18139	3	2	4	10
18140	3	0	3	9
18141	4	0	3	8
18142	3	0	3	2
18143	2	0	3	0
18144	1	1	3	0
18145	1	1	2	0
18146	1	2	3	0
18147	1	2	2	1
18148	1	2	2	1
18149	1	2	2	2
18150	1	2	2	2
18151	0	2	2	2
18152	0	1	2	3
18153	0	2	2	3
18154	0	2	0	3
18155	0	1	0	2
18156	0	1	0	3
18157	0	1	0	3
18158	0	1	0	2
18159	0	1	0	2
18160	0	1	1	2
18161	0	0	1	1
18162	0	0	1	1
18163	0	0	1	1
18164	0	0	1	1
18165	0	0	1	0
18166	0	0	1	0
18167	0	0	1	0
18168	0	1	1	0
18169	0	1	2	0
18170	0	1	1	0
18171	0	1	1	0
18172	0	1	1	1
18173	0	1	1	1
18174	0	1	1	1
18175	0	2	1	1
18176	0	1	1	1
18177	0	1	0	1
18178	0	1	0	1
18179	0	1	0	1
18180	0	1	0	0
18181	0	1	0	0
18182	0	1	0	0
18183	0	1	0	0
18184	0	1	0	0
18185	0	1	0	0
18186	0	1	0	0
18187	0	1	1	1
18188	0	1	1	1
18189	1	1	1	1
18190	1	1	1	1
18191	1	1	1	1
18192	1	0	1	1
18193	1	0	2	1
18194	1	0	2	1
18195	2	0	1	0
18196	3	0	1	0
18197	2	0	1	0
18198	2	0	1	1
18199	2	0	1	1
18200	2	0	2	1
18201	2	0	1	1
18202	2	0	1	1
18203	2	0	1	1
18204	1	0	1	1
18205	1	0	1	1
18206	1	0	1	0
18207	1	0	1	0
18208	1	0	1	0
18209	1	0	0	0
18210	1	0	0	0
18211	1	0	0	0
18212	1	0	0	0
18213	1	1	0	2
18214	1	1	1	2
18215	1	1	3	3
18216	1	2	3	4
18217	2	2	4	4
18218	2	2	4	4
18219	4	2	7	7
18220	5	3	7	7
18221	6	3	10	8
18222	6	3	10	8
18223	6	3	9	7
18224	7	4	8	6
18225	9	3	8	7
18226	8	4	9	8
18227	6	4	7	7
18228	4	4	9	7
18229	2	3	7	5
18230	2	3	7	5
18231	3	3	5	4
18232	3	3	5	3
18233	1	3	5	2
18234	1	2	5	2
18235	1	3	4	2
18236	1	2	2	1
18237	1	2	3	1
18238	1	2	3	1
18239	1	2	2	1
18240	1	2	2	1
18241	0	1	1	2
18242	0	1	1	2
18243	0	0	1	1
18244	0	0	1	1
18245	0	0	0	1
18246	0	0	0	1
18247	0	0	0	1
18248	0	0	0	1
18249	0	0	0	1
18250	0	0	0	0
18251	0	0	0	0
18252	0	0	0	0
18253	0	0	0	0
18254	0	0	0	0
18255	0	0	0	0
18256	0	0	0	0
18257	0	0	0	0
18258	0	0	0	0
18259	0	0	0	0
18260	0	0	0	0
18261	0	0	0	0
18262	0	0	0	0
18263	0	0	0	0
18264	0	0	0	0
18265	0	0	0	0
18266	0	0	0	0
18267	0	0	0	0
18268	0	0	0	0
18269	0	0	0	0
18270	0	0	0	0
18271	0	0	0	0
18272	0	0	0	0
18273	0	0	0	0
18274	0	0	0	0
18275	0	0	0	0
18276	0	0	0	0
18277	0	0	0	0
18278	0	0	0	0
18279	0	0	0	0
18280	0	0	0	0
18281	0	0	0	0
18282	0	0	0	0
18283	0	0	0	0
18284	0	0	0	0
18285	1	0	0	0
18286	1	0	0	0
18287	1	0	0	0
18288	1	0	0	0
18289	2	0	0	0
18290	2	0	0	0
18291	2	0	0	0
18292	2	0	0	0
18293	1	0	0	0
18294	1	0	0	0
18295	1	0	0	0
18296	1	0	0	0
18297	1	0	0	0
18298	0	0	0	0
18299	0	0	0	0
18300	0	0	0	0
18301	0	0	0	0
18302	0	0	0	0
18303	0	0	0	0
18304	0	0	0	0
18305	0	0	0	0
18306	0	0	0	0
18307	0	0	0	0
18308	0	0	0	0
18309	0	0	0	0
18310	0	0	0	0
18311	0	0	0	0
18312	0	0	0	0
18313	0	0	0	0
18314	0	0	0	0
18315	0	0	0	0
18316	0	0	0	0
18317	0	0	0	0
18318	0	0	0	0
18319	0	0	0	0
18320	0	0	0	0
18321	0	0	0	0
18322	0	1	0	0
18323	0	1	0	0
18324	0	1	0	0
18325	0	1	0	0
18326	0	1	0	0
18327	0	1	0	0
18328	0	1	0	0
18329	0	1	0	0
18330	0	1	0	0
18331	1	0	0	0
18332	1	0	0	0
18333	1	0	0	0
18334	1	0	1	0
18335	1	0	1	0
18336	1	0	1	0
18337	1	0	1	0
18338	1	0	0	0
18339	0	0	0	0
18340	0	0	0	0
18341	0	0	0	0
18342	0	0	0	0
18343	0	0	0	4
18344	1	1	0	5
18345	1	1	0	5
18346	2	1	0	6
18347	2	1	0	6
18348	2	1	0	6
18349	2	1	1	6
18350	3	1	1	6
18351	3	1	1	3
18352	2	0	1	2
18353	2	0	1	2
18354	2	0	1	0
18355	1	0	2	0
18356	2	0	2	0
18357	2	0	1	0
18358	1	0	1	0
18359	1	0	1	0
18360	1	0	1	0
18361	1	0	2	0
18362	1	1	2	0
18363	1	1	2	1
18364	1	1	2	1
18365	0	1	1	1
18366	0	1	1	1
18367	0	1	1	1
18368	0	1	1	1
18369	0	1	1	1
18370	0	0	0	1
18371	0	0	0	0
18372	0	0	0	0
18373	0	0	0	0
18374	1	1	0	0
18375	1	1	0	0
18376	1	1	0	0
18377	1	1	0	0
18378	1	1	0	0
18379	1	1	0	0
18380	1	1	0	0
18381	1	2	0	0
18382	0	1	0	0
18383	0	1	0	0
18384	0	1	0	0
18385	0	1	0	0
18386	0	1	0	0
18387	0	1	0	0
18388	0	1	0	0
18389	0	0	0	0
18390	0	0	0	0
18391	0	0	0	0
18392	0	0	0	0
18393	0	0	0	0
18394	0	0	0	0
18395	0	0	0	0
18396	0	0	0	0
18397	0	0	0	1
18398	0	0	0	1
18399	0	1	1	2
18400	0	1	1	2
18401	0	1	1	2
18402	0	1	1	3
18403	0	1	1	3
18404	0	1	1	3
18405	0	1	1	2
18406	0	1	1	2
18407	0	1	1	2
18408	0	1	1	2
18409	0	0	0	1
18410	0	0	0	0
18411	0	0	0	0
18412	0	0	0	0
18413	0	0	0	0
18414	0	1	0	0
18415	0	2	0	0
18416	0	2	1	0
18417	0	2	1	0
18418	0	2	1	0
18419	0	2	1	0
18420	0	2	2	0
18421	0	2	3	0
18422	0	1	3	1
18423	0	1	3	1
18424	0	1	2	1
18425	2	0	2	1
18426	2	0	2	1
18427	3	0	2	1
18428	4	0	6	1
18429	5	3	5	1
18430	5	3	6	1
18431	5	3	8	2
18432	7	5	8	2
18433	7	5	8	3
18434	7	5	8	3
18435	6	5	8	3
18436	5	5	5	3
18437	4	3	4	3
18438	4	3	4	3
18439	4	3	0	1
18440	3	1	0	1
18441	1	1	0	1
18442	1	1	0	1
18443	1	1	0	0
18444	0	1	1	0
18445	1	1	1	0
18446	1	1	1	0
18447	1	1	1	0
18448	1	1	1	0
18449	1	1	1	0
18450	1	1	1	0
18451	1	1	1	0
18452	1	1	1	0
18453	0	1	0	0
18454	0	2	0	0
18455	0	1	0	0
18456	0	1	0	0
18457	0	1	0	0
18458	0	1	0	0
18459	0	1	0	0
18460	0	1	0	0
18461	0	1	0	0
18462	0	0	0	0
18463	0	0	0	0
18464	0	0	0	0
18465	0	0	0	0
18466	0	0	0	0
18467	0	0	1	0
18468	0	0	2	0
18469	0	0	2	0
18470	0	1	2	0
18471	0	1	2	0
18472	1	1	2	0
18473	1	1	2	0
18474	1	1	2	0
18475	1	1	1	1
18476	1	1	0	1
18477	1	1	0	1
18478	1	1	1	1
18479	1	0	1	1
18480	0	0	1	1
18481	0	0	1	1
18482	0	1	2	1
18483	0	1	2	1
18484	1	1	2	0
18485	1	1	2	1
18486	1	1	1	1
18487	1	1	1	1
18488	1	1	2	1
18489	1	1	2	1
18490	1	0	2	1
18491	1	0	1	1
18492	1	0	1	1
18493	0	0	1	0
18494	0	0	1	0
18495	0	0	1	0
18496	0	0	0	0
18497	0	0	0	0
18498	0	0	0	0
18499	0	0	0	0
18500	1	0	0	0
18501	1	0	0	0
18502	1	1	0	0
18503	1	1	0	1
18504	1	1	0	1
18505	1	1	0	1
18506	1	1	0	2
18507	1	1	1	3
18508	0	1	1	3
18509	0	1	2	3
18510	0	0	3	3
18511	0	0	3	1
18512	0	0	4	1
18513	0	0	4	2
18514	0	0	4	2
18515	0	0	3	2
18516	0	0	3	2
18517	0	0	2	2
18518	0	0	1	2
18519	0	0	1	2
18520	0	0	0	2
18521	0	0	0	1
18522	0	0	0	1
18523	0	0	0	0
18524	0	0	0	0
18525	0	0	0	0
18526	0	0	0	0
18527	0	0	0	0
18528	0	0	0	0
18529	0	0	0	0
18530	0	0	1	0
18531	0	0	1	0
18532	0	0	1	1
18533	0	0	2	2
18534	0	0	2	2
18535	2	0	2	2
18536	2	1	2	2
18537	2	1	2	2
18538	2	1	1	2
18539	2	1	1	2
18540	2	1	1	2
18541	2	1	1	1
18542	1	1	2	1
18543	1	1	2	1
18544	3	0	6	1
18545	3	0	6	1
18546	3	0	6	1
18547	3	0	6	3
18548	3	0	5	2
18549	3	0	5	2
18550	3	0	4	2
18551	3	0	4	2
18552	3	0	3	2
18553	4	0	6	3
18554	2	0	6	3
18555	2	1	6	1
18556	3	1	6	1
18557	3	2	6	1
18558	3	2	6	1
18559	3	2	7	1
18560	2	2	5	1
18561	1	2	3	3
18562	1	3	2	3
18563	1	3	1	3
18564	0	3	1	3
18565	0	2	1	5
18566	0	2	1	5
18567	1	2	2	6
18568	1	2	1	6
18569	1	2	1	3
18570	1	2	1	3
18571	1	1	1	3
18572	1	1	1	3
18573	1	1	1	2
18574	1	1	1	1
18575	1	1	0	0
18576	0	1	0	0
18577	0	1	0	0
18578	1	1	0	0
18579	1	1	0	0
18580	1	0	0	0
18581	1	0	0	0
18582	1	0	0	0
18583	1	0	0	0
18584	1	0	0	0
18585	1	0	0	0
18586	0	0	0	0
18587	0	0	0	0
18588	0	0	0	0
18589	0	0	0	0
18590	0	0	0	0
18591	0	0	0	0
18592	0	0	0	0
18593	0	0	0	0
18594	0	0	0	0
18595	0	0	0	0
18596	0	0	0	0
18597	0	0	0	0
18598	0	0	0	0
18599	0	0	0	0
18600	0	1	0	0
18601	0	1	1	0
18602	0	1	1	0
18603	0	1	1	0
18604	0	1	2	0
18605	0	1	2	0
18606	0	1	2	0
18607	0	1	2	0
18608	0	0	2	1
18609	0	0	1	1
18610	0	0	1	1
18611	0	0	1	1
18612	0	0	0	1
18613	0	1	0	1
18614	0	1	0	1
18615	0	1	0	1
18616	0	1	0	0
18617	0	1	0	0
18618	1	1	1	0
18619	1	1	1	0
18620	2	1	1	1
18621	2	1	2	1
18622	3	1	2	1
18623	3	0	2	2
18624	4	1	4	2
18625	4	1	4	2
18626	5	1	3	3
18627	5	3	3	4
18628	3	3	3	4
18629	4	4	3	4
18630	4	6	3	6
18631	4	6	2	6
18632	5	6	1	6
18633	5	8	0	6
18634	5	8	0	6
18635	4	7	0	4
18636	4	6	0	3
18637	3	5	0	4
18638	2	3	1	2
18639	2	3	1	2
18640	0	2	1	1
18641	0	1	1	1
18642	0	1	1	1
18643	0	1	1	1
18644	0	0	1	1
18645	0	0	1	0
18646	0	0	0	0
18647	0	0	0	0
18648	0	0	0	0
18649	0	0	0	0
18650	0	0	0	0
18651	0	0	0	0
18652	0	0	0	0
18653	0	0	0	0
18654	0	0	0	0
18655	0	0	0	0
18656	0	0	0	0
18657	0	0	0	0
18658	0	0	0	0
18659	0	0	0	0
18660	0	0	0	0
18661	0	0	0	0
18662	0	0	0	0
18663	0	0	0	0
18664	0	0	0	0
18665	0	0	0	0
18666	0	0	0	0
18667	0	0	0	0
18668	0	0	0	0
18669	0	0	0	0
18670	0	0	0	0
18671	0	0	0	0
18672	0	0	0	0
18673	0	0	0	0
18674	0	0	0	0
18675	0	0	0	0
18676	0	0	0	0
18677	0	0	0	0
18678	0	0	0	1
18679	0	0	0	1
18680	0	1	1	1
18681	0	1	1	1
18682	1	1	2	1
18683	1	1	3	1
18684	1	3	4	1
18685	1	3	4	1
18686	1	3	4	1
18687	1	4	4	1
18688	1	4	4	0
18689	1	3	3	0
18690	0	3	2	0
18691	0	3	2	0
18692	0	1	0	0
18693	0	1	1	0
18694	0	1	1	0
18695	0	1	1	0
18696	0	0	1	0
18697	1	0	1	1
18698	1	0	1	1
18699	1	0	1	2
18700	1	0	1	2
18701	1	0	1	2
18702	1	0	0	2
18703	1	0	0	3
18704	1	0	0	3
18705	0	1	0	2
18706	0	1	0	2
18707	0	1	0	1
18708	0	1	0	1
18709	0	1	0	1
18710	0	1	0	1
18711	0	1	0	1
18712	0	1	1	0
18713	0	1	1	0
18714	0	0	1	0
18715	0	0	1	0
18716	0	0	1	0
18717	1	0	1	1
18718	1	0	1	1
18719	2	0	1	2
18720	2	0	0	3
18721	2	0	0	3
18722	2	1	1	3
18723	2	1	1	3
18724	2	1	1	3
18725	1	2	1	5
18726	1	2	1	6
18727	1	1	1	5
18728	0	1	1	5
18729	0	2	1	4
18730	0	3	1	4
18731	0	3	1	4
18732	0	3	1	4
18733	0	2	1	2
18734	0	2	1	1
18735	0	2	1	1
18736	0	2	1	1
18737	0	1	1	1
18738	0	1	0	1
18739	0	0	0	1
18740	0	0	0	1
18741	0	1	0	1
18742	0	1	0	1
18743	0	1	0	0
18744	0	1	0	0
18745	0	1	0	0
18746	0	1	0	0
18747	0	1	0	0
18748	0	1	0	0
18749	0	0	0	0
18750	0	0	0	0
18751	0	0	0	0
18752	0	0	0	0
18753	0	0	0	0
18754	0	0	0	0
18755	0	0	0	0
18756	0	0	0	0
18757	0	0	0	0
18758	0	0	0	0
18759	0	0	0	0
18760	0	0	0	0
18761	0	0	0	0
18762	1	0	0	0
18763	1	0	0	0
18764	1	0	1	0
18765	1	0	1	1
18766	1	1	1	1
18767	1	1	1	1
18768	1	1	2	1
18769	2	1	2	1
18770	1	1	2	1
18771	1	1	2	1
18772	1	1	1	1
18773	1	1	1	1
18774	1	0	1	0
18775	1	0	1	0
18776	1	0	0	0
18777	1	0	0	0
18778	0	0	0	0
18779	0	0	0	0
18780	0	0	0	0
18781	1	0	0	0
18782	1	0	0	0
18783	1	0	0	0
18784	1	0	0	0
18785	1	0	0	0
18786	1	1	0	0
18787	1	1	0	0
18788	1	1	0	0
18789	1	1	0	0
18790	0	1	0	0
18791	0	1	0	0
18792	1	1	0	0
18793	1	1	0	1
18794	2	0	0	1
18795	3	0	0	1
18796	3	1	0	1
18797	3	1	0	1
18798	3	1	0	1
18799	3	1	0	1
18800	3	1	0	1
18801	3	1	0	1
18802	3	1	0	0
18803	3	1	0	0
18804	2	1	0	0
18805	2	0	0	1
18806	2	0	0	1
18807	2	0	0	1
18808	2	0	0	1
18809	2	0	0	1
18810	1	0	0	1
18811	0	0	0	1
18812	0	0	0	1
18813	0	0	1	0
18814	0	0	1	0
18815	0	0	1	0
18816	0	0	1	0
18817	1	0	1	0
18818	1	0	1	0
18819	1	0	1	0
18820	1	0	1	0
18821	1	0	0	0
18822	2	0	0	0
18823	2	0	0	0
18824	2	0	0	0
18825	1	0	0	0
18826	1	0	0	0
18827	2	0	0	0
18828	2	0	0	0
18829	2	0	0	0
18830	1	0	0	0
18831	1	0	0	0
18832	1	0	0	0
18833	1	0	0	0
18834	1	0	0	0
18835	0	0	0	0
18836	0	0	0	0
18837	0	0	0	0
18838	0	0	0	0
18839	0	0	0	0
18840	0	0	0	0
18841	0	0	0	0
18842	0	0	0	0
18843	0	0	0	0
18844	0	0	0	0
18845	1	0	0	0
18846	1	0	0	0
18847	1	0	0	0
18848	1	0	0	0
18849	1	0	0	0
18850	1	0	0	0
18851	1	0	0	0
18852	1	0	0	0
18853	0	0	0	0
18854	0	0	0	0
18855	0	0	0	0
18856	0	0	0	0
18857	0	0	0	0
18858	0	0	0	0
18859	0	0	0	0
18860	0	0	1	0
18861	0	0	1	0
18862	0	0	1	0
18863	0	1	1	0
18864	0	1	1	0
18865	0	1	1	0
18866	0	1	1	0
18867	0	1	1	0
18868	0	1	0	0
18869	0	1	0	0
18870	0	1	0	0
18871	0	0	0	0
18872	0	0	0	0
18873	0	0	0	0
18874	1	0	1	0
18875	1	0	1	0
18876	1	0	1	0
18877	1	0	1	0
18878	1	0	1	0
18879	1	0	1	0
18880	1	0	1	0
18881	1	0	1	0
18882	0	0	0	0
18883	0	0	0	0
18884	0	0	0	0
18885	0	0	0	0
18886	0	0	0	0
18887	0	0	0	0
18888	0	0	0	0
18889	0	0	0	0
18890	0	0	0	0
18891	0	0	0	0
18892	0	0	0	0
18893	0	0	0	0
18894	0	0	0	0
18895	0	0	0	0
18896	0	0	0	0
18897	0	0	0	0
18898	0	0	0	0
18899	0	0	0	0
18900	0	0	0	0
18901	0	0	0	0
18902	0	0	0	0
18903	0	0	0	0
18904	0	0	0	0
18905	0	0	0	0
18906	0	0	0	0
18907	0	0	0	0
18908	0	0	0	0
18909	0	0	0	0
18910	0	0	0	0
18911	0	0	0	0
18912	0	0	0	0
18913	0	0	0	0
18914	0	0	0	0
18915	0	0	0	0
18916	0	0	0	0
18917	0	0	0	0
18918	0	0	0	0
18919	0	1	0	0
18920	0	1	0	0
18921	0	1	0	0
18922	0	1	0	0
18923	0	2	0	0
18924	0	2	0	0
18925	1	2	0	0
18926	2	2	0	0
18927	2	1	0	0
18928	2	1	1	0
18929	2	1	1	0
18930	2	1	1	1
18931	2	1	1	1
18932	2	0	1	1
18933	2	0	1	1
18934	1	0	1	1
18935	1	0	1	1
18936	0	0	1	1
18937	0	1	0	1
18938	0	1	0	1
18939	0	1	0	1
18940	0	1	0	1
18941	0	2	0	1
18942	1	2	0	1
18943	1	2	0	1
18944	1	4	0	3
18945	1	3	0	3
18946	2	4	1	3
18947	2	4	1	3
18948	2	4	1	2
18949	2	3	1	2
18950	1	3	0	2
18951	1	3	0	2
18952	1	1	0	0
18953	1	1	0	0
18954	0	0	0	0
18955	0	0	0	0
18956	0	0	0	0
18957	0	0	0	0
18958	0	0	0	0
18959	0	0	0	0
18960	0	0	0	0
18961	0	0	0	0
18962	0	0	0	0
18963	0	0	0	0
18964	0	0	0	0
18965	0	0	0	0
18966	0	0	0	0
18967	0	0	2	0
18968	0	0	2	0
18969	0	0	2	0
18970	0	0	2	0
18971	0	0	2	0
18972	0	0	2	1
18973	0	1	2	1
18974	0	1	2	1
18975	0	1	0	1
18976	0	1	0	1
18977	0	1	0	1
18978	0	1	0	2
18979	0	1	0	2
18980	0	1	0	2
18981	0	0	0	2
18982	0	0	0	2
18983	0	0	0	2
18984	0	0	0	2
18985	0	0	0	3
18986	0	0	0	2
18987	0	0	0	2
18988	0	0	1	1
18989	0	0	1	1
18990	0	0	1	1
18991	0	1	1	2
18992	0	3	1	3
18993	0	3	1	2
18994	0	3	1	3
18995	1	3	1	3
18996	1	4	0	3
18997	1	4	0	3
18998	1	4	0	3
18999	1	5	0	2
19000	1	2	1	1
19001	1	2	1	1
19002	1	2	1	1
19003	2	2	1	0
19004	3	1	1	0
19005	3	1	1	0
19006	2	1	1	2
19007	2	1	1	2
19008	2	1	0	3
19009	2	1	0	3
19010	3	0	0	3
19011	3	0	0	3
19012	1	0	0	3
19013	1	0	0	3
19014	1	0	0	1
19015	2	1	0	2
19016	3	1	0	2
19017	3	1	0	2
19018	2	1	0	1
19019	2	1	0	2
19020	2	1	0	2
19021	2	1	1	2
19022	2	1	1	2
19023	1	0	1	1
19024	1	0	1	1
19025	1	0	1	1
19026	0	0	1	1
19027	0	0	1	0
19028	0	0	1	0
19029	0	0	0	0
19030	0	0	0	0
19031	0	0	0	0
19032	0	0	0	0
19033	0	0	0	0
19034	0	0	0	0
19035	0	0	0	0
19036	0	0	0	0
19037	0	0	0	0
19038	0	0	0	0
19039	0	0	0	0
19040	0	0	0	0
19041	0	0	0	1
19042	0	0	0	2
19043	0	0	0	2
19044	1	0	0	2
19045	2	0	0	2
19046	2	0	0	2
19047	2	0	0	2
19048	2	0	0	2
19049	2	0	1	1
19050	3	0	1	1
19051	3	0	1	0
19052	2	0	1	0
19053	1	0	1	0
19054	1	0	1	0
19055	1	0	2	0
19056	1	0	2	0
19057	1	0	1	0
19058	0	0	1	1
19059	0	0	1	1
19060	0	0	1	1
19061	0	0	1	1
19062	0	0	1	1
19063	0	0	1	1
19064	2	0	0	1
19065	2	0	0	1
19066	2	1	0	0
19067	4	1	0	0
19068	4	1	0	0
19069	4	1	0	0
19070	4	1	0	0
19071	4	1	0	1
19072	2	1	0	1
19073	2	1	1	1
19074	2	0	1	1
19075	2	0	1	1
19076	4	1	1	2
19077	2	1	1	2
19078	3	1	1	2
19079	3	3	2	1
19080	3	4	2	1
19081	5	5	2	2
19082	5	5	2	4
19083	5	5	2	4
19084	3	4	2	3
19085	4	4	2	3
19086	3	4	2	3
19087	3	3	2	3
19088	3	1	2	3
19089	3	1	2	3
19090	1	0	0	0
19091	1	0	0	0
19092	1	0	0	0
19093	1	0	0	0
19094	0	0	0	0
19095	0	0	0	0
19096	0	0	0	0
19097	0	0	0	0
19098	0	0	0	0
19099	0	0	0	0
19100	0	0	0	0
19101	0	0	0	0
19102	0	0	0	0
19103	0	0	0	0
19104	0	0	0	0
19105	0	0	0	0
19106	0	0	0	0
19107	0	0	0	0
19108	0	0	0	0
19109	0	0	0	0
19110	0	0	0	0
19111	0	0	0	0
19112	0	0	0	0
19113	0	0	1	0
19114	1	1	1	0
19115	1	1	1	0
19116	1	1	1	0
19117	2	1	3	0
19118	4	1	4	0
19119	5	3	5	2
19120	5	3	5	2
19121	5	4	7	3
19122	5	3	7	4
19123	6	3	6	6
19124	6	5	8	7
19125	6	5	6	7
19126	11	10	15	23
19127	10	10	15	23
19128	11	11	15	23
19129	11	10	14	26
19130	11	10	14	23
19131	11	10	14	21
19132	10	9	12	20
19133	10	8	11	21
19134	2	3	2	6
19135	2	2	2	6
19136	1	1	1	6
19137	1	0	1	3
19138	3	1	1	5
19139	2	1	0	5
19140	2	1	0	5
19141	2	1	1	5
19142	3	1	1	5
19143	3	1	1	5
19144	3	1	1	5
19145	4	1	1	5
19146	2	1	2	4
19147	2	1	2	4
19148	2	1	2	4
19149	2	1	2	4
19150	1	1	2	3
19151	1	1	2	3
19152	1	1	2	2
19153	0	2	1	2
19154	0	2	1	2
19155	0	2	0	1
19156	0	2	1	1
19157	0	4	1	0
19158	1	4	1	1
19159	1	4	1	1
19160	1	5	1	1
19161	1	5	1	1
19162	1	4	1	1
19163	2	5	1	1
19164	2	6	0	1
19165	2	4	0	1
19166	1	3	0	0
19167	1	4	0	0
19168	1	4	1	0
19169	1	4	1	0
19170	2	4	1	0
19171	2	3	2	0
19172	1	2	3	0
19173	1	2	3	0
19174	1	2	3	0
19175	1	1	3	0
19176	1	1	3	0
19177	1	0	2	0
19178	1	0	2	0
19179	0	0	1	0
19180	0	0	0	0
19181	0	0	0	0
19182	1	0	0	0
19183	1	1	0	0
19184	1	1	0	0
19185	1	1	0	0
19186	1	1	1	0
19187	1	2	2	0
19188	1	2	2	0
19189	1	2	2	0
19190	0	2	3	0
19191	0	1	6	0
19192	1	1	6	1
19193	1	2	6	1
19194	1	2	4	1
19195	1	1	4	1
19196	1	1	3	1
19197	1	1	3	1
19198	1	1	3	1
19199	1	1	0	1
19200	0	1	0	1
19201	0	0	0	0
19202	0	0	0	0
19203	0	0	0	0
19204	0	0	0	0
19205	0	0	0	0
19206	0	0	0	0
19207	0	0	0	0
19208	0	0	0	0
19209	0	0	0	0
19210	0	0	0	0
19211	0	0	0	0
19212	0	0	0	0
19213	0	0	0	1
19214	0	0	0	1
19215	0	0	0	1
19216	0	0	0	1
19217	0	0	0	1
19218	0	0	0	1
19219	0	0	0	1
19220	0	1	0	1
19221	0	1	0	0
19222	1	1	0	0
19223	1	1	2	0
19224	1	1	2	0
19225	1	1	2	0
19226	1	1	2	0
19227	3	1	2	0
19228	3	1	2	0
19229	3	1	2	0
19230	2	1	2	0
19231	2	1	1	0
19232	2	1	1	0
19233	2	1	0	0
19234	2	1	1	0
19235	1	1	1	0
19236	1	1	1	1
19237	2	1	1	1
19238	2	1	1	1
19239	1	1	1	1
19240	1	0	1	1
19241	1	0	1	1
19242	1	0	0	1
19243	1	0	0	1
19244	1	0	0	1
19245	1	0	0	0
19246	1	0	0	0
19247	1	0	0	0
19248	1	0	0	0
19249	1	0	0	0
19250	1	0	0	0
19251	1	0	0	0
19252	1	0	0	0
19253	0	0	0	0
19254	0	0	0	0
19255	1	0	0	0
19256	1	0	0	0
19257	1	0	0	0
19258	1	0	1	0
19259	0	0	1	0
19260	0	0	1	0
19261	0	0	1	0
19262	0	0	1	0
19263	0	0	1	0
19264	0	0	1	0
19265	0	0	1	0
19266	0	0	1	0
19267	0	0	0	0
19268	0	0	0	0
19269	0	0	0	0
19270	0	0	0	0
19271	0	0	0	0
19272	0	0	0	0
19273	0	0	0	0
19274	0	0	0	0
19275	0	0	0	0
19276	1	0	0	0
19277	1	0	0	0
19278	1	0	0	0
19279	1	0	0	0
19280	1	0	0	1
19281	1	0	0	1
19282	1	0	0	1
19283	1	0	0	1
19284	1	0	0	1
19285	0	0	1	1
19286	0	1	1	1
19287	0	1	1	1
19288	0	1	1	1
19289	0	1	2	0
19290	0	1	2	0
19291	0	1	2	0
19292	0	1	2	0
19293	0	1	2	0
19294	0	1	1	0
19295	0	0	1	2
19296	0	3	1	4
19297	0	5	0	5
19298	0	5	0	6
19299	0	6	0	6
19300	0	7	4	7
19301	0	7	4	7
19302	0	8	4	8
19303	0	9	5	6
19304	1	6	5	4
19305	2	4	5	4
19306	2	5	6	4
19307	2	6	6	5
19308	2	5	2	4
19309	2	5	2	4
19310	2	5	2	2
19311	2	4	2	2
19312	1	4	1	2
19313	1	4	0	2
19314	2	6	0	3
19315	1	3	0	1
19316	2	3	1	3
19317	2	3	1	3
19318	2	3	3	3
19319	2	2	3	3
19320	3	2	3	3
19321	3	2	3	3
19322	2	2	3	2
19323	2	1	3	3
19324	2	0	3	2
19325	1	0	2	1
19326	1	0	3	1
19327	1	0	2	1
19328	1	1	1	1
19329	0	1	1	1
19330	0	2	4	2
19331	0	2	5	2
19332	0	2	5	2
19333	0	2	5	2
19334	0	2	5	2
19335	1	2	6	2
19336	1	2	7	3
19337	2	2	7	4
19338	3	0	4	3
19339	3	0	4	3
19340	4	1	4	3
19341	5	1	4	3
19342	5	1	4	7
19343	4	2	2	7
19344	4	2	1	6
19345	3	3	1	7
19346	3	3	1	7
19347	3	4	1	6
19348	3	3	1	9
19349	3	4	2	11
19350	5	8	4	13
19351	6	8	4	12
19352	8	9	5	12
19353	9	8	5	12
19354	12	9	5	14
19355	12	9	6	13
19356	14	9	7	14
19357	12	9	5	13
19358	11	6	5	7
19359	9	9	5	14
19360	9	9	7	14
19361	9	9	7	13
19362	6	9	7	10
19363	7	9	6	13
19364	7	11	7	13
19365	7	10	6	10
19366	6	10	6	12
19367	6	7	6	6
19368	3	4	5	7
19369	2	4	5	9
19370	2	4	5	9
19371	2	4	6	8
19372	1	4	4	6
19373	2	4	5	6
19374	2	3	4	5
19375	2	5	5	4
19376	2	5	6	3
19377	2	4	6	0
19378	2	4	6	0
19379	1	2	5	0
19380	1	2	5	0
19381	0	2	4	0
19382	0	2	4	0
19383	0	1	3	0
19384	0	2	1	0
19385	0	1	0	0
19386	1	1	0	0
19387	2	1	0	0
19388	2	1	0	0
19389	2	1	0	0
19390	2	1	0	0
19391	2	1	0	0
19392	2	0	0	0
19393	3	0	0	0
19394	2	0	0	0
19395	1	0	0	0
19396	1	1	7	0
19397	1	2	7	1
19398	2	3	8	2
19399	2	3	8	2
19400	2	4	8	2
19401	1	4	8	2
19402	2	4	9	2
19403	3	4	9	2
19404	3	4	2	2
19405	3	4	2	1
19406	2	2	2	1
19407	2	2	3	1
19408	2	1	3	1
19409	2	1	4	1
19410	1	1	3	1
19411	0	1	4	1
19412	0	1	4	1
19413	0	0	4	1
19414	0	0	3	1
19415	0	0	2	0
19416	0	0	2	0
19417	0	0	1	0
19418	0	0	1	0
19419	0	1	0	0
19420	1	1	0	0
19421	1	1	0	0
19422	1	1	0	0
19423	1	1	0	1
19424	1	1	1	1
19425	1	1	1	1
19426	1	1	1	2
19427	1	1	1	2
19428	0	1	1	1
19429	0	2	1	1
19430	0	2	1	1
19431	0	2	1	1
19432	1	5	0	2
19433	2	5	0	2
19434	2	5	0	1
19435	2	5	1	1
19436	2	4	1	1
19437	2	3	1	1
19438	2	3	1	1
19439	2	3	1	1
19440	1	1	1	0
19441	0	2	1	1
19442	0	2	1	1
19443	0	2	0	1
19444	0	2	0	1
19445	0	2	0	1
19446	0	2	0	1
19447	0	2	0	1
19448	0	2	0	1
19449	0	0	0	0
19450	0	0	0	0
19451	0	0	0	0
19452	0	0	0	0
19453	0	0	0	0
19454	0	0	0	0
19455	0	0	0	0
19456	0	0	0	0
19457	0	0	0	0
19458	0	0	0	0
19459	0	0	0	0
19460	0	0	0	0
19461	0	0	0	0
19462	0	0	0	0
19463	0	0	0	0
19464	0	0	0	0
19465	0	0	0	0
19466	0	0	0	0
19467	0	0	0	0
19468	0	0	0	0
19469	0	0	0	0
19470	0	0	0	0
19471	0	0	0	0
19472	0	1	0	0
19473	0	1	0	0
19474	0	1	0	0
19475	0	1	0	1
19476	0	1	0	1
19477	0	1	0	1
19478	0	1	0	1
19479	0	1	0	1
19480	0	1	0	4
19481	0	0	0	4
19482	0	0	0	4
19483	0	0	0	3
19484	0	0	0	3
19485	0	0	0	3
19486	0	0	0	3
19487	0	0	0	3
19488	0	0	0	0
19489	0	0	0	0
19490	0	0	0	0
19491	0	0	0	1
19492	0	1	0	1
19493	0	1	0	1
19494	0	1	0	1
19495	0	1	0	1
19496	0	1	0	1
19497	1	1	0	1
19498	1	1	0	1
19499	1	1	0	0
19500	1	0	0	0
19501	1	0	0	0
19502	1	0	0	0
19503	1	0	0	0
19504	1	0	0	0
19505	0	0	0	0
19506	0	0	0	0
19507	0	0	0	0
19508	0	0	0	0
19509	0	0	1	0
19510	0	0	1	0
19511	0	0	1	0
19512	0	0	1	0
19513	0	0	1	0
19514	0	0	1	0
19515	0	0	1	0
19516	0	0	1	0
19517	0	0	0	0
19518	0	0	0	0
19519	0	2	0	0
19520	0	2	0	0
19521	0	2	0	0
19522	0	2	0	0
19523	0	2	0	0
19524	0	2	0	0
19525	0	2	0	0
19526	0	2	0	0
19527	0	0	0	0
19528	0	0	0	0
19529	0	0	0	0
19530	0	0	0	0
19531	0	0	0	0
19532	0	1	0	1
19533	0	1	0	1
19534	0	1	0	1
19535	0	1	0	1
19536	0	2	0	1
19537	0	2	0	1
19538	0	2	0	1
19539	0	2	0	1
19540	0	1	0	0
19541	1	2	0	0
19542	1	3	0	0
19543	1	3	0	0
19544	2	2	0	0
19545	3	2	0	0
19546	5	3	0	0
19547	5	3	1	0
19548	5	3	1	0
19549	5	2	1	0
19550	4	1	1	0
19551	4	1	1	0
19552	3	1	1	0
19553	2	1	1	1
19554	0	0	2	1
19555	0	0	1	1
19556	0	0	1	1
19557	0	0	1	1
19558	0	0	1	1
19559	0	0	1	1
19560	0	0	1	1
19561	0	0	1	1
19562	0	0	2	0
19563	0	0	1	0
19564	2	0	1	0
19565	2	0	1	0
19566	2	1	1	0
19567	2	1	1	0
19568	2	1	1	0
19569	2	2	1	0
19570	2	2	0	0
19571	2	2	0	0
19572	2	2	0	0
19573	1	2	0	0
19574	0	1	0	0
19575	0	1	0	0
19576	0	1	1	1
19577	0	0	1	1
19578	0	1	1	1
19579	0	1	1	1
19580	0	1	3	1
19581	0	1	3	1
19582	0	1	3	2
19583	0	1	3	2
19584	0	1	2	1
19585	0	1	2	1
19586	0	0	2	1
19587	0	0	2	1
19588	0	0	0	1
19589	0	0	0	1
19590	0	0	0	0
19591	0	0	0	1
19592	0	0	0	1
19593	1	0	0	1
19594	2	0	0	1
19595	2	0	0	1
19596	2	0	0	2
19597	2	0	0	2
19598	2	0	0	2
19599	1	1	0	3
19600	2	1	0	4
19601	2	1	0	4
19602	2	1	0	4
19603	2	1	0	4
19604	3	2	0	3
19605	3	2	0	3
19606	3	2	0	3
19607	3	2	0	1
19608	3	1	0	0
19609	1	1	0	0
19610	1	1	0	0
19611	1	1	0	0
19612	0	0	0	0
19613	0	0	0	0
19614	1	0	0	0
19615	1	0	0	0
19616	1	0	0	1
19617	1	1	2	1
19618	1	1	2	1
19619	1	2	2	2
19620	1	2	3	3
19621	1	5	3	4
19622	1	7	3	7
19623	1	7	3	8
19624	2	8	3	8
19625	2	8	2	7
19626	2	8	1	7
19627	2	6	1	7
19628	4	6	0	6
19629	4	4	0	5
19630	4	3	1	4
19631	5	3	3	4
19632	5	1	3	6
19633	5	3	3	7
19634	5	4	4	8
19635	5	4	4	7
19636	3	4	4	7
19637	3	4	4	6
19638	1	3	3	6
19639	0	3	1	4
19640	0	3	1	3
19641	1	2	2	2
19642	1	0	3	2
19643	2	1	4	2
19644	2	2	5	3
19645	2	2	5	3
19646	2	2	5	3
19647	2	2	5	2
19648	3	2	5	2
19649	3	3	4	3
19650	3	3	3	3
19651	2	2	1	2
19652	2	1	0	1
19653	2	1	0	1
19654	2	1	0	1
19655	2	1	0	2
19656	1	1	0	2
19657	2	2	1	2
19658	1	1	1	1
19659	1	1	1	1
19660	1	1	1	1
19661	1	3	2	1
19662	1	3	2	1
19663	1	3	2	0
19664	1	3	2	0
19665	1	3	1	0
19666	0	3	1	0
19667	0	2	1	0
19668	0	2	1	0
19669	0	0	1	0
19670	0	0	0	0
19671	0	0	0	0
19672	0	0	1	1
19673	0	0	1	1
19674	0	0	2	1
19675	0	0	2	1
19676	0	0	2	1
19677	0	0	2	1
19678	0	0	2	1
19679	0	0	2	1
19680	0	0	2	0
19681	0	0	2	0
19682	0	0	0	0
19683	0	0	0	0
19684	0	0	0	0
19685	0	0	0	0
19686	0	0	0	0
19687	0	0	0	0
19688	0	0	0	0
19689	0	0	1	0
19690	0	1	1	0
19691	1	1	1	0
19692	1	1	1	0
19693	2	1	1	1
19694	2	1	2	1
19695	2	3	2	1
19696	4	4	3	1
19697	5	4	2	1
19698	5	4	2	1
19699	5	6	3	3
19700	6	5	4	4
19701	6	5	4	3
19702	5	5	3	3
19703	5	5	3	3
19704	3	5	2	3
19705	2	4	2	3
19706	2	4	2	3
19707	2	4	2	2
19708	0	3	1	0
19709	0	2	0	0
19710	0	2	1	0
19711	0	2	1	0
19712	0	1	1	0
19713	0	1	1	2
19714	0	1	1	2
19715	0	1	1	2
19716	0	1	1	3
19717	0	1	1	3
19718	0	0	1	3
19719	0	0	0	3
19720	1	0	0	1
19721	1	1	0	1
19722	1	1	0	2
19723	1	1	0	3
19724	1	1	0	3
19725	1	1	1	2
19726	2	1	1	2
19727	2	1	2	2
19728	2	1	2	2
19729	2	2	2	2
19730	1	1	2	2
19731	1	1	2	0
19732	1	1	2	0
19733	1	1	1	0
19734	0	1	1	0
19735	0	1	0	0
19736	0	2	0	1
19737	0	1	0	1
19738	0	1	0	1
19739	1	1	0	2
19740	1	1	0	2
19741	1	1	0	2
19742	2	1	1	2
19743	2	1	2	5
19744	3	0	2	6
19745	4	0	2	6
19746	5	2	3	8
19747	7	5	8	9
19748	8	5	13	9
19749	8	7	14	11
19750	10	9	18	12
19751	11	9	18	10
19752	13	11	22	8
19753	13	11	23	11
19754	13	12	28	12
19755	10	8	21	11
19756	10	9	20	12
19757	10	9	18	12
19758	7	6	14	11
19759	6	6	14	11
19760	4	3	10	12
19761	4	3	8	9
19762	3	1	4	7
19763	2	0	0	5
19764	1	0	0	4
19765	2	2	1	4
19766	2	2	1	3
19767	2	2	1	3
19768	2	3	1	3
19769	1	3	1	3
19770	1	3	2	2
19771	1	3	2	2
19772	2	3	2	0
19773	1	1	1	0
19774	1	2	1	0
19775	1	2	0	0
19776	1	1	0	0
19777	1	1	0	0
19778	1	1	0	0
19779	1	1	0	0
19780	0	1	0	0
19781	0	1	0	0
19782	0	0	0	0
19783	0	0	0	0
19784	0	0	0	0
19785	0	0	0	0
19786	0	0	0	1
19787	0	0	0	1
19788	0	0	0	1
19789	0	0	0	1
19790	0	0	0	1
19791	0	0	0	1
19792	0	0	0	1
19793	0	0	0	1
19794	0	0	0	0
19795	0	0	0	0
19796	0	0	0	0
19797	0	0	0	0
19798	0	0	0	0
19799	0	0	0	0
19800	0	0	0	0
19801	0	0	0	0
19802	0	0	0	0
19803	0	0	0	0
19804	0	0	0	0
19805	0	0	0	0
19806	0	0	0	0
19807	0	0	0	0
19808	0	0	0	0
19809	0	0	0	0
19810	0	0	0	0
19811	0	0	0	0
19812	0	0	0	0
19813	0	0	0	0
19814	0	0	0	0
19815	1	0	0	0
19816	2	0	0	0
19817	3	0	0	0
19818	3	0	0	1
19819	5	0	0	1
19820	5	0	0	1
19821	5	0	0	2
19822	5	1	1	2
19823	4	1	1	3
19824	4	1	1	3
19825	4	1	1	3
19826	2	1	1	3
19827	0	1	1	2
19828	2	1	1	2
19829	2	1	1	1
19830	3	1	2	1
19831	4	2	2	2
19832	4	5	3	2
19833	5	6	4	3
19834	5	6	5	4
19835	5	6	5	4
19836	4	6	5	4
19837	4	6	5	4
19838	3	6	4	4
19839	3	5	4	2
19840	2	1	3	2
19841	0	1	1	1
19842	1	2	2	1
19843	2	2	1	1
19844	2	2	1	1
19845	2	2	2	1
19846	1	1	1	1
19847	1	1	1	1
19848	1	4	1	1
19849	1	4	1	1
19850	1	4	1	1
19851	0	5	1	0
19852	0	38	1	0
19853	0	131	0	0
19854	0	132	0	0
19855	0	132	0	0
19856	0	129	0	0
19857	0	129	0	0
19858	0	129	0	0
19859	0	129	0	0
19860	0	94	1	0
19861	0	15	1	0
19862	0	11	1	1
19863	0	1	1	1
19864	0	1	1	1
19865	1	1	1	1
19866	1	1	1	1
19867	1	1	1	1
19868	1	1	0	1
19869	1	1	0	1
19870	1	0	0	0
19871	1	0	0	0
19872	1	0	0	0
19873	0	1	0	0
19874	0	1	0	0
19875	0	1	0	0
19876	0	1	0	0
19877	0	1	0	0
19878	0	1	0	0
19879	0	1	0	0
19880	0	1	0	0
19881	0	0	0	0
19882	0	0	0	0
19883	0	0	0	0
19884	0	0	0	0
19885	1	0	0	0
19886	1	0	0	0
19887	1	1	0	0
19888	2	2	0	0
19889	2	3	0	0
19890	2	3	0	0
19891	2	3	0	1
19892	3	4	0	1
19893	2	4	0	1
19894	2	4	0	2
19895	2	4	0	2
19896	1	2	0	2
19897	1	1	0	2
19898	1	1	0	2
19899	1	1	0	2
19900	0	0	0	1
19901	0	0	0	1
19902	0	0	0	0
19903	0	0	0	0
19904	0	0	0	0
19905	0	0	0	0
19906	0	0	0	0
19907	0	0	0	0
19908	1	0	1	0
19909	1	0	1	1
19910	1	3	1	1
19911	1	3	1	1
19912	0	3	1	1
19913	0	3	1	1
19914	0	3	2	1
19915	0	3	2	2
19916	0	3	1	2
19917	0	3	1	2
19918	0	2	1	1
19919	1	0	1	2
19920	1	0	1	2
19921	1	0	1	2
19922	1	0	0	2
19923	0	0	0	1
19924	0	2	0	1
19925	0	2	0	2
19926	0	2	0	2
19927	0	2	0	2
19928	0	3	0	1
19929	0	3	0	2
19930	0	3	0	2
19931	0	3	0	2
19932	0	1	0	2
19933	1	1	0	0
19934	1	1	0	0
19935	1	1	0	1
19936	1	0	0	1
19937	1	0	0	1
19938	1	0	0	2
19939	2	1	1	2
19940	2	1	1	2
19941	2	1	1	2
19942	2	1	1	2
19943	1	1	1	1
19944	1	1	1	1
19945	1	1	1	1
19946	1	1	1	1
19947	1	0	0	0
19948	0	1	0	0
19949	1	1	0	0
19950	1	1	0	0
19951	1	1	0	0
19952	1	1	0	0
19953	1	1	0	0
19954	1	1	0	0
19955	1	1	0	0
19956	1	0	0	0
19957	1	0	0	0
19958	1	0	0	0
19959	1	0	0	0
19960	0	0	0	0
19961	0	0	0	0
19962	0	0	0	0
19963	0	0	0	0
19964	0	1	0	0
19965	0	1	0	0
19966	0	1	0	0
19967	0	1	0	0
19968	1	1	0	0
19969	1	1	0	0
19970	1	1	1	0
19971	1	1	2	1
19972	1	0	2	1
19973	1	1	3	1
19974	1	1	3	1
19975	2	1	3	1
19976	2	1	3	1
19977	1	2	3	2
19978	2	2	2	2
19979	2	2	2	1
19980	2	2	1	2
19981	2	2	1	2
19982	2	1	2	3
19983	1	1	3	3
19984	1	2	3	3
19985	3	1	3	3
19986	2	1	2	3
19987	2	1	2	3
19988	2	1	2	2
19989	2	2	1	3
19990	3	3	1	3
19991	3	3	3	3
19992	3	2	3	3
19993	3	2	3	3
19994	3	2	3	7
19995	3	2	3	7
19996	3	2	3	7
19997	3	3	3	6
19998	2	3	3	5
19999	2	1	2	5
20000	2	1	2	5
20001	0	1	2	6
20002	0	0	1	6
20003	0	1	0	1
20004	0	1	0	2
20005	0	1	0	2
20006	0	1	0	2
20007	0	1	0	2
20008	0	1	0	2
20009	0	1	0	2
20010	0	1	0	1
20011	0	0	0	1
20012	1	0	0	0
20013	1	0	0	0
20014	2	1	0	0
20015	2	1	0	0
20016	2	1	0	0
20017	3	1	0	2
20018	3	1	0	2
20019	3	1	1	2
20020	2	1	1	2
20021	3	1	1	2
20022	2	0	1	2
20023	2	0	1	2
20024	2	0	1	2
20025	1	0	1	0
20026	0	0	1	0
20027	0	0	1	0
20028	0	0	0	0
20029	0	0	0	0
20030	0	0	0	0
20031	0	0	0	0
20032	0	0	0	0
20033	0	0	0	0
20034	0	0	0	0
20035	0	0	0	0
20036	0	0	0	0
20037	0	0	0	0
20038	1	0	0	1
20039	1	0	0	1
20040	1	0	0	2
20041	1	1	0	2
20042	1	1	1	2
20043	1	1	1	2
20044	2	2	1	4
20045	2	2	1	4
20046	1	2	1	4
20047	1	2	2	3
20048	1	2	2	2
20049	1	1	2	2
20050	1	1	1	2
20051	1	1	1	3
20052	0	0	1	1
20053	0	1	1	1
20054	0	1	1	1
20055	1	1	0	1
20056	1	1	0	1
20057	1	1	0	1
20058	1	1	0	2
20059	1	1	0	1
20060	1	1	0	1
20061	1	0	0	1
20062	1	0	0	1
20063	1	1	0	1
20064	1	1	0	1
20065	2	1	0	1
20066	2	1	0	0
20067	2	1	0	0
20068	2	1	0	0
20069	2	1	0	0
20070	2	1	0	0
20071	2	0	0	0
20072	2	0	0	0
20073	1	0	0	0
20074	1	0	0	0
20075	2	0	0	0
20076	2	0	0	0
20077	2	0	0	0
20078	2	0	0	0
20079	1	0	0	0
20080	1	0	0	0
20081	1	0	0	0
20082	1	0	0	0
20083	0	0	0	0
20084	0	0	0	0
20085	0	0	0	0
20086	0	0	0	0
20087	0	0	0	0
20088	0	0	0	0
20089	0	0	0	0
20090	0	0	0	1
20091	0	0	0	1
20092	0	0	0	1
20093	0	0	0	1
20094	0	0	0	1
20095	0	0	1	1
20096	0	0	1	1
20097	1	0	1	2
20098	3	0	1	1
20099	3	0	1	1
20100	3	0	1	1
20101	3	0	1	1
20102	3	0	1	1
20103	3	0	1	1
20104	3	0	0	1
20105	2	0	0	0
20106	0	0	1	0
20107	0	1	1	0
20108	0	1	2	0
20109	0	1	3	0
20110	0	1	3	0
20111	0	3	3	1
20112	0	3	3	1
20113	0	3	3	1
20114	0	3	2	1
20115	0	2	2	1
20116	0	2	1	1
20117	0	2	0	2
20118	0	2	0	2
20119	0	0	0	1
20120	0	0	0	1
20121	0	0	0	1
20122	0	0	0	2
20123	0	0	0	2
20124	0	0	0	2
20125	0	0	0	2
20126	0	0	0	0
20127	0	0	0	0
20128	0	0	0	0
20129	0	0	0	0
20130	0	0	0	0
20131	0	0	0	0
20132	0	0	0	0
20133	0	0	0	0
20134	0	0	0	0
20135	0	0	0	0
20136	0	0	0	0
20137	0	0	0	0
20138	0	0	0	0
20139	0	0	0	0
20140	1	1	0	2
20141	2	1	1	3
20142	2	1	2	4
20143	2	1	2	4
20144	2	1	5	4
20145	2	1	5	9
20146	2	1	5	10
20147	2	1	5	10
20148	1	0	5	10
20149	0	0	4	7
20150	1	0	3	6
20151	1	1	7	8
20152	1	1	7	8
20153	1	1	4	5
20154	2	1	4	2
20155	2	2	3	3
20156	2	2	4	4
20157	2	2	4	5
20158	2	2	4	5
20159	1	1	1	4
20160	1	1	1	4
20161	1	1	1	3
20162	1	1	1	3
20163	1	1	1	2
20164	1	0	1	1
20165	1	0	1	1
20166	1	1	0	2
20167	1	1	0	1
20168	1	2	0	1
20169	1	2	0	1
20170	0	2	0	1
20171	0	2	0	1
20172	0	2	0	1
20173	0	2	0	2
20174	0	1	0	1
20175	0	1	1	1
20176	0	0	1	1
20177	0	1	1	1
20178	0	1	1	0
20179	0	1	1	0
20180	0	1	1	0
20181	0	1	1	0
20182	0	1	2	0
20183	0	1	1	0
20184	0	1	2	0
20185	0	1	2	0
20186	0	0	2	0
20187	0	0	2	0
20188	0	0	2	0
20189	0	0	2	0
20190	0	0	1	1
20191	0	0	2	1
20192	0	0	2	1
20193	0	0	1	1
20194	0	1	1	1
20195	0	3	1	2
20196	0	3	1	2
20197	0	4	1	2
20198	0	4	1	1
20199	0	4	0	1
20200	0	4	0	1
20201	0	5	0	1
20202	0	5	0	1
20203	0	6	0	0
20204	0	6	0	0
20205	0	5	1	0
20206	0	3	2	0
20207	0	3	2	0
20208	0	3	2	0
20209	0	2	2	0
20210	1	1	2	0
20211	1	0	3	0
20212	1	0	4	0
20213	1	0	3	0
20214	1	0	3	0
20215	2	0	2	0
20216	2	0	2	0
20217	2	0	4	1
20218	1	2	5	1
20219	1	2	5	6
20220	2	3	4	6
20221	2	3	6	6
20222	3	3	6	6
20223	3	3	6	6
20224	3	3	6	6
20225	4	4	4	7
20226	5	4	4	10
20227	6	4	4	8
20228	7	5	3	8
20229	7	5	2	8
20230	6	6	2	8
20231	6	6	2	9
20232	5	6	2	9
20233	4	5	2	9
20234	3	4	2	6
20235	3	4	2	5
20236	1	3	2	2
20237	0	3	1	2
20238	0	4	0	2
20239	0	4	0	1
20240	0	3	0	2
20241	1	4	0	3
20242	1	4	0	3
20243	1	2	0	3
20244	1	2	0	3
20245	1	2	0	3
20246	1	2	0	3
20247	1	2	1	4
20248	1	2	4	6
20249	1	4	6	5
20250	2	3	6	5
20251	2	3	6	5
20252	2	4	6	6
20253	2	4	6	5
20254	3	5	8	6
20255	3	4	7	7
20256	3	4	6	3
20257	2	2	4	3
20258	1	2	4	3
20259	4	2	4	3
20260	4	1	4	3
20261	5	1	4	3
20262	4	1	3	3
20263	4	0	2	3
20264	4	0	2	2
20265	4	0	1	2
20266	4	0	0	2
20267	1	0	0	2
20268	1	0	0	1
20269	0	1	0	2
20270	0	1	0	2
20271	0	1	0	3
20272	0	1	0	3
20273	0	1	2	4
20274	0	1	2	4
20275	1	1	2	4
20276	1	1	2	4
20277	1	1	2	4
20278	1	0	2	3
20279	1	0	2	1
20280	1	0	2	1
20281	1	0	1	0
20282	1	0	0	0
20283	0	0	0	0
20284	0	0	0	0
20285	0	0	0	0
20286	0	0	0	0
20287	0	0	0	0
20288	0	0	0	0
20289	0	0	0	0
20290	0	0	0	0
20291	0	0	0	0
20292	0	0	0	0
20293	0	0	0	0
20294	0	0	0	0
20295	0	0	0	0
20296	0	0	0	0
20297	0	0	0	0
20298	0	0	0	0
20299	0	0	1	0
20300	0	0	1	0
20301	0	0	1	0
20302	0	0	1	0
20303	0	0	1	1
20304	0	0	1	1
20305	0	0	1	1
20306	0	0	1	1
20307	0	0	0	1
20308	0	0	0	1
20309	0	0	0	1
20310	0	0	0	1
20311	0	0	0	0
20312	0	0	0	0
20313	0	0	0	0
20314	0	0	0	0
20315	0	0	0	0
20316	0	0	0	0
20317	0	0	0	0
20318	0	0	0	0
20319	0	0	0	0
20320	0	0	0	0
20321	0	0	0	0
20322	0	0	0	0
20323	1	0	0	0
20324	1	0	0	0
20325	1	0	0	0
20326	1	0	0	0
20327	1	0	0	0
20328	1	0	0	0
20329	1	0	0	0
20330	1	0	0	0
20331	1	0	0	0
20332	0	1	0	0
20333	1	1	1	1
20334	1	2	1	1
20335	1	3	1	1
20336	1	3	1	2
20337	1	3	1	2
20338	1	3	1	2
20339	1	2	1	2
20340	1	2	1	2
20341	0	1	0	1
20342	0	1	0	1
20343	0	1	0	1
20344	0	1	0	0
20345	0	1	0	0
20346	0	1	0	0
20347	0	1	0	0
20348	0	1	0	0
20349	0	1	0	0
20350	0	1	0	0
20351	0	0	0	0
20352	0	0	0	0
20353	0	0	0	0
20354	0	0	0	0
20355	0	0	0	0
20356	0	0	0	0
20357	0	0	0	0
20358	0	0	0	0
20359	0	0	1	0
20360	0	0	1	0
20361	0	0	1	0
20362	0	0	4	0
20363	0	0	4	0
20364	0	0	4	0
20365	0	0	5	0
20366	0	0	5	0
20367	0	1	4	0
20368	0	1	4	0
20369	0	1	4	0
20370	0	1	3	0
20371	0	1	1	0
20372	0	1	1	0
20373	0	1	0	0
20374	0	1	0	0
20375	0	0	0	0
20376	0	0	0	0
20377	0	0	0	0
20378	0	0	0	0
20379	0	0	0	0
20380	0	0	0	0
20381	0	0	0	0
20382	0	0	0	0
20383	0	0	0	0
20384	0	0	0	0
20385	0	0	0	0
20386	0	0	0	0
20387	0	0	0	0
20388	0	0	0	0
20389	0	0	0	0
20390	0	0	0	0
20391	0	0	0	0
20392	0	0	0	0
20393	0	0	0	0
20394	0	0	0	0
20395	0	0	0	1
20396	1	0	0	2
20397	1	0	0	2
20398	2	1	0	2
20399	2	1	0	3
20400	2	1	0	3
20401	3	1	0	3
20402	3	1	0	3
20403	3	1	0	3
20404	2	1	0	3
20405	2	1	0	2
20406	1	2	0	2
20407	1	2	0	1
20408	1	2	0	2
20409	0	2	0	2
20410	0	2	0	2
20411	1	3	1	1
20412	2	3	1	1
20413	2	4	1	1
20414	4	2	2	1
20415	4	2	3	1
20416	4	3	5	2
20417	5	3	5	2
20418	5	3	6	2
20419	5	2	5	2
20420	3	2	5	2
20421	3	2	5	2
20422	2	1	5	2
20423	2	2	4	2
20424	2	1	2	1
20425	1	1	2	1
20426	1	1	1	0
20427	1	1	1	1
20428	1	1	1	1
20429	1	1	1	1
20430	0	1	1	1
20431	0	0	0	0
20432	0	0	1	1
20433	0	0	1	1
20434	0	1	1	1
20435	0	1	1	1
20436	0	1	1	1
20437	0	2	1	1
20438	0	2	1	2
20439	0	3	1	2
20440	0	4	0	2
20441	0	4	0	1
20442	0	3	0	2
20443	0	3	0	3
20444	0	5	1	5
20445	0	4	1	5
20446	1	4	2	4
20447	1	3	3	5
20448	2	1	3	5
20449	7	3	3	6
20450	7	4	3	5
20451	7	5	3	7
20452	7	4	2	6
20453	7	4	2	6
20454	7	4	1	6
20455	6	4	0	6
20456	6	4	0	6
20457	0	2	1	4
20458	0	2	1	4
20459	0	0	1	2
20460	0	0	1	2
20461	0	0	0	0
20462	0	0	0	0
20463	0	0	0	0
20464	0	0	0	0
20465	0	0	0	0
20466	0	0	0	0
20467	0	0	0	0
20468	0	0	0	0
20469	0	0	0	0
20470	0	0	0	0
20471	0	0	0	0
20472	0	0	0	0
20473	0	0	0	0
20474	0	0	0	0
20475	0	0	0	0
20476	0	0	0	0
20477	0	0	0	0
20478	0	0	0	0
20479	0	1	0	0
20480	0	1	0	0
20481	1	1	0	1
20482	1	1	0	2
20483	1	1	0	2
20484	3	1	0	3
20485	3	1	1	4
20486	3	2	1	4
20487	3	1	2	4
20488	4	1	2	4
20489	6	1	3	5
20490	7	2	4	6
20491	6	2	4	6
20492	8	3	7	5
20493	8	3	6	3
20494	7	2	6	3
20495	7	3	5	3
20496	6	3	5	3
20497	4	4	4	1
20498	4	3	3	0
20499	6	3	3	2
20500	4	2	2	3
20501	6	5	2	7
20502	7	5	3	8
20503	7	4	3	8
20504	7	5	5	15
20505	8	6	6	15
20506	10	6	6	14
20507	11	5	7	12
20508	11	5	6	11
20509	7	2	5	9
20510	6	2	4	7
20511	6	2	4	7
20512	6	1	4	0
20513	5	0	3	1
20514	6	1	3	2
20515	4	1	2	2
20516	3	2	2	2
20517	2	4	4	3
20518	2	5	4	3
20519	2	5	4	3
20520	2	5	4	4
20521	2	5	5	4
20522	2	4	5	2
20523	2	4	3	2
20524	1	4	3	2
20525	3	3	1	2
20526	4	4	0	3
20527	5	4	3	6
20528	7	6	4	10
20529	7	6	7	13
20530	7	6	10	17
20531	7	7	10	17
20532	8	6	10	17
20533	8	6	11	16
20534	8	5	12	16
20535	6	5	10	15
20536	5	5	10	11
20537	5	6	7	5
20538	3	6	2	3
20539	3	5	2	3
20540	3	5	3	4
20541	3	6	3	5
20542	2	5	2	4
20543	2	4	2	4
20544	1	5	1	4
20545	1	2	1	4
20546	0	3	1	3
20547	0	3	1	4
20548	1	3	0	3
20549	1	2	1	3
20550	1	2	1	3
20551	1	2	1	4
20552	1	1	1	4
20553	1	2	0	4
20554	2	2	0	5
20555	2	2	1	6
20556	1	3	2	5
20557	1	3	2	5
20558	2	3	2	5
20559	2	3	2	4
20560	2	3	2	4
20561	2	2	2	4
20562	1	2	2	4
20563	1	1	1	1
20564	1	0	0	1
20565	2	0	0	0
20566	2	1	0	1
20567	1	1	0	1
20568	1	1	0	1
20569	1	1	0	1
20570	1	1	0	1
20571	2	1	0	1
20572	2	1	0	1
20573	1	1	0	1
20574	1	1	0	0
20575	1	0	0	0
20576	1	0	0	0
20577	1	0	0	1
20578	1	0	0	1
20579	0	0	0	1
20580	0	0	0	1
20581	0	0	0	1
20582	0	0	0	1
20583	0	0	0	1
20584	0	0	1	1
20585	0	0	1	1
20586	0	0	1	3
20587	3	0	1	3
20588	4	0	1	3
20589	4	0	1	3
20590	6	0	1	4
20591	6	1	1	4
20592	6	1	1	4
20593	6	1	0	4
20594	7	1	0	4
20595	5	2	2	10
20596	4	2	3	7
20597	4	3	3	7
20598	2	4	3	7
20599	2	5	4	7
20600	3	4	5	9
20601	3	5	6	9
20602	7	5	6	8
20603	5	4	4	3
20604	5	4	4	3
20605	5	5	4	2
20606	5	3	5	2
20607	5	3	3	3
20608	4	3	3	3
20609	4	2	2	1
20610	0	2	2	1
20611	1	2	2	1
20612	1	2	2	1
20613	1	3	2	1
20614	2	3	1	1
20615	2	1	1	0
20616	2	1	1	1
20617	2	1	1	1
20618	3	1	1	1
20619	2	1	1	1
20620	2	1	1	1
20621	2	1	1	1
20622	1	0	1	1
20623	0	0	1	1
20624	0	0	1	2
20625	1	0	2	1
20626	1	0	1	1
20627	1	0	1	1
20628	1	0	1	1
20629	1	0	1	1
20630	1	1	1	1
20631	1	1	1	1
20632	1	2	1	2
20633	1	2	1	2
20634	0	2	0	2
20635	0	3	1	2
20636	1	3	1	2
20637	1	3	1	2
20638	2	3	1	2
20639	2	3	1	3
20640	2	2	1	3
20641	3	2	2	5
20642	3	3	3	4
20643	3	3	2	4
20644	3	2	2	4
20645	3	3	4	6
20646	2	4	4	6
20647	1	3	4	5
20648	1	3	4	5
20649	0	3	3	2
20650	0	2	2	2
20651	1	2	2	2
20652	1	2	2	2
20653	1	2	0	1
20654	1	4	0	0
20655	1	3	0	1
20656	1	3	0	1
20657	1	3	0	1
20658	1	3	0	1
20659	0	3	0	1
20660	0	3	0	1
20661	0	3	0	1
20662	0	0	0	1
20663	0	0	0	1
20664	0	0	0	0
20665	0	0	0	0
20666	0	0	0	0
20667	0	0	0	0
20668	0	0	0	0
20669	0	0	0	0
20670	0	0	0	0
20671	0	0	0	0
20672	0	0	0	0
20673	0	0	0	0
20674	0	0	0	0
20675	0	0	0	0
20676	0	0	0	0
20677	0	0	0	0
20678	0	0	0	0
20679	0	0	0	0
20680	0	0	0	0
20681	0	0	0	0
20682	0	0	0	0
20683	0	0	0	0
20684	0	0	0	0
20685	0	0	0	0
20686	0	0	0	0
20687	0	0	0	0
20688	0	0	0	0
20689	0	0	0	1
20690	0	0	0	1
20691	0	0	0	1
20692	0	0	0	1
20693	0	0	0	1
20694	0	0	1	1
20695	0	1	1	1
20696	0	1	1	1
20697	0	2	1	0
20698	0	3	1	1
20699	1	4	1	1
20700	1	5	2	1
20701	3	7	19	6
20702	3	9	18	6
20703	3	8	18	6
20704	3	10	18	6
20705	3	10	19	6
20706	4	9	20	7
20707	3	9	21	10
20708	3	9	22	10
20709	1	5	5	7
20710	1	3	7	5
20711	1	3	7	5
20712	1	2	7	5
20713	1	0	6	5
20714	0	0	6	5
20715	0	0	5	2
20716	0	0	3	2
20717	1	0	3	3
20718	1	1	3	3
20719	1	1	3	2
20720	2	3	4	3
20721	2	3	4	4
20722	2	3	4	4
20723	3	3	4	4
20724	3	3	4	3
20725	2	3	4	2
20726	2	2	2	2
20727	2	2	2	2
20728	1	0	0	1
20729	1	0	0	0
20730	1	0	0	0
20731	1	0	0	0
20732	0	0	0	0
20733	0	0	0	0
20734	0	1	1	0
20735	0	1	1	0
20736	0	2	1	1
20737	0	2	2	1
20738	0	2	2	1
20739	0	2	2	1
20740	0	2	2	1
20741	0	2	2	1
20742	0	2	2	3
20743	1	1	2	3
20744	1	1	2	2
20745	2	0	1	2
20746	2	0	1	2
20747	2	0	1	2
20748	2	0	1	2
20749	2	0	1	2
20750	2	0	1	0
20751	2	0	0	0
20752	1	0	0	0
20753	1	0	0	0
20754	0	0	0	0
20755	0	0	0	0
20756	0	0	0	0
20757	0	0	0	0
20758	0	0	0	0
20759	0	0	0	0
20760	0	0	0	0
20761	0	0	0	0
20762	0	0	0	0
20763	0	0	0	0
20764	0	0	0	0
20765	0	0	0	0
20766	0	0	1	0
20767	0	0	2	0
20768	0	0	2	1
20769	1	0	2	1
20770	1	0	2	1
20771	1	0	1	1
20772	1	0	1	1
20773	1	0	1	1
20774	1	0	0	1
20775	1	0	1	1
20776	1	0	1	0
20777	0	0	1	0
20778	0	0	1	2
20779	0	0	1	2
20780	0	0	1	2
20781	0	1	1	2
20782	0	1	1	2
20783	0	1	0	2
20784	0	1	0	2
20785	0	1	1	2
20786	0	1	1	0
20787	0	1	1	0
20788	0	1	1	0
20789	0	0	1	0
20790	0	0	1	0
20791	0	0	1	0
20792	0	0	1	0
20793	0	0	0	0
20794	0	0	0	0
20795	0	0	0	0
20796	0	0	2	1
20797	1	1	2	2
20798	2	1	3	2
20799	2	2	3	2
20800	2	2	3	2
20801	2	2	3	2
20802	2	2	3	2
20803	2	2	3	3
20804	2	2	2	2
20805	2	1	1	1
20806	0	1	1	1
20807	0	0	1	2
20808	0	1	1	2
20809	0	2	1	4
20810	0	2	1	4
20811	0	2	1	3
20812	0	2	1	3
20813	1	2	1	3
20814	2	2	1	3
20815	2	2	1	8
20816	4	1	0	9
20817	6	0	0	8
20818	8	1	0	9
20819	9	1	2	9
20820	11	1	3	10
20821	10	1	4	11
20822	9	1	5	12
20823	10	1	5	10
20824	9	2	6	5
20825	9	3	6	5
20826	5	3	6	4
20827	4	3	4	4
20828	3	3	3	3
20829	3	2	3	2
20830	3	1	2	1
20831	2	1	1	1
20832	1	0	0	1
20833	1	0	0	1
20834	1	0	0	0
20835	1	0	0	0
20836	1	0	0	0
20837	0	0	0	0
20838	0	0	0	0
20839	0	0	0	0
20840	0	0	0	0
20841	0	0	0	0
20842	1	0	0	0
20843	1	0	0	0
20844	1	0	0	0
20845	1	0	0	0
20846	1	0	0	0
20847	1	0	0	0
20848	1	0	0	0
20849	0	0	0	0
20850	1	1	0	1
20851	1	1	0	1
20852	1	1	0	1
20853	1	1	0	1
20854	1	0	0	1
20855	1	0	0	1
20856	1	2	0	1
20857	2	2	0	1
20858	1	2	1	0
20859	1	2	1	0
20860	1	3	1	0
20861	1	3	1	1
20862	1	3	1	1
20863	1	6	3	1
20864	1	4	3	1
20865	0	4	3	1
20866	0	4	2	1
20867	0	4	2	1
20868	0	3	3	1
20869	1	3	3	0
20870	1	3	3	0
20871	1	1	1	0
20872	1	1	2	0
20873	1	1	2	0
20874	1	1	2	0
20875	1	1	2	0
20876	1	1	2	0
20877	1	1	2	0
20878	0	1	1	0
20879	0	1	1	0
20880	0	1	1	0
20881	0	0	0	0
20882	0	0	0	1
20883	0	0	0	3
20884	0	0	0	3
20885	1	0	0	3
20886	1	0	0	3
20887	1	1	0	3
20888	1	1	0	3
20889	1	1	1	3
20890	1	1	1	3
20891	1	1	1	1
20892	1	1	1	1
20893	0	1	1	0
20894	0	1	1	0
20895	0	0	1	0
20896	0	0	1	0
20897	0	0	0	0
20898	0	0	0	0
20899	1	0	1	0
20900	2	0	1	0
20901	2	0	1	0
20902	2	0	2	0
20903	2	0	4	0
20904	2	0	4	0
20905	2	0	4	0
20906	2	0	4	0
20907	2	0	4	0
20908	2	0	4	0
20909	1	0	4	0
20910	0	0	3	0
20911	1	2	2	0
20912	3	2	3	0
20913	3	3	2	0
20914	3	3	3	0
20915	3	3	2	0
20916	4	3	2	0
20917	4	3	2	0
20918	4	3	2	0
20919	3	1	2	0
20920	1	1	1	1
20921	1	0	1	2
20922	1	0	0	2
20923	1	0	1	3
20924	0	0	1	3
20925	0	0	1	3
20926	0	0	1	3
20927	0	0	1	3
20928	0	0	1	2
20929	0	0	1	1
20930	0	0	1	1
20931	0	0	0	0
20932	0	0	0	0
20933	0	0	0	0
20934	0	0	0	0
20935	0	0	0	0
20936	0	0	0	0
20937	0	0	0	0
20938	0	0	0	0
20939	0	0	0	0
20940	0	0	0	0
20941	0	0	0	0
20942	0	0	0	0
20943	0	0	0	0
20944	0	0	0	0
20945	0	0	0	0
20946	0	0	0	0
20947	0	0	0	0
20948	0	0	0	0
20949	0	0	0	0
20950	0	0	0	0
20951	0	0	0	0
20952	1	0	0	0
20953	2	0	0	0
20954	2	0	0	1
20955	2	2	0	1
20956	2	2	0	1
20957	2	3	0	1
20958	2	3	0	1
20959	2	4	0	1
20960	2	4	0	1
20961	1	4	0	4
20962	0	4	0	4
20963	0	2	0	4
20964	0	2	0	4
20965	0	2	0	3
20966	0	2	0	3
20967	0	2	0	3
20968	0	3	3	3
20969	1	3	3	0
20970	1	3	3	1
20971	1	3	3	1
20972	1	2	3	3
20973	1	2	3	4
20974	1	1	3	4
20975	1	1	3	4
20976	1	1	2	4
20977	0	0	0	4
20978	0	0	0	4
20979	0	0	1	4
20980	0	0	1	3
20981	0	0	1	0
20982	0	0	1	0
20983	0	0	1	0
20984	0	0	1	0
20985	0	0	1	0
20986	0	0	1	0
20987	0	0	0	0
20988	0	0	1	0
20989	0	0	1	0
20990	1	0	1	0
20991	1	0	1	0
20992	1	0	1	0
20993	2	0	1	0
20994	2	0	4	0
20995	2	0	4	0
20996	2	0	3	0
20997	2	0	3	0
20998	1	0	3	0
20999	1	0	3	0
21000	1	0	3	0
21001	0	0	3	2
21002	0	0	0	2
21003	0	0	0	2
21004	0	0	0	3
21005	0	0	0	3
21006	0	0	0	3
21007	0	0	0	3
21008	0	0	0	3
21009	1	0	0	1
21010	1	0	0	1
21011	1	0	0	1
21012	1	0	0	1
21013	1	0	0	1
21014	1	0	0	1
21015	1	1	0	1
21016	1	1	0	1
21017	2	3	1	1
21018	6	8	11	17
21019	6	8	11	17
21020	6	8	11	16
21021	6	8	11	16
21022	6	8	11	16
21023	6	7	11	16
21024	6	7	12	16
21025	5	6	12	16
21026	2	0	1	0
21027	2	1	1	1
21028	0	1	1	5
21029	0	1	1	5
21030	1	2	1	5
21031	1	2	1	5
21032	1	2	1	5
21033	1	2	0	5
21034	0	2	0	5
21035	0	1	0	5
21036	0	1	0	0
21037	0	1	0	0
21038	2	0	0	0
21039	2	0	1	1
21040	3	0	1	1
21041	4	0	1	1
21042	4	0	1	1
21043	4	0	1	2
21044	4	0	1	2
21045	4	0	1	2
21046	2	0	1	3
21047	2	0	0	2
21048	1	0	0	2
21049	1	0	0	2
21050	0	0	0	1
21051	0	0	0	0
21052	0	0	0	0
21053	0	0	0	0
21054	0	0	0	0
21055	0	0	0	0
21056	0	0	0	0
21057	0	0	0	0
21058	0	0	0	0
21059	0	0	0	0
21060	0	0	0	0
21061	0	0	0	0
21062	0	0	0	0
21063	0	0	0	0
21064	0	0	0	0
21065	0	0	0	0
21066	0	0	0	1
21067	0	1	0	1
21068	1	1	0	1
21069	1	1	3	4
21070	2	1	4	4
21071	2	2	5	4
21072	3	7	6	5
21073	6	10	8	5
21074	8	17	11	6
21075	10	18	11	6
21076	9	19	11	7
21077	10	21	10	7
21078	10	21	9	7
21079	10	22	9	7
21080	9	17	8	7
21081	9	18	8	8
21082	7	9	5	6
21083	7	10	7	7
21084	8	10	6	6
21085	6	7	4	5
21086	6	8	4	6
21087	6	7	3	6
21088	7	7	3	6
21089	5	6	4	5
21090	5	7	4	5
21091	5	3	3	4
21092	2	2	2	4
21093	2	2	2	2
21094	1	1	1	0
21095	2	1	1	2
21096	1	1	1	2
21097	1	1	0	2
21098	1	0	0	2
21099	1	0	0	2
21100	1	0	0	3
21101	1	0	0	4
21102	1	0	1	4
21103	1	0	1	4
21104	0	0	1	4
21105	0	1	2	5
21106	0	3	5	6
21107	1	5	7	7
21108	3	5	7	7
21109	3	5	7	6
21110	3	5	7	6
21111	4	5	7	5
21112	4	5	7	4
21113	4	4	7	5
21114	4	4	4	3
21115	3	1	3	4
21116	1	1	3	2
21117	1	1	6	2
21118	1	1	6	2
21119	0	1	6	2
21120	0	2	6	2
21121	0	2	5	2
21122	0	2	4	1
21123	0	2	3	1
21124	0	1	3	0
21125	0	1	0	0
21126	0	1	0	0
21127	0	1	0	1
21128	0	0	0	1
21129	0	1	0	1
21130	0	1	0	2
21131	0	1	0	2
21132	0	1	0	2
21133	0	1	0	2
21134	1	1	0	2
21135	1	1	0	1
21136	1	1	0	2
21137	1	0	0	2
21138	1	0	0	2
21139	1	0	0	2
21140	1	1	0	1
21141	1	1	0	1
21142	1	1	0	1
21143	1	1	0	1
21144	1	1	0	1
21145	1	1	0	0
21146	1	1	0	0
21147	1	1	0	0
21148	1	0	0	0
21149	1	0	0	0
21150	1	0	0	0
21151	1	0	0	0
21152	0	0	0	0
21153	0	0	0	0
21154	0	0	0	0
21155	0	0	0	0
21156	0	0	0	0
21157	0	0	0	0
21158	0	0	0	1
21159	0	0	0	1
21160	0	0	0	1
21161	0	0	0	1
21162	0	1	0	1
21163	0	1	1	1
21164	0	1	1	1
21165	0	1	1	1
21166	0	1	1	0
21167	1	1	1	2
21168	1	1	1	3
21169	2	2	3	3
21170	2	1	3	3
21171	2	2	3	3
21172	2	2	2	5
21173	2	2	2	5
21174	3	2	3	5
21175	3	2	4	4
21176	2	2	4	3
21177	2	1	4	3
21178	2	1	5	4
21179	3	2	3	5
21180	3	2	2	4
21181	3	2	2	3
21182	3	2	0	3
21183	2	2	0	3
21184	3	2	0	2
21185	3	2	0	2
21186	2	1	0	1
21187	1	1	1	1
21188	1	1	1	1
21189	2	1	1	2
21190	2	0	1	2
21191	2	0	1	2
21192	3	0	1	2
21193	2	0	1	2
21194	2	0	1	2
21195	2	0	0	2
21196	2	0	0	2
21197	1	0	0	1
21198	1	0	0	1
21199	1	0	0	1
21200	0	0	0	1
21201	0	0	0	1
21202	0	0	0	1
21203	0	0	0	0
21204	0	0	0	0
21205	0	0	0	0
21206	0	0	1	0
21207	0	0	1	0
21208	0	0	1	0
21209	0	0	1	0
21210	0	0	1	0
21211	0	0	1	0
21212	0	0	1	0
21213	0	0	1	0
21214	0	0	0	0
21215	0	0	0	0
21216	0	0	0	0
21217	0	0	0	0
21218	0	0	0	0
21219	0	0	0	0
21220	0	0	0	0
21221	0	0	0	0
21222	0	0	0	0
21223	0	0	0	0
21224	0	0	0	0
21225	0	0	0	0
21226	0	0	0	0
21227	0	1	0	0
21228	0	1	0	0
21229	0	1	0	0
21230	0	1	0	0
21231	0	1	0	0
21232	0	1	0	0
21233	0	1	0	0
21234	0	1	0	0
21235	0	1	1	0
21236	0	1	1	0
21237	0	1	1	0
21238	0	1	1	0
21239	0	1	1	1
21240	0	5	1	3
21241	0	5	2	3
21242	0	5	2	3
21243	0	4	1	3
21244	0	4	1	3
21245	0	4	1	3
21246	0	4	1	3
21247	0	4	1	2
21248	0	2	1	0
21249	0	0	0	0
21250	0	0	0	0
21251	0	0	0	0
21252	0	0	0	0
21253	0	0	0	0
21254	0	0	0	0
21255	0	0	0	0
21256	0	0	0	0
21257	0	0	0	0
21258	0	0	0	0
21259	0	0	0	0
21260	0	1	1	0
21261	1	1	1	2
21262	2	1	1	2
21263	2	2	2	2
21264	2	3	3	3
21265	2	3	5	3
21266	2	3	6	3
21267	3	4	7	4
21268	3	5	7	5
21269	2	5	7	3
21270	2	4	7	3
21271	1	4	7	4
21272	1	3	5	3
21273	1	2	3	5
21274	2	2	2	5
21275	1	2	1	5
21276	1	3	3	7
21277	2	3	3	8
21278	3	3	3	8
21279	3	3	3	7
21280	3	4	3	7
21281	3	4	3	6
21282	2	5	3	6
21283	2	4	3	5
21284	2	2	2	4
21285	1	2	2	2
21286	0	2	1	2
21287	0	2	0	2
21288	0	1	1	3
21289	0	1	2	4
21290	0	0	2	3
21291	0	0	2	3
21292	0	0	2	3
21293	0	0	2	2
21294	0	0	2	2
21295	0	0	2	2
21296	0	0	1	1
21297	0	0	0	0
21298	0	0	0	0
21299	0	0	0	0
21300	0	0	0	0
21301	0	0	0	0
21302	0	0	0	0
21303	0	0	0	0
21304	0	0	0	0
21305	0	0	0	0
21306	0	0	0	0
21307	0	0	0	0
21308	0	0	0	0
21309	0	0	0	0
21310	0	0	0	0
21311	0	0	0	0
21312	0	2	0	0
21313	0	3	0	0
21314	0	3	0	0
21315	0	3	0	0
21316	0	3	0	1
21317	0	3	0	1
21318	1	3	0	1
21319	2	3	0	1
21320	2	1	0	1
21321	2	1	0	1
21322	2	0	0	1
21323	2	0	0	1
21324	2	0	0	1
21325	2	0	0	1
21326	1	0	0	1
21327	1	0	0	3
21328	1	1	0	3
21329	1	1	0	3
21330	1	1	0	3
21331	1	1	1	3
21332	1	1	1	4
21333	1	1	1	6
21334	1	2	1	4
21335	1	2	1	3
21336	2	2	1	4
21337	1	2	1	6
21338	2	3	1	6
21339	2	3	0	6
21340	2	3	0	7
21341	2	3	0	6
21342	2	4	0	6
21343	3	3	0	7
21344	3	2	1	5
21345	3	3	1	4
21346	3	2	1	4
21347	4	4	1	4
21348	4	4	1	3
21349	4	4	1	3
21350	4	9	1	13
21351	3	10	1	13
21352	2	9	0	11
21353	4	9	0	10
21354	3	8	1	12
21355	2	5	1	12
21356	2	5	1	12
21357	1	5	1	12
21358	1	1	0	5
21359	1	0	0	3
21360	2	1	2	1
21361	2	1	2	1
21362	1	1	2	1
21363	1	1	3	0
21364	1	1	3	0
21365	1	1	3	0
21366	1	1	3	0
21367	1	1	3	0
21368	1	1	3	0
21369	0	1	3	0
21370	1	2	2	0
21371	1	2	1	1
21372	1	2	1	1
21373	1	2	1	2
21374	1	2	1	3
21375	1	2	0	3
21376	1	1	1	3
21377	2	1	2	3
21378	1	1	2	4
21379	2	2	2	4
21380	2	2	2	4
21381	3	4	4	4
21382	5	4	5	4
21383	5	5	6	3
21384	5	6	6	3
21385	4	6	5	3
21386	4	6	6	2
21387	3	5	5	3
21388	3	7	5	4
21389	3	4	3	3
21390	1	4	2	3
21391	1	3	1	3
21392	1	3	1	3
21393	1	5	1	3
21394	3	6	0	3
21395	4	8	0	2
21396	4	7	0	1
21397	4	6	1	0
21398	3	6	1	0
21399	3	6	1	0
21400	3	6	1	0
21401	3	6	1	0
21402	3	3	2	0
21403	0	2	2	0
21404	0	1	2	0
21405	0	2	1	0
21406	0	2	1	1
21407	0	3	5	2
21408	0	7	6	3
21409	0	7	6	3
21410	0	7	5	3
21411	0	6	6	3
21412	0	6	6	3
21413	0	6	6	3
21414	0	6	7	2
21415	0	5	3	1
21416	0	0	3	0
21417	0	0	3	0
21418	0	0	2	0
21419	0	0	2	0
21420	0	0	1	0
21421	0	0	1	0
21422	0	0	1	0
21423	0	0	1	0
21424	0	0	1	0
21425	0	0	1	0
21426	0	0	0	0
21427	0	0	0	0
21428	0	0	0	0
21429	0	0	0	0
21430	0	0	0	0
21431	0	0	0	0
21432	0	1	0	0
21433	0	1	0	0
21434	0	2	0	0
21435	0	2	0	0
21436	0	3	0	0
21437	0	3	0	0
21438	0	5	0	0
21439	0	6	2	2
21440	0	6	2	3
21441	0	6	4	3
21442	0	6	4	3
21443	0	5	4	3
21444	0	6	4	3
21445	0	6	5	4
21446	0	3	6	5
21447	0	2	4	3
21448	0	1	4	2
21449	0	2	2	2
21450	0	2	1	3
21451	0	3	1	3
21452	0	3	1	3
21453	0	2	1	3
21454	0	2	0	0
21455	0	2	0	0
21456	0	2	0	0
21457	0	1	0	0
21458	0	1	0	0
21459	0	0	0	0
21460	0	2	0	1
21461	0	2	1	2
21462	0	2	2	2
21463	0	3	2	4
21464	0	3	2	4
21465	0	5	3	8
21466	0	5	3	8
21467	0	5	3	8
21468	0	4	3	8
21469	0	4	2	7
21470	0	5	2	7
21471	0	5	2	7
21472	0	8	3	6
21473	0	7	2	4
21474	0	9	2	3
21475	0	8	2	3
21476	0	8	4	2
21477	0	7	5	3
21478	0	6	5	3
21479	0	5	5	2
21480	0	4	3	2
21481	0	2	3	1
21482	0	0	3	0
21483	0	1	3	0
21484	0	1	3	0
21485	0	1	0	0
21486	0	1	0	0
21487	0	1	0	0
21488	0	1	0	0
21489	0	2	0	0
21490	0	2	0	0
21491	0	1	0	0
21492	0	1	0	0
21493	0	1	0	0
21494	0	1	0	0
21495	0	1	1	0
21496	0	1	1	0
21497	0	1	1	0
21498	0	1	1	0
21499	0	1	1	0
21500	0	2	3	2
21501	0	2	2	2
21502	0	2	4	2
21503	0	3	4	3
21504	0	3	4	4
21505	0	3	4	4
21506	0	4	4	5
21507	0	5	6	5
21508	0	4	5	6
21509	0	4	5	5
21510	0	3	4	7
21511	0	2	3	6
21512	0	2	6	7
21513	0	2	6	8
21514	0	1	5	7
21515	0	1	3	7
21516	0	0	4	5
21517	0	0	4	5
21518	0	0	5	3
21519	0	1	6	5
21520	0	1	5	3
21521	0	1	3	2
21522	0	2	4	2
21523	0	3	5	2
21524	0	4	5	2
21525	0	4	5	2
21526	0	4	4	2
21527	0	4	3	0
21528	0	3	3	0
21529	0	4	3	0
21530	0	4	2	0
21531	0	4	2	0
21532	0	3	2	0
21533	0	2	1	0
21534	0	2	1	0
21535	0	1	1	0
21536	0	1	1	0
21537	0	1	1	0
21538	0	0	1	0
21539	0	0	0	0
21540	0	0	0	0
21541	0	0	0	1
21542	0	0	1	1
21543	0	0	1	2
21544	0	0	1	2
21545	0	0	1	2
21546	0	0	1	2
21547	0	0	1	2
21548	0	0	1	3
21549	0	0	1	2
21550	0	0	0	3
21551	0	0	0	2
21552	0	0	0	2
21553	0	0	0	2
21554	0	0	0	2
21555	0	0	0	2
21556	0	0	0	1
21557	0	0	0	1
21558	0	0	0	1
21559	0	0	0	0
21560	0	0	0	0
21561	0	0	0	0
21562	1	0	0	0
21563	1	0	2	1
21564	2	7	2	1
21565	2	8	3	3
21566	3	8	3	4
21567	6	8	3	8
21568	8	11	7	9
21569	42	18	14	28
21570	43	24	15	33
21571	52	33	27	40
21572	55	28	27	43
21573	60	30	30	46
21574	62	30	33	47
21575	64	36	40	51
21576	61	35	38	52
21577	40	31	36	46
21578	28	24	29	30
21579	25	23	28	42
21580	23	21	26	39
21581	18	17	20	33
21582	14	16	19	30
21583	1	0	4	5
21584	0	0	3	3
21585	0	1	3	1
21586	0	1	2	1
21587	0	1	2	0
21588	0	1	2	0
21589	0	1	2	0
21590	0	1	2	0
21591	0	1	1	0
21592	0	1	1	0
21593	0	0	1	0
21594	0	0	0	0
21595	0	0	0	0
21596	0	0	0	0
21597	0	0	0	0
21598	0	0	0	0
21599	0	0	0	0
21600	0	0	0	0
21601	0	0	1	1
21602	0	0	1	1
21603	0	0	1	1
21604	0	0	3	1
21605	0	0	3	1
21606	0	0	3	1
21607	0	0	3	1
21608	0	0	4	1
21609	0	0	3	0
21610	0	0	3	1
21611	0	1	3	1
21612	0	1	2	1
21613	0	1	1	1
21614	0	3	1	0
21615	0	3	1	0
21616	0	3	0	0
21617	0	3	0	0
21618	0	3	0	0
21619	0	3	0	0
21620	0	2	0	0
21621	0	3	0	0
21622	0	1	0	0
21623	0	1	0	0
21624	1	1	0	0
21625	1	1	0	0
21626	1	2	0	0
21627	1	2	0	0
21628	1	2	1	0
21629	1	1	1	0
21630	1	1	1	0
21631	1	1	1	0
21632	0	1	1	0
21633	0	1	1	0
21634	0	0	1	0
21635	0	0	1	0
21636	0	0	0	0
21637	0	0	0	0
21638	1	0	0	0
21639	1	0	0	0
21640	1	0	0	0
21641	1	0	0	0
21642	1	0	0	0
21643	1	0	0	0
21644	1	1	1	0
21645	1	1	1	0
21646	0	1	1	0
21647	0	1	1	0
21648	0	2	1	0
21649	0	2	1	0
21650	0	2	1	1
21651	0	2	1	1
21652	1	1	1	1
21653	1	1	0	1
21654	1	1	0	1
21655	1	1	0	1
21656	1	1	0	1
21657	1	1	0	1
21658	1	1	0	0
21659	1	1	0	0
21660	0	1	0	0
21661	0	1	0	0
21662	0	1	0	0
21663	0	1	0	0
21664	0	1	0	1
21665	0	1	0	1
21666	0	0	0	1
21667	0	0	0	1
21668	0	0	0	1
21669	0	0	0	2
21670	0	0	0	2
21671	0	0	0	2
21672	0	1	0	1
21673	0	1	0	1
21674	0	1	0	1
21675	0	1	0	1
21676	0	1	0	1
21677	0	1	1	0
21678	0	1	1	0
21679	0	1	1	0
21680	0	1	1	0
21681	0	1	1	0
21682	0	1	1	1
21683	0	1	1	1
21684	0	2	1	1
21685	0	2	0	1
21686	0	3	0	1
21687	0	3	0	1
21688	0	3	0	2
21689	0	3	0	2
21690	0	4	1	1
21691	0	4	1	2
21692	1	5	1	3
21693	3	7	3	4
21694	3	7	4	4
21695	4	7	4	4
21696	4	7	4	4
21697	4	9	4	3
21698	4	8	3	3
21699	4	8	3	3
21700	3	7	4	4
21701	1	4	2	2
21702	1	3	2	2
21703	1	4	2	2
21704	0	4	2	2
21705	0	2	2	2
21706	0	3	1	2
21707	0	3	1	1
21708	1	2	0	0
21709	1	2	1	0
21710	1	2	1	0
21711	1	1	1	0
21712	1	1	1	0
21713	1	0	1	0
21714	1	0	1	1
21715	1	0	1	1
21716	0	0	1	1
21717	0	0	0	1
21718	0	0	0	1
21719	0	0	0	1
21720	0	0	0	1
21721	0	0	0	1
21722	0	0	0	0
21723	0	0	0	0
21724	0	0	0	0
21725	0	0	0	0
21726	1	3	0	4
21727	2	3	0	7
21728	4	4	2	9
21729	4	5	2	9
21730	5	6	3	10
21731	5	6	3	10
21732	6	6	3	11
21733	6	6	3	11
21734	5	3	3	7
21735	5	4	4	4
21736	2	4	2	6
21737	3	4	2	8
21738	2	3	2	7
21739	2	5	3	7
21740	2	5	3	7
21741	2	5	3	6
21742	2	5	3	7
21743	3	4	2	7
21744	2	4	2	6
21745	2	3	2	2
21746	2	3	2	2
21747	2	2	2	2
21748	1	0	0	2
21749	1	0	0	2
21750	1	0	0	2
21751	1	0	0	1
21752	0	0	0	1
21753	0	0	0	1
21754	0	1	0	1
21755	1	1	0	1
21756	1	1	0	1
21757	1	1	0	0
21758	1	1	0	0
21759	1	1	0	0
21760	1	1	0	0
21761	1	1	0	0
21762	1	0	0	0
21763	0	0	0	0
21764	0	0	0	0
21765	1	0	0	0
21766	1	0	0	0
21767	1	0	0	0
21768	1	0	0	0
21769	1	0	0	0
21770	1	0	0	0
21771	1	0	0	0
21772	1	0	0	0
21773	0	0	0	0
21774	0	0	0	0
21775	0	0	0	0
21776	0	0	0	0
21777	0	0	0	0
21778	0	0	0	0
21779	0	0	0	0
21780	0	0	0	0
21781	0	0	0	0
21782	0	0	0	0
21783	0	0	0	0
21784	0	0	0	0
21785	0	0	1	0
21786	0	0	1	0
21787	0	0	1	0
21788	0	0	1	0
21789	0	0	1	0
21790	0	0	1	0
21791	0	0	1	0
21792	0	0	1	0
21793	0	0	0	0
21794	0	0	0	0
21795	0	0	0	0
21796	0	0	0	0
21797	0	0	0	0
21798	0	0	0	0
21799	0	0	0	0
21800	0	0	0	0
21801	0	0	0	0
21802	0	0	0	0
21803	0	0	0	0
21804	0	0	0	0
21805	0	0	0	0
21806	0	0	0	0
21807	0	0	0	0
21808	0	0	1	0
21809	0	0	1	0
21810	0	0	1	0
21811	0	1	1	0
21812	1	1	1	0
21813	1	1	1	0
21814	1	1	1	0
21815	2	1	1	0
21816	2	1	0	0
21817	2	1	0	1
21818	2	1	0	1
21819	2	0	0	1
21820	2	0	0	1
21821	1	0	1	1
21822	0	0	1	2
21823	0	0	2	2
21824	0	0	3	2
21825	2	0	3	2
21826	4	0	4	3
21827	4	0	4	3
21828	5	0	4	4
21829	5	0	3	4
21830	5	1	5	5
21831	5	1	5	5
21832	5	1	4	5
21833	5	1	4	5
21834	4	1	2	4
21835	4	1	2	4
21836	3	2	3	4
21837	3	2	3	2
21838	3	2	1	1
21839	5	2	1	1
21840	5	2	2	3
21841	3	3	3	3
21842	2	3	3	3
21843	2	3	3	2
21844	2	2	2	10
21845	2	2	2	10
21846	2	2	3	12
21847	1	1	3	13
21848	1	1	2	11
21849	0	0	2	11
21850	0	0	2	11
21851	0	0	1	11
21852	0	0	3	3
21853	0	0	3	3
21854	0	1	2	1
21855	0	1	2	1
21856	0	1	2	0
21857	0	1	2	0
21858	0	1	2	0
21859	0	1	2	0
21860	0	1	1	0
21861	0	1	0	0
21862	0	1	0	0
21863	0	1	0	0
21864	0	0	0	0
21865	0	0	0	0
21866	0	0	0	0
21867	0	0	0	1
21868	1	0	0	1
21869	1	0	0	1
21870	1	0	1	1
21871	1	0	1	3
21872	1	0	1	3
21873	1	0	1	3
21874	1	0	1	3
21875	1	0	1	3
21876	0	0	1	2
21877	0	0	1	2
21878	0	0	0	2
21879	0	0	1	0
21880	1	0	2	0
21881	1	0	2	0
21882	1	0	2	0
21883	2	0	2	0
21884	2	0	2	0
21885	3	0	2	0
21886	3	0	2	0
21887	3	0	1	0
21888	2	0	0	0
21889	2	1	0	0
21890	2	1	0	0
21891	3	1	0	1
21892	3	1	0	1
21893	1	1	0	1
21894	1	1	0	1
21895	0	1	0	1
21896	0	1	0	2
21897	0	0	0	2
21898	0	0	0	2
21899	0	0	0	1
21900	0	0	0	1
21901	0	0	0	1
21902	0	0	1	1
21903	0	0	1	1
21904	1	1	1	0
21905	1	1	1	0
21906	1	1	1	0
21907	1	1	1	0
21908	1	1	1	0
21909	1	1	1	0
21910	2	1	0	0
21911	2	1	0	0
21912	1	0	0	0
21913	1	0	0	0
21914	1	0	0	0
21915	1	1	0	0
21916	1	1	1	1
21917	1	1	1	1
21918	1	1	1	1
21919	0	1	1	1
21920	0	1	1	1
21921	0	1	1	1
21922	0	1	1	1
21923	0	1	1	1
21924	0	0	0	0
21925	0	0	0	0
21926	0	0	0	0
21927	0	0	0	0
21928	0	0	0	0
21929	0	0	0	0
21930	0	0	0	0
21931	0	0	0	0
21932	0	0	0	0
21933	0	0	0	0
21934	0	0	0	0
21935	0	0	0	0
21936	1	0	0	0
21937	1	0	0	0
21938	2	0	0	0
21939	2	1	1	0
21940	3	1	1	0
21941	3	1	1	0
21942	3	1	1	0
21943	3	1	2	0
21944	2	1	2	0
21945	2	1	2	1
21946	2	1	2	1
21947	1	0	1	1
21948	0	1	2	1
21949	1	1	2	1
21950	1	1	2	1
21951	1	2	5	1
21952	1	2	6	2
21953	1	2	6	2
21954	2	2	6	2
21955	4	2	2	2
21956	5	3	4	5
21957	4	3	4	5
21958	5	4	4	5
21959	5	3	4	5
21960	5	5	2	5
21961	6	8	2	4
21962	6	10	5	6
21963	4	10	5	6
21964	2	10	3	6
21965	2	8	4	4
21966	2	8	4	4
21967	1	7	4	4
21968	1	6	4	5
21969	0	3	4	6
21970	0	2	1	5
21971	1	1	1	5
21972	1	0	1	4
21973	1	0	0	4
21974	1	0	0	4
21975	1	0	0	4
21976	1	0	0	4
21977	1	0	0	3
21978	1	0	0	5
21979	1	0	0	3
21980	1	0	0	2
21981	1	1	0	2
21982	0	1	1	2
21983	1	2	2	3
21984	1	2	2	3
21985	1	2	2	3
21986	1	2	3	1
21987	1	2	3	1
21988	1	2	4	1
21989	1	2	4	1
21990	1	1	3	1
21991	1	1	2	0
21992	1	0	2	0
21993	2	2	2	0
21994	2	2	3	0
21995	3	2	4	2
21996	3	3	4	2
21997	3	3	2	2
21998	3	3	3	2
21999	3	3	3	4
22000	3	3	3	3
22001	5	7	5	8
22002	5	8	4	9
22003	4	9	3	8
22004	5	15	7	12
22005	6	15	8	13
22006	9	18	10	15
22007	9	19	11	14
22008	9	18	12	14
22009	6	13	12	9
22010	5	12	10	7
22011	5	11	10	7
22012	5	7	7	3
22013	4	5	5	3
22014	2	2	3	0
22015	2	0	2	0
22016	2	0	1	0
22017	2	0	0	0
22018	2	0	0	0
22019	2	0	0	0
22020	1	0	0	0
22021	1	0	0	0
22022	1	0	0	0
22023	0	0	0	0
22024	1	0	1	0
22025	1	0	1	0
22026	2	0	2	1
22027	2	1	2	1
22028	2	3	2	2
22029	2	3	2	2
22030	2	3	2	2
22031	2	3	3	2
22032	1	3	3	2
22033	1	5	2	2
22034	0	5	2	1
22035	0	5	2	1
22036	1	3	3	0
22037	1	3	3	0
22038	1	2	3	0
22039	1	2	3	0
22040	1	2	3	0
22041	1	2	2	0
22042	1	1	2	0
22043	1	0	1	0
22044	1	0	0	0
22045	0	0	0	0
22046	0	0	0	0
22047	0	0	0	0
22048	0	0	0	0
22049	0	0	0	0
22050	0	0	0	0
22051	0	0	0	0
22052	0	0	0	0
22053	0	0	0	0
22054	0	0	0	0
22055	0	0	0	0
22056	1	0	1	0
22057	3	1	1	0
22058	3	2	2	1
22059	3	2	2	1
22060	4	2	2	1
22061	4	2	2	1
22062	4	2	2	1
22063	4	2	2	1
22064	4	2	1	1
22065	4	2	1	2
22066	3	1	1	2
22067	3	1	2	2
22068	2	1	1	3
22069	1	1	2	3
22070	1	1	2	3
22071	1	1	2	3
22072	1	1	2	3
22073	1	0	2	2
22074	0	0	2	1
22075	0	0	1	1
22076	0	0	2	0
22077	0	2	1	2
22078	0	3	2	3
22079	0	4	3	5
22080	0	5	3	5
22081	0	6	3	5
22082	0	6	3	5
22083	0	6	3	5
22084	0	6	3	5
22085	0	6	3	3
22086	0	6	2	3
22087	0	5	2	2
22088	0	3	1	1
22089	0	3	1	1
22090	0	2	1	1
22091	0	2	1	1
22092	0	2	1	1
22093	0	1	1	1
22094	0	1	1	2
22095	0	0	0	2
22096	0	0	0	2
22097	0	0	0	2
22098	0	0	0	1
22099	1	0	0	2
22100	1	0	1	2
22101	1	0	1	3
22102	1	0	3	3
22103	2	0	3	2
22104	3	0	3	2
22105	4	0	4	3
22106	4	0	5	5
22107	4	0	5	5
22108	4	0	4	5
22109	5	1	4	4
22110	6	2	2	4
22111	6	2	2	4
22112	4	2	2	6
22113	3	2	1	5
22114	3	2	1	3
22115	2	2	1	2
22116	3	2	0	2
22117	3	2	0	2
22118	2	2	1	3
22119	1	1	1	3
22120	1	2	1	5
22121	1	2	1	7
22122	1	2	1	7
22123	1	2	1	7
22124	0	2	1	7
22125	0	2	1	7
22126	0	1	0	9
22127	1	1	0	9
22128	1	0	0	7
22129	1	0	0	3
22130	1	0	0	3
22131	1	1	0	3
22132	1	1	0	4
22133	1	1	0	4
22134	1	1	0	2
22135	1	2	2	1
22136	1	2	2	1
22137	1	2	2	1
22138	2	2	2	1
22139	4	2	2	5
22140	4	2	2	4
22141	4	2	3	4
22142	4	2	3	4
22143	4	1	2	4
22144	4	1	1	4
22145	4	2	2	4
22146	2	3	3	4
22147	1	2	3	4
22148	1	2	3	4
22149	0	2	2	2
22150	0	2	3	2
22151	0	2	3	2
22152	0	3	3	2
22153	2	3	4	4
22154	2	1	3	4
22155	2	1	3	2
22156	2	1	4	3
22157	5	5	5	4
22158	6	7	6	4
22159	6	8	7	5
22160	7	10	8	12
22161	9	11	8	26
22162	11	13	13	26
22163	21	22	20	42
22164	28	26	29	56
22165	29	35	33	71
22166	34	39	41	78
22167	40	45	64	86
22168	41	44	67	84
22169	38	42	67	71
22170	35	42	65	69
22171	26	33	54	57
22172	21	30	51	48
22173	16	19	43	28
22174	10	13	32	19
22175	5	4	7	8
22176	1	1	3	2
22177	1	1	3	1
22178	1	0	2	1
22179	0	0	1	1
22180	0	0	0	0
22181	0	0	0	0
22182	0	0	0	0
22183	0	0	0	0
22184	0	0	0	0
22185	0	0	0	0
22186	0	0	0	0
22187	0	0	0	0
22188	0	0	0	0
22189	0	0	0	0
22190	0	0	0	0
22191	0	0	0	0
22192	0	0	0	0
22193	0	0	0	0
22194	0	0	0	0
22195	0	0	0	0
22196	0	0	0	0
22197	0	0	0	0
22198	0	0	0	0
22199	0	0	0	0
22200	0	0	0	0
22201	0	0	0	0
22202	0	0	0	0
22203	0	0	0	0
22204	0	0	0	0
22205	0	0	0	0
22206	0	0	0	0
22207	0	0	0	0
22208	0	0	0	0
22209	0	0	0	0
22210	0	0	0	0
22211	0	0	0	0
22212	1	0	0	0
22213	1	0	0	0
22214	1	0	0	0
22215	1	0	0	0
22216	1	0	0	0
22217	1	0	0	0
22218	1	0	0	0
22219	1	0	0	0
22220	0	0	0	0
22221	0	0	0	0
22222	0	0	0	0
22223	0	0	0	0
22224	0	0	0	0
22225	0	0	0	0
22226	0	0	0	0
22227	0	0	0	0
22228	0	0	0	0
22229	0	0	0	0
22230	0	0	0	0
22231	0	0	1	0
22232	0	0	3	0
22233	0	0	3	0
22234	0	0	3	0
22235	0	0	3	0
22236	1	0	3	0
22237	1	0	3	0
22238	1	0	4	0
22239	1	0	4	0
22240	1	0	1	1
22241	1	0	2	1
22242	1	0	2	2
22243	1	0	4	2
22244	0	0	4	2
22245	0	0	4	2
22246	0	0	3	2
22247	0	0	3	2
22248	0	0	3	1
22249	0	0	2	1
22250	0	0	2	0
22251	0	1	0	0
22252	0	1	0	0
22253	0	1	0	0
22254	0	1	0	0
22255	0	1	0	0
22256	0	1	0	0
22257	0	1	0	0
22258	0	1	0	0
22259	0	0	0	0
22260	0	0	0	0
22261	0	0	0	0
22262	0	0	0	0
22263	0	0	0	0
22264	0	0	0	0
22265	0	0	0	0
22266	0	0	0	0
22267	0	0	0	0
22268	0	0	0	0
22269	0	0	0	0
22270	1	0	1	0
22271	1	1	1	0
22272	1	1	2	0
22273	1	1	2	0
22274	2	1	2	0
22275	2	1	2	0
22276	2	1	2	0
22277	3	1	2	0
22278	3	1	2	0
22279	3	0	1	0
22280	4	0	1	4
22281	4	0	0	5
22282	4	1	0	5
22283	4	1	0	5
22284	3	1	0	8
22285	2	1	0	8
22286	2	2	0	9
22287	2	2	1	10
22288	2	2	1	7
22289	2	2	1	5
22290	2	1	1	6
22291	2	1	1	6
22292	3	1	1	6
22293	3	1	1	6
22294	2	0	0	2
22295	2	0	0	3
22296	2	1	0	5
22297	1	1	1	5
22298	1	2	2	5
22299	1	2	3	6
22300	1	2	3	6
22301	2	2	3	7
22302	2	2	3	7
22303	3	2	4	6
22304	2	1	4	6
22305	2	1	3	3
22306	3	0	2	3
22307	3	0	2	1
22308	3	0	2	1
22309	2	0	1	0
22310	2	0	1	0
22311	1	0	0	0
22312	1	0	0	0
22313	1	1	0	0
22314	0	1	0	0
22315	0	2	0	0
22316	0	2	1	0
22317	1	2	1	0
22318	1	2	1	0
22319	1	2	1	0
22320	1	2	1	0
22321	1	2	1	0
22322	1	2	1	0
22323	3	1	1	0
22324	3	1	1	1
22325	2	0	0	1
22326	2	0	0	1
22327	2	0	0	1
22328	2	0	0	1
22329	2	0	0	1
22330	2	0	0	1
22331	0	0	0	1
22332	0	0	0	0
22333	0	1	0	0
22334	0	1	0	1
22335	0	1	0	1
22336	0	1	0	1
22337	0	1	0	1
22338	0	1	0	1
22339	1	1	0	1
22340	2	1	1	1
22341	3	0	1	1
22342	3	0	1	1
22343	3	1	1	0
22344	3	1	1	0
22345	3	1	1	0
22346	3	1	1	0
22347	3	1	1	0
22348	3	1	0	0
22349	1	1	0	0
22350	0	1	0	0
22351	0	0	0	0
22352	0	0	0	0
22353	0	0	0	0
22354	0	0	0	0
22355	0	0	0	0
22356	0	0	0	0
22357	0	0	0	0
22358	0	0	0	0
22359	0	0	0	0
22360	0	2	0	1
22361	0	2	0	1
22362	0	3	0	1
22363	0	3	0	1
22364	0	3	0	1
22365	0	3	0	1
22366	0	3	0	1
22367	0	3	0	1
22368	0	2	0	0
22369	0	2	0	0
22370	0	1	0	0
22371	0	0	0	0
22372	0	0	0	0
22373	0	0	0	0
22374	0	0	0	0
22375	0	0	0	0
22376	0	0	0	0
22377	0	0	0	0
22378	0	0	0	0
22379	0	0	0	0
22380	0	0	0	3
22381	0	1	0	3
22382	0	1	1	3
22383	1	1	1	3
22384	1	2	1	4
22385	1	2	1	4
22386	1	2	2	5
22387	2	4	5	6
22388	4	7	6	7
22389	12	7	10	14
22390	13	9	10	28
22391	13	11	10	33
22392	13	11	9	33
22393	13	10	10	34
22394	17	11	16	42
22395	22	13	22	49
22396	25	16	24	51
22397	20	19	22	52
22398	17	18	22	39
22399	18	16	22	39
22400	19	16	23	35
22401	19	17	23	33
22402	16	16	19	24
22403	10	15	16	20
22404	6	7	9	12
22405	4	3	8	10
22406	3	2	5	5
22407	2	2	4	3
22408	1	4	3	2
22409	0	4	4	2
22410	0	4	4	3
22411	0	3	2	4
22412	0	3	2	4
22413	0	4	1	4
22414	0	4	1	3
22415	0	4	1	3
22416	0	3	1	3
22417	0	2	0	2
22418	0	1	0	2
22419	0	1	2	0
22420	0	1	2	0
22421	0	0	3	0
22422	0	0	3	0
22423	0	0	3	0
22424	0	1	3	0
22425	0	1	3	0
22426	0	1	3	0
22427	0	1	1	0
22428	0	1	1	1
22429	0	2	1	1
22430	0	3	0	1
22431	1	3	0	3
22432	1	3	0	3
22433	1	2	0	3
22434	1	2	0	3
22435	2	2	0	3
22436	2	2	0	2
22437	2	1	0	2
22438	2	1	0	2
22439	1	0	0	0
22440	1	0	1	0
22441	1	0	1	1
22442	1	0	2	1
22443	0	0	2	2
22444	0	0	2	4
22445	0	0	2	4
22446	0	0	2	5
22447	0	0	2	6
22448	0	0	1	6
22449	0	1	2	5
22450	1	1	3	6
22451	1	3	2	5
22452	2	4	2	7
22453	2	4	2	5
22454	2	4	2	5
22455	2	5	2	4
22456	2	5	2	4
22457	2	4	2	3
22458	1	4	1	2
22459	1	4	0	2
22460	0	1	0	0
22461	0	1	0	0
22462	0	1	0	0
22463	0	0	0	0
22464	0	0	0	0
22465	0	0	0	0
22466	1	0	0	0
22467	1	0	0	0
22468	1	0	0	0
22469	1	0	0	0
22470	0	0	0	0
22471	0	1	0	0
22472	0	1	0	0
22473	0	1	2	0
22474	0	1	2	0
22475	0	1	2	1
22476	0	2	2	1
22477	0	2	2	1
22478	0	2	2	1
22479	0	1	2	1
22480	1	1	2	1
22481	1	1	0	1
22482	2	1	0	2
22483	3	1	0	2
22484	5	1	1	2
22485	5	1	1	2
22486	5	0	1	3
22487	5	0	1	3
22488	4	1	1	4
22489	4	1	1	4
22490	5	1	1	3
22491	5	1	2	3
22492	2	2	1	1
22493	2	3	1	2
22494	2	3	1	2
22495	2	3	1	2
22496	2	3	1	2
22497	2	3	1	2
22498	2	3	1	2
22499	1	3	0	2
22500	1	4	0	2
22501	0	2	1	1
22502	2	2	1	0
22503	2	2	2	0
22504	2	2	3	0
22505	2	1	4	0
22506	2	1	4	0
22507	2	1	4	0
22508	2	0	4	0
22509	2	0	3	0
22510	2	0	3	0
22511	2	2	3	0
22512	0	2	2	0
22513	1	2	3	0
22514	1	2	2	0
22515	1	2	2	0
22516	1	2	2	0
22517	1	2	2	1
22518	1	2	2	1
22519	2	1	2	2
22520	2	0	2	4
22521	1	0	0	4
22522	1	0	0	4
22523	1	0	1	4
22524	1	0	1	4
22525	1	0	1	3
22526	1	0	1	3
22527	0	0	1	3
22528	0	1	1	4
22529	0	1	3	3
22530	0	1	3	3
22531	1	1	2	3
22532	1	1	2	3
22533	1	2	3	3
22534	1	2	3	4
22535	1	2	3	4
22536	1	1	4	1
22537	1	1	2	1
22538	1	1	3	3
22539	1	1	3	3
22540	1	1	3	3
22541	1	1	3	3
22542	0	1	3	2
22543	0	0	3	2
22544	0	0	2	2
22545	0	0	3	3
22546	0	0	2	2
22547	2	1	3	3
22548	2	1	3	3
22549	2	1	3	3
22550	2	1	3	3
22551	2	2	3	3
22552	2	2	4	4
22553	2	2	4	4
22554	2	2	3	3
22555	0	2	2	2
22556	0	1	2	2
22557	0	1	1	2
22558	0	2	1	3
22559	0	2	1	3
22560	1	2	1	2
22561	1	2	0	2
22562	1	2	0	1
22563	1	2	0	1
22564	1	2	0	1
22565	1	2	0	1
22566	1	1	0	0
22567	1	1	0	0
22568	0	1	0	0
22569	0	1	0	0
22570	0	1	0	0
22571	0	1	0	0
22572	0	0	0	0
22573	0	0	0	0
22574	0	0	0	0
22575	0	0	0	0
22576	0	0	0	0
22577	0	0	0	0
22578	2	4	1	0
22579	2	4	1	0
22580	2	4	1	0
22581	2	4	1	0
22582	2	4	1	0
22583	2	4	1	0
22584	2	4	1	0
22585	2	4	1	0
22586	0	1	0	1
22587	0	0	0	1
22588	0	0	0	1
22589	0	0	0	1
22590	0	0	0	1
22591	0	0	0	1
22592	0	0	0	1
22593	0	0	0	1
22594	0	0	0	0
22595	0	0	0	0
22596	0	0	0	0
22597	0	1	0	0
22598	0	1	0	0
22599	0	1	0	0
22600	0	2	0	0
22601	0	2	1	1
22602	1	2	1	1
22603	1	2	1	2
22604	1	2	1	2
22605	1	1	2	2
22606	1	1	2	2
22607	1	1	2	2
22608	1	0	2	2
22609	1	0	1	1
22610	1	0	1	1
22611	1	0	1	0
22612	1	0	1	0
22613	1	0	2	0
22614	1	0	1	0
22615	1	1	1	0
22616	1	1	1	0
22617	1	1	1	0
22618	1	1	1	0
22619	0	1	1	0
22620	0	1	1	1
22621	0	1	0	1
22622	0	3	1	1
22623	0	2	1	1
22624	0	2	2	1
22625	0	2	2	1
22626	1	2	2	1
22627	1	2	2	3
22628	1	2	2	6
22629	1	3	3	6
22630	1	1	2	6
22631	1	1	3	6
22632	1	1	2	6
22633	1	1	2	7
22634	0	1	3	7
22635	1	1	3	9
22636	1	1	3	6
22637	1	0	2	4
22638	1	0	2	4
22639	1	1	1	4
22640	1	1	1	4
22641	1	1	1	4
22642	1	1	2	4
22643	0	1	2	2
22644	0	1	1	1
22645	0	1	1	1
22646	1	1	1	1
22647	1	0	1	2
22648	1	0	1	2
22649	1	0	1	3
22650	1	0	1	2
22651	2	0	1	2
22652	2	0	1	2
22653	2	1	0	2
22654	1	1	0	2
22655	1	1	0	1
22656	1	2	0	1
22657	1	2	0	0
22658	1	2	0	0
22659	0	2	0	0
22660	0	2	0	0
22661	0	1	1	0
22662	0	2	1	0
22663	0	2	1	0
22664	0	1	1	0
22665	0	1	1	0
22666	0	1	1	0
22667	0	1	1	0
22668	0	1	1	0
22669	0	1	0	0
22670	0	0	0	0
22671	0	0	0	0
22672	0	0	0	0
22673	0	0	0	0
22674	0	0	0	0
22675	0	0	0	0
22676	0	0	0	0
22677	0	0	0	0
22678	0	0	1	0
22679	0	0	1	0
22680	0	0	1	0
22681	2	0	2	0
22682	2	2	2	0
22683	4	2	3	2
22684	4	2	5	2
22685	6	3	6	2
22686	6	4	5	2
22687	7	5	6	2
22688	7	5	6	2
22689	5	5	6	3
22690	6	3	5	4
22691	4	3	4	4
22692	5	4	2	3
22693	5	4	2	3
22694	3	4	2	3
22695	2	3	3	5
22696	2	3	2	5
22697	2	3	2	4
22698	2	3	2	3
22699	1	2	2	2
22700	0	1	2	2
22701	0	0	2	2
22702	0	0	1	2
22703	0	0	0	0
22704	0	0	1	1
22705	0	0	1	2
22706	0	0	1	2
22707	0	0	1	2
22708	0	0	1	2
22709	0	0	1	2
22710	0	0	1	2
22711	1	0	1	2
22712	1	1	1	2
22713	2	1	1	1
22714	2	1	1	1
22715	2	1	1	1
22716	2	2	1	1
22717	2	2	1	1
22718	2	2	1	1
22719	2	2	1	3
22720	2	2	1	3
22721	0	2	1	4
22722	0	1	1	5
22723	0	2	1	6
22724	0	1	1	6
22725	0	2	1	6
22726	0	2	1	6
22727	0	3	2	4
22728	0	3	2	3
22729	0	3	1	2
22730	0	3	1	2
22731	0	2	2	2
22732	0	2	2	3
22733	0	1	2	3
22734	0	1	2	2
22735	0	0	1	2
22736	0	0	1	2
22737	0	0	1	2
22738	0	0	1	2
22739	0	0	0	1
22740	0	0	1	1
22741	1	0	1	0
22742	1	0	1	0
22743	1	0	1	0
22744	1	0	1	0
22745	1	0	1	0
22746	1	0	1	0
22747	1	1	2	0
22748	1	1	1	0
22749	0	1	2	0
22750	0	1	2	0
22751	0	1	2	0
22752	0	1	2	0
22753	0	1	3	0
22754	0	1	4	1
22755	0	1	4	2
22756	3	1	3	2
22757	3	2	2	2
22758	3	2	2	4
22759	4	2	2	5
22760	4	2	2	5
22761	4	2	1	5
22762	4	2	1	4
22763	4	1	0	3
22764	3	1	0	3
22765	2	0	2	3
22766	2	0	2	2
22767	1	1	2	1
22768	2	1	2	1
22769	2	2	2	1
22770	2	2	2	0
22771	2	2	2	0
22772	2	2	2	0
22773	2	2	2	0
22774	1	2	1	2
22775	1	2	1	3
22776	1	2	1	3
22777	0	2	1	3
22778	1	1	1	4
22779	1	2	1	4
22780	1	2	1	4
22781	1	2	1	4
22782	1	2	1	2
22783	1	2	1	1
22784	1	1	1	1
22785	1	1	0	1
22786	0	1	0	0
22787	0	0	0	0
22788	0	0	0	0
22789	0	0	0	0
22790	0	0	0	0
22791	0	0	0	0
22792	0	0	0	0
22793	0	0	0	0
22794	0	0	0	0
22795	0	0	0	0
22796	0	0	0	0
22797	0	0	1	0
22798	0	1	3	1
22799	1	1	3	1
22800	1	2	4	2
22801	1	3	5	2
22802	1	3	7	2
22803	2	3	7	2
22804	2	3	7	2
22805	2	4	7	2
22806	2	3	5	1
22807	1	3	4	1
22808	1	3	3	0
22809	2	1	4	0
22810	3	1	2	0
22811	3	1	1	0
22812	4	1	1	0
22813	4	0	3	0
22814	3	0	3	0
22815	3	0	3	0
22816	3	0	3	0
22817	4	0	2	0
22818	2	0	2	0
22819	2	0	2	3
22820	1	0	2	4
22821	1	0	1	4
22822	1	0	1	4
22823	2	2	2	6
22824	5	2	4	7
22825	8	4	7	8
22826	9	7	10	12
22827	9	7	10	12
22828	9	8	9	12
22829	10	8	11	12
22830	10	7	12	12
22831	9	6	13	11
22832	7	6	13	9
22833	3	4	8	8
22834	2	2	6	4
22835	2	2	5	3
22836	2	2	6	3
22837	3	4	5	6
22838	4	3	3	7
22839	4	2	2	7
22840	4	2	3	7
22841	5	2	3	8
22842	6	2	3	9
22843	6	2	5	10
22844	6	2	4	8
22845	6	3	3	8
22846	3	1	3	5
22847	3	1	3	3
22848	3	1	2	3
22849	3	1	2	2
22850	1	1	2	2
22851	1	1	0	0
22852	1	1	0	0
22853	0	0	0	0
22854	0	0	0	0
22855	0	0	0	0
22856	0	0	0	0
22857	0	0	0	0
22858	0	0	0	0
22859	0	0	0	0
22860	0	0	0	0
22861	0	0	0	0
22862	0	0	0	0
22863	0	0	0	0
22864	0	0	0	0
22865	0	0	0	0
22866	0	0	0	0
22867	0	0	0	0
22868	0	0	0	0
22869	0	0	0	0
22870	0	0	0	1
22871	0	0	0	1
22872	0	0	0	1
22873	0	0	0	1
22874	0	0	0	2
22875	0	1	0	2
22876	0	1	0	2
22877	0	1	0	2
22878	0	1	0	1
22879	0	1	0	1
22880	0	1	0	1
22881	0	1	0	1
22882	0	1	0	1
22883	0	0	0	0
22884	0	0	0	0
22885	0	1	0	0
22886	0	2	0	0
22887	0	2	0	0
22888	0	2	0	0
22889	0	2	0	0
22890	0	2	0	0
22891	0	2	0	0
22892	1	2	0	0
22893	1	1	0	0
22894	1	1	0	0
22895	1	0	0	0
22896	1	0	0	0
22897	2	0	0	0
22898	2	0	0	0
22899	2	0	0	0
22900	1	0	0	0
22901	2	0	1	0
22902	2	0	2	0
22903	2	0	2	1
22904	2	0	2	1
22905	2	0	3	2
22906	2	0	3	5
22907	1	0	3	5
22908	2	1	3	6
22909	2	1	2	8
22910	1	1	2	8
22911	1	1	2	7
22912	1	1	1	7
22913	1	1	0	6
22914	1	1	0	3
22915	1	1	0	3
22916	1	1	0	2
22917	1	0	0	1
22918	0	0	0	0
22919	0	0	0	0
22920	0	0	0	0
22921	0	1	0	0
22922	0	1	0	1
22923	0	1	0	1
22924	0	2	0	1
22925	1	2	0	2
22926	1	2	0	2
22927	1	2	0	2
22928	1	2	0	2
22929	1	3	0	2
22930	1	4	1	2
22931	1	4	1	1
22932	1	4	1	1
22933	0	3	1	0
22934	0	3	1	0
22935	0	3	1	0
22936	0	3	1	0
22937	0	2	1	0
22938	0	0	0	0
22939	0	0	0	0
22940	1	0	0	1
22941	1	0	0	1
22942	1	0	0	2
22943	1	0	0	2
22944	1	1	0	2
22945	1	1	0	2
22946	1	2	0	2
22947	1	2	0	2
22948	0	2	0	1
22949	0	2	1	1
22950	0	2	2	0
22951	0	2	3	0
22952	0	2	4	0
22953	0	2	4	0
22954	0	0	4	0
22955	0	0	6	2
22956	0	0	7	3
22957	0	0	6	3
22958	1	0	5	3
22959	1	0	4	3
22960	1	0	3	3
22961	1	0	2	3
22962	1	0	3	3
22963	1	0	4	4
22964	1	0	3	1
22965	1	0	4	2
22966	0	0	4	2
22967	0	0	5	5
22968	0	0	5	5
22969	0	0	5	5
22970	0	1	4	5
22971	0	1	3	7
22972	0	1	2	6
22973	0	2	1	5
22974	0	3	1	5
22975	0	3	1	4
22976	0	3	0	2
22977	0	3	0	2
22978	0	2	0	2
22979	0	2	0	0
22980	0	2	0	0
22981	0	2	0	0
22982	0	0	0	0
22983	0	0	0	0
22984	0	0	0	0
22985	0	0	0	0
22986	0	0	0	0
22987	0	0	0	0
22988	0	0	0	0
22989	0	0	0	0
22990	0	0	0	0
22991	0	0	0	0
22992	0	0	0	0
22993	0	0	0	0
22994	0	0	0	0
22995	0	0	0	0
22996	0	0	0	0
22997	0	0	0	0
22998	1	0	0	0
22999	1	0	0	0
23000	1	0	0	0
23001	1	0	0	1
23002	1	0	0	1
23003	1	0	0	1
23004	2	1	0	1
23005	2	1	0	1
23006	1	1	0	1
23007	1	1	0	1
23008	1	1	0	1
23009	1	1	0	0
23010	1	2	0	0
23011	1	2	0	0
23012	1	2	1	0
23013	0	3	2	1
23014	0	2	2	1
23015	0	2	2	2
23016	0	2	2	4
23017	0	2	2	4
23018	0	2	2	5
23019	0	2	2	6
23020	0	2	1	7
23021	0	2	1	7
23022	0	2	3	6
23023	1	2	3	5
23024	1	2	5	5
23025	1	2	6	6
23026	1	2	7	5
23027	1	1	7	6
23028	1	1	7	3
23029	2	0	8	3
23030	2	0	5	2
23031	1	0	5	2
23032	1	0	4	2
23033	2	0	2	1
23034	2	0	1	1
23035	2	0	1	1
23036	2	0	1	1
23037	1	0	0	1
23038	1	0	0	2
23039	1	0	0	3
23040	1	0	1	3
23041	1	0	1	3
23042	1	0	1	3
23043	1	0	1	3
23044	2	0	1	2
23045	4	0	1	2
23046	4	0	1	1
23047	4	0	1	1
23048	4	0	0	1
23049	3	0	0	0
23050	3	1	0	0
23051	3	1	0	0
23052	3	1	0	0
23053	0	1	0	0
23054	0	1	0	0
23055	0	1	0	0
23056	0	1	0	0
23057	0	1	0	0
23058	0	0	0	0
23059	0	0	0	0
23060	0	0	0	0
23061	0	0	0	0
23062	0	0	0	0
23063	0	0	0	0
23064	0	0	0	0
23065	1	0	0	0
23066	1	0	0	0
23067	1	0	0	0
23068	1	0	0	0
23069	2	0	0	0
23070	2	0	0	0
23071	2	0	0	0
23072	2	0	0	0
23073	2	0	1	0
23074	1	0	1	0
23075	1	0	1	0
23076	1	0	1	0
23077	0	0	1	0
23078	0	0	1	0
23079	0	1	1	0
23080	0	1	1	0
23081	0	1	0	0
23082	0	1	0	0
23083	0	1	0	0
23084	1	1	0	0
23085	1	1	0	0
23086	1	1	0	0
23087	1	0	0	0
23088	1	0	1	0
23089	1	0	1	0
23090	1	0	1	0
23091	1	0	1	0
23092	0	0	1	0
23093	0	0	1	0
23094	0	1	1	0
23095	0	1	2	0
23096	0	1	2	0
23097	0	1	1	0
23098	0	1	1	0
23099	0	1	1	0
23100	0	1	2	0
23101	0	2	2	0
23102	1	1	2	1
23103	1	2	1	1
23104	2	3	1	2
23105	4	3	1	2
23106	4	3	1	2
23107	4	3	1	2
23108	4	3	0	3
23109	4	1	0	3
23110	3	1	0	2
23111	3	1	0	2
23112	2	0	0	2
23113	2	0	0	2
23114	2	0	0	1
23115	2	0	0	1
23116	1	0	0	1
23117	1	1	0	1
23118	1	1	0	1
23119	1	1	0	1
23120	1	1	0	1
23121	1	1	0	1
23122	1	1	0	1
23123	0	1	0	1
23124	0	1	0	1
23125	0	0	0	1
23126	0	0	1	1
23127	0	0	1	1
23128	0	0	1	1
23129	0	0	1	0
23130	0	0	2	1
23131	0	0	2	2
23132	0	0	2	2
23133	0	0	2	2
23134	0	0	1	2
23135	0	0	1	2
23136	1	0	1	2
23137	1	0	1	3
23138	1	0	1	3
23139	1	0	0	1
23140	1	0	0	1
23141	1	0	0	1
23142	1	0	0	1
23143	1	0	0	1
23144	0	0	1	1
23145	0	0	1	2
23146	0	0	1	2
23147	1	1	1	2
23148	1	5	0	2
23149	2	6	0	2
23150	3	6	0	2
23151	3	6	0	2
23152	3	6	0	2
23153	3	7	0	1
23154	3	7	0	2
23155	2	7	0	3
23156	3	3	0	3
23157	2	1	0	3
23158	1	1	0	3
23159	1	1	1	3
23160	1	2	2	5
23161	1	4	6	9
23162	2	7	7	9
23163	3	7	8	10
23164	3	8	8	11
23165	4	8	8	10
23166	5	9	8	10
23167	5	9	7	10
23168	8	12	8	10
23169	8	10	7	8
23170	10	7	6	6
23171	11	7	7	5
23172	8	8	7	5
23173	7	8	7	4
23174	6	5	7	4
23175	7	5	7	4
23176	4	4	6	3
23177	4	3	6	2
23178	2	2	3	1
23179	3	2	2	1
23180	3	1	1	0
23181	2	2	1	0
23182	4	2	1	1
23183	3	2	1	4
23184	3	2	1	4
23185	3	2	1	4
23186	3	2	1	4
23187	2	2	0	4
23188	2	1	0	4
23189	2	0	0	4
23190	1	0	0	3
23191	0	0	0	1
23192	1	0	0	0
23193	1	0	0	0
23194	1	0	0	0
23195	1	0	0	0
23196	1	0	0	0
23197	1	0	0	0
23198	1	0	0	0
23199	1	0	0	0
23200	0	0	0	0
23201	0	0	0	0
23202	0	0	0	0
23203	0	0	0	0
23204	0	0	0	0
23205	0	0	0	0
23206	0	0	0	0
23207	0	0	0	0
23208	0	0	0	0
23209	0	0	0	1
23210	0	0	0	2
23211	0	0	0	2
23212	0	1	0	2
23213	0	1	0	2
23214	0	1	0	2
23215	0	1	0	2
23216	0	1	0	2
23217	0	1	0	1
23218	0	9	0	0
23219	0	10	0	0
23220	0	10	0	0
23221	0	9	0	0
23222	0	9	0	0
23223	0	10	0	0
23224	0	10	1	0
23225	1	10	1	0
23226	1	3	2	0
23227	1	2	2	0
23228	1	2	2	1
23229	1	2	2	1
23230	1	4	2	1
23231	1	3	2	1
23232	2	3	1	1
23233	2	2	1	2
23234	1	2	1	4
23235	1	2	0	4
23236	1	3	0	3
23237	3	4	0	3
23238	3	2	0	4
23239	3	2	0	5
23240	2	2	0	6
23241	1	2	0	6
23242	2	2	0	4
23243	2	2	0	3
23244	2	1	0	2
23245	2	1	0	2
23246	1	1	0	1
23247	1	0	0	0
23248	1	0	0	0
23249	1	0	0	0
23250	0	0	0	0
23251	0	0	0	0
23252	0	0	0	0
23253	0	0	0	0
23254	0	0	0	0
23255	0	0	0	1
23256	0	0	0	1
23257	0	0	0	1
23258	0	0	0	1
23259	1	0	0	1
23260	1	0	0	1
23261	2	2	0	1
23262	2	2	0	2
23263	1	2	0	1
23264	1	2	0	1
23265	1	2	0	1
23266	1	2	0	1
23267	1	2	0	1
23268	1	2	0	1
23269	0	0	0	1
23270	0	0	0	0
23271	0	0	0	0
23272	0	0	0	0
23273	0	1	1	0
23274	0	1	1	0
23275	0	1	1	0
23276	0	1	2	0
23277	0	1	2	0
23278	0	1	2	1
23279	0	1	3	1
23280	0	1	3	1
23281	0	0	2	1
23282	0	0	2	1
23283	0	0	3	1
23284	0	0	2	1
23285	0	1	2	1
23286	0	1	2	0
23287	0	1	1	0
23288	0	1	1	0
23289	0	1	1	0
23290	3	1	2	0
23291	3	1	1	0
23292	3	1	1	0
23293	3	1	1	0
23294	3	0	1	0
23295	3	0	1	0
23296	3	0	1	0
23297	3	0	1	0
23298	3	0	1	0
23299	0	0	0	0
23300	0	0	0	1
23301	0	0	0	1
23302	0	0	0	1
23303	0	0	0	1
23304	0	0	0	1
23305	0	0	0	0
23306	0	0	0	0
23307	0	0	1	0
23308	0	0	1	1
23309	0	0	1	1
23310	0	0	1	1
23311	2	0	2	1
23312	2	0	2	1
23313	2	1	2	1
23314	2	1	2	1
23315	2	1	1	1
23316	2	1	1	0
23317	2	2	1	0
23318	2	2	2	0
23319	0	2	1	0
23320	0	2	1	0
23321	0	2	1	0
23322	0	1	1	0
23323	0	1	1	0
23324	0	1	2	0
23325	0	0	2	0
23326	0	0	2	1
23327	1	0	2	2
23328	1	0	2	2
23329	1	0	3	2
23330	1	1	3	3
23331	1	2	3	4
23332	1	2	4	4
23333	2	2	3	5
23334	2	3	2	6
23335	2	7	20	20
23336	1	7	20	21
23337	1	7	20	22
23338	1	6	19	21
23339	5	6	20	21
23340	6	6	22	21
23341	91	48	106	73
23342	91	47	106	71
23343	91	47	90	69
23344	91	43	89	56
23345	92	43	88	55
23346	92	43	88	55
23347	90	43	88	55
23348	89	43	89	55
23349	2	1	3	4
23350	1	0	3	2
23351	1	0	3	0
23352	1	0	2	0
23353	0	0	2	0
23354	0	0	2	0
23355	0	0	2	0
23356	0	0	2	0
23357	0	1	1	0
23358	0	1	0	0
23359	0	1	1	1
23360	0	1	1	1
23361	0	1	1	1
23362	0	1	1	1
23363	1	1	1	1
23364	1	2	1	1
23365	1	2	1	1
23366	1	1	2	1
23367	2	1	2	1
23368	2	1	1	1
23369	2	1	1	1
23370	3	1	1	1
23371	2	1	1	1
23372	2	1	1	1
23373	3	0	1	1
23374	3	0	1	1
23375	2	0	0	0
23376	2	0	0	0
23377	2	0	0	0
23378	1	0	0	0
23379	1	0	0	0
23380	1	0	0	0
23381	1	0	0	0
23382	1	0	0	0
23383	0	0	1	1
23384	1	0	1	1
23385	1	0	2	1
23386	1	1	2	1
23387	1	1	2	2
23388	1	1	2	2
23389	1	1	2	2
23390	2	1	2	2
23391	3	1	2	2
23392	2	0	1	1
23393	3	1	0	2
23394	3	3	0	3
23395	3	3	0	2
23396	3	3	0	2
23397	3	4	0	2
23398	2	4	0	2
23399	1	4	2	2
23400	1	4	2	2
23401	1	3	2	1
23402	1	2	2	1
23403	1	1	2	0
23404	1	2	2	0
23405	1	1	2	0
23406	1	2	2	0
23407	1	2	1	0
23408	1	2	0	0
23409	1	3	0	0
23410	0	3	0	0
23411	0	3	1	0
23412	0	3	1	0
23413	0	3	1	0
23414	0	2	2	0
23415	1	3	2	0
23416	1	3	2	2
23417	1	2	2	2
23418	1	2	2	2
23419	2	2	1	3
23420	2	2	1	3
23421	2	1	1	3
23422	2	1	1	3
23423	2	0	0	3
23424	1	0	0	3
23425	1	0	2	1
23426	1	0	3	2
23427	0	0	3	1
23428	0	0	3	1
23429	0	0	3	1
23430	0	0	3	1
23431	1	0	3	1
23432	1	0	3	1
23433	1	0	3	1
23434	1	0	1	1
23435	2	0	0	1
23436	2	0	0	1
23437	2	0	1	0
23438	2	0	1	0
23439	1	0	1	0
23440	2	0	1	0
23441	2	0	1	0
23442	2	0	1	0
23443	1	0	1	0
23444	1	0	1	0
23445	1	0	0	0
23446	1	0	0	0
23447	1	0	0	0
23448	0	0	0	0
23449	0	0	0	0
23450	0	0	0	0
23451	0	0	0	0
23452	0	0	0	0
23453	0	0	0	0
23454	0	0	0	0
23455	0	0	0	0
23456	0	0	0	0
23457	0	0	0	0
23458	0	0	0	0
23459	0	0	0	0
23460	0	0	0	0
23461	0	0	0	0
23462	0	0	0	0
23463	0	0	0	0
23464	0	0	0	0
23465	0	0	0	0
23466	0	0	0	0
23467	0	0	0	0
23468	0	0	1	0
23469	0	0	2	0
23470	0	0	2	0
23471	0	0	2	0
23472	0	0	2	0
23473	0	0	2	0
23474	0	0	2	0
23475	0	0	2	1
23476	0	0	1	2
23477	0	0	2	3
23478	0	0	2	3
23479	0	0	2	3
23480	0	0	3	3
23481	0	0	3	3
23482	1	0	3	3
23483	1	1	3	4
23484	1	1	3	2
23485	1	2	3	2
23486	1	2	1	1
23487	1	2	1	1
23488	2	3	0	1
23489	2	3	0	1
23490	1	3	0	1
23491	1	3	0	0
23492	1	2	0	0
23493	1	0	0	0
23494	1	0	0	0
23495	1	0	0	0
23496	1	0	0	0
23497	0	0	0	1
23498	0	0	0	1
23499	0	0	0	1
23500	0	0	0	1
23501	0	0	0	1
23502	0	0	0	1
23503	0	0	0	1
23504	0	0	1	1
23505	0	0	1	0
23506	0	0	1	0
23507	0	0	1	0
23508	0	0	1	0
23509	0	0	1	0
23510	0	0	1	0
23511	0	0	1	0
23512	0	0	0	0
23513	0	0	0	0
23514	0	0	0	0
23515	0	0	0	0
23516	0	0	1	0
23517	0	0	1	0
23518	0	0	2	0
23519	1	0	2	0
23520	1	0	2	0
23521	1	0	2	0
23522	1	0	2	0
23523	1	0	2	0
23524	1	0	1	0
23525	1	0	1	0
23526	1	0	1	0
23527	0	0	0	0
23528	0	0	1	0
23529	0	0	1	0
23530	0	0	1	0
23531	0	0	1	0
23532	0	0	1	0
23533	0	1	1	0
23534	2	1	1	0
23535	2	1	2	0
23536	2	1	1	0
23537	2	1	1	0
23538	2	1	1	0
23539	2	1	1	0
23540	2	1	1	0
23541	2	0	1	0
23542	1	0	1	0
23543	1	0	0	0
23544	1	0	0	0
23545	0	0	0	0
23546	0	0	1	0
23547	0	0	2	0
23548	0	0	2	0
23549	0	0	2	0
23550	0	0	2	0
23551	0	0	2	0
23552	0	0	2	0
23553	0	0	2	0
23554	0	0	2	0
23555	0	0	0	0
23556	0	0	0	0
23557	0	1	0	0
23558	0	1	0	0
23559	0	1	0	0
23560	0	1	0	0
23561	0	1	0	0
23562	0	1	0	0
23563	0	1	1	0
23564	0	1	1	0
23565	0	0	1	0
23566	0	0	1	0
23567	0	0	1	0
23568	0	0	1	0
23569	0	0	1	0
23570	0	0	1	0
23571	0	0	0	0
23572	0	0	0	0
23573	0	0	0	0
23574	0	0	0	0
23575	0	0	0	0
23576	0	0	0	0
23577	0	0	0	0
23578	0	0	0	0
23579	0	0	0	0
23580	0	0	0	0
23581	0	0	0	0
23582	0	0	0	0
23583	0	0	0	0
23584	0	0	0	0
23585	0	0	0	0
23586	0	0	0	0
23587	0	0	0	0
23588	0	0	0	0
23589	0	0	0	0
23590	0	0	0	0
23591	0	0	0	0
23592	0	0	0	0
23593	0	0	0	0
23594	0	0	0	0
23595	0	0	0	0
23596	0	0	0	0
23597	0	0	0	0
23598	0	0	0	0
23599	0	0	0	0
23600	0	0	0	0
23601	0	0	0	0
23602	0	0	0	0
23603	0	0	0	0
23604	0	0	0	0
23605	0	0	0	0
23606	0	0	0	0
23607	0	0	0	0
23608	0	0	0	0
23609	0	0	0	0
23610	0	0	0	0
23611	0	0	0	0
23612	0	0	0	0
23613	0	0	0	0
23614	0	0	0	0
23615	0	0	0	0
23616	0	0	0	0
23617	0	0	0	0
23618	0	0	0	0
23619	0	0	0	0
23620	0	0	0	0
23621	0	0	0	0
23622	0	0	0	1
23623	0	0	0	1
23624	0	0	0	1
23625	0	0	0	1
23626	0	0	0	1
23627	0	0	0	1
23628	0	0	0	1
23629	0	0	0	1
23630	0	0	0	0
23631	0	0	0	0
23632	0	0	1	1
23633	0	0	1	1
23634	0	0	2	1
23635	0	0	2	1
23636	0	0	2	1
23637	0	1	2	1
23638	1	2	2	1
23639	1	2	2	1
23640	1	2	1	0
23641	1	2	1	0
23642	1	2	0	0
23643	1	3	0	0
23644	1	3	0	0
23645	1	3	0	1
23646	1	2	0	1
23647	0	2	0	1
23648	0	1	0	1
23649	0	1	0	1
23650	0	2	0	1
23651	0	1	0	1
23652	0	1	0	1
23653	0	1	0	1
23654	0	1	0	1
23655	0	1	0	1
23656	0	1	0	1
23657	0	1	0	1
23658	0	0	0	1
23659	0	0	0	1
23660	0	0	0	1
23661	0	0	0	1
23662	0	0	0	2
23663	0	1	0	2
23664	0	1	0	1
23665	0	2	0	1
23666	1	2	0	1
23667	1	2	0	1
23668	1	2	0	1
23669	1	2	0	1
23670	2	4	0	5
23671	2	4	0	4
23672	2	4	0	4
23673	3	3	0	4
23674	4	3	0	5
23675	4	3	1	5
23676	4	3	1	5
23677	4	3	1	5
23678	3	2	1	1
23679	3	1	1	1
23680	3	0	1	1
23681	3	0	1	1
23682	2	0	1	0
23683	1	0	1	0
23684	0	0	0	0
23685	0	1	1	1
23686	0	1	3	1
23687	0	1	3	2
23688	0	1	3	2
23689	0	1	3	2
23690	0	1	3	3
23691	0	1	3	3
23692	0	1	4	9
23693	0	1	4	9
23694	0	1	2	9
23695	0	1	1	7
23696	0	1	1	7
23697	0	1	1	7
23698	0	1	1	6
23699	0	1	1	6
23700	0	1	0	0
23701	0	1	0	0
23702	0	1	0	0
23703	0	1	1	0
23704	0	1	1	0
23705	0	0	1	0
23706	0	0	1	0
23707	1	1	1	0
23708	2	1	1	0
23709	2	1	1	0
23710	2	1	2	0
23711	2	1	2	2
23712	2	1	2	2
23713	2	1	2	2
23714	2	1	2	2
23715	1	2	2	2
23716	2	2	2	2
23717	2	2	2	2
23718	2	2	1	2
23719	2	2	0	1
23720	3	2	0	0
23721	3	2	0	0
23722	3	2	0	1
23723	3	1	0	1
23724	2	0	0	1
23725	2	0	0	1
23726	2	0	1	0
23727	2	0	1	0
23728	2	0	2	0
23729	2	0	3	1
23730	2	1	3	1
23731	2	1	3	1
23732	2	1	2	1
23733	2	1	2	1
23734	1	1	2	1
23735	2	1	1	1
23736	1	1	1	2
23737	1	1	1	1
23738	1	0	0	1
23739	1	0	0	1
23740	1	0	1	2
23741	1	0	1	2
23742	2	0	1	3
23743	1	0	1	3
23744	1	0	1	2
23745	1	0	1	2
23746	1	0	1	2
23747	1	0	1	2
23748	1	1	0	1
23749	1	1	1	1
23750	0	1	1	2
23751	0	1	1	2
23752	0	1	1	2
23753	0	1	1	3
23754	0	1	1	3
23755	0	1	1	3
23756	0	1	1	4
23757	0	1	0	4
23758	0	0	0	3
23759	0	0	1	3
23760	0	0	1	3
23761	0	0	1	2
23762	1	0	1	2
23763	1	0	1	2
23764	1	1	1	1
23765	1	1	1	1
23766	1	1	1	1
23767	4	1	1	0
23768	4	1	1	0
23769	4	1	1	0
23770	4	2	1	0
23771	3	2	1	0
23772	3	1	1	0
23773	3	1	1	0
23774	3	2	1	0
23775	2	2	0	0
23776	0	3	0	0
23777	0	3	0	1
23778	0	3	0	1
23779	0	3	0	3
23780	0	3	0	3
23781	0	4	0	3
23782	0	2	0	3
23783	1	2	0	3
23784	1	1	1	3
23785	1	1	1	2
23786	1	1	1	2
23787	1	0	1	1
23788	1	0	1	0
23789	1	0	1	0
23790	1	0	1	0
23791	2	0	1	0
23792	2	0	1	1
23793	2	0	1	1
23794	2	0	0	1
23795	1	0	0	1
23796	1	0	0	2
23797	1	0	0	2
23798	1	1	0	2
23799	0	1	0	2
23800	0	1	1	1
23801	0	2	1	1
23802	0	2	1	1
23803	1	2	2	1
23804	2	2	2	0
23805	2	2	2	0
23806	2	1	2	0
23807	2	2	2	1
23808	2	3	1	2
23809	2	2	1	2
23810	2	4	1	2
23811	1	4	0	2
23812	1	5	0	2
23813	1	5	0	2
23814	1	5	0	3
23815	1	5	0	2
23816	0	3	0	1
23817	1	3	0	2
23818	2	2	0	2
23819	2	2	0	3
23820	3	1	1	3
23821	3	2	1	3
23822	3	2	1	3
23823	3	2	1	3
23824	3	2	1	3
23825	4	2	1	2
23826	2	2	1	1
23827	2	3	1	0
23828	1	2	0	0
23829	1	1	0	0
23830	1	1	0	1
23831	1	1	0	1
23832	1	1	1	1
23833	1	1	1	2
23834	1	1	1	2
23835	1	1	1	2
23836	1	1	1	2
23837	1	1	1	2
23838	1	1	1	1
23839	1	1	1	1
23840	1	1	0	1
23841	2	2	0	4
23842	2	2	1	4
23843	1	1	1	4
23844	1	1	1	4
23845	1	1	1	4
23846	1	1	1	4
23847	1	1	1	4
23848	1	1	1	4
23849	0	0	1	1
23850	0	0	0	1
23851	1	0	0	0
23852	1	0	0	0
23853	1	0	0	0
23854	1	0	0	0
23855	1	0	0	0
23856	1	1	0	0
23857	1	1	0	0
23858	1	1	0	0
23859	0	1	0	0
23860	0	1	0	0
23861	0	2	0	8
23862	0	2	0	8
23863	0	2	0	8
23864	0	2	0	9
23865	0	1	0	9
23866	0	1	0	9
23867	0	1	0	9
23868	0	1	0	9
23869	0	0	0	1
23870	0	0	0	1
23871	0	1	0	1
23872	0	1	0	0
23873	0	2	0	0
23874	0	2	0	0
23875	0	2	0	0
23876	0	2	0	0
23877	0	1	0	0
23878	0	1	0	0
23879	0	1	1	0
23880	1	1	1	1
23881	1	1	1	1
23882	1	1	3	1
23883	1	1	3	1
23884	2	2	4	2
23885	2	6	4	3
23886	2	6	4	3
23887	2	7	4	3
23888	1	8	4	2
23889	1	9	4	2
23890	2	8	2	2
23891	2	9	2	2
23892	2	9	2	1
23893	2	8	3	1
23894	2	7	5	1
23895	2	5	4	1
23896	2	4	4	1
23897	2	3	4	1
23898	1	2	4	1
23899	1	1	4	1
23900	1	1	4	1
23901	1	1	4	1
23902	0	0	0	1
23903	0	0	0	1
23904	0	1	1	0
23905	0	1	1	0
23906	0	1	1	0
23907	0	1	1	0
23908	0	1	1	0
23909	0	1	1	0
23910	0	1	1	0
23911	0	1	1	0
23912	2	1	0	0
23913	2	1	0	0
23914	3	1	0	0
23915	4	1	0	0
23916	4	1	0	0
23917	4	1	0	0
23918	4	1	2	48
23919	4	2	3	50
23920	2	2	3	51
23921	2	4	4	145
23922	4	5	5	146
23923	5	7	7	162
23924	5	8	8	163
23925	5	9	8	165
23926	6	9	8	165
23927	6	9	8	116
23928	6	8	7	115
23929	6	9	7	21
23930	6	8	7	20
23931	3	4	4	3
23932	2	3	3	2
23933	2	3	4	3
23934	1	2	3	2
23935	1	3	5	3
23936	1	3	5	3
23937	0	1	4	2
23938	1	1	5	2
23939	1	1	5	3
23940	1	1	4	3
23941	1	2	4	2
23942	1	2	4	2
23943	1	1	2	1
23944	2	1	2	1
23945	2	1	2	1
23946	3	1	2	2
23947	3	1	2	2
23948	3	1	3	2
23949	4	1	3	3
23950	4	1	3	3
23951	6	1	2	3
23952	5	1	3	3
23953	5	2	3	4
23954	5	2	3	4
23955	5	4	3	5
23956	7	6	8	5
23957	8	6	10	6
23958	8	6	10	7
23959	8	6	10	7
23960	9	6	10	9
23961	10	5	10	9
23962	11	6	10	9
23963	10	5	10	7
23964	12	6	6	10
23965	11	9	7	10
23966	11	9	7	11
23967	11	9	10	11
23968	9	10	13	12
23969	7	10	14	12
23970	8	8	14	12
23971	8	10	14	13
23972	5	7	12	10
23973	5	7	11	7
23974	5	4	10	5
23975	4	3	9	5
23976	3	3	5	4
23977	4	3	3	2
23978	4	2	3	2
23979	2	1	2	0
23980	2	1	2	0
23981	1	1	2	0
23982	1	0	0	0
23983	1	0	0	0
23984	1	0	0	0
23985	2	0	0	0
23986	1	0	0	1
23987	2	0	0	1
23988	2	0	0	1
23989	2	0	0	1
23990	2	0	0	1
23991	2	0	0	1
23992	2	0	1	1
23993	2	0	1	1
23994	2	0	1	0
23995	0	0	2	0
23996	0	0	2	0
23997	0	0	3	0
23998	0	0	3	0
23999	1	0	3	0
24000	1	0	2	0
24001	1	0	2	0
24002	1	0	2	0
24003	1	0	1	0
24004	1	0	1	0
24005	1	0	0	0
24006	1	0	0	0
24007	1	0	0	0
24008	1	0	0	0
24009	1	0	0	0
24010	0	0	0	0
24011	0	0	0	0
24012	0	0	1	0
24013	0	4	3	0
24014	3	6	5	2
24015	5	9	8	7
24016	5	9	8	7
24017	5	9	8	7
24018	5	9	8	8
24019	6	9	9	8
24020	6	9	8	9
24021	6	7	7	9
24022	6	7	7	9
24023	2	1	1	4
24024	2	1	1	4
24025	2	1	1	3
24026	2	1	1	4
24027	3	1	0	3
24028	3	1	0	3
24029	2	2	0	3
24030	2	2	0	3
24031	1	2	0	2
24032	1	2	0	2
24033	1	1	0	2
24034	1	1	0	2
24035	0	1	0	1
24036	0	1	0	1
24037	0	0	0	1
24038	0	0	0	1
24039	0	0	0	0
24040	0	0	0	0
24041	0	0	0	0
24042	0	0	0	0
24043	0	0	0	0
24044	0	0	0	0
24045	0	0	1	1
24046	0	0	1	1
24047	0	0	1	1
24048	1	0	1	1
24049	1	0	1	1
24050	1	0	1	1
24051	1	0	2	1
24052	1	0	2	1
24053	1	0	2	0
24054	1	0	2	0
24055	1	1	13	9
24056	0	1	15	9
24057	0	1	15	9
24058	0	1	15	9
24059	0	1	15	9
24060	0	1	16	10
24061	0	1	15	10
24062	0	1	15	10
24063	0	0	3	1
24064	0	0	3	1
24065	6	0	2	1
24066	6	0	1	1
24067	10	0	1	1
24068	10	0	1	0
24069	10	1	1	0
24070	10	1	0	0
24071	10	1	0	0
24072	10	1	0	0
24073	10	1	0	0
24074	4	2	0	0
24075	3	2	0	0
24076	2	2	0	0
24077	0	1	0	0
24078	0	1	0	0
24079	0	1	1	0
24080	0	1	1	0
24081	0	1	1	0
24082	0	0	1	1
24083	0	0	1	2
24084	0	0	1	5
24085	0	0	1	5
24086	0	0	0	7
24087	0	0	0	8
24088	0	1	0	9
24089	0	1	0	9
24090	0	1	0	8
24091	0	1	0	7
24092	0	1	0	4
24093	0	1	0	4
24094	0	1	0	2
24095	0	1	0	3
24096	0	0	0	1
24097	0	0	0	1
24098	0	0	0	1
24099	0	0	0	1
24100	0	0	0	1
24101	0	1	0	1
24102	0	1	0	1
24103	0	1	0	0
24104	0	1	0	0
24105	0	1	0	0
24106	0	2	0	0
24107	0	2	0	0
24108	0	2	2	0
24109	0	1	2	0
24110	0	1	2	0
24111	0	1	2	0
24112	0	1	2	0
24113	0	1	2	0
24114	0	0	2	0
24115	1	0	2	0
24116	1	0	0	0
24117	1	0	0	0
24118	1	0	0	0
24119	1	0	0	0
24120	1	0	0	0
24121	1	0	0	0
24122	1	0	0	0
24123	1	0	0	0
24124	0	0	0	0
24125	0	0	0	0
24126	0	0	0	0
24127	0	0	0	0
24128	0	0	0	0
24129	0	0	0	0
24130	0	0	0	0
24131	0	0	0	0
24132	0	0	0	0
24133	0	0	0	0
24134	0	0	0	0
24135	0	0	0	0
24136	0	0	0	0
24137	0	0	0	0
24138	0	0	0	0
24139	0	0	0	0
24140	0	0	0	1
24141	0	0	0	1
24142	0	0	0	1
24143	0	0	0	1
24144	0	0	0	1
24145	0	0	0	1
24146	1	0	0	1
24147	1	0	0	1
24148	1	1	0	0
24149	1	1	0	0
24150	1	2	0	0
24151	1	2	0	0
24152	1	2	0	2
24153	1	2	1	2
24154	0	2	1	2
24155	0	2	1	4
24156	0	3	3	4
24157	0	2	2	4
24158	2	2	2	5
24159	2	2	2	5
24160	2	2	2	3
24161	6	3	2	4
24162	6	3	2	4
24163	6	3	2	4
24164	6	2	2	6
24165	7	3	0	5
24166	6	2	0	4
24167	5	3	1	4
24168	5	3	1	3
24169	1	1	1	2
24170	0	1	1	2
24171	0	1	1	2
24172	0	1	1	3
24173	0	1	1	1
24174	0	1	1	1
24175	0	0	1	1
24176	0	0	0	1
24177	1	0	0	2
24178	1	0	0	2
24179	1	0	0	2
24180	1	0	0	1
24181	1	0	0	2
24182	1	0	0	2
24183	2	1	0	2
24184	2	1	0	2
24185	1	3	0	3
24186	1	3	0	2
24187	1	3	0	2
24188	1	3	0	2
24189	1	1	0	1
24190	1	1	0	1
24191	0	0	0	0
24192	0	0	0	0
24193	0	0	0	0
24194	0	0	0	0
24195	0	0	0	0
24196	0	0	0	0
24197	0	0	0	0
24198	0	0	0	0
24199	0	0	0	0
24200	0	0	0	0
24201	0	0	0	0
24202	0	0	0	0
24203	0	0	0	0
24204	0	0	0	0
24205	0	0	0	1
24206	0	0	0	1
24207	0	0	0	1
24208	0	0	0	1
24209	0	1	0	1
24210	0	1	0	1
24211	0	1	0	1
24212	0	1	0	1
24213	0	1	0	1
24214	0	1	0	1
24215	0	1	0	1
24216	0	2	0	1
24217	0	1	0	1
24218	0	2	0	1
24219	0	2	0	1
24220	0	2	0	1
24221	0	2	0	0
24222	0	3	0	0
24223	0	3	0	0
24224	0	3	0	0
24225	0	2	1	0
24226	0	1	1	0
24227	0	1	1	0
24228	0	1	2	0
24229	0	1	3	0
24230	0	0	3	0
24231	0	0	3	0
24232	0	0	3	0
24233	0	0	2	0
24234	0	0	2	0
24235	0	0	2	0
24236	0	0	3	0
24237	0	0	1	0
24238	0	0	1	0
24239	0	0	1	0
24240	2	0	1	0
24241	3	0	1	0
24242	3	0	1	1
24243	3	0	1	1
24244	3	1	1	1
24245	3	1	0	1
24246	3	1	1	2
24247	3	1	1	2
24248	3	2	2	2
24249	1	2	2	2
24250	1	3	2	1
24251	2	4	2	1
24252	2	3	2	2
24253	2	4	2	2
24254	2	3	2	1
24255	3	4	2	1
24256	2	3	0	1
24257	2	5	1	1
24258	2	5	1	1
24259	2	4	1	1
24260	2	4	1	0
24261	2	4	1	0
24262	1	4	1	0
24263	0	2	1	0
24264	0	2	1	0
24265	0	1	0	0
24266	0	0	0	0
24267	0	0	0	0
24268	1	0	0	0
24269	2	0	0	1
24270	2	0	0	1
24271	2	0	0	1
24272	2	0	0	1
24273	2	0	0	1
24274	2	0	0	1
24275	2	0	0	1
24276	2	0	0	1
24277	2	0	0	1
24278	2	0	0	1
24279	2	0	0	0
24280	2	0	0	0
24281	2	0	0	0
24282	2	0	0	0
24283	2	0	0	0
24284	1	0	0	0
24285	0	0	0	0
24286	0	0	0	0
24287	0	0	0	0
24288	0	0	0	0
24289	0	0	0	0
24290	0	1	0	0
24291	0	1	0	0
24292	0	1	0	1
24293	1	1	0	1
24294	1	1	0	2
24295	1	1	0	2
24296	1	1	0	2
24297	1	1	0	2
24298	1	0	0	2
24299	1	1	1	3
24300	1	1	2	4
24301	1	1	2	4
24302	1	1	2	2
24303	1	2	2	2
24304	1	3	2	2
24305	1	3	2	2
24306	1	3	2	2
24307	1	2	2	1
24308	2	2	0	0
24309	2	2	0	0
24310	1	2	0	1
24311	1	1	0	1
24312	1	1	1	1
24313	1	1	1	1
24314	1	0	1	1
24315	1	0	1	1
24316	0	0	1	1
24317	0	2	1	3
24318	1	2	1	3
24319	1	2	1	3
24320	1	2	0	5
24321	1	2	0	5
24322	1	2	0	5
24323	1	2	0	5
24324	1	2	0	6
24325	1	1	0	4
24326	1	0	0	4
24327	0	1	1	3
24328	0	1	1	3
24329	0	1	1	3
24330	0	1	1	1
24331	0	1	1	1
24332	0	1	1	0
24333	0	1	1	0
24334	0	1	1	1
24335	0	1	2	1
24336	0	1	2	1
24337	0	1	1	1
24338	0	1	1	1
24339	0	1	1	1
24340	0	1	1	1
24341	0	1	1	1
24342	0	1	2	0
24343	0	0	2	0
24344	0	0	2	0
24345	0	0	2	0
24346	0	0	2	0
24347	1	0	2	0
24348	1	0	2	1
24349	1	0	2	1
24350	1	0	2	1
24351	1	1	0	1
24352	1	1	0	1
24353	1	1	1	1
24354	2	1	1	1
24355	2	1	1	1
24356	2	1	1	0
24357	3	2	2	0
24358	3	2	2	0
24359	4	1	2	0
24360	4	1	2	1
24361	4	1	2	1
24362	3	1	2	1
24363	3	2	1	1
24364	3	2	1	3
24365	2	1	0	4
24366	2	1	0	4
24367	2	1	1	4
24368	3	1	1	3
24369	4	1	1	3
24370	4	1	1	5
24371	4	1	2	5
24372	4	0	2	4
24373	3	0	2	3
24374	3	1	3	3
24375	3	1	3	4
24376	1	1	2	4
24377	1	1	3	5
24378	1	2	3	3
24379	2	2	2	3
24380	2	3	2	3
24381	2	3	2	2
24382	2	2	1	3
24383	2	3	2	2
24384	2	3	2	2
24385	2	3	1	1
24386	1	3	1	1
24387	0	4	2	1
24388	1	3	2	1
24389	2	3	2	1
24390	2	2	4	2
24391	2	1	3	1
24392	2	1	5	1
24393	2	1	5	1
24394	2	1	5	1
24395	2	0	4	1
24396	2	0	4	1
24397	2	0	4	1
24398	3	0	3	0
24399	3	0	3	0
24400	3	0	0	0
24401	3	0	1	0
24402	3	0	1	0
24403	3	1	1	0
24404	2	1	1	0
24405	2	1	1	0
24406	1	2	1	0
24407	0	2	1	0
24408	0	2	1	0
24409	0	2	1	0
24410	0	2	1	0
24411	0	1	0	1
24412	0	2	0	1
24413	0	2	0	1
24414	0	2	0	2
24415	0	1	0	2
24416	0	1	0	2
24417	0	1	0	2
24418	0	1	0	2
24419	0	1	0	1
24420	0	1	1	1
24421	0	1	1	1
24422	0	1	1	0
24423	0	1	1	0
24424	0	0	1	0
24425	0	0	1	0
24426	0	0	1	0
24427	0	0	1	0
24428	0	0	1	0
24429	0	0	1	0
24430	0	0	1	0
24431	0	0	1	0
24432	0	0	1	0
24433	0	0	1	0
24434	0	0	1	0
24435	0	0	1	0
24436	0	0	1	0
24437	0	0	0	0
24438	0	0	0	0
24439	1	0	0	0
24440	1	0	0	0
24441	1	0	0	0
24442	1	0	0	0
24443	1	0	0	0
24444	1	1	0	0
24445	1	1	0	0
24446	1	1	0	0
24447	0	1	0	0
24448	0	1	0	0
24449	0	1	0	0
24450	0	1	0	0
24451	0	1	0	0
24452	0	1	0	0
24453	0	1	0	0
24454	0	1	0	0
24455	0	1	0	0
24456	0	1	0	0
24457	0	1	1	0
24458	0	1	1	0
24459	0	1	1	0
24460	0	0	1	0
24461	0	1	1	0
24462	0	2	1	0
24463	0	2	1	0
24464	0	2	1	0
24465	0	2	0	0
24466	0	2	0	0
24467	0	2	0	1
24468	0	2	0	1
24469	0	1	0	1
24470	0	0	0	1
24471	0	0	0	1
24472	0	0	0	1
24473	0	1	0	1
24474	2	2	0	1
24475	2	3	0	1
24476	2	3	0	1
24477	2	3	0	1
24478	2	4	0	1
24479	2	4	1	1
24480	2	4	2	1
24481	1	3	2	1
24482	1	3	4	2
24483	4	3	6	5
24484	4	2	7	6
24485	5	2	8	6
24486	5	3	9	6
24487	6	4	8	7
24488	6	4	7	7
24489	7	4	9	7
24490	6	4	7	8
24491	5	3	5	3
24492	4	3	4	3
24493	4	4	5	4
24494	9	5	6	8
24495	8	6	8	7
24496	8	5	9	7
24497	8	4	8	7
24498	7	4	7	6
24499	7	4	7	6
24500	7	4	7	6
24501	6	4	7	5
24502	3	3	3	2
24503	0	1	1	1
24504	0	1	0	0
24505	0	0	0	0
24506	0	0	0	0
24507	0	0	0	0
24508	0	0	0	0
24509	0	0	0	0
24510	0	0	0	0
24511	0	0	0	0
24512	0	0	0	0
24513	0	0	0	0
24514	0	0	0	0
24515	1	1	0	1
24516	1	1	0	1
24517	1	1	0	1
24518	1	1	0	1
24519	1	1	0	1
24520	1	2	0	1
24521	1	2	0	3
24522	1	2	0	3
24523	0	2	0	3
24524	0	2	0	4
24525	0	2	0	4
24526	0	2	0	4
24527	0	2	0	4
24528	1	1	0	4
24529	1	1	0	3
24530	1	1	0	3
24531	1	0	0	1
24532	1	0	0	0
24533	1	0	0	0
24534	1	0	0	1
24535	1	0	0	1
24536	0	0	0	1
24537	0	0	0	1
24538	0	0	0	1
24539	0	0	0	1
24540	0	0	0	1
24541	0	0	0	1
24542	0	0	0	0
24543	0	0	0	0
24544	0	0	0	0
24545	0	0	0	0
24546	0	0	0	0
24547	0	0	0	0
24548	0	0	0	0
24549	0	0	0	0
24550	0	0	0	0
24551	0	0	0	0
24552	0	0	0	0
24553	0	0	0	0
24554	0	0	0	0
24555	0	1	0	1
24556	0	1	0	1
24557	1	1	0	2
24558	1	1	0	2
24559	1	1	1	2
24560	1	1	1	2
24561	1	1	2	2
24562	1	1	2	2
24563	1	0	2	1
24564	1	0	2	1
24565	0	0	2	2
24566	1	0	3	2
24567	1	0	2	2
24568	1	0	2	2
24569	1	0	1	2
24570	1	0	1	2
24571	1	0	1	2
24572	2	0	1	2
24573	2	0	1	1
24574	1	0	0	1
24575	1	1	1	1
24576	1	1	1	1
24577	1	1	1	0
24578	1	1	1	0
24579	1	1	1	0
24580	1	1	1	0
24581	0	1	1	0
24582	0	1	1	0
24583	0	0	1	0
24584	0	0	1	0
24585	1	1	2	0
24586	1	1	2	0
24587	1	1	2	1
24588	1	1	2	1
24589	1	1	2	1
24590	1	1	2	3
24591	1	1	1	3
24592	1	1	1	3
24593	1	2	1	3
24594	1	1	1	3
24595	1	1	1	3
24596	1	2	1	3
24597	1	2	1	3
24598	1	2	1	1
24599	1	2	1	1
24600	2	2	1	1
24601	1	1	0	1
24602	1	1	0	2
24603	1	1	0	1
24604	1	0	0	1
24605	2	0	1	1
24606	2	0	1	1
24607	3	1	4	1
24608	3	1	4	1
24609	4	1	6	1
24610	5	1	6	0
24611	5	1	6	0
24612	5	1	6	0
24613	4	1	6	0
24614	4	1	6	0
24615	3	0	6	1
24616	3	0	4	1
24617	2	0	4	2
24618	2	0	5	2
24619	0	0	4	2
24620	0	0	4	2
24621	0	1	4	2
24622	0	1	1	2
24623	0	1	1	2
24624	0	1	1	3
24625	0	1	0	2
24626	0	1	0	2
24627	1	1	0	2
24628	1	1	0	2
24629	1	0	0	2
24630	1	0	1	2
24631	1	0	1	2
24632	1	0	1	2
24633	2	0	1	2
24634	2	0	1	0
24635	2	0	1	0
24636	1	0	1	1
24637	1	0	1	1
24638	2	1	0	1
24639	2	2	0	2
24640	2	2	0	2
24641	1	3	0	2
24642	1	3	1	4
24643	0	3	1	4
24644	0	3	1	4
24645	0	3	1	3
24646	0	2	1	3
24647	1	1	1	1
24648	1	1	1	4
24649	1	0	1	4
24650	1	0	0	3
24651	1	0	0	3
24652	1	0	0	4
24653	1	0	0	4
24654	1	0	0	4
24655	0	0	0	4
24656	0	0	0	2
24657	0	0	0	1
24658	0	0	0	1
24659	0	0	0	1
24660	0	0	0	0
24661	1	1	0	0
24662	1	1	0	0
24663	1	1	0	0
24664	1	1	0	0
24665	1	1	0	0
24666	1	1	0	0
24667	1	1	1	0
24668	1	1	1	0
24669	1	0	1	1
24670	1	0	1	1
24671	1	0	0	1
24672	1	0	0	1
24673	1	0	0	1
24674	2	0	0	1
24675	2	0	0	1
24676	2	0	1	1
24677	2	4	4	2
24678	2	6	4	2
24679	4	8	4	2
24680	5	8	4	3
24681	5	9	4	3
24682	6	11	5	4
24683	7	12	5	6
24684	6	13	5	7
24685	5	8	2	5
24686	5	7	2	7
24687	3	5	2	7
24688	2	5	2	6
24689	2	4	2	6
24690	2	2	1	6
24691	1	1	1	5
24692	2	0	1	2
24693	2	0	0	2
24694	1	0	0	0
24695	1	0	0	0
24696	2	0	0	2
24697	2	0	0	4
24698	2	0	0	4
24699	2	0	0	5
24700	1	0	0	5
24701	1	0	0	5
24702	1	0	0	5
24703	1	0	0	5
24704	1	0	0	4
24705	1	0	0	2
24706	1	0	0	1
24707	1	0	0	0
24708	1	1	0	1
24709	1	1	0	1
24710	2	2	0	1
24711	2	2	0	1
24712	2	2	0	3
24713	1	2	0	3
24714	1	3	0	3
24715	1	3	0	3
24716	1	2	0	3
24717	1	2	0	3
24718	1	2	0	2
24719	0	1	1	2
24720	0	2	1	0
24721	0	2	1	0
24722	0	1	1	0
24723	0	1	2	0
24724	0	1	2	1
24725	0	1	2	1
24726	0	1	2	1
24727	0	1	1	1
24728	0	0	1	1
24729	0	0	1	1
24730	0	0	1	1
24731	0	0	0	1
24732	0	0	0	0
24733	0	0	0	0
24734	0	0	0	0
24735	0	0	0	0
24736	0	0	0	0
24737	0	0	0	0
24738	0	1	0	0
24739	0	2	0	0
24740	0	2	0	1
24741	1	2	0	1
24742	1	2	0	1
24743	1	2	0	1
24744	3	3	0	1
24745	3	3	0	1
24746	3	2	0	3
24747	3	1	1	3
24748	3	1	1	3
24749	2	1	2	2
24750	2	1	2	3
24751	3	1	2	3
24752	2	0	2	3
24753	2	0	2	3
24754	2	0	2	1
24755	2	0	1	1
24756	2	0	1	1
24757	2	0	1	1
24758	2	0	0	0
24759	1	0	0	0
24760	0	0	0	0
24761	0	0	0	0
24762	0	0	0	1
24763	0	0	0	1
24764	1	0	0	1
24765	1	0	0	1
24766	1	0	0	1
24767	1	0	0	1
24768	1	0	0	1
24769	1	1	0	1
24770	1	1	0	0
24771	1	1	0	3
24772	0	1	0	3
24773	0	1	0	4
24774	0	1	1	5
24775	0	1	2	6
24776	0	1	2	6
24777	1	0	2	6
24778	1	0	2	8
24779	1	2	3	5
24780	1	2	3	5
24781	1	2	3	4
24782	2	2	2	5
24783	2	2	2	4
24784	3	2	2	3
24785	2	3	1	3
24786	2	3	1	3
24787	2	1	0	1
24788	2	1	0	1
24789	2	2	0	1
24790	2	2	0	0
24791	2	2	0	1
24792	1	2	0	1
24793	2	1	1	1
24794	2	1	1	1
24795	2	2	1	1
24796	2	2	1	1
24797	3	3	1	1
24798	3	2	1	2
24799	3	2	1	2
24800	3	2	1	2
24801	3	3	1	2
24802	2	3	1	2
24803	2	2	0	2
24804	2	2	0	3
24805	2	1	0	3
24806	2	2	0	2
24807	2	2	0	2
24808	1	3	0	2
24809	1	2	0	2
24810	1	2	0	2
24811	2	2	0	2
24812	1	2	0	1
24813	1	2	1	1
24814	1	2	1	1
24815	1	2	1	1
24816	2	1	1	1
24817	2	1	1	1
24818	3	1	1	0
24819	3	1	2	1
24820	3	1	2	1
24821	3	1	2	1
24822	3	1	2	1
24823	3	0	2	1
24824	2	0	2	1
24825	2	0	2	1
24826	1	0	2	1
24827	0	0	1	1
24828	0	0	1	0
24829	0	0	0	0
24830	0	0	0	0
24831	0	0	0	0
24832	0	0	0	0
24833	0	0	0	0
24834	0	0	0	0
24835	0	0	0	0
24836	0	0	0	0
24837	0	0	0	0
24838	0	0	1	0
24839	0	0	2	0
24840	0	0	3	0
24841	2	0	3	0
24842	3	0	3	0
24843	3	0	3	0
24844	3	0	3	1
24845	3	0	3	3
24846	5	0	2	4
24847	5	0	1	4
24848	5	0	1	4
24849	3	1	0	4
24850	3	1	0	4
24851	3	2	0	4
24852	3	2	1	3
24853	3	2	1	1
24854	1	3	1	0
24855	2	4	2	0
24856	3	4	2	0
24857	3	3	2	0
24858	2	3	2	0
24859	2	2	2	0
24860	2	2	1	0
24861	3	2	1	0
24862	3	2	1	0
24863	2	0	0	1
24864	1	0	1	1
24865	2	0	2	1
24866	3	0	2	1
24867	4	0	3	1
24868	4	0	3	1
24869	3	0	3	2
24870	3	0	3	2
24871	3	0	3	32
24872	3	0	2	33
24873	2	0	1	62
24874	3	0	2	63
24875	1	0	1	65
24876	1	0	2	65
24877	2	0	4	65
24878	2	0	5	66
24879	2	2	7	69
24880	2	2	8	41
24881	2	2	8	10
24882	1	2	8	6
24883	1	2	8	5
24884	3	2	8	5
24885	2	2	5	5
24886	2	2	4	4
24887	2	0	4	3
24888	2	0	2	1
24889	3	1	2	2
24890	3	1	4	2
24891	3	1	3	1
24892	1	1	3	1
24893	1	1	3	1
24894	1	1	3	2
24895	1	1	3	3
24896	1	1	3	3
24897	1	1	3	2
24898	0	0	0	2
24899	0	0	0	3
24900	0	0	0	3
24901	0	0	0	3
24902	0	0	0	3
24903	0	0	0	1
24904	0	0	0	1
24905	0	2	0	1
24906	0	2	0	1
24907	0	2	0	0
24908	0	2	0	0
24909	0	3	2	0
24910	0	3	6	0
24911	0	3	6	0
24912	0	3	6	0
24913	3	3	6	0
24914	3	1	6	0
24915	3	2	6	0
24916	3	2	6	0
24917	3	2	5	1
24918	3	2	0	1
24919	3	2	0	1
24920	3	2	0	1
24921	0	2	0	1
24922	0	2	1	1
24923	0	2	1	1
24924	0	1	1	1
24925	0	1	1	0
24926	0	1	1	0
24927	0	1	1	0
24928	0	1	2	0
24929	0	1	2	0
24930	0	1	1	0
24931	0	1	1	0
24932	0	1	1	0
24933	0	1	1	0
24934	0	0	1	0
24935	0	0	1	0
24936	0	0	3	0
24937	0	1	3	0
24938	0	1	3	0
24939	1	1	3	0
24940	1	1	3	0
24941	1	1	3	0
24942	1	1	3	0
24943	1	1	3	0
24944	1	1	1	0
24945	1	0	0	0
24946	1	0	0	0
24947	0	0	0	1
24948	0	0	1	1
24949	0	0	1	1
24950	0	1	1	1
24951	0	1	1	1
24952	0	1	1	1
24953	0	1	1	1
24954	0	1	2	1
24955	0	1	2	0
24956	0	1	2	0
24957	0	1	3	0
24958	0	0	2	0
24959	0	0	2	0
24960	0	1	2	0
24961	0	1	2	0
24962	1	1	1	0
24963	1	1	1	1
24964	1	2	1	1
24965	2	2	1	1
24966	2	2	1	1
24967	3	2	1	3
24968	3	1	1	3
24969	3	1	1	3
24970	4	1	2	3
24971	3	1	2	2
24972	3	1	2	2
24973	2	0	2	2
24974	2	0	1	2
24975	2	0	1	1
24976	1	0	1	0
24977	1	0	1	0
24978	0	0	0	0
24979	0	0	0	0
24980	0	0	0	0
24981	0	0	0	0
24982	0	0	0	0
24983	0	0	0	1
24984	1	0	0	1
24985	1	0	0	1
24986	1	0	0	1
24987	1	0	0	2
24988	1	0	0	2
24989	1	0	0	2
24990	1	0	0	2
24991	1	0	0	2
24992	0	0	0	2
24993	0	0	0	1
24994	0	0	0	1
24995	0	0	0	1
24996	1	0	0	0
24997	1	0	0	0
24998	1	0	0	0
24999	1	0	0	0
25000	2	0	0	0
25001	2	0	0	0
25002	2	1	0	0
25003	2	1	0	0
25004	0	1	0	0
25005	0	1	0	0
25006	0	1	0	0
25007	0	1	0	0
25008	0	1	0	0
25009	0	1	0	0
25010	0	1	0	0
25011	0	1	0	0
25012	0	2	0	0
25013	0	2	0	0
25014	0	1	0	2
25015	0	1	0	2
25016	0	1	0	2
25017	0	1	0	2
25018	0	2	0	2
25019	1	3	0	5
25020	3	4	0	6
25021	3	8	3	7
25022	4	10	4	6
25023	5	14	6	8
25024	7	15	7	8
25025	10	18	9	9
25026	11	22	9	11
25027	15	28	10	13
25028	14	27	10	13
25029	14	26	10	12
25030	14	24	9	13
25031	13	23	8	8
25032	10	22	6	8
25033	8	20	5	8
25034	7	14	4	9
25035	3	8	3	5
25036	2	5	3	2
25037	1	5	2	2
25038	2	5	1	0
25039	1	2	1	0
25040	1	0	1	0
25041	1	0	1	0
25042	1	0	0	0
25043	1	0	0	0
25044	1	0	0	0
25045	1	0	0	1
25046	0	0	0	1
25047	0	0	0	1
25048	0	0	0	1
25049	0	0	0	1
25050	0	0	0	1
25051	0	0	0	1
25052	0	0	0	1
25053	0	0	0	0
25054	0	0	0	0
25055	0	0	0	0
25056	0	0	0	0
25057	0	0	0	0
25058	0	0	0	0
25059	0	0	0	0
25060	0	0	0	0
25061	0	0	0	0
25062	0	0	0	0
25063	0	0	0	0
25064	0	1	0	0
25065	0	1	0	0
25066	0	1	0	0
25067	0	1	0	0
25068	0	1	0	0
25069	0	1	0	0
25070	0	1	0	0
25071	0	1	0	0
25072	0	1	0	0
25073	0	0	0	0
25074	0	0	0	0
25075	0	0	0	0
25076	0	0	1	0
25077	0	0	1	0
25078	0	0	1	0
25079	0	0	1	0
25080	0	0	1	0
25081	0	1	2	0
25082	0	1	2	0
25083	0	1	2	0
25084	0	1	2	0
25085	1	1	2	0
25086	1	1	2	0
25087	1	1	2	8
25088	1	1	3	8
25089	1	0	2	8
25090	2	0	2	8
25091	2	0	2	8
25092	2	0	2	10
25093	1	1	2	10
25094	1	1	2	11
25095	3	1	3	12
25096	3	1	3	13
25097	3	3	2	10
25098	7	6	2	13
25099	8	7	2	15
25100	10	7	2	13
25101	10	6	2	13
25102	10	6	2	12
25103	9	6	1	11
25104	7	6	1	11
25105	7	4	1	7
25106	6	3	1	3
25107	3	0	1	1
25108	3	0	0	1
25109	0	0	0	0
25110	0	0	0	0
25111	0	0	0	0
25112	0	0	0	0
25113	0	0	0	0
25114	0	0	0	0
25115	0	0	0	0
25116	0	0	0	0
25117	0	0	0	0
25118	0	0	0	0
25119	0	0	0	0
25120	0	0	0	0
25121	0	0	0	0
25122	0	0	0	0
25123	0	0	0	0
25124	0	0	0	0
25125	0	0	0	3
25126	0	0	0	3
25127	0	0	0	4
25128	0	0	0	4
25129	0	0	0	4
25130	0	0	0	4
25131	0	0	1	5
25132	0	1	1	5
25133	0	1	1	2
25134	0	2	1	2
25135	0	2	2	1
25136	0	3	4	1
25137	0	3	4	1
25138	1	5	4	2
25139	1	5	4	1
25140	1	5	4	2
25141	1	4	4	2
25142	1	3	4	2
25143	1	3	3	2
25144	1	2	1	2
25145	1	2	1	2
25146	0	0	1	1
25147	0	0	0	1
25148	0	0	0	0
25149	0	0	0	0
25150	0	0	0	0
25151	0	0	0	0
25152	0	0	0	0
25153	0	0	0	0
25154	0	0	0	0
25155	0	0	0	0
25156	0	0	0	0
25157	0	0	0	0
25158	0	0	0	0
25159	0	0	0	0
25160	0	0	0	0
25161	0	0	0	0
25162	0	0	0	0
25163	1	0	1	0
25164	3	1	1	2
25165	4	1	2	2
25166	4	1	2	3
25167	4	1	2	3
25168	5	1	3	3
25169	6	1	3	3
25170	7	1	4	3
25171	7	1	3	3
25172	4	0	3	2
25173	4	0	2	2
25174	3	0	2	1
25175	3	0	2	2
25176	2	0	1	2
25177	1	0	1	2
25178	0	0	1	2
25179	0	0	1	2
25180	0	0	0	1
25181	0	0	0	1
25182	0	0	0	1
25183	0	0	0	0
25184	0	0	0	0
25185	0	0	0	1
25186	0	0	2	1
25187	0	0	2	2
25188	0	0	2	2
25189	1	0	2	2
25190	1	0	2	2
25191	2	0	2	2
25192	2	0	2	4
25193	3	0	2	3
25194	3	0	2	3
25195	3	0	1	2
25196	3	0	1	3
25197	2	0	1	3
25198	2	0	1	3
25199	1	0	2	5
25200	1	0	2	3
25201	1	0	2	3
25202	0	0	1	3
25203	0	0	1	3
25204	1	0	1	2
25205	1	0	1	2
25206	1	0	1	2
25207	1	0	0	0
25208	2	0	0	0
25209	2	0	0	0
25210	2	0	0	1
25211	2	0	0	1
25212	1	0	0	1
25213	1	0	0	1
25214	1	0	0	1
25215	0	0	0	1
25216	0	1	0	1
25217	0	1	0	1
25218	0	1	0	1
25219	0	1	0	1
25220	0	1	0	11
25221	0	1	0	11
25222	0	1	0	11
25223	0	1	1	12
25224	1	1	1	12
25225	1	0	1	12
25226	1	0	1	12
25227	1	0	1	12
25228	2	0	1	12
25229	2	0	2	1
25230	2	0	2	1
25231	2	0	2	1
25232	1	0	1	0
25233	1	0	1	0
25234	0	0	1	0
25235	0	0	1	0
25236	0	0	1	0
25237	1	0	0	0
25238	1	0	0	0
25239	1	0	0	0
25240	1	0	0	0
25241	1	0	0	0
25242	1	0	0	0
25243	2	0	0	0
25244	3	1	0	0
25245	2	1	2	0
25246	2	1	2	0
25247	2	1	4	0
25248	2	1	4	0
25249	2	1	4	0
25250	2	1	3	0
25251	2	1	3	0
25252	2	1	4	0
25253	1	1	3	0
25254	1	1	3	0
25255	1	1	1	0
25256	1	1	1	0
25257	1	1	1	0
25258	1	1	1	0
25259	1	2	1	0
25260	1	1	1	0
25261	1	1	1	0
25262	1	1	2	0
25263	1	1	2	0
25264	1	1	2	0
25265	1	1	2	0
25266	1	2	2	0
25267	1	2	2	0
25268	1	1	1	0
25269	2	3	1	1
25270	2	2	0	1
25271	2	2	0	1
25272	2	2	0	1
25273	2	2	0	1
25274	3	2	0	1
25275	3	2	0	1
25276	2	2	0	1
25277	1	0	0	0
25278	1	0	1	0
25279	1	1	1	0
25280	1	1	1	0
25281	1	1	1	0
25282	1	1	1	0
25283	0	1	1	1
25284	0	1	1	1
25285	0	1	0	1
25286	0	1	1	2
25287	0	0	1	2
25288	0	0	1	2
25289	0	0	1	2
25290	0	0	1	2
25291	0	0	1	1
25292	0	0	1	1
25293	1	0	1	1
25294	1	0	0	0
25295	1	0	0	0
25296	1	0	0	0
25297	1	0	0	0
25298	1	0	0	0
25299	1	0	0	1
25300	1	0	0	1
25301	0	0	0	1
25302	0	0	0	1
25303	0	0	0	1
25304	0	0	0	1
25305	0	0	0	1
25306	0	0	0	1
25307	0	0	0	2
25308	0	0	0	1
25309	0	0	0	1
25310	0	1	1	1
25311	0	1	1	1
25312	0	1	1	1
25313	0	1	1	1
25314	0	1	1	1
25315	0	2	1	0
25316	0	2	1	0
25317	0	2	1	0
25318	0	1	1	0
25319	1	2	0	0
25320	1	2	0	0
25321	1	2	0	0
25322	1	2	0	0
25323	1	1	1	1
25324	1	1	1	1
25325	1	1	2	2
25326	2	1	2	3
25327	1	1	3	4
25328	1	0	3	4
25329	1	0	3	4
25330	1	0	3	4
25331	1	0	2	3
25332	1	0	2	3
25333	1	0	1	2
25334	0	0	1	1
25335	0	0	0	0
25336	0	0	0	0
25337	0	0	0	0
25338	0	1	0	0
25339	0	1	0	0
25340	0	1	0	0
25341	0	1	0	0
25342	0	1	0	0
25343	0	1	0	0
25344	0	1	0	0
25345	0	1	1	0
25346	0	1	1	0
25347	0	2	1	0
25348	0	2	1	0
25349	0	2	1	1
25350	0	2	1	1
25351	0	2	1	1
25352	1	2	1	1
25353	2	2	1	1
25354	2	1	0	1
25355	2	0	0	1
25356	2	0	0	1
25357	2	0	0	0
25358	2	0	0	0
25359	2	0	0	0
25360	2	1	0	0
25361	1	1	0	0
25362	2	1	1	0
25363	2	2	1	0
25364	1	2	1	0
25365	1	2	1	0
25366	1	2	1	0
25367	1	2	1	0
25368	2	1	1	0
25369	2	1	1	0
25370	2	2	0	0
25371	2	2	0	2
25372	3	4	3	2
25373	3	5	4	4
25374	3	5	4	4
25375	3	5	4	4
25376	3	5	4	4
25377	2	4	4	3
25378	1	4	4	3
25379	1	3	4	2
25380	1	2	2	2
25381	0	1	0	1
25382	0	0	0	1
25383	0	0	0	1
25384	1	0	0	1
25385	1	0	0	1
25386	1	0	0	1
25387	1	0	0	0
25388	1	0	0	0
25389	1	0	0	0
25390	1	0	0	0
25391	1	0	0	0
25392	1	0	0	0
25393	1	0	1	0
25394	0	0	1	0
25395	0	1	1	0
25396	0	2	3	0
25397	1	2	3	1
25398	1	2	3	2
25399	2	2	4	2
25400	2	2	4	2
25401	2	2	4	2
25402	2	2	4	4
25403	2	2	4	5
25404	2	1	4	5
25405	1	0	3	4
25406	1	0	3	3
25407	1	1	2	3
25408	0	1	2	3
25409	0	1	1	3
25410	0	1	3	3
25411	0	1	3	2
25412	0	1	2	1
25413	0	1	3	2
25414	0	1	3	2
25415	0	1	3	2
25416	0	0	3	2
25417	1	0	3	2
25418	1	0	1	2
25419	1	0	1	1
25420	1	0	1	1
25421	1	0	0	0
25422	1	0	0	0
25423	1	0	0	0
25424	1	1	0	0
25425	0	1	0	0
25426	0	1	0	0
25427	0	1	1	0
25428	0	1	1	0
25429	0	1	1	0
25430	0	1	1	0
25431	1	2	1	1
25432	1	1	2	2
25433	1	2	2	2
25434	1	2	2	2
25435	1	2	1	2
25436	1	2	1	2
25437	1	2	1	2
25438	1	2	1	2
25439	1	2	1	2
25440	0	1	1	0
25441	0	1	1	0
25442	0	1	1	0
25443	0	1	1	0
25444	0	1	1	0
25445	0	1	1	1
25446	0	1	2	1
25447	0	2	2	1
25448	1	2	2	1
25449	1	2	1	1
25450	1	1	1	2
25451	1	1	1	2
25452	1	2	1	2
25453	1	2	1	2
25454	1	2	0	2
25455	1	1	0	1
25456	1	1	0	1
25457	1	1	0	0
25458	0	1	0	0
25459	0	1	0	0
25460	0	0	0	0
25461	0	0	0	0
25462	0	0	0	0
25463	0	0	0	1
25464	1	0	0	1
25465	1	0	0	1
25466	1	0	1	1
25467	1	3	1	4
25468	1	3	2	4
25469	1	3	2	4
25470	1	3	2	4
25471	1	3	2	3
25472	0	3	2	3
25473	0	3	2	3
25474	0	3	1	3
25475	0	0	1	0
25476	0	0	0	0
25477	0	0	0	0
25478	0	0	0	0
25479	0	0	0	0
25480	0	0	0	0
25481	0	0	0	0
25482	0	0	0	0
25483	0	0	0	0
25484	0	0	0	0
25485	0	0	0	0
25486	0	0	0	0
25487	0	0	0	0
25488	0	0	0	0
25489	0	0	0	0
25490	0	0	0	0
25491	0	0	0	0
25492	0	0	0	0
25493	0	0	0	0
25494	0	0	0	0
25495	0	0	0	0
25496	0	0	0	0
25497	0	0	0	0
25498	0	0	0	0
25499	0	0	0	0
25500	0	0	0	0
25501	0	0	0	0
25502	0	0	0	0
25503	0	0	0	0
25504	0	0	0	0
25505	0	0	0	0
25506	0	0	0	0
25507	0	0	0	0
25508	1	0	0	1
25509	1	0	0	1
25510	1	0	1	1
25511	1	0	1	1
25512	1	0	1	1
25513	1	0	1	1
25514	1	0	1	1
25515	1	0	1	1
25516	0	0	1	0
25517	0	0	1	0
25518	0	0	1	0
25519	0	0	0	0
25520	0	0	0	0
25521	0	0	0	0
25522	0	0	0	0
25523	0	0	0	0
25524	0	0	0	0
25525	0	0	0	0
25526	0	0	0	0
25527	0	0	0	0
25528	0	0	0	0
25529	0	0	0	0
25530	0	0	0	0
25531	0	0	0	0
25532	0	0	0	0
25533	0	0	0	0
25534	0	0	0	0
25535	0	0	0	0
25536	0	0	0	0
25537	0	0	0	0
25538	0	0	0	0
25539	0	0	0	0
25540	0	0	0	0
25541	0	0	0	0
25542	0	0	0	0
25543	0	0	0	0
25544	0	0	0	0
25545	0	0	0	1
25546	0	2	0	1
25547	0	2	0	1
25548	1	2	0	1
25549	2	3	0	1
25550	3	3	0	4
25551	3	3	2	5
25552	6	3	3	5
25553	6	3	3	5
25554	6	2	3	4
25555	6	2	3	4
25556	5	3	3	4
25557	4	1	3	4
25558	3	1	3	3
25559	3	2	3	1
25560	0	2	0	0
25561	0	2	1	0
25562	1	2	1	0
25563	1	2	1	0
25564	1	1	2	0
25565	1	1	2	0
25566	1	1	2	0
25567	1	1	2	0
25568	1	0	2	0
25569	1	0	1	0
25570	0	0	1	0
25571	0	0	1	0
25572	0	0	0	0
25573	0	4	0	0
25574	0	4	0	0
25575	0	4	0	0
25576	0	4	2	0
25577	0	4	2	1
25578	0	4	3	1
25579	0	4	3	2
25580	0	4	3	2
25581	0	4	4	2
25582	1	5	4	2
25583	1	5	4	2
25584	1	1	3	2
25585	3	1	3	2
25586	3	1	2	2
25587	3	1	2	1
25588	3	1	2	0
25589	5	1	1	0
25590	4	0	1	0
25591	4	0	1	1
25592	4	0	0	1
25593	4	1	1	1
25594	4	2	2	1
25595	4	2	2	1
25596	5	2	2	1
25597	4	2	2	1
25598	3	2	2	1
25599	3	2	2	0
25600	3	2	2	1
25601	1	1	1	1
25602	1	0	1	1
25603	1	0	0	1
25604	0	0	0	1
25605	0	0	0	1
25606	0	0	1	1
25607	0	0	1	1
25608	0	0	1	0
25609	0	0	1	0
25610	0	0	1	0
25611	0	0	1	0
25612	0	0	1	0
25613	0	0	1	0
25614	0	0	0	0
25615	0	0	0	0
25616	0	0	0	0
25617	0	0	0	1
25618	0	0	0	1
25619	2	1	0	1
25620	2	1	0	2
25621	2	1	0	2
25622	2	1	0	2
25623	2	2	0	2
25624	2	2	0	2
25625	2	2	0	2
25626	2	2	0	2
25627	0	2	0	1
25628	0	2	0	1
25629	0	2	0	0
25630	0	2	0	0
25631	0	1	0	0
25632	0	2	0	0
25633	0	2	0	0
25634	0	2	0	0
25635	0	3	0	0
25636	0	2	0	2
25637	1	2	0	2
25638	1	2	0	3
25639	1	2	0	3
25640	1	2	0	3
25641	1	2	0	4
25642	2	2	1	4
25643	6	2	1	6
25644	9	2	3	13
25645	8	2	3	12
25646	8	2	3	12
25647	9	3	3	11
25648	9	4	3	13
25649	9	4	2	13
25650	8	4	3	11
25651	4	4	2	9
25652	1	4	2	2
25653	1	4	2	2
25654	2	5	2	2
25655	1	4	2	3
25656	1	3	2	1
25657	1	3	2	1
25658	1	3	2	1
25659	1	3	1	1
25660	1	2	0	1
25661	1	2	0	1
25662	0	1	0	1
25663	0	1	0	0
25664	0	0	0	0
25665	0	0	0	0
25666	0	1	0	0
25667	0	1	0	0
25668	0	1	0	0
25669	0	1	0	0
25670	0	1	0	0
25671	0	1	0	0
25672	0	1	0	0
25673	0	1	0	0
25674	0	1	0	0
25675	0	1	0	0
25676	0	0	0	0
25677	0	0	0	0
25678	0	0	0	0
25679	0	0	0	0
25680	0	0	0	0
25681	0	0	0	0
25682	0	0	0	0
25683	0	0	0	0
25684	0	0	0	0
25685	0	0	0	0
25686	0	0	2	0
25687	1	0	2	2
25688	1	0	3	2
25689	2	0	3	2
25690	3	0	3	2
25691	3	0	3	2
25692	3	0	3	2
25693	3	0	3	3
25694	3	0	2	3
25695	2	0	2	1
25696	2	0	2	2
25697	1	1	2	2
25698	0	1	2	2
25699	1	1	2	2
25700	1	1	2	2
25701	2	1	2	3
25702	2	1	2	3
25703	2	1	1	3
25704	3	1	1	3
25705	4	3	0	3
25706	5	2	0	4
25707	4	4	0	4
25708	5	5	0	5
25709	4	6	0	7
25710	4	7	1	8
25711	4	7	1	11
25712	3	7	1	11
25713	2	6	1	10
25714	1	7	1	10
25715	1	6	1	9
25716	0	6	1	6
25717	0	4	1	5
25718	0	5	1	6
25719	0	4	0	4
25720	0	4	0	4
25721	0	3	0	2
25722	0	2	0	2
25723	0	1	1	2
25724	1	1	2	2
25725	1	1	2	1
25726	1	0	3	0
25727	1	0	3	2
25728	1	0	3	2
25729	1	0	3	2
25730	2	0	2	2
25731	2	0	1	2
25732	1	0	0	2
25733	1	0	0	2
25734	0	0	0	2
25735	0	1	0	0
25736	0	1	1	0
25737	2	1	1	0
25738	2	1	1	0
25739	2	1	1	0
25740	3	1	1	0
25741	3	1	1	0
25742	3	1	3	1
25743	4	0	4	1
25744	3	1	3	1
25745	2	1	3	1
25746	2	1	3	1
25747	1	1	3	1
25748	1	1	3	1
25749	1	1	3	1
25750	1	2	2	1
25751	1	3	3	2
25752	2	2	2	2
25753	2	2	2	2
25754	2	2	2	2
25755	2	2	5	2
25756	2	2	5	2
25757	2	3	5	3
25758	3	3	6	6
25759	3	3	4	6
25760	2	3	5	6
25761	1	2	6	6
25762	1	2	6	6
25763	1	3	6	6
25764	1	3	3	5
25765	1	2	3	4
25766	1	2	3	2
25767	2	3	3	2
25768	1	2	3	2
25769	1	2	2	3
25770	1	2	1	3
25771	1	3	1	3
25772	1	3	1	4
25773	1	3	1	4
25774	1	3	1	4
25775	0	2	0	4
25776	0	3	0	3
25777	0	3	0	2
25778	0	3	1	1
25779	0	2	1	2
25780	0	3	1	2
25781	0	3	1	1
25782	0	3	1	1
25783	0	3	1	1
25784	0	2	1	1
25785	0	2	2	1
25786	0	2	2	1
25787	0	1	1	0
25788	0	1	1	0
25789	0	1	1	0
25790	0	0	1	0
25791	0	0	1	0
25792	0	0	1	0
25793	0	0	0	0
25794	0	0	0	0
25795	0	0	0	0
25796	0	0	0	0
25797	0	0	0	0
25798	0	0	0	0
25799	0	0	1	0
25800	0	0	2	0
25801	0	0	2	0
25802	1	0	2	0
25803	1	0	3	0
25804	1	0	3	0
25805	1	0	3	0
25806	2	0	3	0
25807	2	0	2	0
25808	2	0	2	0
25809	2	0	1	0
25810	2	0	1	0
25811	2	0	0	0
25812	2	0	0	0
25813	3	0	0	0
25814	2	0	0	0
25815	2	0	0	0
25816	2	0	2	0
25817	2	0	2	0
25818	3	0	2	0
25819	3	0	3	0
25820	4	0	3	1
25821	4	0	3	1
25822	4	0	3	2
25823	3	1	3	5
25824	3	1	4	5
25825	4	2	3	5
25826	3	4	3	6
25827	2	3	2	7
25828	3	3	2	6
25829	3	3	2	6
25830	2	5	3	5
25831	2	6	3	2
25832	3	6	2	2
25833	2	7	2	2
25834	3	5	2	1
25835	3	5	2	0
25836	3	5	2	0
25837	3	4	2	0
25838	3	3	1	0
25839	3	1	1	0
25840	3	2	1	0
25841	2	1	0	0
25842	2	1	0	0
25843	1	1	0	0
25844	1	1	0	0
25845	0	0	0	0
25846	0	0	0	0
25847	0	0	0	0
25848	0	0	0	0
25849	0	0	0	0
25850	0	0	0	0
25851	0	0	0	0
25852	0	0	0	0
25853	0	0	0	0
25854	0	0	0	0
25855	0	0	0	0
25856	0	0	0	0
25857	0	0	0	0
25858	0	0	0	0
25859	0	0	0	0
25860	0	0	0	0
25861	0	1	0	0
25862	1	1	0	0
25863	1	1	0	0
25864	1	2	0	0
25865	1	2	0	0
25866	1	2	0	0
25867	1	2	0	0
25868	1	3	0	0
25869	1	2	0	1
25870	1	1	0	1
25871	0	1	0	1
25872	0	0	0	1
25873	0	0	0	1
25874	0	0	0	1
25875	0	0	0	1
25876	1	0	0	1
25877	1	0	0	0
25878	1	0	0	0
25879	1	0	0	0
25880	1	0	0	0
25881	1	0	0	0
25882	1	0	0	0
25883	1	0	0	0
25884	0	0	0	0
25885	0	0	0	0
25886	1	0	0	0
25887	1	1	0	0
25888	1	1	0	0
25889	1	1	0	0
25890	1	1	0	0
25891	1	1	0	0
25892	0	1	0	0
25893	0	1	0	0
25894	0	1	0	0
25895	0	0	0	0
25896	0	0	0	0
25897	0	0	0	0
25898	0	0	0	1
25899	0	0	0	2
25900	0	0	0	2
25901	0	0	0	2
25902	0	0	0	2
25903	0	0	0	2
25904	0	0	0	2
25905	0	0	0	2
25906	1	0	1	1
25907	1	0	1	0
25908	1	0	1	0
25909	1	1	1	0
25910	1	1	1	0
25911	1	1	1	0
25912	1	1	1	0
25913	1	1	1	0
25914	0	1	0	0
25915	0	1	0	0
25916	0	2	0	0
25917	0	1	0	0
25918	0	1	0	0
25919	0	1	0	0
25920	0	1	0	0
25921	0	1	0	0
25922	0	2	0	0
25923	1	2	0	0
25924	1	2	0	0
25925	1	2	0	0
25926	1	2	0	0
25927	1	2	0	1
25928	1	2	0	2
25929	1	3	0	2
25930	1	2	0	2
25931	0	2	0	2
25932	0	2	1	2
25933	0	2	2	2
25934	0	1	2	2
25935	0	1	2	2
25936	0	1	2	0
25937	0	1	2	0
25938	0	0	2	0
25939	0	0	2	0
25940	0	0	5	0
25941	0	0	4	0
25942	0	0	4	0
25943	0	0	4	0
25944	0	0	4	0
25945	0	0	4	0
25946	0	0	4	0
25947	0	0	4	0
25948	0	0	0	0
25949	0	0	0	0
25950	0	1	0	0
25951	0	1	0	0
25952	0	1	0	0
25953	0	1	0	0
25954	1	1	0	0
25955	1	1	0	0
25956	1	1	0	0
25957	1	2	0	0
25958	1	1	0	0
25959	1	1	0	0
25960	1	1	0	0
25961	1	1	0	0
25962	0	1	0	0
25963	1	1	0	2
25964	1	1	0	2
25965	1	0	0	2
25966	1	0	0	2
25967	1	0	1	3
25968	3	0	1	3
25969	3	0	1	3
25970	4	0	1	3
25971	5	0	1	3
25972	5	0	1	3
25973	5	0	1	3
25974	5	0	1	2
25975	5	0	1	1
25976	4	0	0	1
25977	4	0	0	1
25978	1	2	0	1
25979	0	2	0	0
25980	0	2	0	0
25981	0	2	0	0
25982	0	2	0	1
25983	0	2	0	2
25984	0	2	1	2
25985	0	2	1	2
25986	0	0	1	2
25987	0	0	2	2
25988	0	1	2	2
25989	0	2	2	2
25990	0	2	2	1
25991	0	2	2	0
25992	0	3	1	0
25993	1	3	1	0
25994	1	3	1	0
25995	1	3	0	0
25996	1	2	0	0
25997	2	1	0	0
25998	2	1	0	0
25999	2	1	1	0
26000	2	1	1	0
26001	1	0	1	0
26002	1	1	1	1
26003	1	1	1	1
26004	1	1	1	1
26005	0	1	1	1
26006	0	1	1	1
26007	0	1	2	1
26008	0	1	1	1
26009	0	1	1	1
26010	1	0	1	0
26011	1	0	1	0
26012	1	0	1	0
26013	1	0	1	1
26014	0	0	1	1
26015	0	0	0	1
26016	0	0	0	1
26017	0	0	0	1
26018	0	0	0	1
26019	0	0	0	1
26020	0	0	0	1
26021	0	1	0	0
26022	0	1	0	0
26023	0	1	0	0
26024	0	1	0	0
26025	0	1	1	0
26026	0	1	1	0
26027	0	1	1	0
26028	0	1	1	0
26029	0	1	1	0
26030	0	1	1	0
26031	0	1	1	0
26032	0	0	2	0
26033	0	0	2	0
26034	0	0	1	0
26035	0	0	1	0
26036	0	0	1	0
26037	1	0	1	0
26038	1	0	1	0
26039	1	0	1	0
26040	1	0	1	0
26041	1	0	2	0
26042	1	0	2	0
26043	1	1	2	0
26044	1	1	2	0
26045	0	1	2	0
26046	0	1	2	0
26047	0	1	2	0
26048	0	1	1	0
26049	0	1	0	0
26050	0	1	1	0
26051	0	0	1	0
26052	0	0	1	0
26053	0	0	1	0
26054	0	0	1	0
26055	0	1	1	0
26056	0	1	1	0
26057	0	1	1	0
26058	0	1	1	0
26059	0	1	1	1
26060	0	1	1	1
26061	0	1	1	1
26062	0	1	1	1
26063	0	0	1	1
26064	1	0	1	1
26065	1	1	1	1
26066	1	1	1	1
26067	1	1	1	1
26068	1	1	1	0
26069	1	1	1	0
26070	1	1	1	0
26071	1	1	0	0
26072	0	1	0	0
26073	1	0	0	0
26074	1	0	0	1
26075	1	0	0	1
26076	1	0	0	1
26077	1	0	1	1
26078	1	0	1	2
26079	1	0	1	3
26080	1	0	1	3
26081	0	0	2	4
26082	1	0	2	3
26083	1	0	2	3
26084	3	0	2	3
26085	4	0	2	3
26086	4	0	2	2
26087	4	0	2	2
26088	4	0	2	2
26089	4	0	1	1
26090	4	0	1	1
26091	3	0	1	1
26092	1	1	1	1
26093	0	1	1	1
26094	1	2	1	1
26095	1	2	1	3
26096	1	2	2	2
26097	1	2	3	2
26098	1	2	3	2
26099	1	2	3	2
26100	1	2	3	2
26101	1	1	3	2
26102	1	0	3	2
26103	0	0	2	1
26104	0	0	2	0
26105	0	0	0	0
26106	0	0	0	0
26107	0	0	0	0
26108	0	0	0	1
26109	0	0	0	1
26110	0	0	0	1
26111	0	0	0	1
26112	0	0	0	1
26113	0	1	0	1
26114	0	1	0	1
26115	0	1	0	1
26116	0	1	0	0
26117	1	3	0	1
26118	1	3	0	1
26119	1	3	0	1
26120	1	3	0	1
26121	1	3	0	1
26122	1	4	0	4
26123	1	4	0	4
26124	3	4	1	5
26125	4	3	1	5
26126	4	3	3	6
26127	4	3	3	5
26128	4	3	3	5
26129	4	3	3	5
26130	5	2	3	3
26131	5	2	3	3
26132	3	1	2	1
26133	2	1	2	1
26134	0	0	0	1
26135	0	0	0	0
26136	0	0	0	0
26137	0	0	0	0
26138	0	0	0	0
26139	0	0	0	0
26140	0	0	0	0
26141	0	0	0	0
26142	0	0	0	0
26143	0	0	0	0
26144	0	0	0	0
26145	0	0	0	0
26146	0	0	0	0
26147	0	0	0	0
26148	0	0	0	0
26149	0	0	0	0
26150	0	0	0	0
26151	0	0	0	0
26152	0	0	0	0
26153	0	0	0	0
26154	0	0	0	0
26155	0	0	0	0
26156	0	0	0	0
26157	0	0	0	0
26158	0	0	0	0
26159	0	0	0	0
26160	0	0	0	0
26161	0	0	0	2
26162	0	0	0	2
26163	0	0	0	2
26164	0	0	0	2
26165	0	0	0	2
26166	0	0	0	2
26167	0	0	0	2
26168	0	0	0	2
26169	0	0	0	0
26170	0	0	0	0
26171	1	1	0	1
26172	1	1	0	1
26173	1	1	0	1
26174	2	1	0	1
26175	2	1	1	1
26176	2	1	1	2
26177	2	1	1	2
26178	2	1	1	2
26179	2	2	1	1
26180	1	2	1	2
26181	1	2	1	2
26182	0	2	1	2
26183	0	2	0	2
26184	0	2	0	1
26185	0	2	0	1
26186	0	2	0	1
26187	0	1	0	1
26188	0	0	0	0
26189	0	0	0	0
26190	0	0	0	0
26191	0	0	0	0
26192	0	0	0	0
26193	0	0	0	0
26194	0	0	0	0
26195	0	0	0	0
26196	0	0	0	0
26197	0	0	0	0
26198	0	0	0	0
26199	0	0	0	0
26200	0	0	0	0
26201	0	0	0	0
26202	0	0	0	0
26203	0	0	0	0
26204	0	0	0	0
26205	0	0	0	0
26206	0	0	0	0
26207	0	0	0	0
26208	0	0	0	0
26209	0	0	0	0
26210	0	0	0	0
26211	0	0	0	0
26212	0	0	0	0
26213	0	0	0	0
26214	0	0	0	0
26215	0	0	1	0
26216	0	0	1	0
26217	0	0	1	0
26218	0	0	1	0
26219	0	0	1	0
26220	0	0	1	0
26221	0	0	1	0
26222	0	0	2	0
26223	0	0	1	0
26224	0	0	1	0
26225	0	0	1	0
26226	0	0	1	0
26227	0	0	1	0
26228	0	0	1	0
26229	0	0	1	0
26230	0	0	1	0
26231	0	0	0	0
26232	0	0	0	0
26233	0	0	0	0
26234	0	0	0	0
26235	0	0	0	0
26236	0	0	0	0
26237	0	0	0	0
26238	0	0	0	0
26239	0	0	0	0
26240	0	0	0	0
26241	0	0	0	0
26242	0	0	0	0
26243	0	0	0	0
26244	0	0	0	0
26245	1	0	0	0
26246	1	0	0	0
26247	1	0	0	0
26248	1	0	0	0
26249	1	0	0	0
26250	1	0	0	0
26251	1	0	0	0
26252	1	0	0	0
26253	1	0	0	0
26254	0	0	0	0
26255	0	0	0	0
26256	0	0	0	0
26257	0	0	0	0
26258	0	0	0	0
26259	0	0	0	0
26260	0	0	0	0
26261	0	0	0	0
26262	0	0	0	0
26263	0	1	0	1
26264	0	1	0	1
26265	0	1	0	1
26266	0	1	0	1
26267	0	1	0	1
26268	0	1	0	1
26269	0	1	0	1
26270	0	1	0	1
26271	0	0	0	0
26272	0	0	0	0
26273	0	0	0	0
26274	0	0	0	0
26275	0	0	0	0
26276	0	0	0	0
26277	0	0	0	0
26278	0	0	0	0
26279	0	1	0	0
26280	0	1	1	0
26281	0	1	1	0
26282	0	2	2	0
26283	0	2	2	0
26284	0	2	2	0
26285	0	2	2	0
26286	0	2	2	0
26287	0	1	2	0
26288	0	1	1	0
26289	0	1	1	0
26290	0	0	0	0
26291	0	0	0	0
26292	0	0	0	0
26293	0	0	0	0
26294	0	0	0	0
26295	0	0	0	0
26296	0	0	0	0
26297	0	0	0	0
26298	1	0	1	1
26299	7	6	9	8
26300	10	7	9	11
26301	14	10	10	18
26302	14	10	10	18
26303	14	10	10	18
26304	14	10	11	18
26305	15	10	11	18
26306	15	10	11	18
26307	11	5	6	12
26308	8	3	3	8
26309	2	0	1	1
26310	2	0	1	0
26311	2	0	1	0
26312	2	0	1	0
26313	1	0	1	0
26314	0	0	1	0
26315	0	1	1	0
26316	0	1	1	0
26317	0	1	1	0
26318	0	1	1	0
26319	0	1	1	1
26320	0	1	1	1
26321	0	1	0	1
26322	0	1	0	1
26323	0	0	0	1
26324	0	0	0	1
26325	0	0	0	1
26326	0	0	0	1
26327	0	0	0	1
26328	0	0	0	0
26329	0	0	0	0
26330	0	0	0	0
26331	0	0	0	0
26332	0	0	0	0
26333	0	0	0	0
26334	0	0	0	0
26335	0	0	0	0
26336	0	0	1	0
26337	0	0	2	0
26338	0	0	3	0
26339	0	0	3	0
26340	0	0	3	0
26341	0	0	3	0
26342	0	0	3	0
26343	0	0	3	0
26344	0	0	2	0
26345	0	0	2	0
26346	0	0	1	0
26347	0	0	0	0
26348	0	0	0	0
26349	0	0	0	0
26350	0	0	0	0
26351	0	0	0	0
26352	0	0	0	0
26353	0	0	0	0
26354	0	0	0	0
26355	0	0	0	0
26356	0	0	0	0
26357	0	0	0	0
26358	0	0	0	0
26359	0	0	0	0
26360	0	0	0	0
26361	0	0	0	0
26362	0	0	0	1
26363	0	0	0	1
26364	0	0	0	1
26365	0	0	0	1
26366	0	0	0	1
26367	0	0	0	1
26368	0	0	0	1
26369	0	0	1	1
26370	0	0	1	0
26371	0	0	1	0
26372	0	0	1	0
26373	0	0	1	0
26374	0	0	0	0
26375	0	0	1	0
26376	0	0	1	0
26377	0	0	1	0
26378	0	0	1	0
26379	0	0	1	0
26380	0	0	1	0
26381	0	0	1	0
26382	0	0	1	0
26383	0	0	0	0
26384	0	0	0	0
26385	0	0	0	0
26386	0	0	1	0
26387	0	0	1	0
26388	0	0	1	0
26389	0	0	1	0
26390	0	0	1	0
26391	0	0	1	0
26392	0	0	1	0
26393	0	0	1	0
26394	0	1	0	0
26395	0	1	0	0
26396	0	1	0	0
26397	0	1	0	0
26398	0	1	0	0
26399	0	1	2	0
26400	0	1	2	1
26401	0	1	2	1
26402	0	2	3	1
26403	0	1	3	1
26404	0	1	3	1
26405	0	1	3	1
26406	0	1	3	1
26407	0	2	1	1
26408	0	2	1	1
26409	0	2	1	0
26410	0	2	0	0
26411	0	2	1	0
26412	0	2	1	0
26413	0	2	1	0
26414	0	2	1	0
26415	0	2	1	0
26416	0	1	1	0
26417	0	1	1	0
26418	0	0	1	0
26419	0	0	1	0
26420	0	0	0	0
26421	0	0	0	0
26422	0	0	0	0
26423	0	0	0	0
26424	0	0	0	0
26425	0	0	0	0
26426	0	0	0	0
26427	0	0	0	0
26428	0	0	0	0
26429	0	0	0	0
26430	0	0	0	0
26431	0	2	0	2
26432	1	2	1	3
26433	2	3	1	4
26434	6	5	2	6
26435	6	5	3	6
26436	7	7	2	6
26437	6	7	4	6
26438	6	7	5	6
26439	7	5	5	5
26440	6	5	5	5
26441	6	4	6	4
26442	3	3	6	3
26443	2	3	4	2
26444	1	2	5	2
26445	1	2	5	3
26446	1	2	5	3
26447	0	2	4	2
26448	0	3	4	2
26449	0	3	3	1
26450	0	3	2	1
26451	0	2	3	2
26452	0	1	2	2
26453	0	1	2	2
26454	0	1	2	2
26455	0	1	3	2
26456	0	1	3	2
26457	0	0	3	2
26458	0	0	3	2
26459	0	0	2	1
26460	1	0	2	1
26461	1	0	2	0
26462	1	0	1	0
26463	1	0	0	0
26464	1	0	0	0
26465	1	0	0	0
26466	1	0	0	0
26467	1	0	0	0
26468	0	0	0	0
26469	0	0	0	0
26470	0	0	0	0
26471	0	0	0	0
26472	0	0	0	0
26473	0	0	0	0
26474	0	0	0	0
26475	0	0	0	0
26476	0	0	0	0
26477	0	0	0	0
26478	0	0	0	0
26479	0	0	0	0
26480	0	0	0	1
26481	1	0	0	2
26482	3	2	0	2
26483	4	2	0	2
26484	46	5	10	4
26485	59	12	17	4
26486	72	15	20	5
26487	72	15	20	5
26488	73	16	20	6
26489	73	19	20	6
26490	75	17	23	5
26491	74	17	23	5
26492	33	15	15	3
26493	18	10	7	2
26494	6	7	3	2
26495	5	6	3	3
26496	5	6	7	2
26497	5	4	7	2
26498	3	4	4	2
26499	4	4	4	1
26500	4	5	4	1
26501	3	3	6	1
26502	3	3	6	0
26503	4	3	7	0
26504	3	2	4	0
26505	4	2	5	0
26506	5	2	6	1
26507	4	5	6	6
26508	4	4	6	6
26509	4	4	4	6
26510	4	3	4	6
26511	4	4	4	6
26512	4	6	4	6
26513	4	7	3	6
26514	3	7	1	5
26515	2	5	1	0
26516	3	5	1	0
26517	3	4	1	0
26518	3	4	1	0
26519	3	3	1	0
26520	2	1	1	0
26521	3	0	1	0
26522	3	0	2	0
26523	3	0	2	0
26524	1	0	1	0
26525	1	0	1	0
26526	1	0	1	0
26527	2	0	1	0
26528	2	0	1	0
26529	2	0	1	0
26530	2	0	1	0
26531	2	0	0	0
26532	1	0	0	0
26533	1	0	0	0
26534	1	0	0	0
26535	0	0	0	0
26536	0	0	0	0
26537	0	0	0	0
26538	0	0	0	0
26539	0	0	0	0
26540	0	0	0	0
26541	0	0	0	0
26542	0	0	0	0
26543	0	0	0	0
26544	0	0	0	0
26545	0	0	0	0
26546	0	0	0	0
26547	0	0	0	0
26548	0	0	0	0
26549	0	0	0	0
26550	0	0	0	0
26551	0	0	0	0
26552	0	0	0	0
26553	0	0	0	0
26554	0	0	0	0
26555	2	0	0	1
26556	2	0	1	1
26557	2	0	1	1
26558	3	0	1	1
26559	3	0	1	1
26560	3	0	1	1
26561	3	0	1	1
26562	3	2	1	1
26563	1	2	1	0
26564	2	2	1	0
26565	2	2	0	0
26566	1	2	0	0
26567	2	3	0	2
26568	2	3	0	2
26569	4	3	0	2
26570	4	1	1	2
26571	4	1	1	2
26572	4	1	1	2
26573	4	1	1	2
26574	3	1	1	2
26575	2	0	1	0
26576	2	0	1	0
26577	0	0	1	0
26578	0	0	0	0
26579	0	1	0	0
26580	0	1	0	1
26581	0	1	0	1
26582	0	1	0	1
26583	1	1	0	1
26584	1	1	0	1
26585	1	1	0	1
26586	1	1	0	1
26587	1	0	1	1
26588	1	0	1	0
26589	1	0	1	0
26590	1	0	1	0
26591	0	0	1	0
26592	0	0	1	0
26593	0	0	2	0
26594	0	0	2	1
26595	0	1	1	1
26596	0	1	2	1
26597	0	1	2	1
26598	0	1	2	1
26599	0	1	2	2
26600	0	1	2	3
26601	0	2	1	3
26602	1	2	2	3
26603	1	1	2	3
26604	1	1	1	3
26605	1	1	1	3
26606	1	1	1	3
26607	1	1	2	2
26608	1	1	2	1
26609	1	1	2	1
26610	1	1	1	0
26611	2	1	1	0
26612	1	3	1	0
26613	1	3	1	0
26614	1	3	1	0
26615	1	5	0	0
26616	1	5	1	0
26617	1	4	1	1
26618	1	4	1	1
26619	0	4	1	1
26620	0	6	1	1
26621	0	5	1	2
26622	1	5	2	2
26623	2	3	2	2
26624	2	3	1	2
26625	2	3	1	1
26626	2	3	2	1
26627	1	4	2	2
26628	1	2	2	2
26629	1	1	2	1
26630	0	1	2	1
26631	0	1	2	1
26632	0	1	2	1
26633	0	1	1	1
26634	0	1	0	1
26635	0	0	0	0
26636	0	0	0	0
26637	0	0	0	0
26638	0	0	0	0
26639	0	0	0	0
26640	1	0	0	0
26641	1	0	0	0
26642	1	0	0	0
26643	1	0	1	0
26644	1	0	1	0
26645	1	0	1	0
26646	1	0	1	1
26647	1	1	1	1
26648	0	1	1	1
26649	0	1	1	1
26650	0	1	1	1
26651	0	1	0	1
26652	1	1	1	1
26653	1	1	1	4
26654	1	1	2	6
26655	1	0	3	5
26656	1	0	3	5
26657	2	1	3	5
26658	2	1	5	5
26659	2	2	7	8
26660	2	2	7	11
26661	2	2	7	10
26662	2	2	9	7
26663	2	2	8	6
26664	2	2	7	7
26665	2	1	8	8
26666	3	2	6	10
26667	3	2	4	10
26668	3	4	5	11
26669	3	6	5	10
26670	3	7	3	6
26671	3	8	4	7
26672	2	8	4	7
26673	2	8	4	7
26674	2	8	3	6
26675	2	7	3	6
26676	1	6	2	4
26677	1	4	1	4
26678	1	3	2	5
26679	1	2	2	4
26680	1	1	2	5
26681	2	1	2	4
26682	4	0	4	4
26683	3	0	4	4
26684	3	0	4	3
26685	3	0	4	2
26686	3	0	3	1
26687	3	0	2	1
26688	3	0	2	0
26689	2	0	2	0
26690	0	0	1	0
26691	0	0	0	0
26692	0	0	0	0
26693	0	0	0	0
26694	0	0	0	0
26695	0	0	0	0
26696	0	0	1	0
26697	0	0	1	1
26698	0	0	1	1
26699	0	0	1	1
26700	0	0	1	1
26701	0	0	1	1
26702	0	0	1	1
26703	0	0	1	1
26704	0	1	0	1
26705	1	1	1	0
26706	1	1	2	0
26707	1	1	2	0
26708	2	1	3	0
26709	2	1	3	0
26710	4	1	6	2
26711	4	2	7	2
26712	3	2	7	2
26713	2	2	6	2
26714	2	3	5	3
26715	2	2	7	3
26716	2	2	6	3
26717	2	3	6	4
26718	2	3	5	3
26719	0	3	3	2
26720	1	2	3	2
26721	1	2	2	2
26722	1	1	2	3
26723	1	1	2	2
26724	1	2	1	2
26725	1	1	1	2
26726	1	1	1	2
26727	2	1	2	1
26728	2	2	1	1
26729	2	2	1	2
26730	2	2	1	2
26731	2	3	1	3
26732	2	2	1	3
26733	2	2	1	3
26734	3	2	1	2
26735	2	1	0	2
26736	2	0	0	4
26737	1	1	0	3
26738	1	2	0	3
26739	1	2	0	3
26740	1	3	0	3
26741	1	3	0	3
26742	0	3	0	3
26743	0	3	0	3
26744	0	3	0	1
26745	0	2	0	1
26746	0	1	0	1
26747	0	1	0	0
26748	0	0	0	0
26749	0	0	0	0
26750	0	0	0	0
26751	0	0	0	0
26752	0	0	0	0
26753	0	0	0	0
26754	0	0	0	0
26755	0	0	0	0
26756	0	0	0	0
26757	0	0	0	0
26758	0	0	0	0
26759	0	0	0	0
26760	0	0	0	0
26761	0	0	0	0
26762	0	0	0	0
26763	0	0	0	0
26764	0	0	0	0
26765	0	0	0	0
26766	0	0	0	0
26767	0	0	0	0
26768	0	0	0	0
26769	0	0	0	0
26770	0	0	0	0
26771	0	0	0	0
26772	0	0	0	0
26773	0	0	0	0
26774	0	0	0	0
26775	0	0	0	0
26776	0	0	0	0
26777	0	0	0	0
26778	0	1	0	0
26779	0	1	0	0
26780	0	1	0	0
26781	0	1	0	0
26782	1	1	0	0
26783	2	1	0	0
26784	2	2	0	0
26785	2	2	0	0
26786	2	2	0	0
26787	2	2	0	0
26788	2	2	1	0
26789	2	2	1	0
26790	2	2	1	0
26791	1	2	1	0
26792	1	1	1	0
26793	1	1	1	0
26794	1	1	1	0
26795	1	1	2	0
26796	0	0	1	0
26797	0	0	2	0
26798	0	0	2	1
26799	0	0	2	1
26800	0	0	2	1
26801	0	1	2	1
26802	0	2	2	1
26803	0	2	1	1
26804	0	2	1	1
26805	0	3	0	1
26806	0	3	0	0
26807	0	2	0	0
26808	0	2	0	0
26809	0	1	1	0
26810	1	2	1	0
26811	1	2	1	1
26812	2	3	2	3
26813	2	3	2	5
26814	2	2	2	6
26815	2	2	2	6
26816	2	3	2	6
26817	2	3	1	6
26818	2	2	1	6
26819	1	3	2	6
26820	0	2	1	4
26821	0	2	1	2
26822	0	2	1	2
26823	0	2	1	2
26824	0	2	1	2
26825	0	1	1	2
26826	0	1	1	2
26827	0	0	0	1
26828	0	0	0	1
26829	0	0	0	1
26830	0	0	0	0
26831	0	0	0	0
26832	0	0	0	0
26833	0	0	0	0
26834	0	0	0	0
26835	0	0	0	0
26836	0	0	0	0
26837	0	0	0	0
26838	0	0	0	0
26839	0	0	0	0
26840	0	0	0	0
26841	0	0	0	0
26842	0	0	0	0
26843	0	0	0	0
26844	0	0	0	0
26845	0	0	0	0
26846	0	0	0	0
26847	3	1	1	4
26848	4	1	2	5
26849	4	2	2	5
26850	4	2	2	5
26851	4	2	2	5
26852	4	2	2	5
26853	4	2	2	5
26854	4	2	2	5
26855	1	1	1	1
26856	0	1	0	0
26857	0	0	0	0
26858	0	0	1	1
26859	0	1	1	1
26860	0	1	1	1
26861	0	1	1	1
26862	0	1	2	1
26863	0	1	2	1
26864	0	2	2	1
26865	0	2	2	1
26866	0	2	2	1
26867	0	1	2	1
26868	0	1	2	1
26869	1	2	2	1
26870	3	2	1	1
26871	3	2	1	1
26872	4	2	1	1
26873	4	2	1	2
26874	4	2	0	1
26875	4	2	0	2
26876	4	2	0	2
26877	3	1	0	2
26878	1	1	0	2
26879	1	1	0	2
26880	1	0	0	2
26881	1	0	0	1
26882	0	0	0	1
26883	0	0	0	0
26884	0	0	0	0
26885	0	0	0	0
26886	0	0	0	0
26887	1	0	0	0
26888	1	0	0	0
26889	1	0	0	0
26890	1	0	0	0
26891	1	0	0	0
26892	1	0	0	0
26893	1	0	0	0
26894	1	0	0	0
26895	0	0	1	0
26896	0	0	2	0
26897	0	1	2	0
26898	0	1	2	0
26899	0	1	2	0
26900	0	1	3	0
26901	0	1	3	1
26902	0	1	3	1
26903	0	1	2	1
26904	0	1	1	1
26905	0	1	1	1
26906	0	0	1	1
26907	0	0	1	1
26908	0	0	0	1
26909	0	0	0	0
26910	0	0	0	0
26911	0	0	0	0
26912	0	0	0	0
26913	0	0	0	0
26914	0	0	0	0
26915	0	0	0	0
26916	0	0	0	0
26917	0	0	0	0
26918	0	0	0	0
26919	0	0	0	0
26920	0	0	0	0
26921	0	0	0	0
26922	0	0	0	0
26923	0	0	0	0
26924	1	1	1	1
26925	1	1	1	1
26926	1	1	1	1
26927	1	1	1	1
26928	1	1	1	1
26929	1	1	1	3
26930	1	1	1	3
26931	1	1	1	3
26932	0	0	0	2
26933	0	0	0	2
26934	0	0	0	2
26935	0	0	0	2
26936	0	0	0	2
26937	0	0	0	0
26938	0	0	0	0
26939	0	0	0	0
26940	0	0	0	0
26941	0	0	0	0
26942	0	0	0	0
26943	0	0	0	0
26944	0	0	0	0
26945	0	0	0	0
26946	0	0	0	0
26947	0	0	0	0
26948	0	0	0	0
26949	0	0	0	0
26950	0	0	0	0
26951	2	0	0	0
26952	2	0	0	0
26953	2	0	0	0
26954	2	0	0	0
26955	2	0	0	0
26956	2	0	0	0
26957	2	0	0	0
26958	2	0	0	0
26959	2	0	0	0
26960	0	0	0	0
26961	0	0	0	0
26962	0	0	0	0
26963	0	0	0	0
26964	1	0	0	0
26965	1	0	0	0
26966	1	0	0	0
26967	1	0	0	0
26968	1	0	0	0
26969	1	0	0	0
26970	1	0	0	0
26971	1	0	0	0
26972	0	0	0	0
26973	0	0	0	0
26974	0	0	0	0
26975	0	0	0	0
26976	0	0	0	0
26977	0	0	0	0
26978	0	0	0	0
26979	0	0	0	0
26980	0	0	0	0
26981	0	0	0	0
26982	0	0	0	0
26983	0	0	0	0
26984	0	0	0	0
26985	0	0	0	0
26986	0	0	0	0
26987	0	0	0	0
26988	0	0	0	0
26989	0	0	0	0
26990	0	0	0	0
26991	0	0	0	0
26992	0	0	0	0
26993	0	0	0	0
26994	0	0	0	0
26995	0	0	0	0
26996	0	0	0	0
26997	0	0	0	0
26998	0	0	0	0
26999	0	0	0	0
27000	0	0	0	1
27001	0	1	0	1
27002	1	1	0	1
27003	1	1	0	1
27004	1	1	1	1
27005	1	1	1	1
27006	1	1	1	1
27007	1	1	1	1
27008	1	1	1	0
27009	1	1	1	0
27010	0	0	1	0
27011	0	0	1	0
27012	0	0	0	0
27013	0	0	0	0
27014	0	0	0	0
27015	0	0	1	0
27016	0	0	2	0
27017	0	0	2	1
27018	0	0	2	1
27019	1	0	2	1
27020	1	0	4	2
27021	2	1	4	2
27022	3	2	4	3
27023	3	2	3	4
27024	3	2	2	4
27025	3	2	2	3
27026	2	2	2	3
27027	1	2	2	3
27028	1	2	0	3
27029	1	1	0	2
27030	0	0	0	1
27031	0	0	0	1
27032	0	0	0	1
27033	0	0	0	1
27034	0	0	0	1
27035	0	0	0	0
27036	0	0	0	0
27037	0	0	0	0
27038	0	0	0	0
27039	0	0	0	0
27040	0	0	0	0
27041	0	0	0	0
27042	0	0	0	0
27043	0	0	0	0
27044	0	0	0	0
27045	0	0	0	0
27046	0	0	0	0
27047	0	0	0	0
27048	0	0	0	0
27049	0	0	0	0
27050	0	0	0	0
27051	0	0	0	0
27052	0	0	1	0
27053	0	0	1	0
27054	0	0	2	2
27055	0	0	2	2
27056	0	0	2	2
27057	0	0	2	2
27058	0	0	2	2
27059	0	1	2	2
27060	0	1	1	2
27061	0	1	1	2
27062	0	1	0	0
27063	0	1	0	0
27064	0	1	0	0
27065	1	1	0	0
27066	1	1	0	0
27067	1	1	0	0
27068	1	0	0	0
27069	0	0	0	0
27070	0	0	0	0
27071	0	0	0	0
27072	0	0	0	0
27073	0	0	0	0
27074	0	0	0	0
27075	0	0	0	0
27076	0	0	0	0
27077	0	0	0	0
27078	0	0	0	0
27079	0	0	0	0
27080	0	0	0	0
27081	0	0	0	0
27082	0	0	0	0
27083	0	0	0	0
27084	0	0	0	0
27085	0	0	0	0
27086	0	0	0	0
27087	0	0	0	0
27088	0	0	0	0
27089	0	0	0	0
27090	0	0	0	0
27091	0	0	0	0
27092	0	0	0	0
27093	0	0	0	0
27094	0	0	0	0
27095	0	0	0	0
27096	0	0	0	0
27097	0	0	0	0
27098	0	0	1	0
27099	0	0	1	0
27100	1	0	1	0
27101	1	0	1	0
27102	1	0	1	0
27103	1	0	1	0
27104	1	0	1	0
27105	1	0	1	0
27106	1	0	0	0
27107	1	0	0	0
27108	1	0	0	0
27109	0	0	0	0
27110	0	0	0	0
27111	0	0	0	0
27112	0	0	0	0
27113	0	0	0	0
27114	0	0	0	0
27115	0	0	0	0
27116	0	0	0	0
27117	0	0	0	0
27118	0	0	0	0
27119	0	0	0	0
27120	0	0	0	0
27121	1	0	0	0
27122	1	0	0	0
27123	1	0	0	0
27124	1	1	0	1
27125	1	1	0	1
27126	1	1	0	1
27127	1	1	1	2
27128	1	1	1	2
27129	1	1	1	2
27130	1	4	2	2
27131	1	4	2	2
27132	1	4	3	1
27133	1	3	4	1
27134	2	3	6	3
27135	2	3	5	2
27136	2	3	5	3
27137	2	3	5	3
27138	2	1	4	3
27139	2	2	4	3
27140	2	2	3	3
27141	2	3	3	4
27142	1	3	0	2
27143	1	4	0	3
27144	2	4	0	2
27145	3	4	0	2
27146	3	4	0	2
27147	2	3	0	2
27148	1	3	1	2
27149	1	1	1	1
27150	1	1	1	1
27151	1	0	1	0
27152	1	0	1	0
27153	0	0	1	0
27154	0	0	1	0
27155	0	0	1	0
27156	0	0	0	0
27157	0	0	1	0
27158	0	0	1	0
27159	0	0	1	1
27160	0	0	1	1
27161	1	0	2	1
27162	1	0	2	1
27163	1	1	2	1
27164	1	1	2	1
27165	1	1	1	1
27166	1	1	2	2
27167	1	1	2	1
27168	1	1	2	1
27169	0	1	1	1
27170	0	1	1	3
27171	0	0	1	3
27172	0	0	1	3
27173	0	0	1	5
27174	0	2	0	4
27175	0	2	0	4
27176	1	2	0	4
27177	1	3	0	4
27178	1	3	0	2
27179	1	3	0	2
27180	1	3	1	2
27181	1	3	1	0
27182	1	2	1	0
27183	1	2	1	0
27184	0	2	1	0
27185	0	1	1	0
27186	1	1	1	0
27187	1	2	1	0
27188	2	2	0	0
27189	2	2	0	0
27190	3	2	0	1
27191	3	1	0	2
27192	3	1	0	2
27193	3	1	0	2
27194	2	1	0	2
27195	2	0	0	2
27196	2	0	0	3
27197	1	1	0	3
27198	1	1	0	2
27199	0	1	1	1
27200	1	1	1	1
27201	1	3	1	1
27202	1	4	1	1
27203	1	4	1	1
27204	2	4	1	1
27205	2	3	1	0
27206	2	3	1	0
27207	2	3	1	0
27208	2	3	0	0
27209	1	1	0	0
27210	1	1	0	0
27211	1	1	0	0
27212	0	0	0	0
27213	0	0	0	0
27214	0	0	0	0
27215	0	0	0	0
27216	0	0	0	0
27217	0	0	0	0
27218	0	0	0	0
27219	1	0	0	1
27220	1	0	0	1
27221	2	0	0	1
27222	2	0	0	1
27223	2	0	1	1
27224	2	0	1	1
27225	2	0	1	1
27226	2	0	2	1
27227	1	0	2	0
27228	3	0	2	0
27229	3	0	2	0
27230	3	0	2	0
27231	3	0	0	0
27232	3	0	0	0
27233	3	0	0	1
27234	3	0	0	1
27235	3	1	2	1
27236	2	2	2	1
27237	0	2	2	1
27238	0	2	2	1
27239	0	2	2	1
27240	0	2	2	1
27241	0	2	2	0
27242	0	2	2	0
27243	0	1	1	0
27244	0	0	2	0
27245	0	0	2	0
27246	1	0	2	1
27247	2	1	3	3
27248	2	1	4	3
27249	2	1	4	5
27250	2	1	4	5
27251	2	1	4	5
27252	2	1	2	5
27253	2	2	4	4
27254	1	2	4	3
27255	0	1	3	2
27256	3	1	3	1
27257	3	1	3	0
27258	3	2	3	3
27259	3	2	3	3
27260	4	2	3	4
27261	4	4	6	4
27262	4	4	5	4
27263	4	4	4	4
27264	2	3	4	4
27265	2	3	3	4
27266	2	2	3	1
27267	2	2	4	1
27268	6	3	7	10
27269	10	6	8	13
27270	10	5	8	12
27271	12	5	7	12
27272	13	8	8	12
27273	15	10	8	12
27274	14	10	8	13
27275	14	10	7	13
27276	12	9	5	4
27277	9	7	2	2
27278	6	6	1	1
27279	5	6	1	1
27280	4	5	0	2
27281	3	3	1	2
27282	2	3	1	1
27283	2	3	1	1
27284	2	2	1	1
27285	2	1	1	1
27286	1	1	1	1
27287	1	1	1	1
27288	0	0	2	0
27289	1	0	2	0
27290	1	0	2	1
27291	1	0	2	1
27292	1	0	2	1
27293	1	0	2	1
27294	1	0	2	4
27295	2	0	2	4
27296	2	0	1	4
27297	2	0	1	5
27298	1	1	0	4
27299	2	1	0	5
27300	2	2	0	5
27301	2	2	0	5
27302	3	2	0	2
27303	4	2	0	2
27304	5	5	1	4
27305	6	6	3	5
27306	6	5	4	5
27307	5	5	6	4
27308	7	2	6	5
27309	8	3	7	5
27310	7	3	10	10
27311	8	6	12	10
27312	6	7	12	11
27313	5	6	10	11
27314	5	6	8	10
27315	5	6	8	10
27316	4	9	8	11
27317	3	9	8	9
27318	3	8	5	4
27319	4	7	5	4
27320	3	6	4	3
27321	3	5	4	3
27322	2	5	3	2
27323	2	5	0	2
27324	1	2	0	2
27325	1	2	0	1
27326	1	2	0	1
27327	0	1	0	0
27328	0	1	0	0
27329	0	1	0	0
27330	0	0	0	1
27331	0	0	0	1
27332	0	0	0	1
27333	0	0	0	1
27334	0	0	1	1
27335	0	1	2	1
27336	0	1	2	1
27337	1	1	2	3
27338	2	1	2	2
27339	2	0	2	4
27340	2	0	3	4
27341	3	1	3	4
27342	4	1	2	5
27343	4	1	3	6
27344	5	1	2	7
27345	4	2	2	6
27346	3	2	4	6
27347	4	2	4	4
27348	4	3	4	4
27349	4	3	5	4
27350	3	2	5	3
27351	4	2	4	3
27352	3	2	4	2
27353	2	2	3	1
27354	3	2	1	1
27355	2	2	1	1
27356	2	1	0	1
27357	2	1	0	1
27358	2	1	0	1
27359	1	1	0	1
27360	1	1	0	1
27361	1	0	0	1
27362	0	0	0	1
27363	0	0	0	1
27364	0	0	0	1
27365	0	0	0	1
27366	0	0	0	2
27367	0	0	0	1
27368	0	0	0	1
27369	0	0	0	1
27370	0	0	0	1
27371	0	0	0	1
27372	0	0	1	1
27373	0	0	1	1
27374	0	0	1	0
27375	0	0	1	0
27376	0	0	1	0
27377	0	0	1	0
27378	0	0	1	0
27379	0	0	1	0
27380	0	0	0	0
27381	0	0	0	0
27382	0	0	0	0
27383	0	0	0	0
27384	0	0	0	0
27385	0	0	0	0
27386	0	0	0	0
27387	0	0	0	0
27388	0	1	0	1
27389	0	1	0	1
27390	0	1	0	1
27391	0	1	0	1
27392	0	1	0	1
27393	0	1	0	1
27394	0	1	0	1
27395	1	2	0	1
27396	3	2	0	5
27397	3	3	0	4
27398	3	4	0	7
27399	4	6	0	7
27400	5	9	2	13
27401	5	15	4	14
27402	6	16	4	15
27403	6	16	4	17
27404	5	15	4	15
27405	5	14	4	14
27406	5	12	4	13
27407	6	11	4	14
27408	5	10	2	10
27409	8	5	3	9
27410	8	4	2	8
27411	8	3	2	6
27412	8	3	2	7
27413	8	3	2	8
27414	8	3	2	7
27415	6	3	2	5
27416	6	3	3	5
27417	3	1	3	4
27418	1	0	1	3
27419	1	0	1	3
27420	1	0	1	2
27421	0	0	1	1
27422	0	0	1	0
27423	0	0	1	0
27424	0	0	0	0
27425	0	0	0	0
27426	0	0	0	0
27427	0	0	0	0
27428	0	0	0	0
27429	0	0	0	0
27430	0	0	0	0
27431	0	0	0	0
27432	0	0	0	0
27433	0	0	0	0
27434	0	0	0	0
27435	0	1	0	0
27436	0	1	0	0
27437	1	1	0	0
27438	1	1	0	0
27439	1	1	0	0
27440	1	1	0	0
27441	1	1	0	0
27442	1	1	0	0
27443	1	0	0	0
27444	1	0	0	0
27445	0	0	0	0
27446	0	0	0	0
27447	0	0	0	0
27448	0	0	0	0
27449	0	1	1	0
27450	0	1	1	0
27451	0	1	1	0
27452	0	1	1	0
27453	0	1	1	0
27454	0	1	1	0
27455	0	1	1	0
27456	0	1	1	0
27457	1	1	0	0
27458	1	0	0	0
27459	1	0	0	0
27460	1	0	0	0
27461	1	0	0	0
27462	1	0	1	0
27463	2	0	1	0
27464	2	0	1	0
27465	1	0	1	0
27466	1	0	2	0
27467	1	0	2	1
27468	1	0	2	2
27469	1	0	2	2
27470	1	1	1	2
27471	1	2	1	2
27472	0	2	1	2
27473	0	2	1	2
27474	0	2	1	2
27475	0	2	0	3
27476	0	4	0	4
27477	0	6	0	3
27478	2	6	0	3
27479	3	5	2	4
27480	5	5	2	6
27481	5	5	2	7
27482	5	5	2	7
27483	5	5	2	7
27484	6	4	2	8
27485	6	2	2	6
27486	5	0	2	5
27487	4	0	0	5
27488	2	0	0	2
27489	2	0	0	1
27490	2	0	0	2
27491	2	0	0	2
27492	1	1	0	1
27493	1	4	0	1
27494	1	4	0	1
27495	0	4	0	1
27496	0	5	0	1
27497	0	5	0	1
27498	1	5	2	0
27499	1	5	2	0
27500	2	5	2	0
27501	2	2	2	0
27502	2	1	2	0
27503	2	1	2	0
27504	2	0	2	0
27505	2	1	2	0
27506	1	2	1	0
27507	3	2	1	0
27508	2	2	1	0
27509	2	2	0	0
27510	2	2	0	0
27511	2	2	0	0
27512	2	2	0	0
27513	2	1	0	0
27514	2	0	0	0
27515	0	0	0	0
27516	0	0	0	0
27517	0	0	0	0
27518	0	0	1	0
27519	0	0	1	0
27520	0	0	1	0
27521	0	0	1	0
27522	0	0	1	0
27523	0	1	1	0
27524	0	1	1	0
27525	0	1	1	0
27526	1	2	0	0
27527	1	2	0	0
27528	1	2	1	0
27529	1	2	1	0
27530	1	2	1	0
27531	1	1	1	0
27532	1	1	1	0
27533	1	1	1	0
27534	0	0	1	0
27535	0	0	1	0
27536	0	0	0	0
27537	0	0	0	0
27538	0	0	0	0
27539	0	0	0	0
27540	0	0	0	0
27541	0	0	2	0
27542	0	0	2	0
27543	0	1	2	0
27544	0	1	2	0
27545	0	1	2	0
27546	0	1	2	1
27547	0	1	2	1
27548	0	1	2	3
27549	0	1	2	4
27550	1	1	1	4
27551	1	1	1	4
27552	1	0	1	4
27553	2	0	1	4
27554	2	0	1	4
27555	2	0	2	4
27556	2	0	2	3
27557	2	1	1	1
27558	1	1	1	1
27559	1	1	0	2
27560	1	1	0	2
27561	0	1	0	2
27562	0	1	1	1
27563	0	1	2	1
27564	0	2	2	1
27565	0	1	2	1
27566	0	1	2	1
27567	0	1	1	1
27568	0	2	1	0
27569	0	2	1	0
27570	0	2	1	0
27571	0	2	0	0
27572	0	1	0	0
27573	1	1	0	0
27574	1	1	0	0
27575	1	1	0	0
27576	1	0	0	0
27577	1	0	0	0
27578	2	1	0	0
27579	3	1	0	0
27580	4	1	0	0
27581	3	1	0	2
27582	3	1	0	2
27583	4	1	0	2
27584	4	1	0	2
27585	4	1	0	4
27586	3	0	1	5
27587	2	0	1	7
27588	2	1	1	7
27589	1	1	1	6
27590	1	1	1	6
27591	0	1	1	5
27592	0	1	1	5
27593	0	1	1	3
27594	0	1	0	2
27595	0	1	0	2
27596	0	0	0	0
27597	0	0	0	0
27598	0	0	0	0
27599	0	0	0	0
27600	0	0	0	0
27601	0	0	0	0
27602	0	0	0	0
27603	0	0	0	0
27604	0	0	0	0
27605	0	0	0	0
27606	0	0	0	0
27607	0	0	0	0
27608	0	0	0	0
27609	0	0	0	0
27610	0	0	0	0
27611	0	0	0	0
27612	0	0	0	0
27613	0	0	0	0
27614	0	0	0	0
27615	0	0	0	0
27616	0	0	0	0
27617	0	0	0	0
27618	0	0	0	0
27619	0	0	0	0
27620	0	0	0	0
27621	0	0	0	0
27622	0	0	0	0
27623	0	0	0	0
27624	0	0	0	0
27625	0	0	0	0
27626	0	0	0	0
27627	0	0	0	0
27628	0	0	0	0
27629	0	0	0	0
27630	0	0	0	0
27631	0	0	0	0
27632	0	0	0	0
27633	0	0	0	0
27634	0	0	0	0
27635	0	0	0	0
27636	0	1	0	0
27637	0	1	0	0
27638	0	1	0	0
27639	0	1	0	0
27640	0	1	0	0
27641	0	1	0	0
27642	0	1	1	0
27643	1	2	1	1
27644	1	1	1	1
27645	1	1	1	1
27646	1	1	1	1
27647	1	1	1	1
27648	1	1	1	1
27649	1	1	1	1
27650	2	1	0	2
27651	2	0	0	3
27652	1	0	0	2
27653	1	0	1	2
27654	1	0	1	3
27655	1	0	1	3
27656	1	0	1	3
27657	1	1	1	3
27658	0	1	1	3
27659	0	1	1	2
27660	0	1	1	2
27661	1	2	1	2
27662	1	2	0	1
27663	1	2	0	2
27664	1	2	0	2
27665	1	3	0	2
27666	2	3	0	2
27667	2	2	0	2
27668	2	2	0	1
27669	1	1	0	1
27670	1	1	0	1
27671	1	2	0	0
27672	1	2	0	0
27673	1	2	0	0
27674	0	1	0	1
27675	0	1	0	1
27676	0	1	0	1
27677	0	1	0	1
27678	1	1	0	1
27679	1	0	0	1
27680	1	0	0	1
27681	1	0	0	1
27682	1	0	0	1
27683	1	0	0	0
27684	1	0	1	0
27685	2	2	2	1
27686	1	2	2	1
27687	2	2	4	1
27688	2	2	4	2
27689	3	2	4	2
27690	5	2	6	3
27691	5	2	5	3
27692	6	4	6	5
27693	6	2	5	5
27694	6	3	4	5
27695	5	4	3	6
27696	5	4	3	5
27697	4	4	3	5
27698	2	4	2	5
27699	2	4	2	6
27700	2	3	1	6
27701	0	2	0	4
27702	0	1	0	3
27703	0	0	0	2
27704	0	0	0	2
27705	0	0	0	2
27706	0	0	0	2
27707	0	0	0	1
27708	0	0	0	0
27709	0	0	0	0
27710	0	0	0	0
27711	0	0	0	0
27712	0	0	0	0
27713	0	0	0	0
27714	0	0	1	0
27715	0	1	1	0
27716	1	1	2	0
27717	1	1	2	0
27718	1	2	2	0
27719	1	3	2	0
27720	1	3	2	0
27721	2	3	2	1
27722	2	4	1	2
27723	2	3	1	2
27724	1	3	1	2
27725	1	3	1	2
27726	1	2	1	2
27727	1	1	1	2
27728	1	1	1	2
27729	0	1	1	1
27730	0	1	1	1
27731	0	0	1	0
27732	0	0	0	0
27733	0	0	1	0
27734	0	0	1	0
27735	0	0	1	0
27736	0	0	1	0
27737	1	0	1	0
27738	1	1	1	0
27739	2	1	1	0
27740	2	2	1	0
27741	2	2	1	0
27742	2	3	1	0
27743	2	3	1	1
27744	2	4	2	1
27745	1	8	3	1
27746	1	9	3	3
27747	1	8	3	3
27748	1	7	3	5
27749	1	6	2	5
27750	1	5	2	5
27751	1	5	3	6
27752	1	4	2	6
27753	1	1	1	6
27754	1	1	1	5
27755	0	0	1	4
27756	0	1	1	4
27757	0	1	1	4
27758	1	1	1	4
27759	1	1	0	3
27760	2	1	0	2
27761	2	1	1	1
27762	3	2	1	0
27763	3	2	1	0
27764	3	1	1	0
27765	3	1	1	0
27766	2	1	1	0
27767	2	1	2	0
27768	1	1	2	0
27769	1	1	2	0
27770	0	0	1	0
27771	0	2	2	0
27772	1	2	2	0
27773	2	2	2	0
27774	2	2	2	0
27775	4	1	2	0
27776	4	1	2	0
27777	4	1	2	0
27778	5	1	2	1
27779	6	0	1	1
27780	5	0	1	1
27781	6	0	2	1
27782	5	0	2	1
27783	3	0	2	2
27784	5	1	3	3
27785	5	2	3	4
27786	4	2	3	5
27787	4	3	3	5
27788	3	3	3	5
27789	3	3	2	5
27790	2	4	2	5
27791	2	4	2	4
27792	1	3	2	3
27793	0	3	1	2
27794	0	2	0	4
27795	1	1	0	4
27796	1	1	0	6
27797	1	1	0	6
27798	1	3	0	5
27799	1	3	0	4
27800	1	3	0	4
27801	1	3	0	4
27802	2	3	0	3
27803	1	3	2	2
27804	1	4	2	0
27805	1	4	3	0
27806	1	4	3	1
27807	1	5	3	2
27808	1	5	3	2
27809	1	5	3	2
27810	0	5	3	3
27811	1	6	2	3
27812	2	6	2	5
27813	3	6	1	6
27814	4	4	1	5
27815	5	4	2	5
27816	5	5	2	5
27817	6	7	3	6
27818	6	7	4	4
27819	7	7	5	4
27820	6	7	7	3
27821	5	7	7	3
27822	7	7	7	5
27823	4	6	8	5
27824	5	7	8	5
27825	4	5	7	5
27826	4	4	7	4
27827	3	3	7	4
27828	8	3	6	5
27829	8	5	5	4
27830	6	5	3	3
27831	6	4	2	4
27832	3	3	2	4
27833	3	3	2	4
27834	4	2	4	4
27835	4	2	4	5
27836	1	3	4	5
27837	1	1	4	5
27838	1	1	5	5
27839	1	1	5	2
27840	1	1	4	3
27841	1	1	4	4
27842	0	1	2	4
27843	0	1	2	4
27844	0	0	2	3
27845	0	0	1	2
27846	0	0	0	2
27847	0	0	0	2
27848	0	0	2	5
27849	0	0	2	5
27850	0	0	2	3
27851	1	0	3	4
27852	1	0	5	4
27853	1	0	5	4
27854	1	0	6	4
27855	1	0	6	4
27856	1	0	4	1
27857	1	0	4	1
27858	1	0	4	1
27859	1	0	3	2
27860	0	0	2	1
27861	0	0	1	2
27862	0	0	1	2
27863	0	0	0	2
27864	0	1	0	2
27865	0	1	0	3
27866	0	1	0	3
27867	1	1	0	2
27868	1	2	0	2
27869	1	2	1	1
27870	1	2	1	1
27871	1	2	1	1
27872	1	2	1	1
27873	1	1	1	0
27874	1	1	0	0
27875	0	1	0	0
27876	0	0	0	0
27877	0	0	0	0
27878	0	0	0	0
27879	0	0	0	0
27880	0	0	0	0
27881	0	0	0	0
27882	0	0	0	0
27883	0	0	0	0
27884	0	0	0	0
27885	0	0	0	0
27886	0	0	0	0
27887	0	0	0	0
27888	0	0	1	0
27889	0	0	1	1
27890	0	0	2	2
27891	0	0	2	2
27892	0	0	2	2
27893	0	0	2	3
27894	0	0	2	3
27895	2	1	3	4
27896	8	1	5	4
27897	8	1	4	3
27898	8	2	4	2
27899	10	3	4	5
27900	33	3	5	8
27901	34	3	6	7
27902	34	4	6	8
27903	32	3	5	7
27904	2	5	4	7
27905	2	6	3	7
27906	3	5	3	7
27907	3	5	3	4
27908	2	4	2	5
27909	1	5	1	2
27910	2	5	1	2
27911	2	5	1	2
27912	2	4	3	2
27913	2	4	3	2
27914	2	3	3	2
27915	2	3	2	2
27916	2	4	3	2
27917	2	4	3	1
27918	1	2	3	0
27919	1	2	3	0
27920	1	1	1	0
27921	1	1	1	0
27922	1	1	1	0
27923	0	1	1	0
27924	0	1	0	0
27925	0	1	1	0
27926	0	0	1	0
27927	0	0	1	0
27928	0	1	1	0
27929	0	1	1	0
27930	0	1	1	0
27931	0	1	2	1
27932	1	1	2	2
27933	1	4	1	2
27934	1	4	1	2
27935	1	4	2	3
27936	1	5	3	3
27937	1	4	4	4
27938	1	4	4	4
27939	2	4	3	3
27940	1	4	4	2
27941	1	5	4	2
27942	1	2	4	2
27943	1	2	3	1
27944	1	1	3	1
27945	1	1	1	0
27946	1	2	1	0
27947	0	2	1	1
27948	0	3	0	1
27949	0	4	0	1
27950	0	2	0	1
27951	0	2	0	1
27952	0	2	0	1
27953	0	2	0	1
27954	0	2	0	1
27955	0	2	0	1
27956	0	2	0	0
27957	0	0	0	0
27958	0	0	0	0
27959	0	0	1	0
27960	0	0	1	0
27961	0	0	1	1
27962	0	0	1	1
27963	0	0	1	1
27964	0	1	1	2
27965	0	1	1	2
27966	0	1	1	2
27967	0	1	0	2
27968	0	1	0	2
27969	0	1	0	1
27970	0	1	0	1
27971	0	1	1	1
27972	0	1	1	0
27973	0	0	1	0
27974	0	0	1	0
27975	0	0	1	0
27976	0	0	1	0
27977	0	0	1	0
27978	0	0	1	0
27979	0	0	0	0
27980	0	0	0	0
27981	1	0	0	0
27982	1	0	0	0
27983	1	0	0	0
27984	1	0	0	0
27985	1	0	0	0
27986	1	0	0	0
27987	1	0	0	0
27988	1	0	0	0
27989	1	0	0	0
27990	0	0	0	0
27991	0	0	0	0
27992	0	0	0	0
27993	0	0	0	0
27994	0	0	0	0
27995	0	0	0	0
27996	0	0	0	0
27997	0	0	0	0
27998	0	0	0	0
27999	0	0	0	0
28000	0	0	0	0
28001	0	0	0	0
28002	0	0	0	0
28003	0	0	0	0
28004	0	0	0	0
28005	0	0	0	0
28006	0	0	0	0
28007	1	0	0	0
28008	1	0	1	1
28009	1	0	1	2
28010	1	0	1	2
28011	1	0	1	2
28012	1	0	1	2
28013	2	0	1	2
28014	3	0	1	2
28015	3	0	1	2
28016	2	0	0	2
28017	3	0	2	0
28018	7	3	3	1
28019	7	4	3	3
28020	8	4	3	3
28021	8	4	3	3
28022	8	5	4	3
28023	7	5	4	3
28024	7	5	4	4
28025	7	5	2	4
28026	2	3	1	3
28027	2	2	1	1
28028	1	2	1	1
28029	1	2	1	1
28030	0	1	0	1
28031	0	1	1	1
28032	0	1	1	0
28033	0	1	1	0
28034	0	1	1	1
28035	0	1	1	1
28036	0	1	1	1
28037	0	1	1	1
28038	0	1	1	1
28039	0	1	0	1
28040	2	1	0	1
28041	2	1	0	1
28042	2	0	0	0
28043	2	0	0	0
28044	2	0	0	0
28045	2	0	0	0
28046	2	0	0	1
28047	2	0	1	1
28048	0	0	1	1
28049	0	0	1	1
28050	0	0	1	2
28051	0	2	1	2
28052	0	4	1	2
28053	0	4	1	2
28054	0	4	1	1
28055	0	4	3	1
28056	1	5	3	2
28057	1	5	3	2
28058	1	5	4	3
28059	2	3	4	2
28060	4	1	4	2
28061	5	1	4	2
28062	5	1	3	3
28063	5	1	2	3
28064	5	0	2	3
28065	4	0	2	3
28066	4	0	2	2
28067	4	0	1	2
28068	3	0	1	1
28069	1	0	1	2
28070	1	0	1	2
28071	1	0	1	2
28072	1	0	0	1
28073	1	0	0	1
28074	1	0	0	1
28075	0	0	0	1
28076	0	0	0	1
28077	0	0	0	1
28078	0	0	0	0
28079	0	0	0	0
28080	0	0	0	0
28081	0	0	0	1
28082	0	0	0	1
28083	0	0	0	1
28084	0	0	0	2
28085	0	1	0	3
28086	0	1	1	3
28087	0	1	1	3
28088	0	1	1	3
28089	0	1	1	3
28090	0	1	1	2
28091	0	1	1	2
28092	0	1	1	1
28093	0	0	1	0
28094	0	0	1	0
28095	0	0	1	0
28096	0	0	1	0
28097	0	0	1	0
28098	0	0	1	0
28099	0	0	1	1
28100	0	1	3	1
28101	0	1	3	1
28102	0	1	3	1
28103	0	1	3	1
28104	0	1	2	1
28105	0	1	2	1
28106	0	1	2	1
28107	0	1	2	0
28108	0	0	1	0
28109	0	0	1	0
28110	0	0	0	0
28111	0	0	0	0
28112	0	0	0	0
28113	0	0	0	0
28114	0	0	0	0
28115	0	0	0	0
28116	0	0	0	0
28117	0	0	0	0
28118	0	0	0	0
28119	0	0	0	0
28120	0	0	0	0
28121	0	0	0	0
28122	0	0	0	0
28123	0	0	0	0
28124	0	0	0	0
28125	0	0	0	0
28126	0	0	0	0
28127	0	0	0	0
28128	0	0	1	0
28129	1	0	1	0
28130	1	0	1	0
28131	1	0	2	0
28132	2	0	2	0
28133	2	0	2	0
28134	2	0	2	2
28135	2	0	2	2
28136	2	0	1	2
28137	2	0	1	2
28138	2	0	1	2
28139	3	0	1	5
28140	2	1	2	5
28141	2	3	3	5
28142	2	4	4	5
28143	2	4	4	4
28144	2	4	4	4
28145	3	4	3	4
28146	3	4	3	4
28147	2	4	3	3
28148	2	3	2	2
28149	4	1	2	2
28150	4	0	3	1
28151	4	0	2	1
28152	4	0	2	1
28153	3	1	2	1
28154	2	1	3	2
28155	2	1	3	1
28156	2	1	3	1
28157	1	2	3	2
28158	1	2	2	2
28159	1	1	2	2
28160	1	1	2	3
28161	1	1	3	3
28162	1	1	2	2
28163	1	1	3	2
28164	1	1	3	2
28165	0	0	2	1
28166	0	0	2	1
28167	0	0	2	1
28168	0	0	2	1
28169	1	0	2	0
28170	1	0	1	0
28171	1	0	0	0
28172	2	0	0	0
28173	2	0	0	0
28174	2	0	0	0
28175	2	0	0	0
28176	2	0	0	0
28177	2	0	0	0
28178	2	0	0	0
28179	2	0	0	0
28180	1	0	0	0
28181	1	0	0	0
28182	1	0	0	0
28183	1	0	0	0
28184	1	0	0	0
28185	1	0	0	0
28186	0	0	0	0
28187	0	0	0	0
28188	0	0	0	0
28189	0	0	0	0
28190	0	0	0	0
28191	0	1	0	0
28192	0	1	0	0
28193	0	1	0	0
28194	0	1	0	0
28195	0	1	0	0
28196	0	1	0	0
28197	0	1	0	0
28198	0	1	0	0
28199	0	1	0	0
28200	0	1	0	0
28201	0	0	0	0
28202	0	0	0	0
28203	0	0	0	0
28204	0	0	0	1
28205	0	0	0	1
28206	0	0	0	1
28207	0	1	0	4
28208	0	2	0	4
28209	0	2	0	4
28210	0	2	0	4
28211	0	2	0	4
28212	0	2	0	4
28213	0	2	0	4
28214	2	2	0	4
28215	2	1	0	1
28216	3	0	0	1
28217	3	0	1	1
28218	3	1	1	1
28219	3	1	1	1
28220	4	1	1	1
28221	4	1	1	0
28222	3	1	1	0
28223	2	1	1	0
28224	1	1	1	0
28225	1	1	0	0
28226	1	1	0	0
28227	1	0	0	0
28228	0	0	0	0
28229	0	0	0	0
28230	0	0	0	0
28231	0	0	0	0
28232	0	0	0	0
28233	1	0	0	0
28234	1	0	0	0
28235	1	0	0	0
28236	1	0	0	0
28237	1	0	0	0
28238	1	0	0	0
28239	1	0	0	0
28240	1	0	0	0
28241	0	0	3	0
28242	0	0	3	0
28243	0	1	4	1
28244	0	2	4	1
28245	0	3	4	1
28246	0	3	4	1
28247	1	3	4	1
28248	1	6	4	1
28249	1	6	2	2
28250	1	6	2	2
28251	1	5	1	1
28252	1	5	1	1
28253	1	3	1	1
28254	1	3	1	1
28255	1	3	1	1
28256	1	0	1	1
28257	1	0	0	0
28258	1	0	0	0
28259	1	0	0	0
28260	1	1	0	0
28261	1	1	0	0
28262	1	1	0	0
28263	1	1	0	1
28264	0	1	8	1
28265	0	1	8	3
28266	0	1	8	3
28267	1	1	8	3
28268	1	1	8	3
28269	1	0	8	3
28270	1	0	9	3
28271	1	1	10	3
28272	1	1	2	3
28273	1	2	2	1
28274	2	3	2	1
28275	1	3	2	1
28276	1	3	2	1
28277	1	3	2	1
28278	1	3	1	1
28279	1	2	0	0
28280	1	2	0	0
28281	2	2	0	0
28282	1	2	0	0
28283	1	2	0	0
28284	1	1	0	0
28285	1	0	0	0
28286	1	0	0	0
28287	1	0	0	0
28288	1	0	0	1
28289	1	0	0	1
28290	1	0	0	1
28291	1	0	0	1
28292	1	0	0	1
28293	1	0	0	1
28294	0	0	0	1
28295	0	0	0	1
28296	0	0	0	0
28297	0	0	0	0
28298	0	0	0	0
28299	0	0	0	0
28300	1	0	0	0
28301	1	0	0	0
28302	1	0	0	0
28303	1	0	0	0
28304	1	0	0	0
28305	1	0	0	0
28306	1	0	0	0
28307	1	0	0	0
28308	0	0	0	0
28309	0	0	0	0
28310	0	0	0	0
28311	0	0	0	0
28312	0	0	0	0
28313	0	0	0	0
28314	0	0	0	0
28315	0	0	0	0
28316	0	0	0	0
28317	0	0	0	0
28318	0	0	0	0
28319	0	0	0	0
28320	0	0	0	0
28321	0	0	0	0
28322	0	0	0	0
28323	0	0	0	0
28324	0	0	0	0
28325	0	0	0	0
28326	0	0	0	0
28327	0	0	0	0
28328	0	0	0	0
28329	0	0	0	0
28330	1	0	0	0
28331	1	0	1	0
28332	1	0	1	0
28333	1	0	1	0
28334	1	0	1	0
28335	1	0	1	0
28336	1	0	1	0
28337	1	0	2	0
28338	0	0	2	0
28339	0	0	1	0
28340	0	0	1	0
28341	0	0	1	0
28342	0	0	1	0
28343	0	0	1	0
28344	0	0	1	0
28345	0	0	0	0
28346	0	1	1	0
28347	0	1	1	0
28348	0	1	1	0
28349	0	1	2	0
28350	0	1	3	0
28351	0	1	3	0
28352	0	1	3	0
28353	0	1	3	0
28354	1	0	2	0
28355	1	0	2	0
28356	1	0	2	1
28357	1	0	2	1
28358	1	0	0	1
28359	1	1	0	1
28360	1	1	0	1
28361	1	1	0	1
28362	0	1	1	1
28363	0	1	1	1
28364	0	1	1	0
28365	0	1	1	0
28366	0	1	1	0
28367	0	0	1	0
28368	0	0	1	0
28369	0	0	1	0
28370	0	0	0	0
28371	0	0	0	0
28372	0	0	0	0
28373	0	0	0	0
28374	0	0	0	0
28375	0	0	0	0
28376	0	0	0	0
28377	0	0	0	0
28378	0	0	0	0
28379	0	0	0	0
28380	0	0	0	0
28381	0	0	0	0
28382	0	0	0	0
28383	0	0	0	0
28384	0	0	0	0
28385	0	0	0	0
28386	0	0	0	0
28387	0	0	0	0
28388	0	0	0	0
28389	0	0	0	0
28390	0	0	0	0
28391	0	0	0	0
28392	0	0	0	0
28393	0	0	0	0
28394	0	0	0	0
28395	0	0	0	0
28396	0	0	0	0
28397	0	0	0	0
28398	0	0	0	0
28399	0	0	0	0
28400	0	0	0	0
28401	0	1	0	0
28402	0	1	0	0
28403	0	1	0	0
28404	0	1	0	0
28405	0	1	0	0
28406	0	1	0	1
28407	0	1	0	1
28408	0	1	1	1
28409	0	0	1	1
28410	0	0	1	1
28411	0	0	1	1
28412	0	0	1	1
28413	0	0	1	1
28414	0	0	1	0
28415	0	0	1	0
28416	0	0	0	0
28417	0	0	0	0
28418	0	0	0	0
28419	0	0	0	0
28420	0	0	0	0
28421	0	0	0	0
28422	0	0	0	2
28423	0	0	0	2
28424	0	0	0	2
28425	0	0	0	2
28426	0	0	0	2
28427	0	0	0	2
28428	0	0	0	2
28429	0	0	0	2
28430	0	0	0	0
28431	0	0	0	0
28432	0	0	0	0
28433	0	0	0	0
28434	0	0	0	0
28435	0	0	0	0
28436	0	0	1	0
28437	0	0	1	0
28438	0	0	1	0
28439	0	0	1	0
28440	0	0	1	0
28441	0	0	1	0
28442	0	0	1	0
28443	0	0	1	0
28444	0	0	1	0
28445	0	0	0	0
28446	0	0	0	0
28447	0	0	0	0
28448	1	0	0	0
28449	1	1	0	0
28450	1	1	0	0
28451	1	1	0	0
28452	3	1	0	0
28453	3	1	0	0
28454	3	1	0	0
28455	3	1	0	0
28456	2	1	0	0
28457	2	0	0	0
28458	2	0	0	0
28459	2	0	0	0
28460	0	0	0	0
28461	0	0	0	0
28462	0	0	0	0
28463	0	0	0	0
28464	0	0	0	0
28465	0	0	0	0
28466	0	0	0	0
28467	0	0	0	0
28468	0	0	0	0
28469	0	0	0	0
28470	0	0	0	0
28471	0	0	0	0
28472	0	0	0	0
28473	0	0	0	0
28474	0	0	0	0
28475	0	0	0	0
28476	0	0	0	0
28477	0	0	0	0
28478	0	0	0	0
28479	0	0	0	0
28480	0	0	0	0
28481	0	0	0	0
28482	0	0	0	0
28483	0	0	0	0
28484	0	0	0	0
28485	0	0	0	0
28486	0	0	0	0
28487	0	0	0	0
28488	0	0	0	0
28489	0	0	0	0
28490	0	0	0	0
28491	0	0	0	0
28492	0	0	0	0
28493	0	0	0	0
28494	0	0	0	0
28495	0	0	0	0
28496	0	0	0	0
28497	0	0	0	0
28498	0	0	0	0
28499	0	0	0	0
28500	0	0	0	0
28501	1	1	0	0
28502	1	1	0	0
28503	1	1	0	0
28504	2	1	0	0
28505	3	0	0	0
28506	3	0	0	0
28507	3	0	0	0
28508	3	0	0	0
28509	2	0	0	0
28510	2	0	0	0
28511	2	0	0	0
28512	1	0	0	0
28513	1	0	0	0
28514	0	0	0	0
28515	0	0	0	0
28516	0	0	0	0
28517	0	0	0	0
28518	0	0	0	0
28519	0	0	0	0
28520	0	0	0	0
28521	0	0	0	0
28522	0	0	0	0
28523	0	0	0	0
28524	0	0	0	0
28525	0	0	0	0
28526	0	0	0	0
28527	0	0	0	0
28528	0	0	0	0
28529	0	0	0	0
28530	0	0	0	0
28531	0	0	0	0
28532	0	0	0	0
28533	0	0	0	0
28534	0	0	0	0
28535	0	0	0	0
28536	0	0	0	0
28537	0	0	0	0
28538	0	0	0	0
28539	0	0	0	0
28540	0	0	0	0
28541	0	0	0	0
28542	0	0	0	0
28543	0	0	0	0
28544	0	0	0	0
28545	0	0	0	0
28546	0	0	0	0
28547	0	0	0	0
28548	0	0	0	0
28549	0	0	0	0
28550	0	0	0	0
28551	0	0	0	0
28552	0	0	0	0
28553	0	0	0	0
28554	0	0	0	0
28555	0	0	0	0
28556	0	0	0	0
28557	0	0	0	0
28558	0	0	0	0
28559	0	0	0	0
28560	0	0	0	0
28561	0	0	0	0
28562	0	0	0	0
28563	0	0	0	0
28564	0	0	0	0
28565	0	0	0	1
28566	0	0	0	1
28567	0	0	0	1
28568	1	0	0	1
28569	1	0	0	1
28570	1	0	0	1
28571	1	0	0	1
28572	1	0	0	1
28573	1	0	0	1
28574	2	0	0	0
28575	3	0	0	0
28576	2	0	0	0
28577	2	0	0	0
28578	2	0	0	0
28579	2	0	0	0
28580	2	0	0	0
28581	2	0	0	1
28582	2	0	0	1
28583	0	0	0	2
28584	1	0	0	2
28585	1	0	0	2
28586	1	1	0	2
28587	1	1	0	2
28588	2	1	0	2
28589	3	2	1	1
28590	3	2	1	1
28591	3	2	1	0
28592	2	2	3	0
28593	2	2	3	0
28594	2	2	3	0
28595	2	1	3	0
28596	2	1	4	0
28597	1	1	4	0
28598	1	0	3	0
28599	2	0	3	0
28600	3	1	2	1
28601	3	1	1	1
28602	3	1	1	1
28603	3	1	1	1
28604	3	1	0	1
28605	2	1	0	1
28606	2	1	0	1
28607	1	1	0	1
28608	1	3	0	0
28609	1	3	0	0
28610	0	2	0	0
28611	0	2	0	1
28612	0	2	0	1
28613	0	2	0	1
28614	0	2	0	1
28615	0	2	0	1
28616	1	1	0	1
28617	2	1	3	2
28618	2	1	3	2
28619	2	1	3	1
28620	2	1	3	1
28621	2	2	4	1
28622	3	2	44	1
28623	3	2	44	1
28624	4	2	44	1
28625	2	1	45	0
28626	2	1	46	0
28627	3	1	45	0
28628	3	1	44	0
28629	3	0	43	0
28630	2	0	3	0
28631	2	0	3	0
28632	1	0	3	0
28633	1	0	2	0
28634	1	0	1	0
28635	0	0	0	0
28636	0	0	0	0
28637	0	0	0	0
28638	0	0	0	0
28639	0	0	0	0
28640	0	0	0	0
28641	0	0	1	0
28642	0	0	1	0
28643	0	0	2	0
28644	0	0	2	0
28645	0	0	2	1
28646	0	0	2	1
28647	0	0	2	1
28648	0	0	2	1
28649	0	0	2	1
28650	0	0	1	1
28651	0	0	0	1
28652	0	0	0	1
28653	0	0	0	0
28654	0	0	0	0
28655	0	0	0	0
28656	0	0	0	0
28657	0	0	0	0
28658	0	0	0	0
28659	0	0	0	1
28660	0	0	0	1
28661	0	0	0	1
28662	0	0	0	1
28663	0	0	0	1
28664	0	0	0	1
28665	0	0	0	1
28666	0	0	0	1
28667	0	0	0	0
28668	0	0	0	0
28669	0	0	0	0
28670	0	1	0	0
28671	0	1	0	0
28672	0	1	0	0
28673	0	2	0	0
28674	0	2	0	0
28675	0	2	0	0
28676	0	2	0	0
28677	0	2	0	0
28678	0	2	0	0
28679	0	2	0	0
28680	1	1	0	0
28681	1	0	0	0
28682	1	0	0	0
28683	1	0	0	0
28684	1	0	0	0
28685	1	0	0	1
28686	1	0	0	1
28687	1	0	0	1
28688	1	1	0	1
28689	0	1	0	1
28690	0	1	0	1
28691	0	1	0	1
28692	0	1	0	2
28693	0	1	0	1
28694	0	1	0	2
28695	0	1	0	2
28696	0	1	0	2
28697	0	0	0	1
28698	0	0	0	1
28699	0	0	0	1
28700	0	0	0	1
28701	0	0	0	1
28702	0	0	0	0
28703	0	0	0	0
28704	0	0	0	0
28705	0	0	0	0
28706	0	0	0	0
28707	0	0	0	0
28708	0	0	0	0
28709	0	0	0	0
28710	0	0	0	0
28711	0	0	0	0
28712	0	0	0	0
28713	0	0	0	0
28714	0	0	0	0
28715	0	0	0	0
28716	0	0	0	0
28717	0	0	0	0
28718	0	0	0	0
28719	0	0	0	0
28720	0	0	0	0
28721	0	0	0	0
28722	0	0	0	0
28723	0	0	0	0
28724	0	0	0	0
28725	0	0	0	1
28726	0	0	0	1
28727	0	0	0	1
28728	0	0	0	1
28729	0	0	0	1
28730	0	0	0	2
28731	0	1	0	2
28732	0	1	0	2
28733	0	1	0	1
28734	0	1	0	1
28735	1	1	0	1
28736	1	1	0	1
28737	1	1	0	1
28738	1	1	0	0
28739	1	0	0	0
28740	1	0	0	0
28741	1	0	0	0
28742	1	0	0	0
28743	0	0	0	0
28744	0	0	0	0
28745	0	0	0	0
28746	0	0	0	0
28747	0	0	0	0
28748	0	0	0	0
28749	0	0	0	0
28750	0	0	3	0
28751	0	0	3	0
28752	0	0	3	1
28753	0	0	3	1
28754	1	0	3	1
28755	1	0	3	1
28756	1	0	3	1
28757	1	0	3	1
28758	1	0	0	1
28759	1	0	0	1
28760	2	0	0	0
28761	2	0	0	1
28762	1	0	0	1
28763	2	0	0	1
28764	2	0	2	1
28765	2	0	2	1
28766	2	0	2	1
28767	2	0	2	1
28768	1	0	2	1
28769	1	0	2	0
28770	1	0	2	0
28771	0	0	2	0
28772	2	0	2	0
28773	2	0	0	0
28774	2	0	0	0
28775	2	0	0	0
28776	2	0	1	0
28777	2	0	1	0
28778	2	0	1	0
28779	2	0	1	0
28780	0	0	1	0
28781	0	0	1	0
28782	0	0	1	0
28783	0	0	1	0
28784	0	0	1	0
28785	0	0	0	0
28786	0	0	0	0
28787	0	0	0	0
28788	0	0	0	0
28789	0	0	0	0
28790	0	0	0	0
28791	0	0	0	0
28792	1	0	0	0
28793	3	0	0	0
28794	4	0	0	0
28795	4	0	2	0
28796	4	0	2	0
28797	4	1	2	0
28798	4	1	2	0
28799	5	1	2	0
28800	4	1	2	2
28801	2	1	2	2
28802	1	1	2	2
28803	0	1	0	2
28804	0	1	0	2
28805	0	0	0	2
28806	0	0	0	2
28807	0	0	0	2
28808	0	0	0	0
28809	0	0	0	0
28810	0	0	0	0
28811	0	0	0	0
28812	0	0	0	0
28813	0	0	0	0
28814	0	0	0	0
28815	0	0	0	0
28816	0	0	0	0
28817	0	0	0	0
28818	0	0	0	0
28819	0	0	0	0
28820	0	0	0	0
28821	0	0	0	0
28822	0	0	0	0
28823	0	0	1	0
28824	0	0	1	0
28825	0	0	1	0
28826	1	0	1	0
28827	1	0	2	0
28828	1	1	2	0
28829	1	1	2	0
28830	1	1	2	0
28831	1	1	1	0
28832	1	0	0	0
28833	1	0	0	0
28834	0	0	0	0
28835	0	0	0	0
28836	0	0	0	0
28837	0	0	0	0
28838	0	0	0	0
28839	0	0	0	0
28840	0	0	0	0
28841	0	0	0	0
28842	0	0	0	0
28843	0	0	0	0
28844	0	0	0	0
28845	0	0	0	0
28846	0	0	0	0
28847	0	0	0	0
28848	0	0	0	0
28849	0	0	0	0
28850	0	0	0	0
28851	0	0	2	0
28852	0	1	3	1
28853	0	1	3	2
28854	1	1	3	2
28855	1	1	3	6
28856	1	1	4	6
28857	2	1	4	6
28858	2	1	4	6
28859	2	2	2	6
28860	2	2	2	6
28861	2	1	1	4
28862	1	1	1	4
28863	1	2	1	0
28864	1	2	0	1
28865	0	2	0	1
28866	0	2	1	3
28867	0	1	1	3
28868	0	1	1	3
28869	0	1	1	3
28870	0	1	1	3
28871	0	1	1	3
28872	0	1	1	3
28873	0	2	1	3
28874	0	2	0	1
28875	0	2	0	1
28876	0	2	0	1
28877	0	2	0	1
28878	0	2	0	1
28879	0	2	0	0
28880	0	2	0	0
28881	0	0	0	0
28882	0	0	0	0
28883	0	0	0	1
28884	0	0	0	1
28885	0	0	1	1
28886	0	1	1	1
28887	0	1	1	1
28888	0	2	1	1
28889	0	2	1	1
28890	0	2	1	1
28891	0	2	1	0
28892	0	3	1	0
28893	0	3	3	1
28894	0	3	2	1
28895	0	2	2	1
28896	0	1	2	1
28897	0	1	3	1
28898	0	1	3	1
28899	0	1	3	1
28900	0	0	3	1
28901	0	0	1	1
28902	0	0	1	0
28903	0	1	1	0
28904	0	1	1	0
28905	0	1	1	0
28906	0	1	0	0
28907	0	1	1	0
28908	0	1	1	0
28909	0	1	1	0
28910	0	1	1	0
28911	0	0	1	0
28912	1	0	1	0
28913	1	0	1	0
28914	1	0	1	0
28915	1	0	0	0
28916	1	0	0	0
28917	1	0	0	0
28918	1	0	0	0
28919	1	0	0	0
28920	1	0	1	0
28921	1	1	1	1
28922	1	2	1	1
28923	1	2	1	2
28924	1	2	1	2
28925	1	2	1	2
28926	1	2	1	2
28927	2	2	1	2
28928	2	2	0	2
28929	1	1	0	1
28930	1	1	0	2
28931	2	0	0	1
28932	2	1	0	3
28933	2	2	0	3
28934	2	4	0	3
28935	1	4	0	3
28936	1	4	0	3
28937	2	4	0	3
28938	2	4	0	3
28939	1	4	0	3
28940	1	3	0	1
28941	1	2	0	1
28942	1	1	0	0
28943	1	0	0	0
28944	1	0	0	0
28945	0	0	0	1
28946	0	0	0	1
28947	1	0	0	1
28948	1	0	0	1
28949	1	0	0	1
28950	1	0	0	1
28951	1	0	0	1
28952	1	0	0	1
28953	1	0	1	0
28954	1	0	1	0
28955	1	0	1	0
28956	0	0	1	0
28957	0	1	1	0
28958	0	1	1	0
28959	0	1	1	0
28960	0	1	1	0
28961	0	1	0	0
28962	0	1	0	0
28963	0	2	4	0
28964	0	2	4	0
28965	0	1	4	0
28966	0	1	4	0
28967	0	2	4	1
28968	0	2	4	1
28969	1	3	4	1
28970	1	3	4	1
28971	1	2	1	1
28972	2	2	4	1
28973	2	2	4	1
28974	2	2	5	1
28975	2	1	5	0
28976	2	1	5	0
28977	1	0	5	0
28978	1	0	5	0
28979	1	0	5	0
28980	0	0	3	0
28981	0	0	1	0
28982	0	0	1	0
28983	0	0	1	0
28984	0	0	1	1
28985	0	0	1	1
28986	0	1	1	1
28987	2	2	2	1
28988	2	3	2	3
28989	2	3	2	3
28990	2	3	1	3
28991	2	4	1	3
28992	3	4	1	2
28993	5	7	1	2
28994	6	6	1	3
28995	4	5	1	3
28996	4	5	1	1
28997	4	4	1	1
28998	4	4	1	1
28999	6	4	1	1
29000	5	3	2	1
29001	3	1	2	1
29002	2	0	2	0
29003	2	0	2	0
29004	2	0	2	0
29005	2	0	1	0
29006	3	1	1	0
29007	2	1	1	0
29008	1	1	0	0
29009	1	2	0	0
29010	1	2	0	1
29011	2	2	0	1
29012	2	2	0	1
29013	2	2	0	1
29014	1	1	0	2
29015	1	1	1	2
29016	1	1	1	5
29017	1	0	1	5
29018	1	0	1	4
29019	0	0	1	4
29020	0	0	1	4
29021	0	0	1	4
29022	0	0	1	3
29023	0	1	0	3
29024	0	1	0	0
29025	0	1	0	0
29026	0	1	0	0
29027	0	1	0	0
29028	0	1	0	0
29029	0	1	0	0
29030	0	1	0	0
29031	0	1	0	1
29032	1	1	0	1
29033	1	1	0	1
29034	1	1	0	1
29035	1	1	1	1
29036	1	1	1	1
29037	1	1	1	1
29038	1	1	1	1
29039	1	1	1	0
29040	0	0	1	0
29041	0	0	1	0
29042	1	0	1	0
29043	1	0	0	0
29044	1	0	0	0
29045	1	0	0	0
29046	1	0	0	0
29047	1	0	0	0
29048	1	0	0	0
29049	1	0	0	0
29050	0	0	0	0
29051	0	0	0	0
29052	0	0	0	0
29053	0	0	0	0
29054	0	0	0	0
29055	0	0	0	0
29056	0	0	0	1
29057	0	0	0	1
29058	0	0	0	1
29059	0	0	0	1
29060	0	0	0	1
29061	0	0	0	1
29062	0	0	0	1
29063	0	0	0	1
29064	0	0	0	0
29065	0	0	0	0
29066	0	0	0	1
29067	0	0	1	1
29068	0	0	1	1
29069	0	0	1	1
29070	0	0	1	1
29071	0	0	2	1
29072	0	0	2	1
29073	1	0	2	1
29074	1	0	3	1
29075	1	0	2	1
29076	1	0	2	1
29077	1	0	4	1
29078	2	0	4	1
29079	2	0	3	1
29080	2	0	3	1
29081	1	0	3	1
29082	1	0	2	0
29083	1	0	2	0
29084	1	0	2	0
29085	1	0	0	0
29086	0	0	0	0
29087	1	0	1	0
29088	1	0	1	0
29089	1	0	1	0
29090	1	0	1	0
29091	0	0	1	0
29092	0	0	1	0
29093	0	0	1	0
29094	0	0	1	0
29095	0	1	0	0
29096	0	1	0	0
29097	0	1	0	0
29098	0	1	0	0
29099	0	1	0	0
29100	0	1	0	0
29101	0	1	0	0
29102	0	1	0	0
29103	0	0	0	0
29104	0	0	0	0
29105	0	0	0	0
29106	0	0	0	0
29107	0	0	0	0
29108	0	0	0	0
29109	0	0	0	0
29110	0	0	0	0
29111	0	0	0	0
29112	1	0	1	0
29113	1	0	1	0
29114	1	0	1	0
29115	1	1	1	1
29116	1	1	1	1
29117	1	1	2	1
29118	1	1	2	1
29119	1	1	5	2
29120	1	1	5	2
29121	1	1	5	2
29122	2	1	5	3
29123	2	0	6	5
29124	2	0	6	4
29125	2	0	5	4
29126	2	0	5	4
29127	2	0	4	3
29128	2	0	2	3
29129	2	0	1	4
29130	1	0	1	4
29131	1	0	2	2
29132	1	0	1	1
29133	1	0	1	1
29134	1	0	1	1
29135	1	0	1	1
29136	1	1	1	1
29137	1	1	1	0
29138	1	2	1	0
29139	1	3	0	0
29140	2	3	0	0
29141	2	3	0	0
29142	2	3	0	0
29143	2	3	0	0
29144	2	2	0	0
29145	1	3	0	0
29146	1	2	0	0
29147	0	1	0	0
29148	0	1	0	0
29149	0	1	0	0
29150	0	1	0	0
29151	0	1	0	0
29152	0	1	1	0
29153	0	1	1	0
29154	0	1	1	0
29155	0	1	1	0
29156	0	0	1	0
29157	1	0	1	1
29158	1	1	1	1
29159	1	2	1	1
29160	1	2	1	1
29161	1	2	0	1
29162	1	2	0	1
29163	1	2	0	1
29164	1	2	0	1
29165	0	2	0	0
29166	0	2	0	0
29167	0	1	0	3
29168	0	1	0	3
29169	0	1	0	3
29170	0	1	0	3
29171	0	0	0	2
29172	0	0	0	2
29173	0	0	0	2
29174	0	0	0	2
29175	0	0	0	0
29176	0	0	0	0
29177	0	0	0	0
29178	0	0	0	0
29179	0	0	0	0
29180	0	0	0	0
29181	0	0	0	0
29182	0	0	0	0
29183	0	0	0	0
29184	0	0	0	0
29185	0	0	0	0
29186	0	0	0	1
29187	0	0	0	1
29188	0	0	0	1
29189	0	0	1	1
29190	0	0	1	1
29191	0	0	1	1
29192	0	0	1	1
29193	0	0	1	1
29194	0	0	1	0
29195	0	0	1	0
29196	0	0	1	0
29197	0	0	0	0
29198	0	0	0	0
29199	0	0	0	0
29200	0	0	0	0
29201	0	0	0	0
29202	0	0	0	0
29203	0	0	0	0
29204	0	0	0	0
29205	0	0	0	0
29206	0	0	0	0
29207	0	0	0	0
29208	0	0	0	0
29209	0	0	0	0
29210	0	0	0	0
29211	0	0	0	0
29212	0	0	0	0
29213	0	0	0	0
29214	0	0	0	0
29215	0	0	0	0
29216	0	0	0	0
29217	0	0	0	0
29218	0	0	0	0
29219	0	0	0	0
29220	0	0	0	0
29221	0	0	0	0
29222	0	0	0	0
29223	0	0	0	0
29224	0	0	0	0
29225	0	0	0	0
29226	0	0	0	0
29227	0	0	0	0
29228	0	0	0	0
29229	0	0	0	0
29230	0	0	0	0
29231	0	0	0	0
29232	0	0	0	0
29233	0	0	0	0
29234	0	0	0	0
29235	0	0	0	1
29236	0	0	0	1
29237	0	0	0	1
29238	0	0	0	1
29239	1	0	0	0
29240	1	0	0	0
29241	1	0	0	1
29242	1	0	0	1
29243	1	0	0	1
29244	1	0	0	1
29245	1	0	0	1
29246	1	0	1	1
29247	0	0	1	1
29248	0	0	1	1
29249	0	0	1	0
29250	0	0	1	0
29251	0	0	1	0
29252	0	0	2	0
29253	0	0	2	0
29254	0	0	1	0
29255	0	0	1	0
29256	0	0	1	0
29257	0	0	1	0
29258	0	0	1	0
29259	0	0	1	0
29260	0	0	1	0
29261	0	0	0	0
29262	0	0	0	0
29263	0	1	0	0
29264	0	1	0	0
29265	0	1	0	0
29266	0	1	0	0
29267	0	1	0	0
29268	0	1	0	0
29269	0	1	0	0
29270	0	1	0	0
29271	0	0	0	0
29272	0	0	0	0
29273	0	0	0	0
29274	0	0	0	0
29275	0	0	0	0
29276	0	0	0	0
29277	0	0	0	0
29278	0	0	0	0
29279	0	0	0	0
29280	0	0	0	0
29281	0	0	0	0
29282	0	0	0	0
29283	0	0	0	0
29284	0	0	0	0
29285	0	0	0	0
29286	1	1	0	0
29287	1	1	0	1
29288	1	1	0	1
29289	1	1	0	1
29290	1	1	0	2
29291	1	1	0	2
29292	1	1	0	2
29293	1	1	0	2
29294	0	1	0	2
29295	0	0	0	2
29296	0	1	1	1
29297	0	1	1	1
29298	1	1	2	1
29299	1	1	2	1
29300	1	1	2	1
29301	2	1	2	1
29302	2	1	3	1
29303	1	1	3	1
29304	1	1	2	1
29305	1	0	2	1
29306	1	0	1	0
29307	1	1	0	0
29308	1	2	0	0
29309	0	3	0	0
29310	1	5	0	2
29311	1	5	0	3
29312	1	4	0	3
29313	1	4	1	3
29314	1	4	1	3
29315	2	3	2	3
29316	2	3	2	3
29317	2	2	2	3
29318	2	1	2	1
29319	2	1	2	1
29320	2	1	3	0
29321	2	1	2	0
29322	2	1	2	0
29323	1	1	1	0
29324	2	1	1	0
29325	2	1	1	0
29326	2	0	2	0
29327	2	0	2	1
29328	2	0	1	1
29329	2	0	1	1
29330	2	0	1	1
29331	2	0	2	3
29332	1	0	2	3
29333	0	0	2	3
29334	0	0	2	3
29335	0	0	2	3
29336	0	0	1	2
29337	0	0	1	2
29338	0	0	1	2
29339	0	0	1	1
29340	0	0	0	1
29341	0	0	0	0
29342	0	0	0	0
29343	0	0	0	0
29344	1	0	0	0
29345	1	0	0	0
29346	1	0	0	0
29347	1	0	0	0
29348	1	0	0	0
29349	1	0	0	0
29350	1	0	0	0
29351	1	0	0	0
29352	0	0	0	0
29353	0	1	1	0
29354	0	1	1	0
29355	0	1	1	1
29356	0	1	1	2
29357	1	1	1	2
29358	1	1	1	2
29359	3	2	1	3
29360	3	5	8	5
29361	3	4	8	7
29362	32	81	97	97
29363	34	131	99	99
29364	34	131	99	97
29365	33	132	100	98
29366	33	132	100	99
29367	30	129	99	98
29368	31	125	92	95
29369	31	125	92	95
29370	14	88	38	13
29371	2	2	2	2
29372	1	2	2	3
29373	1	2	1	2
29374	1	0	0	1
29375	1	0	0	1
29376	0	0	0	1
29377	0	0	0	2
29378	0	0	0	2
29379	1	0	1	2
29380	1	0	1	3
29381	2	2	1	3
29382	4	5	6	10
29383	8	6	10	14
29384	9	7	12	15
29385	9	9	15	16
29386	13	10	16	20
29387	12	10	16	20
29388	12	10	15	19
29389	11	8	15	19
29390	9	6	10	16
29391	7	3	6	11
29392	6	4	4	12
29393	6	1	1	9
29394	2	1	1	6
29395	2	1	0	6
29396	4	2	0	6
29397	4	2	0	6
29398	4	2	0	4
29399	3	2	0	4
29400	2	1	0	4
29401	1	1	0	4
29402	1	1	0	2
29403	2	1	0	2
29404	1	0	0	1
29405	1	0	0	1
29406	1	0	0	0
29407	1	0	0	0
29408	1	0	0	0
29409	1	1	0	0
29410	1	1	0	0
29411	1	1	0	0
29412	0	1	0	0
29413	0	1	0	0
29414	0	1	0	0
29415	0	2	0	0
29416	0	2	0	0
29417	0	1	0	0
29418	0	1	0	0
29419	0	1	0	0
29420	0	1	0	0
29421	0	1	0	0
29422	0	1	0	0
29423	0	1	0	0
29424	0	1	0	0
29425	0	0	0	0
29426	0	0	0	0
29427	0	1	0	2
29428	3	3	2	3
29429	4	5	4	3
29430	5	5	4	4
29431	6	9	7	11
29432	6	9	8	10
29433	6	9	9	13
29434	7	9	11	13
29435	8	10	12	13
29436	5	9	10	12
29437	4	12	10	12
29438	3	12	8	12
29439	2	10	7	8
29440	3	7	5	5
29441	3	6	3	2
29442	2	6	1	1
29443	1	5	0	0
29444	1	4	0	0
29445	1	3	0	0
29446	1	2	0	0
29447	1	1	0	0
29448	0	0	0	0
29449	1	0	0	0
29450	1	0	0	1
29451	1	2	0	1
29452	1	2	0	1
29453	2	2	1	2
29454	2	2	1	3
29455	2	2	1	3
29456	5	2	3	4
29457	4	2	3	4
29458	5	3	3	3
29459	5	2	3	3
29460	5	1	3	3
29461	3	1	2	2
29462	3	1	2	2
29463	3	1	2	2
29464	2	1	0	1
29465	2	1	0	1
29466	2	0	0	1
29467	1	0	0	1
29468	2	0	0	1
29469	3	0	0	2
29470	3	0	0	2
29471	3	0	0	1
29472	2	0	0	1
29473	2	1	0	1
29474	2	1	0	1
29475	3	1	0	2
29476	2	1	0	2
29477	2	2	0	1
29478	1	2	0	1
29479	1	2	0	1
29480	1	2	1	2
29481	1	1	1	2
29482	1	1	1	2
29483	1	1	1	2
29484	0	2	1	2
29485	0	1	1	2
29486	0	1	1	2
29487	0	1	1	3
29488	1	1	1	2
29489	1	1	0	2
29490	1	1	0	2
29491	1	1	0	2
29492	1	0	0	2
29493	1	0	0	1
29494	1	0	0	1
29495	1	0	0	0
29496	1	0	0	0
29497	0	1	0	0
29498	0	1	0	0
29499	0	1	0	0
29500	0	1	0	0
29501	0	1	0	0
29502	0	1	0	0
29503	0	3	0	0
29504	0	3	0	0
29505	0	2	1	0
29506	0	2	1	0
29507	0	1	1	0
29508	0	1	1	0
29509	0	1	1	0
29510	2	1	1	0
29511	2	0	1	0
29512	2	0	1	0
29513	2	0	0	0
29514	2	0	1	0
29515	2	0	1	0
29516	2	0	1	0
29517	2	0	1	0
29518	2	0	1	0
29519	0	0	1	0
29520	0	0	1	1
29521	0	0	1	1
29522	0	0	1	1
29523	0	0	0	2
29524	0	0	0	2
29525	0	0	0	2
29526	0	0	0	2
29527	0	0	0	2
29528	0	0	0	3
29529	0	0	0	3
29530	0	0	0	2
29531	0	0	0	2
29532	0	1	0	1
29533	0	1	0	1
29534	0	1	0	1
29535	0	1	0	1
29536	0	1	1	1
29537	0	1	1	1
29538	0	1	1	1
29539	0	1	1	1
29540	0	1	1	1
29541	0	0	1	2
29542	0	0	1	2
29543	0	0	1	2
29544	1	0	1	2
29545	1	0	0	2
29546	1	0	0	2
29547	1	1	0	2
29548	1	1	1	2
29549	1	1	2	1
29550	1	1	2	1
29551	1	1	2	1
29552	0	1	3	1
29553	0	1	3	1
29554	0	1	3	0
29555	0	1	3	0
29556	0	1	2	1
29557	0	0	1	1
29558	0	0	1	1
29559	0	0	1	1
29560	0	0	0	1
29561	0	0	0	1
29562	0	0	0	1
29563	1	0	0	1
29564	1	0	0	0
29565	1	0	0	0
29566	1	0	0	0
29567	1	0	0	0
29568	1	0	0	0
29569	1	0	0	0
29570	1	0	0	0
29571	1	0	0	0
29572	0	0	0	0
29573	0	0	0	0
29574	0	0	0	0
29575	0	0	0	0
29576	0	0	0	0
29577	0	0	0	0
29578	1	0	0	0
29579	1	0	0	0
29580	1	0	0	0
29581	1	0	0	0
29582	1	0	0	0
29583	1	0	0	0
29584	1	0	0	0
29585	1	0	0	0
29586	0	0	0	0
29587	0	0	0	0
29588	0	0	0	0
29589	0	0	0	0
29590	0	0	0	0
29591	0	0	0	0
29592	0	0	0	0
29593	0	0	0	0
29594	0	0	0	0
29595	0	0	0	0
29596	0	0	0	0
29597	0	0	0	0
29598	0	1	0	1
29599	0	1	0	1
29600	0	1	1	1
29601	0	2	1	1
29602	0	2	2	3
29603	0	2	2	3
29604	0	2	2	3
29605	0	2	2	3
29606	0	1	2	2
29607	0	1	3	2
29608	0	1	2	2
29609	0	0	2	2
29610	0	0	2	1
29611	0	0	1	2
29612	0	0	1	2
29613	0	0	1	2
29614	0	0	2	3
29615	0	0	2	3
29616	0	0	1	3
29617	0	0	1	3
29618	0	0	1	2
29619	0	0	1	1
29620	0	0	1	1
29621	1	0	1	1
29622	1	0	0	1
29623	1	0	0	0
29624	1	0	0	0
29625	1	0	0	0
29626	1	0	0	0
29627	1	0	0	0
29628	1	0	0	0
29629	1	0	0	0
29630	0	0	0	0
29631	0	0	0	0
29632	0	0	0	0
29633	0	0	0	0
29634	0	0	1	0
29635	0	0	1	0
29636	0	1	1	0
29637	0	1	1	0
29638	0	1	1	0
29639	0	1	1	0
29640	1	1	1	0
29641	1	1	1	0
29642	1	1	1	0
29643	1	1	0	0
29644	1	0	0	0
29645	1	0	0	0
29646	1	1	0	2
29647	1	1	0	2
29648	1	1	0	2
29649	0	1	0	2
29650	0	1	1	2
29651	0	1	1	2
29652	0	1	1	3
29653	0	1	1	3
29654	0	0	1	1
29655	0	0	1	1
29656	0	0	1	1
29657	0	0	2	2
29658	0	0	1	2
29659	0	0	1	2
29660	1	0	1	1
29661	1	0	1	1
29662	1	0	1	1
29663	1	0	1	1
29664	1	0	20	1
29665	1	0	19	1
29666	1	0	20	1
29667	1	0	20	1
29668	0	0	21	1
29669	0	0	21	1
29670	0	1	21	3
29671	0	1	21	3
29672	0	1	2	3
29673	0	1	2	4
29674	0	1	1	4
29675	0	1	1	4
29676	0	1	0	4
29677	0	1	0	4
29678	0	1	0	2
29679	0	1	0	2
29680	0	0	0	2
29681	0	0	1	0
29682	0	0	1	0
29683	0	0	1	1
29684	0	0	1	2
29685	0	1	1	3
29686	0	1	1	3
29687	0	1	2	3
29688	0	1	2	3
29689	1	1	1	3
29690	1	1	1	3
29691	1	1	1	2
29692	1	1	1	2
29693	1	0	1	0
29694	1	0	1	0
29695	0	0	0	0
29696	0	0	0	1
29697	0	1	0	1
29698	0	1	0	1
29699	0	1	0	1
29700	0	1	0	1
29701	0	2	0	1
29702	0	2	0	1
29703	0	2	0	1
29704	0	4	0	0
29705	0	4	1	0
29706	1	3	1	0
29707	1	3	1	0
29708	1	3	1	1
29709	2	4	1	1
29710	2	4	1	1
29711	2	4	1	1
29712	2	2	1	1
29713	2	2	1	2
29714	2	2	1	2
29715	2	2	1	2
29716	2	2	2	2
29717	1	1	3	1
29718	0	1	3	0
29719	0	0	4	0
29720	0	0	4	0
29721	0	0	3	0
29722	0	0	3	0
29723	1	0	3	0
29724	2	0	2	0
29725	2	0	1	0
29726	2	0	1	0
29727	1	0	0	0
29728	1	0	0	0
29729	1	0	0	0
29730	1	0	0	0
29731	1	0	0	1
29732	1	0	0	1
29733	1	0	0	1
29734	1	0	0	1
29735	1	0	0	1
29736	0	0	0	1
29737	0	0	0	1
29738	0	0	0	1
29739	0	0	0	1
29740	0	0	0	0
29741	0	0	0	0
29742	0	0	0	0
29743	0	0	0	0
29744	0	0	0	0
29745	0	0	0	0
29746	0	0	0	0
29747	0	0	0	0
29748	0	0	0	0
29749	0	0	0	0
29750	0	0	0	0
29751	0	0	0	0
29752	0	0	0	0
29753	0	0	0	0
29754	0	0	0	0
29755	0	0	0	0
29756	0	0	0	0
29757	0	0	0	0
29758	0	0	0	0
29759	0	0	0	0
29760	0	0	0	0
29761	0	0	0	0
29762	0	0	0	0
29763	0	0	0	0
29764	0	0	0	0
29765	0	0	0	0
29766	0	0	0	0
29767	0	0	0	0
29768	0	0	0	0
29769	0	0	0	0
29770	0	0	0	0
29771	0	0	0	0
29772	0	0	0	0
29773	0	0	0	0
29774	0	0	0	0
29775	0	0	0	0
29776	0	0	0	0
29777	0	0	0	0
29778	1	0	0	0
29779	1	0	0	0
29780	1	0	2	0
29781	1	0	2	0
29782	1	0	2	0
29783	1	0	2	0
29784	1	0	2	0
29785	1	0	2	0
29786	0	0	3	0
29787	0	0	4	0
29788	0	0	4	0
29789	0	0	2	0
29790	0	0	2	0
29791	0	0	2	0
29792	0	0	2	0
29793	0	0	2	0
29794	0	0	1	0
29795	0	0	0	0
29796	0	0	0	0
29797	0	0	0	0
29798	0	0	0	0
29799	0	0	0	0
29800	0	0	0	1
29801	0	0	0	1
29802	0	0	0	1
29803	0	0	0	1
29804	0	1	0	1
29805	0	1	0	1
29806	0	1	0	1
29807	0	2	2	1
29808	1	2	2	1
29809	1	2	2	1
29810	4	5	3	5
29811	4	5	4	6
29812	7	4	10	8
29813	7	6	10	8
29814	8	6	13	14
29815	17	15	20	32
29816	15	15	19	33
29817	15	15	22	34
29818	15	16	22	35
29819	16	15	19	32
29820	13	14	15	31
29821	13	12	14	31
29822	12	12	12	25
29823	3	2	3	12
29824	3	2	3	8
29825	1	2	1	6
29826	0	0	1	2
29827	0	0	1	2
29828	1	0	1	1
29829	2	0	1	1
29830	2	0	1	1
29831	2	0	1	0
29832	2	0	1	0
29833	2	0	1	0
29834	2	1	0	0
29835	2	1	0	0
29836	2	1	0	0
29837	2	1	1	0
29838	0	0	2	0
29839	2	1	4	1
29840	3	2	5	2
29841	3	2	5	2
29842	3	2	5	2
29843	3	3	5	2
29844	3	3	6	3
29845	3	3	6	5
29846	3	4	6	5
29847	3	3	6	5
29848	2	3	3	3
29849	3	2	4	5
29850	4	2	5	5
29851	4	2	6	5
29852	4	2	6	4
29853	4	2	5	3
29854	4	1	5	3
29855	4	2	3	2
29856	3	2	3	2
29857	1	2	2	3
29858	0	3	1	3
29859	0	2	0	3
29860	0	2	1	3
29861	0	2	1	3
29862	0	3	1	3
29863	0	2	1	5
29864	0	2	2	5
29865	0	2	3	5
29866	0	2	6	5
29867	2	6	9	6
29868	14	18	23	20
29869	29	42	33	38
29870	29	41	33	38
29871	29	41	34	37
29872	29	41	34	34
29873	29	42	33	35
29874	27	41	30	35
29875	26	38	29	33
29876	24	37	24	32
29877	0	0	0	0
29878	0	0	0	0
29879	0	0	0	0
29880	0	0	0	0
29881	0	0	0	0
29882	0	0	0	0
29883	0	0	0	0
29884	0	0	0	0
29885	0	0	0	0
29886	0	0	0	0
29887	0	0	0	0
29888	0	0	0	0
29889	0	0	0	0
29890	0	0	0	0
29891	0	0	0	0
29892	0	0	0	0
29893	0	0	0	0
29894	0	0	0	0
29895	0	0	0	0
29896	0	0	0	0
29897	0	0	0	0
29898	0	0	0	0
29899	0	0	0	0
29900	0	0	0	0
29901	0	0	0	0
29902	0	0	0	0
29903	0	0	0	0
